flag_success;folio;date_log;creation_date;purchase_order_number;action;serie;item_code;response
True;5110573;2026-10-01 07:51:30.090000;2026-09-30 00:00:00;5110573;VERIFYORDER;SML4L24XVNH;MJRR4BE/A;"{""orderDetailsResponses"":{""deviceEligibility"":{""secondaryDisplay"":""0"",""partDescription"":""AppleCare+ para iPhone 18 Pro"",""coverageDuration"":""2"",""productStatement"":""AppleCare+ para iPhone 18 Pro amplía la cobertura de servicio y soporte técnico a 2 años desde la fecha de compra de AppleCare+ e incluye cobertura para una cantidad ilimitada de incidentes por daño accidental debido a la manipulación del producto, cada uno de ellos sujeto a un cargo adicional de R$28000  por los daños de la pantalla o la carcasa externa o de R$96000  por Otros daños accidentales. Lee todos los detalles en los Términos y condiciones de AppleCare+."",""deviceDateOfPurchase"":""01/10/2026"",""deviceId"":""SML4L24XVNH"",""registeredDevice"":""1"",""pocType"":""APOC"",""serialNumber"":""ML4L24XVNH"",""partNumber"":""SHHL3ZX/A"",""partAlias"":""ACP"",""purchaseMode"":""C"",""productDescription"":""iPhone 18 Pro""}},""transactionId"":""05bc9083-3805-4dd1-ad7e-32ebe1faa5d6-1790851889531""}"
True;5110573;2026-10-01 07:51:31.317000;2026-09-30 00:00:00;5110573;CREATEORDER;SML4L24XVNH;MJRR4BE/A;"{""orderDetailsResponses"":{""deviceEligibility"":{""secondaryDisplay"":""0"",""partDescription"":""AppleCare+ para iPhone 18 Pro"",""coverageDuration"":""2"",""productStatement"":""AppleCare+ para iPhone 18 Pro amplía la cobertura de servicio y soporte técnico a 2 años desde la fecha de compra de AppleCare+ e incluye cobertura para una cantidad ilimitada de incidentes por daño accidental debido a la manipulación del producto, cada uno de ellos sujeto a un cargo adicional de R$28000  por los daños de la pantalla o la carcasa externa o de R$96000  por Otros daños accidentales. Lee todos los detalles en los Términos y condiciones de AppleCare+."",""deviceDateOfPurchase"":""01/10/2026"",""deviceId"":""SML4L24XVNH"",""registeredDevice"":""1"",""pocType"":""RPOC"",""serialNumber"":""ML4L24XVNH"",""partNumber"":""SHHL3ZX/A"",""partAlias"":""ACP"",""purchaseMode"":""C"",""productDescription"":""iPhone 18 Pro""},""orderConfirmation"":{""agreementNumber"":""328430623291"",""coverageDurationStatement"":""Finaliza el 30/09/2028"",""termConditionURL"":""http://www.apple.com/legal/sales-support/"",""partNumber"":""SHHL3ZX/A"",""partAlias"":""ACP"",""partType"":""AppleCare+"",""purchaseMode"":""C"",""appleCareSalesDate"":""01/10/2026"",""pocType"":""RPOC"",""purchaseOrderNumber"":""5110573""}},""transactionId"":""c2b7f0e3-c23e-48d5-98ec-327f2832fdc1-1790851890492""}"
True;1328543;2026-10-01 08:16:35.053000;2026-09-30 00:00:00;1328543;VERIFYORDER;SH97069P9P0;MJY24BE/A;"{""orderDetailsResponses"":{""deviceEligibility"":{""secondaryDisplay"":""0"",""partDescription"":""AppleCare+ con robo y pérdida para iPhone 18 Pro Max"",""coverageDuration"":""2"",""productStatement"":""Tu AppleCare+ con robo y pérdida para iPhone 18 Pro Max amplía la cobertura de servicio y soporte técnico a 2 años desde la fecha de compra de AppleCare+ con robo y pérdida e incluye cobertura para una cantidad ilimitada de incidentes por daño accidental debido a la manipulación del producto o un máximo de dos incidentes de robo y pérdida cada 12 meses, cada uno de ellos sujeto a un cargo adicional de R$28000  por los daños de la pantalla o la carcasa externa o de R$144000  por robo o pérdida o de R$96000  por Otros daños accidentales. Lee todos los detalles en los Términos y condiciones de AppleCare+."",""deviceDateOfPurchase"":""01/10/2026"",""deviceId"":""SH97069P9P0"",""registeredDevice"":""1"",""pocType"":""APOC"",""serialNumber"":""H97069P9P0"",""partNumber"":""SHMP3ZX/A"",""partAlias"":""ACPTL"",""purchaseMode"":""C"",""productDescription"":""iPhone 18 Pro Max"",""tlDisclosure"":""La cobertura de robo y pérdida requiere que tengas la función Buscar habilitada en tu dispositivo antes de que se pierda o te lo roben. Durante el proceso de reclamación, te pediremos que uses la función Buscar para poner el dispositivo perdido o robado en modo Perdido, borrarlo y transferir la propiedad a Apple para que podamos asignarte un nuevo dispositivo. Para asegurarte de que puedas iniciar sesión en Buscar y acceder a esta función, es importante que recuerdes tu ID de Apple y contraseña, y que mantengas la información de tu cuenta actualizada. Si usas la autenticación de doble factor para el ID de Apple, te recomendamos que añadas un número de teléfono adicional de confianza a tu cuenta en el que puedas recibir el código de verificación de 6 dígitos que necesitas para iniciar sesión aunque no tengas tu iPhone. Para obtener más información, visita las páginas de Soporte técnico de Apple.""}},""transactionId"":""2158e321-1c5c-4e4b-bb5e-0f98ea37d5ea-1790853394495""}"
True;1328543;2026-10-01 08:16:36.290000;2026-09-30 00:00:00;1328543;CREATEORDER;SH97069P9P0;MJY24BE/A;"{""orderDetailsResponses"":{""deviceEligibility"":{""secondaryDisplay"":""0"",""partDescription"":""AppleCare+ con robo y pérdida para iPhone 18 Pro Max"",""coverageDuration"":""2"",""productStatement"":""Tu AppleCare+ con robo y pérdida para iPhone 18 Pro Max amplía la cobertura de servicio y soporte técnico a 2 años desde la fecha de compra de AppleCare+ con robo y pérdida e incluye cobertura para una cantidad ilimitada de incidentes por daño accidental debido a la manipulación del producto o un máximo de dos incidentes de robo y pérdida cada 12 meses, cada uno de ellos sujeto a un cargo adicional de R$28000  por los daños de la pantalla o la carcasa externa o de R$144000  por robo o pérdida o de R$96000  por Otros daños accidentales. Lee todos los detalles en los Términos y condiciones de AppleCare+."",""deviceDateOfPurchase"":""01/10/2026"",""deviceId"":""SH97069P9P0"",""registeredDevice"":""1"",""pocType"":""RPOC"",""serialNumber"":""H97069P9P0"",""partNumber"":""SHMP3ZX/A"",""partAlias"":""ACPTL"",""purchaseMode"":""C"",""productDescription"":""iPhone 18 Pro Max"",""tlDisclosure"":""La cobertura de robo y pérdida requiere que tengas la función Buscar habilitada en tu dispositivo antes de que se pierda o te lo roben. Durante el proceso de reclamación, te pediremos que uses la función Buscar para poner el dispositivo perdido o robado en modo Perdido, borrarlo y transferir la propiedad a Apple para que podamos asignarte un nuevo dispositivo. Para asegurarte de que puedas iniciar sesión en Buscar y acceder a esta función, es importante que recuerdes tu ID de Apple y contraseña, y que mantengas la información de tu cuenta actualizada. Si usas la autenticación de doble factor para el ID de Apple, te recomendamos que añadas un número de teléfono adicional de confianza a tu cuenta en el que puedas recibir el código de verificación de 6 dígitos que necesitas para iniciar sesión aunque no tengas tu iPhone. Para obtener más información, visita las páginas de Soporte técnico de Apple.""},""orderConfirmation"":{""agreementNumber"":""328430600608"",""coverageDurationStatement"":""Finaliza el 30/09/2028"",""termConditionURL"":""http://www.apple.com/legal/sales-support/"",""partNumber"":""SHMP3ZX/A"",""partAlias"":""ACPTL"",""partType"":""AC+TL"",""purchaseMode"":""C"",""appleCareSalesDate"":""01/10/2026"",""pocType"":""RPOC"",""purchaseOrderNumber"":""1328543""}},""transactionId"":""95d1a6fc-0dc7-46e6-92a3-097bb11b79b3-1790853395452""}"
True;1345291;2026-10-01 10:37:58.900000;2026-10-01 00:00:00;32501123;VERIFYORDER;SMWR4QHLHV6;MDHE4CI/A;"{""orderDetailsResponses"":{""deviceEligibility"":{""secondaryDisplay"":""1"",""partDescription"":""AppleCare+ para 13-inch MacBook Air (M5)"",""coverageDuration"":""3"",""productStatement"":""AppleCare+ para 13-inch MacBook Air (M5) amplía la cobertura de servicio y soporte técnico a 3 años desde la fecha de compra de AppleCare+ e incluye cobertura para una cantidad ilimitada de incidentes por daño accidental debido a la manipulación del producto, cada uno de ellos sujeto a un cargo adicional de R$96000  por daños en la pantalla o la carcasa externa o de R$289000  por Otros daños accidentales. Lee todos los detalles en los Términos y condiciones de AppleCare+."",""deviceDateOfPurchase"":""01/10/2026"",""deviceId"":""SMWR4QHLHV6"",""registeredDevice"":""1"",""pocType"":""APOC"",""serialNumber"":""MWR4QHLHV6"",""partNumber"":""SCW83ZX/A"",""partAlias"":""ACP"",""purchaseMode"":""C"",""productDescription"":""MacBook Air (13-inch, M5)""}},""transactionId"":""69a8b198-302d-4aed-99c8-cdd38a84a6ac-1790861878099""}"
True;1345291;2026-10-01 10:38:56.353000;2026-10-01 00:00:00;32501123;VERIFYORDER;SMWR4QHLHV6;MDHE4CI/A;"{""orderDetailsResponses"":{""deviceEligibility"":{""secondaryDisplay"":""1"",""partDescription"":""AppleCare+ para 13-inch MacBook Air (M5)"",""coverageDuration"":""3"",""productStatement"":""AppleCare+ para 13-inch MacBook Air (M5) amplía la cobertura de servicio y soporte técnico a 3 años desde la fecha de compra de AppleCare+ e incluye cobertura para una cantidad ilimitada de incidentes por daño accidental debido a la manipulación del producto, cada uno de ellos sujeto a un cargo adicional de R$96000  por daños en la pantalla o la carcasa externa o de R$289000  por Otros daños accidentales. Lee todos los detalles en los Términos y condiciones de AppleCare+."",""deviceDateOfPurchase"":""01/10/2026"",""deviceId"":""SMWR4QHLHV6"",""registeredDevice"":""1"",""pocType"":""APOC"",""serialNumber"":""MWR4QHLHV6"",""partNumber"":""SCW83ZX/A"",""partAlias"":""ACP"",""purchaseMode"":""C"",""productDescription"":""MacBook Air (13-inch, M5)""}},""transactionId"":""88b151a1-ddb7-40e5-adbd-7c7a4bb25c7c-1790861935774""}"
True;1345291;2026-10-01 10:40:53.170000;2026-10-01 00:00:00;32501123;CREATEORDER;SMWR4QHLHV6;MDHE4CI/A;"{""orderDetailsResponses"":{""deviceEligibility"":{""secondaryDisplay"":""1"",""partDescription"":""AppleCare+ para 13-inch MacBook Air (M5)"",""coverageDuration"":""3"",""productStatement"":""AppleCare+ para 13-inch MacBook Air (M5) amplía la cobertura de servicio y soporte técnico a 3 años desde la fecha de compra de AppleCare+ e incluye cobertura para una cantidad ilimitada de incidentes por daño accidental debido a la manipulación del producto, cada uno de ellos sujeto a un cargo adicional de R$96000  por daños en la pantalla o la carcasa externa o de R$289000  por Otros daños accidentales. Lee todos los detalles en los Términos y condiciones de AppleCare+."",""deviceDateOfPurchase"":""01/10/2026"",""deviceId"":""SMWR4QHLHV6"",""registeredDevice"":""1"",""pocType"":""APOC"",""serialNumber"":""MWR4QHLHV6"",""partNumber"":""SCW83ZX/A"",""partAlias"":""ACP"",""purchaseMode"":""C"",""productDescription"":""MacBook Air (13-inch, M5)""},""orderConfirmation"":{""agreementNumber"":""328430627813"",""coverageDurationStatement"":""Finaliza el 30/09/2029"",""termConditionURL"":""http://www.apple.com/legal/sales-support/"",""partNumber"":""SCW83ZX/A"",""partAlias"":""ACP"",""partType"":""AppleCare+"",""purchaseMode"":""C"",""appleCareSalesDate"":""01/10/2026"",""pocType"":""APOC"",""purchaseOrderNumber"":""32501123""}},""transactionId"":""bac56d0c-b1d7-4907-8df1-e272a8f5816c-1790862048839""}"
True;1343451;2026-10-01 11:07:50.410000;2026-10-01 00:00:00;39501088;VERIFYORDER;SMWPCFMH3F4;MFHP4AM/A;"{""orderDetailsResponses"":{""deviceEligibility"":{""secondaryDisplay"":""0"",""partDescription"":""AppleCare+ para Headphones - AirPods Pro"",""coverageDuration"":""2"",""productStatement"":""AppleCare+ para Headphones - AirPods Pro amplía la cobertura de servicio y soporte técnico a 2 años desde la fecha de compra de AppleCare+ e incluye cobertura para una cantidad ilimitada de incidentes por daño accidental debido a la manipulación del producto, cada uno de ellos sujeto a un cargo adicional de R$28000 . Lee todos los detalles en los Términos y condiciones de AppleCare+."",""deviceDateOfPurchase"":""01/10/2026"",""deviceId"":""SMWPCFMH3F4"",""registeredDevice"":""1"",""pocType"":""APOC"",""serialNumber"":""MWPCFMH3F4"",""partNumber"":""SYLW2ZX/A"",""partAlias"":""ACP"",""purchaseMode"":""C"",""productDescription"":""AirPods Pro 3""}},""transactionId"":""d58fdaec-b70c-41ac-bea8-ece785aa4019-1790863669900""}"
True;1343451;2026-10-01 11:10:16.727000;2026-10-01 00:00:00;39501088;CREATEORDER;SMWPCFMH3F4;MFHP4AM/A;"{""orderDetailsResponses"":{""deviceEligibility"":{""secondaryDisplay"":""0"",""partDescription"":""AppleCare+ para Headphones - AirPods Pro"",""coverageDuration"":""2"",""productStatement"":""AppleCare+ para Headphones - AirPods Pro amplía la cobertura de servicio y soporte técnico a 2 años desde la fecha de compra de AppleCare+ e incluye cobertura para una cantidad ilimitada de incidentes por daño accidental debido a la manipulación del producto, cada uno de ellos sujeto a un cargo adicional de R$28000 . Lee todos los detalles en los Términos y condiciones de AppleCare+."",""deviceDateOfPurchase"":""01/10/2026"",""deviceId"":""SMWPCFMH3F4"",""registeredDevice"":""1"",""pocType"":""APOC"",""serialNumber"":""MWPCFMH3F4"",""partNumber"":""SYLW2ZX/A"",""partAlias"":""ACP"",""purchaseMode"":""C"",""productDescription"":""AirPods Pro 3""},""orderConfirmation"":{""agreementNumber"":""328430680054"",""coverageDurationStatement"":""Finaliza el 30/09/2028"",""termConditionURL"":""http://www.apple.com/legal/sales-support/"",""partNumber"":""SYLW2ZX/A"",""partAlias"":""ACP"",""partType"":""AppleCare+"",""purchaseMode"":""C"",""appleCareSalesDate"":""01/10/2026"",""pocType"":""APOC"",""purchaseOrderNumber"":""39501088""}},""transactionId"":""11295281-ed22-4456-8518-c4f42df9d620-1790863810228""}"
True;5190542;2026-10-01 11:12:50.303000;2026-10-01 00:00:00;64001087;VERIFYORDER;SFN0XKC9JHC;MJRQ4BE/A;"{""orderDetailsResponses"":{""deviceEligibility"":{""secondaryDisplay"":""0"",""partDescription"":""AppleCare+ con robo y pérdida para iPhone 18 Pro"",""coverageDuration"":""2"",""productStatement"":""Tu AppleCare+ con robo y pérdida para iPhone 18 Pro amplía la cobertura de servicio y soporte técnico a 2 años desde la fecha de compra de AppleCare+ con robo y pérdida e incluye cobertura para una cantidad ilimitada de incidentes por daño accidental debido a la manipulación del producto o un máximo de dos incidentes de robo y pérdida cada 12 meses, cada uno de ellos sujeto a un cargo adicional de R$28000  por los daños de la pantalla o la carcasa externa o de R$144000  por robo o pérdida o de R$96000  por Otros daños accidentales. Lee todos los detalles en los Términos y condiciones de AppleCare+."",""deviceDateOfPurchase"":""01/10/2026"",""deviceId"":""SFN0XKC9JHC"",""registeredDevice"":""1"",""pocType"":""APOC"",""serialNumber"":""FN0XKC9JHC"",""partNumber"":""SHMD3ZX/A"",""partAlias"":""ACPTL"",""purchaseMode"":""C"",""productDescription"":""iPhone 18 Pro"",""tlDisclosure"":""La cobertura de robo y pérdida requiere que tengas la función Buscar habilitada en tu dispositivo antes de que se pierda o te lo roben. Durante el proceso de reclamación, te pediremos que uses la función Buscar para poner el dispositivo perdido o robado en modo Perdido, borrarlo y transferir la propiedad a Apple para que podamos asignarte un nuevo dispositivo. Para asegurarte de que puedas iniciar sesión en Buscar y acceder a esta función, es importante que recuerdes tu ID de Apple y contraseña, y que mantengas la información de tu cuenta actualizada. Si usas la autenticación de doble factor para el ID de Apple, te recomendamos que añadas un número de teléfono adicional de confianza a tu cuenta en el que puedas recibir el código de verificación de 6 dígitos que necesitas para iniciar sesión aunque no tengas tu iPhone. Para obtener más información, visita las páginas de Soporte técnico de Apple.""}},""transactionId"":""a0d1259c-d6c0-4905-abe4-e86f98e3444f-1790863969726""}"
True;5190542;2026-10-01 11:19:21.563000;2026-10-01 00:00:00;64001087;CREATEORDER;SFN0XKC9JHC;MJRQ4BE/A;"{""orderDetailsResponses"":{""deviceEligibility"":{""secondaryDisplay"":""0"",""partDescription"":""AppleCare+ con robo y pérdida para iPhone 18 Pro"",""coverageDuration"":""2"",""productStatement"":""Tu AppleCare+ con robo y pérdida para iPhone 18 Pro amplía la cobertura de servicio y soporte técnico a 2 años desde la fecha de compra de AppleCare+ con robo y pérdida e incluye cobertura para una cantidad ilimitada de incidentes por daño accidental debido a la manipulación del producto o un máximo de dos incidentes de robo y pérdida cada 12 meses, cada uno de ellos sujeto a un cargo adicional de R$28000  por los daños de la pantalla o la carcasa externa o de R$144000  por robo o pérdida o de R$96000  por Otros daños accidentales. Lee todos los detalles en los Términos y condiciones de AppleCare+."",""deviceDateOfPurchase"":""01/10/2026"",""deviceId"":""SFN0XKC9JHC"",""registeredDevice"":""1"",""pocType"":""APOC"",""serialNumber"":""FN0XKC9JHC"",""partNumber"":""SHMD3ZX/A"",""partAlias"":""ACPTL"",""purchaseMode"":""C"",""productDescription"":""iPhone 18 Pro"",""tlDisclosure"":""La cobertura de robo y pérdida requiere que tengas la función Buscar habilitada en tu dispositivo antes de que se pierda o te lo roben. Durante el proceso de reclamación, te pediremos que uses la función Buscar para poner el dispositivo perdido o robado en modo Perdido, borrarlo y transferir la propiedad a Apple para que podamos asignarte un nuevo dispositivo. Para asegurarte de que puedas iniciar sesión en Buscar y acceder a esta función, es importante que recuerdes tu ID de Apple y contraseña, y que mantengas la información de tu cuenta actualizada. Si usas la autenticación de doble factor para el ID de Apple, te recomendamos que añadas un número de teléfono adicional de confianza a tu cuenta en el que puedas recibir el código de verificación de 6 dígitos que necesitas para iniciar sesión aunque no tengas tu iPhone. Para obtener más información, visita las páginas de Soporte técnico de Apple.""},""orderConfirmation"":{""agreementNumber"":""328430625992"",""coverageDurationStatement"":""Finaliza el 30/09/2028"",""termConditionURL"":""http://www.apple.com/legal/sales-support/"",""partNumber"":""SHMD3ZX/A"",""partAlias"":""ACPTL"",""partType"":""AC+TL"",""purchaseMode"":""C"",""appleCareSalesDate"":""01/10/2026"",""pocType"":""APOC"",""purchaseOrderNumber"":""64001087""}},""transactionId"":""47c3d321-6ed7-42dc-9340-851ca896c801-1790864354864""}"
True;5216415;2026-10-01 11:25:09.760000;2026-10-01 00:00:00;24001124;VERIFYORDER;SLQQ4WWCYH4;MD4E4CI/A;"{""orderDetailsResponses"":{""deviceEligibility"":{""secondaryDisplay"":""1"",""partDescription"":""AppleCare+ para iPad (A16)"",""coverageDuration"":""2"",""productStatement"":""AppleCare+ para iPad (A16) amplía la cobertura de servicio y soporte técnico a 2 años desde la fecha de compra de AppleCare+ e incluye cobertura para una cantidad ilimitada de incidentes por daño accidental debido a la manipulación del producto, cada uno de ellos sujeto a un cargo adicional de R$96000  por Otros daños accidentales o de R$28000  por Daños que afectan solo a la pantalla o de R$28000  por Apple Pencil / Keyboard. Lee todos los detalles en los Términos y condiciones de AppleCare+."",""deviceDateOfPurchase"":""01/10/2026"",""deviceId"":""SLQQ4WWCYH4"",""registeredDevice"":""1"",""pocType"":""APOC"",""serialNumber"":""LQQ4WWCYH4"",""partNumber"":""SUYD2ZX/A"",""partAlias"":""ACP"",""purchaseMode"":""C"",""productDescription"":""iPad (A16) Wi-Fi""}},""transactionId"":""19479b30-1228-4363-83b9-ecbc7548109f-1790864708891""}"
True;5216415;2026-10-01 11:32:19.567000;2026-10-01 00:00:00;24001124;CREATEORDER;SLQQ4WWCYH4;MD4E4CI/A;"{""orderDetailsResponses"":{""deviceEligibility"":{""secondaryDisplay"":""1"",""partDescription"":""AppleCare+ para iPad (A16)"",""coverageDuration"":""2"",""productStatement"":""AppleCare+ para iPad (A16) amplía la cobertura de servicio y soporte técnico a 2 años desde la fecha de compra de AppleCare+ e incluye cobertura para una cantidad ilimitada de incidentes por daño accidental debido a la manipulación del producto, cada uno de ellos sujeto a un cargo adicional de R$96000  por Otros daños accidentales o de R$28000  por Daños que afectan solo a la pantalla o de R$28000  por Apple Pencil / Keyboard. Lee todos los detalles en los Términos y condiciones de AppleCare+."",""deviceDateOfPurchase"":""01/10/2026"",""deviceId"":""SLQQ4WWCYH4"",""registeredDevice"":""1"",""pocType"":""APOC"",""serialNumber"":""LQQ4WWCYH4"",""partNumber"":""SUYD2ZX/A"",""partAlias"":""ACP"",""purchaseMode"":""C"",""productDescription"":""iPad (A16) Wi-Fi""},""orderConfirmation"":{""agreementNumber"":""328430701046"",""coverageDurationStatement"":""Finaliza el 30/09/2028"",""termConditionURL"":""http://www.apple.com/legal/sales-support/"",""partNumber"":""SUYD2ZX/A"",""partAlias"":""ACP"",""partType"":""AppleCare+"",""purchaseMode"":""C"",""appleCareSalesDate"":""01/10/2026"",""pocType"":""APOC"",""purchaseOrderNumber"":""24001124""}},""transactionId"":""e12dcbca-cc29-4c16-a284-fedb15354c69-1790865134643""}"
True;1342293;2026-10-01 11:35:53.300000;2026-10-01 00:00:00;5801009;VERIFYORDER;SGJ9573TJ7G;MGEA4CI/A;"{""orderDetailsResponses"":{""deviceEligibility"":{""secondaryDisplay"":""1"",""partDescription"":""AppleCare+ para 16-in MacBook Pro (M5 Pro/M5 Max)"",""coverageDuration"":""3"",""productStatement"":""AppleCare+ para 16-in MacBook Pro (M5 Pro/M5 Max) amplía la cobertura de servicio y soporte técnico a 3 años desde la fecha de compra de AppleCare+ e incluye cobertura para una cantidad ilimitada de incidentes por daño accidental debido a la manipulación del producto, cada uno de ellos sujeto a un cargo adicional de R$96000  por daños en la pantalla o la carcasa externa o de R$289000  por Otros daños accidentales. Lee todos los detalles en los Términos y condiciones de AppleCare+."",""deviceDateOfPurchase"":""01/10/2026"",""deviceId"":""SGJ9573TJ7G"",""registeredDevice"":""1"",""pocType"":""APOC"",""serialNumber"":""GJ9573TJ7G"",""partNumber"":""SCXU3ZX/A"",""partAlias"":""ACP"",""purchaseMode"":""C"",""productDescription"":""MacBook Pro (16-inch, M5 Pro or M5 Max)""}},""transactionId"":""9303a801-3925-4d55-bab8-c8d4ec789b6e-1790865352775""}"
True;1342293;2026-10-01 11:43:35.793000;2026-10-01 00:00:00;5801009;CREATEORDER;SGJ9573TJ7G;MGEA4CI/A;"{""orderDetailsResponses"":{""deviceEligibility"":{""secondaryDisplay"":""1"",""partDescription"":""AppleCare+ para 16-in MacBook Pro (M5 Pro/M5 Max)"",""coverageDuration"":""3"",""productStatement"":""AppleCare+ para 16-in MacBook Pro (M5 Pro/M5 Max) amplía la cobertura de servicio y soporte técnico a 3 años desde la fecha de compra de AppleCare+ e incluye cobertura para una cantidad ilimitada de incidentes por daño accidental debido a la manipulación del producto, cada uno de ellos sujeto a un cargo adicional de R$96000  por daños en la pantalla o la carcasa externa o de R$289000  por Otros daños accidentales. Lee todos los detalles en los Términos y condiciones de AppleCare+."",""deviceDateOfPurchase"":""01/10/2026"",""deviceId"":""SGJ9573TJ7G"",""registeredDevice"":""1"",""pocType"":""APOC"",""serialNumber"":""GJ9573TJ7G"",""partNumber"":""SCXU3ZX/A"",""partAlias"":""ACP"",""purchaseMode"":""C"",""productDescription"":""MacBook Pro (16-inch, M5 Pro or M5 Max)""},""orderConfirmation"":{""agreementNumber"":""328430705013"",""coverageDurationStatement"":""Finaliza el 30/09/2029"",""termConditionURL"":""http://www.apple.com/legal/sales-support/"",""partNumber"":""SCXU3ZX/A"",""partAlias"":""ACP"",""partType"":""AppleCare+"",""purchaseMode"":""C"",""appleCareSalesDate"":""01/10/2026"",""pocType"":""APOC"",""purchaseOrderNumber"":""5801009""}},""transactionId"":""2baf8472-ccec-46eb-88c8-30280e8d65d5-1790865813313""}"
True;5110649;2026-10-01 11:46:35.927000;2026-10-01 00:00:00;5110649;VERIFYORDER;SD9J12F9DY6;MJRR4BE/A;"{""orderDetailsResponses"":{""deviceEligibility"":{""secondaryDisplay"":""0"",""partDescription"":""AppleCare+ con robo y pérdida para iPhone 18 Pro"",""coverageDuration"":""2"",""productStatement"":""Tu AppleCare+ con robo y pérdida para iPhone 18 Pro amplía la cobertura de servicio y soporte técnico a 2 años desde la fecha de compra de AppleCare+ con robo y pérdida e incluye cobertura para una cantidad ilimitada de incidentes por daño accidental debido a la manipulación del producto o un máximo de dos incidentes de robo y pérdida cada 12 meses, cada uno de ellos sujeto a un cargo adicional de R$28000  por los daños de la pantalla o la carcasa externa o de R$144000  por robo o pérdida o de R$96000  por Otros daños accidentales. Lee todos los detalles en los Términos y condiciones de AppleCare+."",""deviceDateOfPurchase"":""01/10/2026"",""deviceId"":""SD9J12F9DY6"",""registeredDevice"":""1"",""pocType"":""APOC"",""serialNumber"":""D9J12F9DY6"",""partNumber"":""SHMD3ZX/A"",""partAlias"":""ACPTL"",""purchaseMode"":""C"",""productDescription"":""iPhone 18 Pro"",""tlDisclosure"":""La cobertura de robo y pérdida requiere que tengas la función Buscar habilitada en tu dispositivo antes de que se pierda o te lo roben. Durante el proceso de reclamación, te pediremos que uses la función Buscar para poner el dispositivo perdido o robado en modo Perdido, borrarlo y transferir la propiedad a Apple para que podamos asignarte un nuevo dispositivo. Para asegurarte de que puedas iniciar sesión en Buscar y acceder a esta función, es importante que recuerdes tu ID de Apple y contraseña, y que mantengas la información de tu cuenta actualizada. Si usas la autenticación de doble factor para el ID de Apple, te recomendamos que añadas un número de teléfono adicional de confianza a tu cuenta en el que puedas recibir el código de verificación de 6 dígitos que necesitas para iniciar sesión aunque no tengas tu iPhone. Para obtener más información, visita las páginas de Soporte técnico de Apple.""}},""transactionId"":""f1e94b80-b155-4940-90fe-2bd9d4dbc52d-1790865995421""}"
True;5110649;2026-10-01 11:46:37.433000;2026-10-01 00:00:00;5110649;CREATEORDER;SD9J12F9DY6;MJRR4BE/A;"{""orderDetailsResponses"":{""deviceEligibility"":{""secondaryDisplay"":""0"",""partDescription"":""AppleCare+ con robo y pérdida para iPhone 18 Pro"",""coverageDuration"":""2"",""productStatement"":""Tu AppleCare+ con robo y pérdida para iPhone 18 Pro amplía la cobertura de servicio y soporte técnico a 2 años desde la fecha de compra de AppleCare+ con robo y pérdida e incluye cobertura para una cantidad ilimitada de incidentes por daño accidental debido a la manipulación del producto o un máximo de dos incidentes de robo y pérdida cada 12 meses, cada uno de ellos sujeto a un cargo adicional de R$28000  por los daños de la pantalla o la carcasa externa o de R$144000  por robo o pérdida o de R$96000  por Otros daños accidentales. Lee todos los detalles en los Términos y condiciones de AppleCare+."",""deviceDateOfPurchase"":""01/10/2026"",""deviceId"":""SD9J12F9DY6"",""registeredDevice"":""1"",""pocType"":""RPOC"",""serialNumber"":""D9J12F9DY6"",""partNumber"":""SHMD3ZX/A"",""partAlias"":""ACPTL"",""purchaseMode"":""C"",""productDescription"":""iPhone 18 Pro"",""tlDisclosure"":""La cobertura de robo y pérdida requiere que tengas la función Buscar habilitada en tu dispositivo antes de que se pierda o te lo roben. Durante el proceso de reclamación, te pediremos que uses la función Buscar para poner el dispositivo perdido o robado en modo Perdido, borrarlo y transferir la propiedad a Apple para que podamos asignarte un nuevo dispositivo. Para asegurarte de que puedas iniciar sesión en Buscar y acceder a esta función, es importante que recuerdes tu ID de Apple y contraseña, y que mantengas la información de tu cuenta actualizada. Si usas la autenticación de doble factor para el ID de Apple, te recomendamos que añadas un número de teléfono adicional de confianza a tu cuenta en el que puedas recibir el código de verificación de 6 dígitos que necesitas para iniciar sesión aunque no tengas tu iPhone. Para obtener más información, visita las páginas de Soporte técnico de Apple.""},""orderConfirmation"":{""agreementNumber"":""328430660263"",""coverageDurationStatement"":""Finaliza el 30/09/2028"",""termConditionURL"":""http://www.apple.com/legal/sales-support/"",""partNumber"":""SHMD3ZX/A"",""partAlias"":""ACPTL"",""partType"":""AC+TL"",""purchaseMode"":""C"",""appleCareSalesDate"":""01/10/2026"",""pocType"":""RPOC"",""purchaseOrderNumber"":""5110649""}},""transactionId"":""7bd3f751-bbcc-4e64-8527-dce7ce45289b-1790865996522""}"
True;5197501;2026-10-01 12:06:58.930000;2026-10-01 00:00:00;26601133;VERIFYORDER;SM4T0304M7C;MHFJ4CI/A;"{""orderDetailsResponses"":{""deviceEligibility"":{""secondaryDisplay"":""0"",""partDescription"":""AppleCare+ para 13-inch MacBook Neo (A18PRO)"",""coverageDuration"":""3"",""productStatement"":""AppleCare+ para 13-inch MacBook Neo (A18PRO) amplía la cobertura de servicio y soporte técnico a 3 años desde la fecha de compra de AppleCare+ e incluye cobertura para una cantidad ilimitada de incidentes por daño accidental debido a la manipulación del producto, cada uno de ellos sujeto a un cargo adicional de R$51990  por daños en la pantalla o la carcasa externa o de R$156990  por Otros daños accidentales. Lee todos los detalles en los Términos y condiciones de AppleCare+."",""deviceDateOfPurchase"":""01/10/2026"",""deviceId"":""SM4T0304M7C"",""registeredDevice"":""1"",""pocType"":""APOC"",""serialNumber"":""M4T0304M7C"",""partNumber"":""SD0T3ZX/A"",""partAlias"":""ACP"",""purchaseMode"":""C"",""productDescription"":""MacBook Neo""}},""transactionId"":""05a63312-d8e0-418c-8926-4fe2fb8654d2-1790867218312""}"
True;5197501;2026-10-01 12:11:05.813000;2026-10-01 00:00:00;26601133;CREATEORDER;SM4T0304M7C;MHFJ4CI/A;"{""orderDetailsResponses"":{""deviceEligibility"":{""secondaryDisplay"":""0"",""partDescription"":""AppleCare+ para 13-inch MacBook Neo (A18PRO)"",""coverageDuration"":""3"",""productStatement"":""AppleCare+ para 13-inch MacBook Neo (A18PRO) amplía la cobertura de servicio y soporte técnico a 3 años desde la fecha de compra de AppleCare+ e incluye cobertura para una cantidad ilimitada de incidentes por daño accidental debido a la manipulación del producto, cada uno de ellos sujeto a un cargo adicional de R$51990  por daños en la pantalla o la carcasa externa o de R$156990  por Otros daños accidentales. Lee todos los detalles en los Términos y condiciones de AppleCare+."",""deviceDateOfPurchase"":""01/10/2026"",""deviceId"":""SM4T0304M7C"",""registeredDevice"":""1"",""pocType"":""APOC"",""serialNumber"":""M4T0304M7C"",""partNumber"":""SD0T3ZX/A"",""partAlias"":""ACP"",""purchaseMode"":""C"",""productDescription"":""MacBook Neo""},""orderConfirmation"":{""agreementNumber"":""328430704177"",""coverageDurationStatement"":""Finaliza el 30/09/2029"",""termConditionURL"":""http://www.apple.com/legal/sales-support/"",""partNumber"":""SD0T3ZX/A"",""partAlias"":""ACP"",""partType"":""AppleCare+"",""purchaseMode"":""C"",""appleCareSalesDate"":""01/10/2026"",""pocType"":""APOC"",""purchaseOrderNumber"":""26601133""}},""transactionId"":""f240a8fc-52e5-469d-a6a8-d7b318527c7d-1790867460687""}"
True;5164348;2026-10-01 12:15:36.267000;2026-10-01 00:00:00;3801167;VERIFYORDER;SFXH3QWT2T6;MJXW4BE/A;"{""orderDetailsResponses"":{""deviceEligibility"":{""secondaryDisplay"":""0"",""partDescription"":""AppleCare+ con robo y pérdida para iPhone 18 Pro Max"",""coverageDuration"":""2"",""productStatement"":""Tu AppleCare+ con robo y pérdida para iPhone 18 Pro Max amplía la cobertura de servicio y soporte técnico a 2 años desde la fecha de compra de AppleCare+ con robo y pérdida e incluye cobertura para una cantidad ilimitada de incidentes por daño accidental debido a la manipulación del producto o un máximo de dos incidentes de robo y pérdida cada 12 meses, cada uno de ellos sujeto a un cargo adicional de R$28000  por los daños de la pantalla o la carcasa externa o de R$144000  por robo o pérdida o de R$96000  por Otros daños accidentales. Lee todos los detalles en los Términos y condiciones de AppleCare+."",""deviceDateOfPurchase"":""01/10/2026"",""deviceId"":""SFXH3QWT2T6"",""registeredDevice"":""1"",""pocType"":""APOC"",""serialNumber"":""FXH3QWT2T6"",""partNumber"":""SHMP3ZX/A"",""partAlias"":""ACPTL"",""purchaseMode"":""C"",""productDescription"":""iPhone 18 Pro Max"",""tlDisclosure"":""La cobertura de robo y pérdida requiere que tengas la función Buscar habilitada en tu dispositivo antes de que se pierda o te lo roben. Durante el proceso de reclamación, te pediremos que uses la función Buscar para poner el dispositivo perdido o robado en modo Perdido, borrarlo y transferir la propiedad a Apple para que podamos asignarte un nuevo dispositivo. Para asegurarte de que puedas iniciar sesión en Buscar y acceder a esta función, es importante que recuerdes tu ID de Apple y contraseña, y que mantengas la información de tu cuenta actualizada. Si usas la autenticación de doble factor para el ID de Apple, te recomendamos que añadas un número de teléfono adicional de confianza a tu cuenta en el que puedas recibir el código de verificación de 6 dígitos que necesitas para iniciar sesión aunque no tengas tu iPhone. Para obtener más información, visita las páginas de Soporte técnico de Apple.""}},""transactionId"":""795fc2f8-b6e8-45d1-b334-6893a2b7e4d6-1790867735686""}"
True;5178192;2026-10-01 12:17:23.260000;2026-10-01 00:00:00;39501058;VERIFYORDER;SKXWJ470J2R;MJGJ4BE/A;"{""orderDetailsResponses"":{""deviceEligibility"":{""secondaryDisplay"":""0"",""partDescription"":""AppleCare+ para Apple Watch Series 12"",""coverageDuration"":""2"",""productStatement"":""AppleCare+ para Apple Watch Series 12 amplía la cobertura de servicio y soporte técnico a 2 años desde la fecha de compra de AppleCare+ e incluye cobertura para una cantidad ilimitada de incidentes por daño accidental debido a la manipulación del producto, cada uno de ellos sujeto a un cargo adicional de R$67000  por Otros daños accidentales. Lee todos los detalles en los Términos y condiciones de AppleCare+."",""deviceDateOfPurchase"":""01/10/2026"",""deviceId"":""SKXWJ470J2R"",""registeredDevice"":""1"",""pocType"":""APOC"",""serialNumber"":""KXWJ470J2R"",""partNumber"":""SH0G3ZX/A"",""partAlias"":""ACP"",""purchaseMode"":""C"",""productDescription"":""Watch Series 12 (GPS+Cell) Titanium 42MM""}},""transactionId"":""fbd3a1e8-5341-4496-9ec4-471353fceb7e-1790867842688""}"
True;5158901;2026-10-01 12:19:45.560000;2026-10-01 00:00:00;1401171;VERIFYORDER;SK24NYFG9GW;MKFT4AM/A;"{""orderDetailsResponses"":{""deviceEligibility"":{""secondaryDisplay"":""0"",""partDescription"":""AppleCare+ para AirPods"",""coverageDuration"":""2"",""productStatement"":""AppleCare+ para AirPods amplía la cobertura de servicio y soporte técnico a 2 años desde la fecha de compra de AppleCare+ e incluye cobertura para una cantidad ilimitada de incidentes por daño accidental debido a la manipulación del producto, cada uno de ellos sujeto a un cargo adicional de CLP28000 . Lee todos los detalles en los Términos y condiciones de AppleCare+."",""deviceDateOfPurchase"":""01/10/2026"",""deviceId"":""SK24NYFG9GW"",""registeredDevice"":""1"",""pocType"":""APOC"",""serialNumber"":""K24NYFG9GW"",""partNumber"":""S9066ZX/A"",""partAlias"":""ACP"",""purchaseMode"":""C"",""productDescription"":""AirPods 5 (Wireless Charging)""}},""transactionId"":""98ae5d9b-9a02-424e-b4f0-4104ca8bcf26-1790867984947""}"
True;5178192;2026-10-01 12:20:20.163000;2026-10-01 00:00:00;39501058;CREATEORDER;SKXWJ470J2R;MJGJ4BE/A;"{""orderDetailsResponses"":{""deviceEligibility"":{""secondaryDisplay"":""0"",""partDescription"":""AppleCare+ para Apple Watch Series 12"",""coverageDuration"":""2"",""productStatement"":""AppleCare+ para Apple Watch Series 12 amplía la cobertura de servicio y soporte técnico a 2 años desde la fecha de compra de AppleCare+ e incluye cobertura para una cantidad ilimitada de incidentes por daño accidental debido a la manipulación del producto, cada uno de ellos sujeto a un cargo adicional de R$67000  por Otros daños accidentales. Lee todos los detalles en los Términos y condiciones de AppleCare+."",""deviceDateOfPurchase"":""01/10/2026"",""deviceId"":""SKXWJ470J2R"",""registeredDevice"":""1"",""pocType"":""APOC"",""serialNumber"":""KXWJ470J2R"",""partNumber"":""SH0G3ZX/A"",""partAlias"":""ACP"",""purchaseMode"":""C"",""productDescription"":""Watch Series 12 (GPS+Cell) Titanium 42MM""},""orderConfirmation"":{""agreementNumber"":""328430660400"",""coverageDurationStatement"":""Finaliza el 30/09/2028"",""termConditionURL"":""http://www.apple.com/legal/sales-support/"",""partNumber"":""SH0G3ZX/A"",""partAlias"":""ACP"",""partType"":""AppleCare+"",""purchaseMode"":""C"",""appleCareSalesDate"":""01/10/2026"",""pocType"":""APOC"",""purchaseOrderNumber"":""39501058""}},""transactionId"":""f8a2d46f-da45-47ec-bdb0-ad496b709c82-1790868015388""}"
True;5164348;2026-10-01 12:20:35.610000;2026-10-01 00:00:00;3801167;CREATEORDER;SFXH3QWT2T6;MJXW4BE/A;"{""orderDetailsResponses"":{""deviceEligibility"":{""secondaryDisplay"":""0"",""partDescription"":""AppleCare+ con robo y pérdida para iPhone 18 Pro Max"",""coverageDuration"":""2"",""productStatement"":""Tu AppleCare+ con robo y pérdida para iPhone 18 Pro Max amplía la cobertura de servicio y soporte técnico a 2 años desde la fecha de compra de AppleCare+ con robo y pérdida e incluye cobertura para una cantidad ilimitada de incidentes por daño accidental debido a la manipulación del producto o un máximo de dos incidentes de robo y pérdida cada 12 meses, cada uno de ellos sujeto a un cargo adicional de R$28000  por los daños de la pantalla o la carcasa externa o de R$144000  por robo o pérdida o de R$96000  por Otros daños accidentales. Lee todos los detalles en los Términos y condiciones de AppleCare+."",""deviceDateOfPurchase"":""01/10/2026"",""deviceId"":""SFXH3QWT2T6"",""registeredDevice"":""1"",""pocType"":""APOC"",""serialNumber"":""FXH3QWT2T6"",""partNumber"":""SHMP3ZX/A"",""partAlias"":""ACPTL"",""purchaseMode"":""C"",""productDescription"":""iPhone 18 Pro Max"",""tlDisclosure"":""La cobertura de robo y pérdida requiere que tengas la función Buscar habilitada en tu dispositivo antes de que se pierda o te lo roben. Durante el proceso de reclamación, te pediremos que uses la función Buscar para poner el dispositivo perdido o robado en modo Perdido, borrarlo y transferir la propiedad a Apple para que podamos asignarte un nuevo dispositivo. Para asegurarte de que puedas iniciar sesión en Buscar y acceder a esta función, es importante que recuerdes tu ID de Apple y contraseña, y que mantengas la información de tu cuenta actualizada. Si usas la autenticación de doble factor para el ID de Apple, te recomendamos que añadas un número de teléfono adicional de confianza a tu cuenta en el que puedas recibir el código de verificación de 6 dígitos que necesitas para iniciar sesión aunque no tengas tu iPhone. Para obtener más información, visita las páginas de Soporte técnico de Apple.""},""orderConfirmation"":{""agreementNumber"":""328430704206"",""coverageDurationStatement"":""Finaliza el 30/09/2028"",""termConditionURL"":""http://www.apple.com/legal/sales-support/"",""partNumber"":""SHMP3ZX/A"",""partAlias"":""ACPTL"",""partType"":""AC+TL"",""purchaseMode"":""C"",""appleCareSalesDate"":""01/10/2026"",""pocType"":""APOC"",""purchaseOrderNumber"":""3801167""}},""transactionId"":""ace55062-788a-4931-a3ad-141f51f64f66-1790868030688""}"
True;5158901;2026-10-01 12:22:21.563000;2026-10-01 00:00:00;1401171;CREATEORDER;SK24NYFG9GW;MKFT4AM/A;"{""orderDetailsResponses"":{""deviceEligibility"":{""secondaryDisplay"":""0"",""partDescription"":""AppleCare+ para AirPods"",""coverageDuration"":""2"",""productStatement"":""AppleCare+ para AirPods amplía la cobertura de servicio y soporte técnico a 2 años desde la fecha de compra de AppleCare+ e incluye cobertura para una cantidad ilimitada de incidentes por daño accidental debido a la manipulación del producto, cada uno de ellos sujeto a un cargo adicional de CLP28000 . Lee todos los detalles en los Términos y condiciones de AppleCare+."",""deviceDateOfPurchase"":""01/10/2026"",""deviceId"":""SK24NYFG9GW"",""registeredDevice"":""1"",""pocType"":""APOC"",""serialNumber"":""K24NYFG9GW"",""partNumber"":""S9066ZX/A"",""partAlias"":""ACP"",""purchaseMode"":""C"",""productDescription"":""AirPods 5 (Wireless Charging)""},""orderConfirmation"":{""agreementNumber"":""328430702228"",""coverageDurationStatement"":""Finaliza el 30/09/2028"",""termConditionURL"":""http://www.apple.com/legal/sales-support/"",""partNumber"":""S9066ZX/A"",""partAlias"":""ACP"",""partType"":""AppleCare+"",""purchaseMode"":""C"",""appleCareSalesDate"":""01/10/2026"",""pocType"":""APOC"",""purchaseOrderNumber"":""1401171""}},""transactionId"":""5703de29-b6d2-4208-b062-bafe87d411e1-1790868136254""}"
True;5048515;2026-10-01 12:22:42.177000;2026-10-01 00:00:00;72801117;VERIFYORDER;SCXKH0KWKXD;MJEC4BE/A;"{""orderDetailsResponses"":{""deviceEligibility"":{""secondaryDisplay"":""0"",""partDescription"":""AppleCare+ para Apple Watch Series 12"",""coverageDuration"":""2"",""productStatement"":""AppleCare+ para Apple Watch Series 12 amplía la cobertura de servicio y soporte técnico a 2 años desde la fecha de compra de AppleCare+ e incluye cobertura para una cantidad ilimitada de incidentes por daño accidental debido a la manipulación del producto, cada uno de ellos sujeto a un cargo adicional de R$67000  por Otros daños accidentales. Lee todos los detalles en los Términos y condiciones de AppleCare+."",""deviceDateOfPurchase"":""01/10/2026"",""deviceId"":""SCXKH0KWKXD"",""registeredDevice"":""1"",""pocType"":""APOC"",""serialNumber"":""CXKH0KWKXD"",""partNumber"":""SH0G3ZX/A"",""partAlias"":""ACP"",""purchaseMode"":""C"",""productDescription"":""Watch Series 12 (GPS) Aluminum 42MM""}},""transactionId"":""1c63af04-1a6f-4117-ab56-811b9a3eb952-1790868161593""}"
True;5048515;2026-10-01 12:24:26.207000;2026-10-01 00:00:00;72801117;CREATEORDER;SCXKH0KWKXD;MJEC4BE/A;"{""orderDetailsResponses"":{""deviceEligibility"":{""secondaryDisplay"":""0"",""partDescription"":""AppleCare+ para Apple Watch Series 12"",""coverageDuration"":""2"",""productStatement"":""AppleCare+ para Apple Watch Series 12 amplía la cobertura de servicio y soporte técnico a 2 años desde la fecha de compra de AppleCare+ e incluye cobertura para una cantidad ilimitada de incidentes por daño accidental debido a la manipulación del producto, cada uno de ellos sujeto a un cargo adicional de R$67000  por Otros daños accidentales. Lee todos los detalles en los Términos y condiciones de AppleCare+."",""deviceDateOfPurchase"":""01/10/2026"",""deviceId"":""SCXKH0KWKXD"",""registeredDevice"":""1"",""pocType"":""APOC"",""serialNumber"":""CXKH0KWKXD"",""partNumber"":""SH0G3ZX/A"",""partAlias"":""ACP"",""purchaseMode"":""C"",""productDescription"":""Watch Series 12 (GPS) Aluminum 42MM""},""orderConfirmation"":{""agreementNumber"":""328430702232"",""coverageDurationStatement"":""Finaliza el 30/09/2028"",""termConditionURL"":""http://www.apple.com/legal/sales-support/"",""partNumber"":""SH0G3ZX/A"",""partAlias"":""ACP"",""partType"":""AppleCare+"",""purchaseMode"":""C"",""appleCareSalesDate"":""01/10/2026"",""pocType"":""APOC"",""purchaseOrderNumber"":""72801117""}},""transactionId"":""a10735f0-abbf-42be-9dbb-214ff0b9f3e5-1790868261248""}"
True;5135246;2026-10-01 12:27:07.280000;2026-10-01 00:00:00;61101104;VERIFYORDER;sh0x5w3t0cd;MJRT4BE/A;"{""orderDetailsResponses"":{""deviceEligibility"":{""secondaryDisplay"":""0"",""partDescription"":""AppleCare+ con robo y pérdida para iPhone 18 Pro"",""coverageDuration"":""2"",""productStatement"":""Tu AppleCare+ con robo y pérdida para iPhone 18 Pro amplía la cobertura de servicio y soporte técnico a 2 años desde la fecha de compra de AppleCare+ con robo y pérdida e incluye cobertura para una cantidad ilimitada de incidentes por daño accidental debido a la manipulación del producto o un máximo de dos incidentes de robo y pérdida cada 12 meses, cada uno de ellos sujeto a un cargo adicional de R$28000  por los daños de la pantalla o la carcasa externa o de R$144000  por robo o pérdida o de R$96000  por Otros daños accidentales. Lee todos los detalles en los Términos y condiciones de AppleCare+."",""deviceDateOfPurchase"":""01/10/2026"",""deviceId"":""SH0X5W3T0CD"",""registeredDevice"":""1"",""pocType"":""APOC"",""serialNumber"":""H0X5W3T0CD"",""partNumber"":""SHMD3ZX/A"",""partAlias"":""ACPTL"",""purchaseMode"":""C"",""productDescription"":""iPhone 18 Pro"",""tlDisclosure"":""La cobertura de robo y pérdida requiere que tengas la función Buscar habilitada en tu dispositivo antes de que se pierda o te lo roben. Durante el proceso de reclamación, te pediremos que uses la función Buscar para poner el dispositivo perdido o robado en modo Perdido, borrarlo y transferir la propiedad a Apple para que podamos asignarte un nuevo dispositivo. Para asegurarte de que puedas iniciar sesión en Buscar y acceder a esta función, es importante que recuerdes tu ID de Apple y contraseña, y que mantengas la información de tu cuenta actualizada. Si usas la autenticación de doble factor para el ID de Apple, te recomendamos que añadas un número de teléfono adicional de confianza a tu cuenta en el que puedas recibir el código de verificación de 6 dígitos que necesitas para iniciar sesión aunque no tengas tu iPhone. Para obtener más información, visita las páginas de Soporte técnico de Apple.""}},""transactionId"":""b76d2919-ad81-46c5-b6db-9648fbcc77ea-1790868426744""}"
True;5147331;2026-10-01 12:27:25.647000;2026-10-01 00:00:00;501143;VERIFYORDER;SK79RC9CW4R;MJXU4BE/A;"{""orderDetailsResponses"":{""deviceEligibility"":{""secondaryDisplay"":""0"",""partDescription"":""AppleCare+ con robo y pérdida para iPhone 18 Pro Max"",""coverageDuration"":""2"",""productStatement"":""Tu AppleCare+ con robo y pérdida para iPhone 18 Pro Max amplía la cobertura de servicio y soporte técnico a 2 años desde la fecha de compra de AppleCare+ con robo y pérdida e incluye cobertura para una cantidad ilimitada de incidentes por daño accidental debido a la manipulación del producto o un máximo de dos incidentes de robo y pérdida cada 12 meses, cada uno de ellos sujeto a un cargo adicional de R$28000  por los daños de la pantalla o la carcasa externa o de R$144000  por robo o pérdida o de R$96000  por Otros daños accidentales. Lee todos los detalles en los Términos y condiciones de AppleCare+."",""deviceDateOfPurchase"":""01/10/2026"",""deviceId"":""SK79RC9CW4R"",""registeredDevice"":""1"",""pocType"":""APOC"",""serialNumber"":""K79RC9CW4R"",""partNumber"":""SHMP3ZX/A"",""partAlias"":""ACPTL"",""purchaseMode"":""C"",""productDescription"":""iPhone 18 Pro Max"",""tlDisclosure"":""La cobertura de robo y pérdida requiere que tengas la función Buscar habilitada en tu dispositivo antes de que se pierda o te lo roben. Durante el proceso de reclamación, te pediremos que uses la función Buscar para poner el dispositivo perdido o robado en modo Perdido, borrarlo y transferir la propiedad a Apple para que podamos asignarte un nuevo dispositivo. Para asegurarte de que puedas iniciar sesión en Buscar y acceder a esta función, es importante que recuerdes tu ID de Apple y contraseña, y que mantengas la información de tu cuenta actualizada. Si usas la autenticación de doble factor para el ID de Apple, te recomendamos que añadas un número de teléfono adicional de confianza a tu cuenta en el que puedas recibir el código de verificación de 6 dígitos que necesitas para iniciar sesión aunque no tengas tu iPhone. Para obtener más información, visita las páginas de Soporte técnico de Apple.""}},""transactionId"":""6ec47c14-8587-4295-8088-bd312cc19f57-1790868445087""}"
True;5135246;2026-10-01 12:28:08.870000;2026-10-01 00:00:00;61101104;CREATEORDER;sh0x5w3t0cd;MJRT4BE/A;"{""orderDetailsResponses"":{""deviceEligibility"":{""secondaryDisplay"":""0"",""partDescription"":""AppleCare+ con robo y pérdida para iPhone 18 Pro"",""coverageDuration"":""2"",""productStatement"":""Tu AppleCare+ con robo y pérdida para iPhone 18 Pro amplía la cobertura de servicio y soporte técnico a 2 años desde la fecha de compra de AppleCare+ con robo y pérdida e incluye cobertura para una cantidad ilimitada de incidentes por daño accidental debido a la manipulación del producto o un máximo de dos incidentes de robo y pérdida cada 12 meses, cada uno de ellos sujeto a un cargo adicional de R$28000  por los daños de la pantalla o la carcasa externa o de R$144000  por robo o pérdida o de R$96000  por Otros daños accidentales. Lee todos los detalles en los Términos y condiciones de AppleCare+."",""deviceDateOfPurchase"":""01/10/2026"",""deviceId"":""SH0X5W3T0CD"",""registeredDevice"":""1"",""pocType"":""APOC"",""serialNumber"":""H0X5W3T0CD"",""partNumber"":""SHMD3ZX/A"",""partAlias"":""ACPTL"",""purchaseMode"":""C"",""productDescription"":""iPhone 18 Pro"",""tlDisclosure"":""La cobertura de robo y pérdida requiere que tengas la función Buscar habilitada en tu dispositivo antes de que se pierda o te lo roben. Durante el proceso de reclamación, te pediremos que uses la función Buscar para poner el dispositivo perdido o robado en modo Perdido, borrarlo y transferir la propiedad a Apple para que podamos asignarte un nuevo dispositivo. Para asegurarte de que puedas iniciar sesión en Buscar y acceder a esta función, es importante que recuerdes tu ID de Apple y contraseña, y que mantengas la información de tu cuenta actualizada. Si usas la autenticación de doble factor para el ID de Apple, te recomendamos que añadas un número de teléfono adicional de confianza a tu cuenta en el que puedas recibir el código de verificación de 6 dígitos que necesitas para iniciar sesión aunque no tengas tu iPhone. Para obtener más información, visita las páginas de Soporte técnico de Apple.""},""orderConfirmation"":{""agreementNumber"":""328430701237"",""coverageDurationStatement"":""Finaliza el 30/09/2028"",""termConditionURL"":""http://www.apple.com/legal/sales-support/"",""partNumber"":""SHMD3ZX/A"",""partAlias"":""ACPTL"",""partType"":""AC+TL"",""purchaseMode"":""C"",""appleCareSalesDate"":""01/10/2026"",""pocType"":""APOC"",""purchaseOrderNumber"":""61101104""}},""transactionId"":""5053b0b5-d4b6-4216-b35f-0766d3689141-1790868483971""}"
True;5147331;2026-10-01 12:34:10.193000;2026-10-01 00:00:00;501143;CREATEORDER;SK79RC9CW4R;MJXU4BE/A;"{""orderDetailsResponses"":{""deviceEligibility"":{""secondaryDisplay"":""0"",""partDescription"":""AppleCare+ con robo y pérdida para iPhone 18 Pro Max"",""coverageDuration"":""2"",""productStatement"":""Tu AppleCare+ con robo y pérdida para iPhone 18 Pro Max amplía la cobertura de servicio y soporte técnico a 2 años desde la fecha de compra de AppleCare+ con robo y pérdida e incluye cobertura para una cantidad ilimitada de incidentes por daño accidental debido a la manipulación del producto o un máximo de dos incidentes de robo y pérdida cada 12 meses, cada uno de ellos sujeto a un cargo adicional de R$28000  por los daños de la pantalla o la carcasa externa o de R$144000  por robo o pérdida o de R$96000  por Otros daños accidentales. Lee todos los detalles en los Términos y condiciones de AppleCare+."",""deviceDateOfPurchase"":""01/10/2026"",""deviceId"":""SK79RC9CW4R"",""registeredDevice"":""1"",""pocType"":""APOC"",""serialNumber"":""K79RC9CW4R"",""partNumber"":""SHMP3ZX/A"",""partAlias"":""ACPTL"",""purchaseMode"":""C"",""productDescription"":""iPhone 18 Pro Max"",""tlDisclosure"":""La cobertura de robo y pérdida requiere que tengas la función Buscar habilitada en tu dispositivo antes de que se pierda o te lo roben. Durante el proceso de reclamación, te pediremos que uses la función Buscar para poner el dispositivo perdido o robado en modo Perdido, borrarlo y transferir la propiedad a Apple para que podamos asignarte un nuevo dispositivo. Para asegurarte de que puedas iniciar sesión en Buscar y acceder a esta función, es importante que recuerdes tu ID de Apple y contraseña, y que mantengas la información de tu cuenta actualizada. Si usas la autenticación de doble factor para el ID de Apple, te recomendamos que añadas un número de teléfono adicional de confianza a tu cuenta en el que puedas recibir el código de verificación de 6 dígitos que necesitas para iniciar sesión aunque no tengas tu iPhone. Para obtener más información, visita las páginas de Soporte técnico de Apple.""},""orderConfirmation"":{""agreementNumber"":""328430661385"",""coverageDurationStatement"":""Finaliza el 30/09/2028"",""termConditionURL"":""http://www.apple.com/legal/sales-support/"",""partNumber"":""SHMP3ZX/A"",""partAlias"":""ACPTL"",""partType"":""AC+TL"",""purchaseMode"":""C"",""appleCareSalesDate"":""01/10/2026"",""pocType"":""APOC"",""purchaseOrderNumber"":""501143""}},""transactionId"":""fe4b9fa7-b9f2-437a-9077-581f94afa687-1790868845493""}"
True;5152130;2026-10-01 12:56:34.837000;2026-10-01 00:00:00;601164;VERIFYORDER;SHXW26QGWXH;MJXR4BE/A;"{""orderDetailsResponses"":{""deviceEligibility"":{""secondaryDisplay"":""0"",""partDescription"":""AppleCare+ para iPhone 18 Pro Max"",""coverageDuration"":""2"",""productStatement"":""AppleCare+ para iPhone 18 Pro Max amplía la cobertura de servicio y soporte técnico a 2 años desde la fecha de compra de AppleCare+ e incluye cobertura para una cantidad ilimitada de incidentes por daño accidental debido a la manipulación del producto, cada uno de ellos sujeto a un cargo adicional de R$28000  por los daños de la pantalla o la carcasa externa o de R$96000  por Otros daños accidentales. Lee todos los detalles en los Términos y condiciones de AppleCare+."",""deviceDateOfPurchase"":""01/10/2026"",""deviceId"":""SHXW26QGWXH"",""registeredDevice"":""1"",""pocType"":""APOC"",""serialNumber"":""HXW26QGWXH"",""partNumber"":""SHJ83ZX/A"",""partAlias"":""ACP"",""purchaseMode"":""C"",""productDescription"":""iPhone 18 Pro Max""}},""transactionId"":""9fe8126a-2b26-4d3d-8946-d3c6140bf095-1790870194076""}"
True;5152130;2026-10-01 12:58:37.957000;2026-10-01 00:00:00;601164;CREATEORDER;SHXW26QGWXH;MJXR4BE/A;"{""orderDetailsResponses"":{""deviceEligibility"":{""secondaryDisplay"":""0"",""partDescription"":""AppleCare+ para iPhone 18 Pro Max"",""coverageDuration"":""2"",""productStatement"":""AppleCare+ para iPhone 18 Pro Max amplía la cobertura de servicio y soporte técnico a 2 años desde la fecha de compra de AppleCare+ e incluye cobertura para una cantidad ilimitada de incidentes por daño accidental debido a la manipulación del producto, cada uno de ellos sujeto a un cargo adicional de R$28000  por los daños de la pantalla o la carcasa externa o de R$96000  por Otros daños accidentales. Lee todos los detalles en los Términos y condiciones de AppleCare+."",""deviceDateOfPurchase"":""01/10/2026"",""deviceId"":""SHXW26QGWXH"",""registeredDevice"":""1"",""pocType"":""APOC"",""serialNumber"":""HXW26QGWXH"",""partNumber"":""SHJ83ZX/A"",""partAlias"":""ACP"",""purchaseMode"":""C"",""productDescription"":""iPhone 18 Pro Max""},""orderConfirmation"":{""agreementNumber"":""328430704291"",""coverageDurationStatement"":""Finaliza el 30/09/2028"",""termConditionURL"":""http://www.apple.com/legal/sales-support/"",""partNumber"":""SHJ83ZX/A"",""partAlias"":""ACP"",""partType"":""AppleCare+"",""purchaseMode"":""C"",""appleCareSalesDate"":""01/10/2026"",""pocType"":""APOC"",""purchaseOrderNumber"":""601164""}},""transactionId"":""89cee655-c726-47f0-b2b5-3f0c457ef24c-1790870312981""}"
True;5214429;2026-10-01 12:58:45.460000;2026-10-01 00:00:00;22301004;VERIFYORDER;SCXTJWPXQP3;MFHP4AM/A;"{""orderDetailsResponses"":{""deviceEligibility"":{""secondaryDisplay"":""0"",""partDescription"":""AppleCare+ para Headphones - AirPods Pro"",""coverageDuration"":""2"",""productStatement"":""AppleCare+ para Headphones - AirPods Pro amplía la cobertura de servicio y soporte técnico a 2 años desde la fecha de compra de AppleCare+ e incluye cobertura para una cantidad ilimitada de incidentes por daño accidental debido a la manipulación del producto, cada uno de ellos sujeto a un cargo adicional de R$28000 . Lee todos los detalles en los Términos y condiciones de AppleCare+."",""deviceDateOfPurchase"":""01/10/2026"",""deviceId"":""SCXTJWPXQP3"",""registeredDevice"":""1"",""pocType"":""APOC"",""serialNumber"":""CXTJWPXQP3"",""partNumber"":""SYLW2ZX/A"",""partAlias"":""ACP"",""purchaseMode"":""C"",""productDescription"":""AirPods Pro 3""}},""transactionId"":""cd5c6910-a135-4384-86bf-0b470c46ffee-1790870324918""}"
True;5214429;2026-10-01 13:00:39.740000;2026-10-01 00:00:00;22301004;CREATEORDER;SCXTJWPXQP3;MFHP4AM/A;"{""orderDetailsResponses"":{""deviceEligibility"":{""secondaryDisplay"":""0"",""partDescription"":""AppleCare+ para Headphones - AirPods Pro"",""coverageDuration"":""2"",""productStatement"":""AppleCare+ para Headphones - AirPods Pro amplía la cobertura de servicio y soporte técnico a 2 años desde la fecha de compra de AppleCare+ e incluye cobertura para una cantidad ilimitada de incidentes por daño accidental debido a la manipulación del producto, cada uno de ellos sujeto a un cargo adicional de R$28000 . Lee todos los detalles en los Términos y condiciones de AppleCare+."",""deviceDateOfPurchase"":""01/10/2026"",""deviceId"":""SCXTJWPXQP3"",""registeredDevice"":""1"",""pocType"":""APOC"",""serialNumber"":""CXTJWPXQP3"",""partNumber"":""SYLW2ZX/A"",""partAlias"":""ACP"",""purchaseMode"":""C"",""productDescription"":""AirPods Pro 3""},""orderConfirmation"":{""agreementNumber"":""328430701318"",""coverageDurationStatement"":""Finaliza el 30/09/2028"",""termConditionURL"":""http://www.apple.com/legal/sales-support/"",""partNumber"":""SYLW2ZX/A"",""partAlias"":""ACP"",""partType"":""AppleCare+"",""purchaseMode"":""C"",""appleCareSalesDate"":""01/10/2026"",""pocType"":""APOC"",""purchaseOrderNumber"":""22301004""}},""transactionId"":""d3ca2cf5-256d-4e40-810a-2a5cf4cc430d-1790870434809""}"
True;5190553;2026-10-01 13:23:48.117000;2026-10-01 00:00:00;64101087;VERIFYORDER;SM9NM617J99;MKFW4AM/A;"{""orderDetailsResponses"":{""deviceEligibility"":{""secondaryDisplay"":""0"",""partDescription"":""AppleCare+ para AirPods"",""coverageDuration"":""2"",""productStatement"":""AppleCare+ para AirPods amplía la cobertura de servicio y soporte técnico a 2 años desde la fecha de compra de AppleCare+ e incluye cobertura para una cantidad ilimitada de incidentes por daño accidental debido a la manipulación del producto, cada uno de ellos sujeto a un cargo adicional de CLP28000 . Lee todos los detalles en los Términos y condiciones de AppleCare+."",""deviceDateOfPurchase"":""01/10/2026"",""deviceId"":""SM9NM617J99"",""registeredDevice"":""1"",""pocType"":""APOC"",""serialNumber"":""M9NM617J99"",""partNumber"":""S9066ZX/A"",""partAlias"":""ACP"",""purchaseMode"":""C"",""productDescription"":""AirPods 5""}},""transactionId"":""41dd36a7-7cf0-4a87-8b7d-b93570ea4db7-1790871827612""}"
True;5190553;2026-10-01 13:27:41.340000;2026-10-01 00:00:00;64101087;CREATEORDER;SM9NM617J99;MKFW4AM/A;"{""orderDetailsResponses"":{""deviceEligibility"":{""secondaryDisplay"":""0"",""partDescription"":""AppleCare+ para AirPods"",""coverageDuration"":""2"",""productStatement"":""AppleCare+ para AirPods amplía la cobertura de servicio y soporte técnico a 2 años desde la fecha de compra de AppleCare+ e incluye cobertura para una cantidad ilimitada de incidentes por daño accidental debido a la manipulación del producto, cada uno de ellos sujeto a un cargo adicional de CLP28000 . Lee todos los detalles en los Términos y condiciones de AppleCare+."",""deviceDateOfPurchase"":""01/10/2026"",""deviceId"":""SM9NM617J99"",""registeredDevice"":""1"",""pocType"":""APOC"",""serialNumber"":""M9NM617J99"",""partNumber"":""S9066ZX/A"",""partAlias"":""ACP"",""purchaseMode"":""C"",""productDescription"":""AirPods 5""},""orderConfirmation"":{""agreementNumber"":""328430706273"",""coverageDurationStatement"":""Finaliza el 30/09/2028"",""termConditionURL"":""http://www.apple.com/legal/sales-support/"",""partNumber"":""S9066ZX/A"",""partAlias"":""ACP"",""partType"":""AppleCare+"",""purchaseMode"":""C"",""appleCareSalesDate"":""01/10/2026"",""pocType"":""APOC"",""purchaseOrderNumber"":""64101087""}},""transactionId"":""bfc891e9-6eac-4a3d-bad4-7b78a777999f-1790872056247""}"
True;5191654;2026-10-01 13:40:58.573000;2026-10-01 00:00:00;39701088;VERIFYORDER;SCJ7QDM4C6R;MJRT4BE/A;"{""orderDetailsResponses"":{""deviceEligibility"":{""secondaryDisplay"":""0"",""partDescription"":""AppleCare+ con robo y pérdida para iPhone 18 Pro"",""coverageDuration"":""2"",""productStatement"":""Tu AppleCare+ con robo y pérdida para iPhone 18 Pro amplía la cobertura de servicio y soporte técnico a 2 años desde la fecha de compra de AppleCare+ con robo y pérdida e incluye cobertura para una cantidad ilimitada de incidentes por daño accidental debido a la manipulación del producto o un máximo de dos incidentes de robo y pérdida cada 12 meses, cada uno de ellos sujeto a un cargo adicional de R$28000  por los daños de la pantalla o la carcasa externa o de R$144000  por robo o pérdida o de R$96000  por Otros daños accidentales. Lee todos los detalles en los Términos y condiciones de AppleCare+."",""deviceDateOfPurchase"":""01/10/2026"",""deviceId"":""SCJ7QDM4C6R"",""registeredDevice"":""1"",""pocType"":""APOC"",""serialNumber"":""CJ7QDM4C6R"",""partNumber"":""SHMD3ZX/A"",""partAlias"":""ACPTL"",""purchaseMode"":""C"",""productDescription"":""iPhone 18 Pro"",""tlDisclosure"":""La cobertura de robo y pérdida requiere que tengas la función Buscar habilitada en tu dispositivo antes de que se pierda o te lo roben. Durante el proceso de reclamación, te pediremos que uses la función Buscar para poner el dispositivo perdido o robado en modo Perdido, borrarlo y transferir la propiedad a Apple para que podamos asignarte un nuevo dispositivo. Para asegurarte de que puedas iniciar sesión en Buscar y acceder a esta función, es importante que recuerdes tu ID de Apple y contraseña, y que mantengas la información de tu cuenta actualizada. Si usas la autenticación de doble factor para el ID de Apple, te recomendamos que añadas un número de teléfono adicional de confianza a tu cuenta en el que puedas recibir el código de verificación de 6 dígitos que necesitas para iniciar sesión aunque no tengas tu iPhone. Para obtener más información, visita las páginas de Soporte técnico de Apple.""}},""transactionId"":""b2604679-52a7-4b5c-b145-4ded5a3fb20c-1790872858022""}"
True;5191654;2026-10-01 13:43:41.480000;2026-10-01 00:00:00;39701088;CREATEORDER;SCJ7QDM4C6R;MJRT4BE/A;"{""orderDetailsResponses"":{""deviceEligibility"":{""secondaryDisplay"":""0"",""partDescription"":""AppleCare+ con robo y pérdida para iPhone 18 Pro"",""coverageDuration"":""2"",""productStatement"":""Tu AppleCare+ con robo y pérdida para iPhone 18 Pro amplía la cobertura de servicio y soporte técnico a 2 años desde la fecha de compra de AppleCare+ con robo y pérdida e incluye cobertura para una cantidad ilimitada de incidentes por daño accidental debido a la manipulación del producto o un máximo de dos incidentes de robo y pérdida cada 12 meses, cada uno de ellos sujeto a un cargo adicional de R$28000  por los daños de la pantalla o la carcasa externa o de R$144000  por robo o pérdida o de R$96000  por Otros daños accidentales. Lee todos los detalles en los Términos y condiciones de AppleCare+."",""deviceDateOfPurchase"":""01/10/2026"",""deviceId"":""SCJ7QDM4C6R"",""registeredDevice"":""1"",""pocType"":""APOC"",""serialNumber"":""CJ7QDM4C6R"",""partNumber"":""SHMD3ZX/A"",""partAlias"":""ACPTL"",""purchaseMode"":""C"",""productDescription"":""iPhone 18 Pro"",""tlDisclosure"":""La cobertura de robo y pérdida requiere que tengas la función Buscar habilitada en tu dispositivo antes de que se pierda o te lo roben. Durante el proceso de reclamación, te pediremos que uses la función Buscar para poner el dispositivo perdido o robado en modo Perdido, borrarlo y transferir la propiedad a Apple para que podamos asignarte un nuevo dispositivo. Para asegurarte de que puedas iniciar sesión en Buscar y acceder a esta función, es importante que recuerdes tu ID de Apple y contraseña, y que mantengas la información de tu cuenta actualizada. Si usas la autenticación de doble factor para el ID de Apple, te recomendamos que añadas un número de teléfono adicional de confianza a tu cuenta en el que puedas recibir el código de verificación de 6 dígitos que necesitas para iniciar sesión aunque no tengas tu iPhone. Para obtener más información, visita las páginas de Soporte técnico de Apple.""},""orderConfirmation"":{""agreementNumber"":""328430701417"",""coverageDurationStatement"":""Finaliza el 30/09/2028"",""termConditionURL"":""http://www.apple.com/legal/sales-support/"",""partNumber"":""SHMD3ZX/A"",""partAlias"":""ACPTL"",""partType"":""AC+TL"",""purchaseMode"":""C"",""appleCareSalesDate"":""01/10/2026"",""pocType"":""APOC"",""purchaseOrderNumber"":""39701088""}},""transactionId"":""b0dcf2c2-7558-497d-8f33-459627b8a5bb-1790873016618""}"
True;5190559;2026-10-01 13:58:49.080000;2026-10-01 00:00:00;64201087;VERIFYORDER;SC7GD2M0W22;MJRT4BE/A;"{""orderDetailsResponses"":{""deviceEligibility"":{""secondaryDisplay"":""0"",""partDescription"":""AppleCare+ con robo y pérdida para iPhone 18 Pro"",""coverageDuration"":""2"",""productStatement"":""Tu AppleCare+ con robo y pérdida para iPhone 18 Pro amplía la cobertura de servicio y soporte técnico a 2 años desde la fecha de compra de AppleCare+ con robo y pérdida e incluye cobertura para una cantidad ilimitada de incidentes por daño accidental debido a la manipulación del producto o un máximo de dos incidentes de robo y pérdida cada 12 meses, cada uno de ellos sujeto a un cargo adicional de R$28000  por los daños de la pantalla o la carcasa externa o de R$144000  por robo o pérdida o de R$96000  por Otros daños accidentales. Lee todos los detalles en los Términos y condiciones de AppleCare+."",""deviceDateOfPurchase"":""01/10/2026"",""deviceId"":""SC7GD2M0W22"",""registeredDevice"":""1"",""pocType"":""APOC"",""serialNumber"":""C7GD2M0W22"",""partNumber"":""SHMD3ZX/A"",""partAlias"":""ACPTL"",""purchaseMode"":""C"",""productDescription"":""iPhone 18 Pro"",""tlDisclosure"":""La cobertura de robo y pérdida requiere que tengas la función Buscar habilitada en tu dispositivo antes de que se pierda o te lo roben. Durante el proceso de reclamación, te pediremos que uses la función Buscar para poner el dispositivo perdido o robado en modo Perdido, borrarlo y transferir la propiedad a Apple para que podamos asignarte un nuevo dispositivo. Para asegurarte de que puedas iniciar sesión en Buscar y acceder a esta función, es importante que recuerdes tu ID de Apple y contraseña, y que mantengas la información de tu cuenta actualizada. Si usas la autenticación de doble factor para el ID de Apple, te recomendamos que añadas un número de teléfono adicional de confianza a tu cuenta en el que puedas recibir el código de verificación de 6 dígitos que necesitas para iniciar sesión aunque no tengas tu iPhone. Para obtener más información, visita las páginas de Soporte técnico de Apple.""}},""transactionId"":""1e466281-374f-4e1a-984c-3499743868c3-1790873928549""}"
True;1338406;2026-10-01 13:59:25.040000;2026-10-01 00:00:00;4001149;VERIFYORDER;SLVR252NDQQ;MYE73BE/A;"{""orderDetailsResponses"":{""deviceEligibility"":{""secondaryDisplay"":""0"",""partDescription"":""AppleCare+ para iPhone 16"",""coverageDuration"":""2"",""productStatement"":""AppleCare+ para iPhone 16 amplía la cobertura de servicio y soporte técnico a 2 años desde la fecha de compra de AppleCare+ e incluye cobertura para una cantidad ilimitada de incidentes por daño accidental debido a la manipulación del producto, cada uno de ellos sujeto a un cargo adicional de R$28000  por Daños que afectan solo a la pantalla o de R$96000  por Otros daños accidentales. Lee todos los detalles en los Términos y condiciones de AppleCare+."",""deviceDateOfPurchase"":""01/10/2026"",""deviceId"":""SLVR252NDQQ"",""registeredDevice"":""1"",""pocType"":""APOC"",""serialNumber"":""LVR252NDQQ"",""partNumber"":""SNHA2ZX/A"",""partAlias"":""ACP"",""purchaseMode"":""C"",""productDescription"":""iPhone 16""}},""transactionId"":""0ad9f786-c9f9-4acd-8b16-147d85a0cf55-1790873964509""}"
True;5190559;2026-10-01 14:01:53.283000;2026-10-01 00:00:00;64201087;CREATEORDER;SC7GD2M0W22;MJRT4BE/A;"{""orderDetailsResponses"":{""deviceEligibility"":{""secondaryDisplay"":""0"",""partDescription"":""AppleCare+ con robo y pérdida para iPhone 18 Pro"",""coverageDuration"":""2"",""productStatement"":""Tu AppleCare+ con robo y pérdida para iPhone 18 Pro amplía la cobertura de servicio y soporte técnico a 2 años desde la fecha de compra de AppleCare+ con robo y pérdida e incluye cobertura para una cantidad ilimitada de incidentes por daño accidental debido a la manipulación del producto o un máximo de dos incidentes de robo y pérdida cada 12 meses, cada uno de ellos sujeto a un cargo adicional de R$28000  por los daños de la pantalla o la carcasa externa o de R$144000  por robo o pérdida o de R$96000  por Otros daños accidentales. Lee todos los detalles en los Términos y condiciones de AppleCare+."",""deviceDateOfPurchase"":""01/10/2026"",""deviceId"":""SC7GD2M0W22"",""registeredDevice"":""1"",""pocType"":""APOC"",""serialNumber"":""C7GD2M0W22"",""partNumber"":""SHMD3ZX/A"",""partAlias"":""ACPTL"",""purchaseMode"":""C"",""productDescription"":""iPhone 18 Pro"",""tlDisclosure"":""La cobertura de robo y pérdida requiere que tengas la función Buscar habilitada en tu dispositivo antes de que se pierda o te lo roben. Durante el proceso de reclamación, te pediremos que uses la función Buscar para poner el dispositivo perdido o robado en modo Perdido, borrarlo y transferir la propiedad a Apple para que podamos asignarte un nuevo dispositivo. Para asegurarte de que puedas iniciar sesión en Buscar y acceder a esta función, es importante que recuerdes tu ID de Apple y contraseña, y que mantengas la información de tu cuenta actualizada. Si usas la autenticación de doble factor para el ID de Apple, te recomendamos que añadas un número de teléfono adicional de confianza a tu cuenta en el que puedas recibir el código de verificación de 6 dígitos que necesitas para iniciar sesión aunque no tengas tu iPhone. Para obtener más información, visita las páginas de Soporte técnico de Apple.""},""orderConfirmation"":{""agreementNumber"":""328430660716"",""coverageDurationStatement"":""Finaliza el 30/09/2028"",""termConditionURL"":""http://www.apple.com/legal/sales-support/"",""partNumber"":""SHMD3ZX/A"",""partAlias"":""ACPTL"",""partType"":""AC+TL"",""purchaseMode"":""C"",""appleCareSalesDate"":""01/10/2026"",""pocType"":""APOC"",""purchaseOrderNumber"":""64201087""}},""transactionId"":""26d279cf-e9fb-4331-88c4-67a4b52c2d28-1790874108265""}"
True;1338406;2026-10-01 14:02:16.250000;2026-10-01 00:00:00;4001149;CREATEORDER;SLVR252NDQQ;MYE73BE/A;"{""orderDetailsResponses"":{""deviceEligibility"":{""secondaryDisplay"":""0"",""partDescription"":""AppleCare+ para iPhone 16"",""coverageDuration"":""2"",""productStatement"":""AppleCare+ para iPhone 16 amplía la cobertura de servicio y soporte técnico a 2 años desde la fecha de compra de AppleCare+ e incluye cobertura para una cantidad ilimitada de incidentes por daño accidental debido a la manipulación del producto, cada uno de ellos sujeto a un cargo adicional de R$28000  por Daños que afectan solo a la pantalla o de R$96000  por Otros daños accidentales. Lee todos los detalles en los Términos y condiciones de AppleCare+."",""deviceDateOfPurchase"":""01/10/2026"",""deviceId"":""SLVR252NDQQ"",""registeredDevice"":""1"",""pocType"":""APOC"",""serialNumber"":""LVR252NDQQ"",""partNumber"":""SNHA2ZX/A"",""partAlias"":""ACP"",""purchaseMode"":""C"",""productDescription"":""iPhone 16""},""orderConfirmation"":{""agreementNumber"":""328430660724"",""coverageDurationStatement"":""Finaliza el 30/09/2028"",""termConditionURL"":""http://www.apple.com/legal/sales-support/"",""partNumber"":""SNHA2ZX/A"",""partAlias"":""ACP"",""partType"":""AppleCare+"",""purchaseMode"":""C"",""appleCareSalesDate"":""01/10/2026"",""pocType"":""APOC"",""purchaseOrderNumber"":""4001149""}},""transactionId"":""37bf0c69-6d6d-4f25-8142-99e3f56f8136-1790874131041""}"
True;5194831;2026-10-01 14:13:15.523000;2026-10-01 00:00:00;1501136;VERIFYORDER;SMW4C922Y9F;MJRU4BE/A;"{""orderDetailsResponses"":{""deviceEligibility"":{""secondaryDisplay"":""0"",""partDescription"":""AppleCare+ con robo y pérdida para iPhone 18 Pro"",""coverageDuration"":""2"",""productStatement"":""Tu AppleCare+ con robo y pérdida para iPhone 18 Pro amplía la cobertura de servicio y soporte técnico a 2 años desde la fecha de compra de AppleCare+ con robo y pérdida e incluye cobertura para una cantidad ilimitada de incidentes por daño accidental debido a la manipulación del producto o un máximo de dos incidentes de robo y pérdida cada 12 meses, cada uno de ellos sujeto a un cargo adicional de R$28000  por los daños de la pantalla o la carcasa externa o de R$144000  por robo o pérdida o de R$96000  por Otros daños accidentales. Lee todos los detalles en los Términos y condiciones de AppleCare+."",""deviceDateOfPurchase"":""01/10/2026"",""deviceId"":""SMW4C922Y9F"",""registeredDevice"":""1"",""pocType"":""APOC"",""serialNumber"":""MW4C922Y9F"",""partNumber"":""SHMD3ZX/A"",""partAlias"":""ACPTL"",""purchaseMode"":""C"",""productDescription"":""iPhone 18 Pro"",""tlDisclosure"":""La cobertura de robo y pérdida requiere que tengas la función Buscar habilitada en tu dispositivo antes de que se pierda o te lo roben. Durante el proceso de reclamación, te pediremos que uses la función Buscar para poner el dispositivo perdido o robado en modo Perdido, borrarlo y transferir la propiedad a Apple para que podamos asignarte un nuevo dispositivo. Para asegurarte de que puedas iniciar sesión en Buscar y acceder a esta función, es importante que recuerdes tu ID de Apple y contraseña, y que mantengas la información de tu cuenta actualizada. Si usas la autenticación de doble factor para el ID de Apple, te recomendamos que añadas un número de teléfono adicional de confianza a tu cuenta en el que puedas recibir el código de verificación de 6 dígitos que necesitas para iniciar sesión aunque no tengas tu iPhone. Para obtener más información, visita las páginas de Soporte técnico de Apple.""}},""transactionId"":""f52dfffc-a7e4-49a5-b71e-e80b8331de3a-1790874794913""}"
True;5194831;2026-10-01 14:15:38.700000;2026-10-01 00:00:00;1501136;CREATEORDER;SMW4C922Y9F;MJRU4BE/A;"{""orderDetailsResponses"":{""deviceEligibility"":{""secondaryDisplay"":""0"",""partDescription"":""AppleCare+ con robo y pérdida para iPhone 18 Pro"",""coverageDuration"":""2"",""productStatement"":""Tu AppleCare+ con robo y pérdida para iPhone 18 Pro amplía la cobertura de servicio y soporte técnico a 2 años desde la fecha de compra de AppleCare+ con robo y pérdida e incluye cobertura para una cantidad ilimitada de incidentes por daño accidental debido a la manipulación del producto o un máximo de dos incidentes de robo y pérdida cada 12 meses, cada uno de ellos sujeto a un cargo adicional de R$28000  por los daños de la pantalla o la carcasa externa o de R$144000  por robo o pérdida o de R$96000  por Otros daños accidentales. Lee todos los detalles en los Términos y condiciones de AppleCare+."",""deviceDateOfPurchase"":""01/10/2026"",""deviceId"":""SMW4C922Y9F"",""registeredDevice"":""1"",""pocType"":""APOC"",""serialNumber"":""MW4C922Y9F"",""partNumber"":""SHMD3ZX/A"",""partAlias"":""ACPTL"",""purchaseMode"":""C"",""productDescription"":""iPhone 18 Pro"",""tlDisclosure"":""La cobertura de robo y pérdida requiere que tengas la función Buscar habilitada en tu dispositivo antes de que se pierda o te lo roben. Durante el proceso de reclamación, te pediremos que uses la función Buscar para poner el dispositivo perdido o robado en modo Perdido, borrarlo y transferir la propiedad a Apple para que podamos asignarte un nuevo dispositivo. Para asegurarte de que puedas iniciar sesión en Buscar y acceder a esta función, es importante que recuerdes tu ID de Apple y contraseña, y que mantengas la información de tu cuenta actualizada. Si usas la autenticación de doble factor para el ID de Apple, te recomendamos que añadas un número de teléfono adicional de confianza a tu cuenta en el que puedas recibir el código de verificación de 6 dígitos que necesitas para iniciar sesión aunque no tengas tu iPhone. Para obtener más información, visita las páginas de Soporte técnico de Apple.""},""orderConfirmation"":{""agreementNumber"":""328430661871"",""coverageDurationStatement"":""Finaliza el 30/09/2028"",""termConditionURL"":""http://www.apple.com/legal/sales-support/"",""partNumber"":""SHMD3ZX/A"",""partAlias"":""ACPTL"",""partType"":""AC+TL"",""purchaseMode"":""C"",""appleCareSalesDate"":""01/10/2026"",""pocType"":""APOC"",""purchaseOrderNumber"":""1501136""}},""transactionId"":""f6a6b576-a44b-4f17-a942-74534c886ded-1790874933877""}"
True;5149395;2026-10-01 14:27:16.490000;2026-10-01 00:00:00;1701144;VERIFYORDER;C4KWM4R173;MJXU4BE/A;"{""orderDetailsResponses"":{""deviceEligibility"":{""secondaryDisplay"":""0"",""partDescription"":""AppleCare+ con robo y pérdida para iPhone 18 Pro Max"",""coverageDuration"":""2"",""productStatement"":""Tu AppleCare+ con robo y pérdida para iPhone 18 Pro Max amplía la cobertura de servicio y soporte técnico a 2 años desde la fecha de compra de AppleCare+ con robo y pérdida e incluye cobertura para una cantidad ilimitada de incidentes por daño accidental debido a la manipulación del producto o un máximo de dos incidentes de robo y pérdida cada 12 meses, cada uno de ellos sujeto a un cargo adicional de R$28000  por los daños de la pantalla o la carcasa externa o de R$144000  por robo o pérdida o de R$96000  por Otros daños accidentales. Lee todos los detalles en los Términos y condiciones de AppleCare+."",""deviceDateOfPurchase"":""30/09/2026"",""deviceId"":""C4KWM4R173"",""registeredDevice"":""0"",""pocType"":""APOC"",""serialNumber"":""C4KWM4R173"",""partNumber"":""SHMP3ZX/A"",""partAlias"":""ACPTL"",""purchaseMode"":""I"",""productDescription"":""iPhone 18 Pro Max"",""tlDisclosure"":""La cobertura de robo y pérdida requiere que tengas la función Buscar habilitada en tu dispositivo antes de que se pierda o te lo roben. Durante el proceso de reclamación, te pediremos que uses la función Buscar para poner el dispositivo perdido o robado en modo Perdido, borrarlo y transferir la propiedad a Apple para que podamos asignarte un nuevo dispositivo. Para asegurarte de que puedas iniciar sesión en Buscar y acceder a esta función, es importante que recuerdes tu ID de Apple y contraseña, y que mantengas la información de tu cuenta actualizada. Si usas la autenticación de doble factor para el ID de Apple, te recomendamos que añadas un número de teléfono adicional de confianza a tu cuenta en el que puedas recibir el código de verificación de 6 dígitos que necesitas para iniciar sesión aunque no tengas tu iPhone. Para obtener más información, visita las páginas de Soporte técnico de Apple.""}},""transactionId"":""1c141d1a-7426-41aa-8b9f-f50f86c1fa58-1790875635962""}"
True;5149395;2026-10-01 14:28:53.967000;2026-10-01 00:00:00;1701144;CREATEORDER;C4KWM4R173;MJXU4BE/A;"{""orderDetailsResponses"":{""deviceEligibility"":{""secondaryDisplay"":""0"",""partDescription"":""AppleCare+ con robo y pérdida para iPhone 18 Pro Max"",""coverageDuration"":""2"",""productStatement"":""Tu AppleCare+ con robo y pérdida para iPhone 18 Pro Max amplía la cobertura de servicio y soporte técnico a 2 años desde la fecha de compra de AppleCare+ con robo y pérdida e incluye cobertura para una cantidad ilimitada de incidentes por daño accidental debido a la manipulación del producto o un máximo de dos incidentes de robo y pérdida cada 12 meses, cada uno de ellos sujeto a un cargo adicional de R$28000  por los daños de la pantalla o la carcasa externa o de R$144000  por robo o pérdida o de R$96000  por Otros daños accidentales. Lee todos los detalles en los Términos y condiciones de AppleCare+."",""deviceDateOfPurchase"":""30/09/2026"",""deviceId"":""C4KWM4R173"",""registeredDevice"":""0"",""pocType"":""APOC"",""serialNumber"":""C4KWM4R173"",""partNumber"":""SHMP3ZX/A"",""partAlias"":""ACPTL"",""purchaseMode"":""I"",""productDescription"":""iPhone 18 Pro Max"",""tlDisclosure"":""La cobertura de robo y pérdida requiere que tengas la función Buscar habilitada en tu dispositivo antes de que se pierda o te lo roben. Durante el proceso de reclamación, te pediremos que uses la función Buscar para poner el dispositivo perdido o robado en modo Perdido, borrarlo y transferir la propiedad a Apple para que podamos asignarte un nuevo dispositivo. Para asegurarte de que puedas iniciar sesión en Buscar y acceder a esta función, es importante que recuerdes tu ID de Apple y contraseña, y que mantengas la información de tu cuenta actualizada. Si usas la autenticación de doble factor para el ID de Apple, te recomendamos que añadas un número de teléfono adicional de confianza a tu cuenta en el que puedas recibir el código de verificación de 6 dígitos que necesitas para iniciar sesión aunque no tengas tu iPhone. Para obtener más información, visita las páginas de Soporte técnico de Apple.""},""orderConfirmation"":{""agreementNumber"":""328430701933"",""coverageDurationStatement"":""Finaliza el 30/09/2028"",""termConditionURL"":""http://www.apple.com/legal/sales-support/"",""partNumber"":""SHMP3ZX/A"",""partAlias"":""ACPTL"",""partType"":""AC+TL"",""purchaseMode"":""I"",""appleCareSalesDate"":""01/10/2026"",""pocType"":""APOC"",""purchaseOrderNumber"":""1701144""}},""transactionId"":""7bff8b94-532f-46e0-b88d-caefdbb9efdb-1790875728804""}"
True;1344094;2026-10-01 14:30:48.247000;2026-10-01 00:00:00;26701133;VERIFYORDER;SCWJPDQ62D4;MJXW4BE/A;"{""orderDetailsResponses"":{""deviceEligibility"":{""secondaryDisplay"":""0"",""partDescription"":""AppleCare+ con robo y pérdida para iPhone 18 Pro Max"",""coverageDuration"":""2"",""productStatement"":""Tu AppleCare+ con robo y pérdida para iPhone 18 Pro Max amplía la cobertura de servicio y soporte técnico a 2 años desde la fecha de compra de AppleCare+ con robo y pérdida e incluye cobertura para una cantidad ilimitada de incidentes por daño accidental debido a la manipulación del producto o un máximo de dos incidentes de robo y pérdida cada 12 meses, cada uno de ellos sujeto a un cargo adicional de R$28000  por los daños de la pantalla o la carcasa externa o de R$144000  por robo o pérdida o de R$96000  por Otros daños accidentales. Lee todos los detalles en los Términos y condiciones de AppleCare+."",""deviceDateOfPurchase"":""01/10/2026"",""deviceId"":""SCWJPDQ62D4"",""registeredDevice"":""1"",""pocType"":""APOC"",""serialNumber"":""CWJPDQ62D4"",""partNumber"":""SHMP3ZX/A"",""partAlias"":""ACPTL"",""purchaseMode"":""C"",""productDescription"":""iPhone 18 Pro Max"",""tlDisclosure"":""La cobertura de robo y pérdida requiere que tengas la función Buscar habilitada en tu dispositivo antes de que se pierda o te lo roben. Durante el proceso de reclamación, te pediremos que uses la función Buscar para poner el dispositivo perdido o robado en modo Perdido, borrarlo y transferir la propiedad a Apple para que podamos asignarte un nuevo dispositivo. Para asegurarte de que puedas iniciar sesión en Buscar y acceder a esta función, es importante que recuerdes tu ID de Apple y contraseña, y que mantengas la información de tu cuenta actualizada. Si usas la autenticación de doble factor para el ID de Apple, te recomendamos que añadas un número de teléfono adicional de confianza a tu cuenta en el que puedas recibir el código de verificación de 6 dígitos que necesitas para iniciar sesión aunque no tengas tu iPhone. Para obtener más información, visita las páginas de Soporte técnico de Apple.""}},""transactionId"":""60778fbb-7ec5-4ec1-951d-b754ffb7be6b-1790875847687""}"
True;1344094;2026-10-01 14:32:30.700000;2026-10-01 00:00:00;26701133;CREATEORDER;SCWJPDQ62D4;MJXW4BE/A;"{""orderDetailsResponses"":{""deviceEligibility"":{""secondaryDisplay"":""0"",""partDescription"":""AppleCare+ con robo y pérdida para iPhone 18 Pro Max"",""coverageDuration"":""2"",""productStatement"":""Tu AppleCare+ con robo y pérdida para iPhone 18 Pro Max amplía la cobertura de servicio y soporte técnico a 2 años desde la fecha de compra de AppleCare+ con robo y pérdida e incluye cobertura para una cantidad ilimitada de incidentes por daño accidental debido a la manipulación del producto o un máximo de dos incidentes de robo y pérdida cada 12 meses, cada uno de ellos sujeto a un cargo adicional de R$28000  por los daños de la pantalla o la carcasa externa o de R$144000  por robo o pérdida o de R$96000  por Otros daños accidentales. Lee todos los detalles en los Términos y condiciones de AppleCare+."",""deviceDateOfPurchase"":""01/10/2026"",""deviceId"":""SCWJPDQ62D4"",""registeredDevice"":""1"",""pocType"":""APOC"",""serialNumber"":""CWJPDQ62D4"",""partNumber"":""SHMP3ZX/A"",""partAlias"":""ACPTL"",""purchaseMode"":""C"",""productDescription"":""iPhone 18 Pro Max"",""tlDisclosure"":""La cobertura de robo y pérdida requiere que tengas la función Buscar habilitada en tu dispositivo antes de que se pierda o te lo roben. Durante el proceso de reclamación, te pediremos que uses la función Buscar para poner el dispositivo perdido o robado en modo Perdido, borrarlo y transferir la propiedad a Apple para que podamos asignarte un nuevo dispositivo. Para asegurarte de que puedas iniciar sesión en Buscar y acceder a esta función, es importante que recuerdes tu ID de Apple y contraseña, y que mantengas la información de tu cuenta actualizada. Si usas la autenticación de doble factor para el ID de Apple, te recomendamos que añadas un número de teléfono adicional de confianza a tu cuenta en el que puedas recibir el código de verificación de 6 dígitos que necesitas para iniciar sesión aunque no tengas tu iPhone. Para obtener más información, visita las páginas de Soporte técnico de Apple.""},""orderConfirmation"":{""agreementNumber"":""328430724010"",""coverageDurationStatement"":""Finaliza el 30/09/2028"",""termConditionURL"":""http://www.apple.com/legal/sales-support/"",""partNumber"":""SHMP3ZX/A"",""partAlias"":""ACPTL"",""partType"":""AC+TL"",""purchaseMode"":""C"",""appleCareSalesDate"":""01/10/2026"",""pocType"":""APOC"",""purchaseOrderNumber"":""26701133""}},""transactionId"":""2ad82a4b-d06e-4aca-9413-92ff0ba45650-1790875945718""}"
True;1339184;2026-10-01 14:35:15.187000;2026-10-01 00:00:00;701158;VERIFYORDER;SHF0XJ230KL;MJY14BE/A;"{""orderDetailsResponses"":{""deviceEligibility"":{""secondaryDisplay"":""0"",""partDescription"":""AppleCare+ con robo y pérdida para iPhone 18 Pro Max"",""coverageDuration"":""2"",""productStatement"":""Tu AppleCare+ con robo y pérdida para iPhone 18 Pro Max amplía la cobertura de servicio y soporte técnico a 2 años desde la fecha de compra de AppleCare+ con robo y pérdida e incluye cobertura para una cantidad ilimitada de incidentes por daño accidental debido a la manipulación del producto o un máximo de dos incidentes de robo y pérdida cada 12 meses, cada uno de ellos sujeto a un cargo adicional de R$28000  por los daños de la pantalla o la carcasa externa o de R$144000  por robo o pérdida o de R$96000  por Otros daños accidentales. Lee todos los detalles en los Términos y condiciones de AppleCare+."",""deviceDateOfPurchase"":""01/10/2026"",""deviceId"":""SHF0XJ230KL"",""registeredDevice"":""1"",""pocType"":""APOC"",""serialNumber"":""HF0XJ230KL"",""partNumber"":""SHMP3ZX/A"",""partAlias"":""ACPTL"",""purchaseMode"":""C"",""productDescription"":""iPhone 18 Pro Max"",""tlDisclosure"":""La cobertura de robo y pérdida requiere que tengas la función Buscar habilitada en tu dispositivo antes de que se pierda o te lo roben. Durante el proceso de reclamación, te pediremos que uses la función Buscar para poner el dispositivo perdido o robado en modo Perdido, borrarlo y transferir la propiedad a Apple para que podamos asignarte un nuevo dispositivo. Para asegurarte de que puedas iniciar sesión en Buscar y acceder a esta función, es importante que recuerdes tu ID de Apple y contraseña, y que mantengas la información de tu cuenta actualizada. Si usas la autenticación de doble factor para el ID de Apple, te recomendamos que añadas un número de teléfono adicional de confianza a tu cuenta en el que puedas recibir el código de verificación de 6 dígitos que necesitas para iniciar sesión aunque no tengas tu iPhone. Para obtener más información, visita las páginas de Soporte técnico de Apple.""}},""transactionId"":""a2fad64d-e9c3-4176-814b-d8e2711db707-1790876114690""}"
True;1339184;2026-10-01 14:40:02.800000;2026-10-01 00:00:00;701158;CREATEORDER;SHF0XJ230KL;MJY14BE/A;"{""orderDetailsResponses"":{""deviceEligibility"":{""secondaryDisplay"":""0"",""partDescription"":""AppleCare+ con robo y pérdida para iPhone 18 Pro Max"",""coverageDuration"":""2"",""productStatement"":""Tu AppleCare+ con robo y pérdida para iPhone 18 Pro Max amplía la cobertura de servicio y soporte técnico a 2 años desde la fecha de compra de AppleCare+ con robo y pérdida e incluye cobertura para una cantidad ilimitada de incidentes por daño accidental debido a la manipulación del producto o un máximo de dos incidentes de robo y pérdida cada 12 meses, cada uno de ellos sujeto a un cargo adicional de R$28000  por los daños de la pantalla o la carcasa externa o de R$144000  por robo o pérdida o de R$96000  por Otros daños accidentales. Lee todos los detalles en los Términos y condiciones de AppleCare+."",""deviceDateOfPurchase"":""01/10/2026"",""deviceId"":""SHF0XJ230KL"",""registeredDevice"":""1"",""pocType"":""APOC"",""serialNumber"":""HF0XJ230KL"",""partNumber"":""SHMP3ZX/A"",""partAlias"":""ACPTL"",""purchaseMode"":""C"",""productDescription"":""iPhone 18 Pro Max"",""tlDisclosure"":""La cobertura de robo y pérdida requiere que tengas la función Buscar habilitada en tu dispositivo antes de que se pierda o te lo roben. Durante el proceso de reclamación, te pediremos que uses la función Buscar para poner el dispositivo perdido o robado en modo Perdido, borrarlo y transferir la propiedad a Apple para que podamos asignarte un nuevo dispositivo. Para asegurarte de que puedas iniciar sesión en Buscar y acceder a esta función, es importante que recuerdes tu ID de Apple y contraseña, y que mantengas la información de tu cuenta actualizada. Si usas la autenticación de doble factor para el ID de Apple, te recomendamos que añadas un número de teléfono adicional de confianza a tu cuenta en el que puedas recibir el código de verificación de 6 dígitos que necesitas para iniciar sesión aunque no tengas tu iPhone. Para obtener más información, visita las páginas de Soporte técnico de Apple.""},""orderConfirmation"":{""agreementNumber"":""328430726091"",""coverageDurationStatement"":""Finaliza el 30/09/2028"",""termConditionURL"":""http://www.apple.com/legal/sales-support/"",""partNumber"":""SHMP3ZX/A"",""partAlias"":""ACPTL"",""partType"":""AC+TL"",""purchaseMode"":""C"",""appleCareSalesDate"":""01/10/2026"",""pocType"":""APOC"",""purchaseOrderNumber"":""701158""}},""transactionId"":""9a8be682-5007-4d9a-9f1d-4e835093673f-1790876397903""}"
True;5141829;2026-10-01 14:47:39.263000;2026-10-01 00:00:00;1601160;VERIFYORDER;sf4fdhxnqqp;MFHP4AM/A;"{""orderDetailsResponses"":{""deviceEligibility"":{""secondaryDisplay"":""0"",""partDescription"":""AppleCare+ para Headphones - AirPods Pro"",""coverageDuration"":""2"",""productStatement"":""AppleCare+ para Headphones - AirPods Pro amplía la cobertura de servicio y soporte técnico a 2 años desde la fecha de compra de AppleCare+ e incluye cobertura para una cantidad ilimitada de incidentes por daño accidental debido a la manipulación del producto, cada uno de ellos sujeto a un cargo adicional de R$28000 . Lee todos los detalles en los Términos y condiciones de AppleCare+."",""deviceDateOfPurchase"":""01/10/2026"",""deviceId"":""SF4FDHXNQQP"",""registeredDevice"":""1"",""pocType"":""APOC"",""serialNumber"":""F4FDHXNQQP"",""partNumber"":""SYLW2ZX/A"",""partAlias"":""ACP"",""purchaseMode"":""C"",""productDescription"":""AirPods Pro 3""}},""transactionId"":""cd2711e1-17dc-4fc8-b496-aa8ccb5804c6-1790876858760""}"
True;5141829;2026-10-01 14:50:10.867000;2026-10-01 00:00:00;1601160;CREATEORDER;sf4fdhxnqqp;MFHP4AM/A;"{""orderDetailsResponses"":{""deviceEligibility"":{""secondaryDisplay"":""0"",""partDescription"":""AppleCare+ para Headphones - AirPods Pro"",""coverageDuration"":""2"",""productStatement"":""AppleCare+ para Headphones - AirPods Pro amplía la cobertura de servicio y soporte técnico a 2 años desde la fecha de compra de AppleCare+ e incluye cobertura para una cantidad ilimitada de incidentes por daño accidental debido a la manipulación del producto, cada uno de ellos sujeto a un cargo adicional de R$28000 . Lee todos los detalles en los Términos y condiciones de AppleCare+."",""deviceDateOfPurchase"":""01/10/2026"",""deviceId"":""SF4FDHXNQQP"",""registeredDevice"":""1"",""pocType"":""APOC"",""serialNumber"":""F4FDHXNQQP"",""partNumber"":""SYLW2ZX/A"",""partAlias"":""ACP"",""purchaseMode"":""C"",""productDescription"":""AirPods Pro 3""},""orderConfirmation"":{""agreementNumber"":""328430727245"",""coverageDurationStatement"":""Finaliza el 30/09/2028"",""termConditionURL"":""http://www.apple.com/legal/sales-support/"",""partNumber"":""SYLW2ZX/A"",""partAlias"":""ACP"",""partType"":""AppleCare+"",""purchaseMode"":""C"",""appleCareSalesDate"":""01/10/2026"",""pocType"":""APOC"",""purchaseOrderNumber"":""1601160""}},""transactionId"":""a6a7993d-ac45-481a-b5f6-6291e3866006-1790877006034""}"
True;5188845;2026-10-01 15:35:25.533000;2026-10-01 00:00:00;28901127;VERIFYORDER;SH3QJJQXTHD;MJY14BE/A;"{""orderDetailsResponses"":{""deviceEligibility"":{""secondaryDisplay"":""0"",""partDescription"":""AppleCare+ con robo y pérdida para iPhone 18 Pro Max"",""coverageDuration"":""2"",""productStatement"":""Tu AppleCare+ con robo y pérdida para iPhone 18 Pro Max amplía la cobertura de servicio y soporte técnico a 2 años desde la fecha de compra de AppleCare+ con robo y pérdida e incluye cobertura para una cantidad ilimitada de incidentes por daño accidental debido a la manipulación del producto o un máximo de dos incidentes de robo y pérdida cada 12 meses, cada uno de ellos sujeto a un cargo adicional de R$28000  por los daños de la pantalla o la carcasa externa o de R$144000  por robo o pérdida o de R$96000  por Otros daños accidentales. Lee todos los detalles en los Términos y condiciones de AppleCare+."",""deviceDateOfPurchase"":""01/10/2026"",""deviceId"":""SH3QJJQXTHD"",""registeredDevice"":""1"",""pocType"":""APOC"",""serialNumber"":""H3QJJQXTHD"",""partNumber"":""SHMP3ZX/A"",""partAlias"":""ACPTL"",""purchaseMode"":""C"",""productDescription"":""iPhone 18 Pro Max"",""tlDisclosure"":""La cobertura de robo y pérdida requiere que tengas la función Buscar habilitada en tu dispositivo antes de que se pierda o te lo roben. Durante el proceso de reclamación, te pediremos que uses la función Buscar para poner el dispositivo perdido o robado en modo Perdido, borrarlo y transferir la propiedad a Apple para que podamos asignarte un nuevo dispositivo. Para asegurarte de que puedas iniciar sesión en Buscar y acceder a esta función, es importante que recuerdes tu ID de Apple y contraseña, y que mantengas la información de tu cuenta actualizada. Si usas la autenticación de doble factor para el ID de Apple, te recomendamos que añadas un número de teléfono adicional de confianza a tu cuenta en el que puedas recibir el código de verificación de 6 dígitos que necesitas para iniciar sesión aunque no tengas tu iPhone. Para obtener más información, visita las páginas de Soporte técnico de Apple.""}},""transactionId"":""6a572350-96b2-4744-9763-e30369cbd20c-1790879724919""}"
True;5188845;2026-10-01 15:41:37.200000;2026-10-01 00:00:00;28901127;CREATEORDER;SH3QJJQXTHD;MJY14BE/A;"{""orderDetailsResponses"":{""deviceEligibility"":{""secondaryDisplay"":""0"",""partDescription"":""AppleCare+ con robo y pérdida para iPhone 18 Pro Max"",""coverageDuration"":""2"",""productStatement"":""Tu AppleCare+ con robo y pérdida para iPhone 18 Pro Max amplía la cobertura de servicio y soporte técnico a 2 años desde la fecha de compra de AppleCare+ con robo y pérdida e incluye cobertura para una cantidad ilimitada de incidentes por daño accidental debido a la manipulación del producto o un máximo de dos incidentes de robo y pérdida cada 12 meses, cada uno de ellos sujeto a un cargo adicional de R$28000  por los daños de la pantalla o la carcasa externa o de R$144000  por robo o pérdida o de R$96000  por Otros daños accidentales. Lee todos los detalles en los Términos y condiciones de AppleCare+."",""deviceDateOfPurchase"":""01/10/2026"",""deviceId"":""SH3QJJQXTHD"",""registeredDevice"":""1"",""pocType"":""APOC"",""serialNumber"":""H3QJJQXTHD"",""partNumber"":""SHMP3ZX/A"",""partAlias"":""ACPTL"",""purchaseMode"":""C"",""productDescription"":""iPhone 18 Pro Max"",""tlDisclosure"":""La cobertura de robo y pérdida requiere que tengas la función Buscar habilitada en tu dispositivo antes de que se pierda o te lo roben. Durante el proceso de reclamación, te pediremos que uses la función Buscar para poner el dispositivo perdido o robado en modo Perdido, borrarlo y transferir la propiedad a Apple para que podamos asignarte un nuevo dispositivo. Para asegurarte de que puedas iniciar sesión en Buscar y acceder a esta función, es importante que recuerdes tu ID de Apple y contraseña, y que mantengas la información de tu cuenta actualizada. Si usas la autenticación de doble factor para el ID de Apple, te recomendamos que añadas un número de teléfono adicional de confianza a tu cuenta en el que puedas recibir el código de verificación de 6 dígitos que necesitas para iniciar sesión aunque no tengas tu iPhone. Para obtener más información, visita las páginas de Soporte técnico de Apple.""},""orderConfirmation"":{""agreementNumber"":""328430743073"",""coverageDurationStatement"":""Finaliza el 30/09/2028"",""termConditionURL"":""http://www.apple.com/legal/sales-support/"",""partNumber"":""SHMP3ZX/A"",""partAlias"":""ACPTL"",""partType"":""AC+TL"",""purchaseMode"":""C"",""appleCareSalesDate"":""01/10/2026"",""pocType"":""APOC"",""purchaseOrderNumber"":""28901127""}},""transactionId"":""96eda648-6561-4aae-8ebb-aa0678494691-1790880092211""}"
True;5188846;2026-10-01 15:42:26.127000;2026-10-01 00:00:00;29001127;VERIFYORDER;SF02KQPN9NR;MJED4BE/A;"{""orderDetailsResponses"":{""deviceEligibility"":{""secondaryDisplay"":""0"",""partDescription"":""AppleCare+ para Apple Watch Series 12"",""coverageDuration"":""2"",""productStatement"":""AppleCare+ para Apple Watch Series 12 amplía la cobertura de servicio y soporte técnico a 2 años desde la fecha de compra de AppleCare+ e incluye cobertura para una cantidad ilimitada de incidentes por daño accidental debido a la manipulación del producto, cada uno de ellos sujeto a un cargo adicional de R$67000  por Otros daños accidentales. Lee todos los detalles en los Términos y condiciones de AppleCare+."",""deviceDateOfPurchase"":""01/10/2026"",""deviceId"":""SF02KQPN9NR"",""registeredDevice"":""1"",""pocType"":""APOC"",""serialNumber"":""F02KQPN9NR"",""partNumber"":""SH0G3ZX/A"",""partAlias"":""ACP"",""purchaseMode"":""C"",""productDescription"":""Watch Series 12 (GPS) Aluminum 42MM""}},""transactionId"":""7dec2de1-a717-4d87-904c-a353eec050cf-1790880145630""}"
True;5188846;2026-10-01 15:43:48.360000;2026-10-01 00:00:00;29001127;CREATEORDER;SF02KQPN9NR;MJED4BE/A;"{""orderDetailsResponses"":{""deviceEligibility"":{""secondaryDisplay"":""0"",""partDescription"":""AppleCare+ para Apple Watch Series 12"",""coverageDuration"":""2"",""productStatement"":""AppleCare+ para Apple Watch Series 12 amplía la cobertura de servicio y soporte técnico a 2 años desde la fecha de compra de AppleCare+ e incluye cobertura para una cantidad ilimitada de incidentes por daño accidental debido a la manipulación del producto, cada uno de ellos sujeto a un cargo adicional de R$67000  por Otros daños accidentales. Lee todos los detalles en los Términos y condiciones de AppleCare+."",""deviceDateOfPurchase"":""01/10/2026"",""deviceId"":""SF02KQPN9NR"",""registeredDevice"":""1"",""pocType"":""APOC"",""serialNumber"":""F02KQPN9NR"",""partNumber"":""SH0G3ZX/A"",""partAlias"":""ACP"",""purchaseMode"":""C"",""productDescription"":""Watch Series 12 (GPS) Aluminum 42MM""},""orderConfirmation"":{""agreementNumber"":""328430743108"",""coverageDurationStatement"":""Finaliza el 30/09/2028"",""termConditionURL"":""http://www.apple.com/legal/sales-support/"",""partNumber"":""SH0G3ZX/A"",""partAlias"":""ACP"",""partType"":""AppleCare+"",""purchaseMode"":""C"",""appleCareSalesDate"":""01/10/2026"",""pocType"":""APOC"",""purchaseOrderNumber"":""29001127""}},""transactionId"":""c1477676-5101-4bb1-ac23-96cf9979ec3a-1790880223538""}"
True;5135263;2026-10-01 15:49:03.767000;2026-10-01 00:00:00;61201104;VERIFYORDER;SLY75W4J2HF;MDWT4CI/A;"{""orderDetailsResponses"":{""deviceEligibility"":{""secondaryDisplay"":""1"",""partDescription"":""AppleCare+ para iPad Pro 11-inch (M5)"",""coverageDuration"":""2"",""productStatement"":""AppleCare+ para iPad Pro 11-inch (M5) amplía la cobertura de servicio y soporte técnico a 2 años desde la fecha de compra de AppleCare+ e incluye cobertura para una cantidad ilimitada de incidentes por daño accidental debido a la manipulación del producto, cada uno de ellos sujeto a un cargo adicional de R$28000  por Apple Pencil / Keyboard o de R$28000  por Daños que afectan solo a la pantalla o de R$96000  por Otros daños accidentales. Lee todos los detalles en los Términos y condiciones de AppleCare+."",""deviceDateOfPurchase"":""01/10/2026"",""deviceId"":""SLY75W4J2HF"",""registeredDevice"":""1"",""pocType"":""APOC"",""serialNumber"":""LY75W4J2HF"",""partNumber"":""SXT02ZX/A"",""partAlias"":""ACP"",""purchaseMode"":""C"",""productDescription"":""iPad Pro 11-inch (M5) Wi-Fi""}},""transactionId"":""d01b03d6-6000-4543-842a-464f672a5a63-1790880543257""}"
True;5179970;2026-10-01 15:50:29.597000;2026-10-01 00:00:00;801158;VERIFYORDER;SGM6LR7H7G4;MJRQ4BE/A;"{""orderDetailsResponses"":{""deviceEligibility"":{""secondaryDisplay"":""0"",""partDescription"":""AppleCare+ con robo y pérdida para iPhone 18 Pro"",""coverageDuration"":""2"",""productStatement"":""Tu AppleCare+ con robo y pérdida para iPhone 18 Pro amplía la cobertura de servicio y soporte técnico a 2 años desde la fecha de compra de AppleCare+ con robo y pérdida e incluye cobertura para una cantidad ilimitada de incidentes por daño accidental debido a la manipulación del producto o un máximo de dos incidentes de robo y pérdida cada 12 meses, cada uno de ellos sujeto a un cargo adicional de R$28000  por los daños de la pantalla o la carcasa externa o de R$144000  por robo o pérdida o de R$96000  por Otros daños accidentales. Lee todos los detalles en los Términos y condiciones de AppleCare+."",""deviceDateOfPurchase"":""01/10/2026"",""deviceId"":""SGM6LR7H7G4"",""registeredDevice"":""1"",""pocType"":""APOC"",""serialNumber"":""GM6LR7H7G4"",""partNumber"":""SHMD3ZX/A"",""partAlias"":""ACPTL"",""purchaseMode"":""C"",""productDescription"":""iPhone 18 Pro"",""tlDisclosure"":""La cobertura de robo y pérdida requiere que tengas la función Buscar habilitada en tu dispositivo antes de que se pierda o te lo roben. Durante el proceso de reclamación, te pediremos que uses la función Buscar para poner el dispositivo perdido o robado en modo Perdido, borrarlo y transferir la propiedad a Apple para que podamos asignarte un nuevo dispositivo. Para asegurarte de que puedas iniciar sesión en Buscar y acceder a esta función, es importante que recuerdes tu ID de Apple y contraseña, y que mantengas la información de tu cuenta actualizada. Si usas la autenticación de doble factor para el ID de Apple, te recomendamos que añadas un número de teléfono adicional de confianza a tu cuenta en el que puedas recibir el código de verificación de 6 dígitos que necesitas para iniciar sesión aunque no tengas tu iPhone. Para obtener más información, visita las páginas de Soporte técnico de Apple.""}},""transactionId"":""d5220b7e-aa25-41b7-b26a-8885898cac09-1790880629101""}"
True;5135263;2026-10-01 15:51:08.137000;2026-10-01 00:00:00;61201104;CREATEORDER;SLY75W4J2HF;MDWT4CI/A;"{""orderDetailsResponses"":{""deviceEligibility"":{""secondaryDisplay"":""1"",""partDescription"":""AppleCare+ para iPad Pro 11-inch (M5)"",""coverageDuration"":""2"",""productStatement"":""AppleCare+ para iPad Pro 11-inch (M5) amplía la cobertura de servicio y soporte técnico a 2 años desde la fecha de compra de AppleCare+ e incluye cobertura para una cantidad ilimitada de incidentes por daño accidental debido a la manipulación del producto, cada uno de ellos sujeto a un cargo adicional de R$28000  por Apple Pencil / Keyboard o de R$28000  por Daños que afectan solo a la pantalla o de R$96000  por Otros daños accidentales. Lee todos los detalles en los Términos y condiciones de AppleCare+."",""deviceDateOfPurchase"":""01/10/2026"",""deviceId"":""SLY75W4J2HF"",""registeredDevice"":""1"",""pocType"":""APOC"",""serialNumber"":""LY75W4J2HF"",""partNumber"":""SXT02ZX/A"",""partAlias"":""ACP"",""purchaseMode"":""C"",""productDescription"":""iPad Pro 11-inch (M5) Wi-Fi""},""orderConfirmation"":{""agreementNumber"":""328430744154"",""coverageDurationStatement"":""Finaliza el 30/09/2028"",""termConditionURL"":""http://www.apple.com/legal/sales-support/"",""partNumber"":""SXT02ZX/A"",""partAlias"":""ACP"",""partType"":""AppleCare+"",""purchaseMode"":""C"",""appleCareSalesDate"":""01/10/2026"",""pocType"":""APOC"",""purchaseOrderNumber"":""61201104""}},""transactionId"":""9b4a7351-9a99-4eac-95b9-74e9f9509f1c-1790880663442""}"
True;1339925;2026-10-01 16:08:57.627000;2026-10-01 00:00:00;42901077;VERIFYORDER;sdrxwd4lhjd;MJY04BE/A;"{""orderDetailsResponses"":{""deviceEligibility"":{""secondaryDisplay"":""0"",""partDescription"":""AppleCare+ con robo y pérdida para iPhone 18 Pro Max"",""coverageDuration"":""2"",""productStatement"":""Tu AppleCare+ con robo y pérdida para iPhone 18 Pro Max amplía la cobertura de servicio y soporte técnico a 2 años desde la fecha de compra de AppleCare+ con robo y pérdida e incluye cobertura para una cantidad ilimitada de incidentes por daño accidental debido a la manipulación del producto o un máximo de dos incidentes de robo y pérdida cada 12 meses, cada uno de ellos sujeto a un cargo adicional de R$28000  por los daños de la pantalla o la carcasa externa o de R$144000  por robo o pérdida o de R$96000  por Otros daños accidentales. Lee todos los detalles en los Términos y condiciones de AppleCare+."",""deviceDateOfPurchase"":""01/10/2026"",""deviceId"":""SDRXWD4LHJD"",""registeredDevice"":""1"",""pocType"":""APOC"",""serialNumber"":""DRXWD4LHJD"",""partNumber"":""SHMP3ZX/A"",""partAlias"":""ACPTL"",""purchaseMode"":""C"",""productDescription"":""iPhone 18 Pro Max"",""tlDisclosure"":""La cobertura de robo y pérdida requiere que tengas la función Buscar habilitada en tu dispositivo antes de que se pierda o te lo roben. Durante el proceso de reclamación, te pediremos que uses la función Buscar para poner el dispositivo perdido o robado en modo Perdido, borrarlo y transferir la propiedad a Apple para que podamos asignarte un nuevo dispositivo. Para asegurarte de que puedas iniciar sesión en Buscar y acceder a esta función, es importante que recuerdes tu ID de Apple y contraseña, y que mantengas la información de tu cuenta actualizada. Si usas la autenticación de doble factor para el ID de Apple, te recomendamos que añadas un número de teléfono adicional de confianza a tu cuenta en el que puedas recibir el código de verificación de 6 dígitos que necesitas para iniciar sesión aunque no tengas tu iPhone. Para obtener más información, visita las páginas de Soporte técnico de Apple.""}},""transactionId"":""0f7dc607-9dd8-4cab-81ad-d743f5249d0e-1790881736854""}"
True;5179970;2026-10-01 16:09:36.897000;2026-10-01 00:00:00;801158;CREATEORDER;SGM6LR7H7G4;MJRQ4BE/A;"{""orderDetailsResponses"":{""deviceEligibility"":{""secondaryDisplay"":""0"",""partDescription"":""AppleCare+ con robo y pérdida para iPhone 18 Pro"",""coverageDuration"":""2"",""productStatement"":""Tu AppleCare+ con robo y pérdida para iPhone 18 Pro amplía la cobertura de servicio y soporte técnico a 2 años desde la fecha de compra de AppleCare+ con robo y pérdida e incluye cobertura para una cantidad ilimitada de incidentes por daño accidental debido a la manipulación del producto o un máximo de dos incidentes de robo y pérdida cada 12 meses, cada uno de ellos sujeto a un cargo adicional de R$28000  por los daños de la pantalla o la carcasa externa o de R$144000  por robo o pérdida o de R$96000  por Otros daños accidentales. Lee todos los detalles en los Términos y condiciones de AppleCare+."",""deviceDateOfPurchase"":""01/10/2026"",""deviceId"":""SGM6LR7H7G4"",""registeredDevice"":""1"",""pocType"":""APOC"",""serialNumber"":""GM6LR7H7G4"",""partNumber"":""SHMD3ZX/A"",""partAlias"":""ACPTL"",""purchaseMode"":""C"",""productDescription"":""iPhone 18 Pro"",""tlDisclosure"":""La cobertura de robo y pérdida requiere que tengas la función Buscar habilitada en tu dispositivo antes de que se pierda o te lo roben. Durante el proceso de reclamación, te pediremos que uses la función Buscar para poner el dispositivo perdido o robado en modo Perdido, borrarlo y transferir la propiedad a Apple para que podamos asignarte un nuevo dispositivo. Para asegurarte de que puedas iniciar sesión en Buscar y acceder a esta función, es importante que recuerdes tu ID de Apple y contraseña, y que mantengas la información de tu cuenta actualizada. Si usas la autenticación de doble factor para el ID de Apple, te recomendamos que añadas un número de teléfono adicional de confianza a tu cuenta en el que puedas recibir el código de verificación de 6 dígitos que necesitas para iniciar sesión aunque no tengas tu iPhone. Para obtener más información, visita las páginas de Soporte técnico de Apple.""},""orderConfirmation"":{""agreementNumber"":""328430745150"",""coverageDurationStatement"":""Finaliza el 30/09/2028"",""termConditionURL"":""http://www.apple.com/legal/sales-support/"",""partNumber"":""SHMD3ZX/A"",""partAlias"":""ACPTL"",""partType"":""AC+TL"",""purchaseMode"":""C"",""appleCareSalesDate"":""01/10/2026"",""pocType"":""APOC"",""purchaseOrderNumber"":""801158""}},""transactionId"":""67a585bf-aa81-43eb-a3d2-f226619b1ff3-1790881772207""}"
True;1339925;2026-10-01 16:15:14.867000;2026-10-01 00:00:00;42901077;CREATEORDER;sdrxwd4lhjd;MJY04BE/A;"{""orderDetailsResponses"":{""deviceEligibility"":{""secondaryDisplay"":""0"",""partDescription"":""AppleCare+ con robo y pérdida para iPhone 18 Pro Max"",""coverageDuration"":""2"",""productStatement"":""Tu AppleCare+ con robo y pérdida para iPhone 18 Pro Max amplía la cobertura de servicio y soporte técnico a 2 años desde la fecha de compra de AppleCare+ con robo y pérdida e incluye cobertura para una cantidad ilimitada de incidentes por daño accidental debido a la manipulación del producto o un máximo de dos incidentes de robo y pérdida cada 12 meses, cada uno de ellos sujeto a un cargo adicional de R$28000  por los daños de la pantalla o la carcasa externa o de R$144000  por robo o pérdida o de R$96000  por Otros daños accidentales. Lee todos los detalles en los Términos y condiciones de AppleCare+."",""deviceDateOfPurchase"":""01/10/2026"",""deviceId"":""SDRXWD4LHJD"",""registeredDevice"":""1"",""pocType"":""APOC"",""serialNumber"":""DRXWD4LHJD"",""partNumber"":""SHMP3ZX/A"",""partAlias"":""ACPTL"",""purchaseMode"":""C"",""productDescription"":""iPhone 18 Pro Max"",""tlDisclosure"":""La cobertura de robo y pérdida requiere que tengas la función Buscar habilitada en tu dispositivo antes de que se pierda o te lo roben. Durante el proceso de reclamación, te pediremos que uses la función Buscar para poner el dispositivo perdido o robado en modo Perdido, borrarlo y transferir la propiedad a Apple para que podamos asignarte un nuevo dispositivo. Para asegurarte de que puedas iniciar sesión en Buscar y acceder a esta función, es importante que recuerdes tu ID de Apple y contraseña, y que mantengas la información de tu cuenta actualizada. Si usas la autenticación de doble factor para el ID de Apple, te recomendamos que añadas un número de teléfono adicional de confianza a tu cuenta en el que puedas recibir el código de verificación de 6 dígitos que necesitas para iniciar sesión aunque no tengas tu iPhone. Para obtener más información, visita las páginas de Soporte técnico de Apple.""},""orderConfirmation"":{""agreementNumber"":""328430740379"",""coverageDurationStatement"":""Finaliza el 30/09/2028"",""termConditionURL"":""http://www.apple.com/legal/sales-support/"",""partNumber"":""SHMP3ZX/A"",""partAlias"":""ACPTL"",""partType"":""AC+TL"",""purchaseMode"":""C"",""appleCareSalesDate"":""01/10/2026"",""pocType"":""APOC"",""purchaseOrderNumber"":""42901077""}},""transactionId"":""c379e43a-ea82-4301-909c-922a97e4497e-1790882109673""}"
True;5135265;2026-10-01 16:23:49.277000;2026-10-01 00:00:00;61301104;VERIFYORDER;SD142T9K6QH;MHFJ4CI/A;"{""orderDetailsResponses"":{""deviceEligibility"":{""secondaryDisplay"":""0"",""partDescription"":""AppleCare+ para 13-inch MacBook Neo (A18PRO)"",""coverageDuration"":""3"",""productStatement"":""AppleCare+ para 13-inch MacBook Neo (A18PRO) amplía la cobertura de servicio y soporte técnico a 3 años desde la fecha de compra de AppleCare+ e incluye cobertura para una cantidad ilimitada de incidentes por daño accidental debido a la manipulación del producto, cada uno de ellos sujeto a un cargo adicional de R$51990  por daños en la pantalla o la carcasa externa o de R$156990  por Otros daños accidentales. Lee todos los detalles en los Términos y condiciones de AppleCare+."",""deviceDateOfPurchase"":""01/10/2026"",""deviceId"":""SD142T9K6QH"",""registeredDevice"":""1"",""pocType"":""APOC"",""serialNumber"":""D142T9K6QH"",""partNumber"":""SD0T3ZX/A"",""partAlias"":""ACP"",""purchaseMode"":""C"",""productDescription"":""MacBook Neo""}},""transactionId"":""4d05eb02-71f7-45d4-beee-55e16fa6a67a-1790882628762""}"
True;5135265;2026-10-01 16:28:00.757000;2026-10-01 00:00:00;61301104;CREATEORDER;SD142T9K6QH;MHFJ4CI/A;"{""orderDetailsResponses"":{""deviceEligibility"":{""secondaryDisplay"":""0"",""partDescription"":""AppleCare+ para 13-inch MacBook Neo (A18PRO)"",""coverageDuration"":""3"",""productStatement"":""AppleCare+ para 13-inch MacBook Neo (A18PRO) amplía la cobertura de servicio y soporte técnico a 3 años desde la fecha de compra de AppleCare+ e incluye cobertura para una cantidad ilimitada de incidentes por daño accidental debido a la manipulación del producto, cada uno de ellos sujeto a un cargo adicional de R$51990  por daños en la pantalla o la carcasa externa o de R$156990  por Otros daños accidentales. Lee todos los detalles en los Términos y condiciones de AppleCare+."",""deviceDateOfPurchase"":""01/10/2026"",""deviceId"":""SD142T9K6QH"",""registeredDevice"":""1"",""pocType"":""APOC"",""serialNumber"":""D142T9K6QH"",""partNumber"":""SD0T3ZX/A"",""partAlias"":""ACP"",""purchaseMode"":""C"",""productDescription"":""MacBook Neo""},""orderConfirmation"":{""agreementNumber"":""328430749100"",""coverageDurationStatement"":""Finaliza el 30/09/2029"",""termConditionURL"":""http://www.apple.com/legal/sales-support/"",""partNumber"":""SD0T3ZX/A"",""partAlias"":""ACP"",""partType"":""AppleCare+"",""purchaseMode"":""C"",""appleCareSalesDate"":""01/10/2026"",""pocType"":""APOC"",""purchaseOrderNumber"":""61301104""}},""transactionId"":""0bae50df-5d1e-462c-b072-9a3ad4e88be3-1790882876038""}"
True;1334794;2026-10-01 16:33:03.490000;2026-10-01 00:00:00;901159;VERIFYORDER;SK6KVY7C224;MHFA4CI/A;"{""orderDetailsResponses"":{""deviceEligibility"":{""secondaryDisplay"":""0"",""partDescription"":""AppleCare+ para 13-inch MacBook Neo (A18PRO)"",""coverageDuration"":""3"",""productStatement"":""AppleCare+ para 13-inch MacBook Neo (A18PRO) amplía la cobertura de servicio y soporte técnico a 3 años desde la fecha de compra de AppleCare+ e incluye cobertura para una cantidad ilimitada de incidentes por daño accidental debido a la manipulación del producto, cada uno de ellos sujeto a un cargo adicional de R$51990  por daños en la pantalla o la carcasa externa o de R$156990  por Otros daños accidentales. Lee todos los detalles en los Términos y condiciones de AppleCare+."",""deviceDateOfPurchase"":""01/10/2026"",""deviceId"":""SK6KVY7C224"",""registeredDevice"":""1"",""pocType"":""APOC"",""serialNumber"":""K6KVY7C224"",""partNumber"":""SD0T3ZX/A"",""partAlias"":""ACP"",""purchaseMode"":""C"",""productDescription"":""MacBook Neo""}},""transactionId"":""0fd4389f-2c6b-4c84-867b-04a63a16c778-1790883182920""}"
True;1334794;2026-10-01 16:35:46.410000;2026-10-01 00:00:00;901159;CREATEORDER;SK6KVY7C224;MHFA4CI/A;"{""orderDetailsResponses"":{""deviceEligibility"":{""secondaryDisplay"":""0"",""partDescription"":""AppleCare+ para 13-inch MacBook Neo (A18PRO)"",""coverageDuration"":""3"",""productStatement"":""AppleCare+ para 13-inch MacBook Neo (A18PRO) amplía la cobertura de servicio y soporte técnico a 3 años desde la fecha de compra de AppleCare+ e incluye cobertura para una cantidad ilimitada de incidentes por daño accidental debido a la manipulación del producto, cada uno de ellos sujeto a un cargo adicional de R$51990  por daños en la pantalla o la carcasa externa o de R$156990  por Otros daños accidentales. Lee todos los detalles en los Términos y condiciones de AppleCare+."",""deviceDateOfPurchase"":""01/10/2026"",""deviceId"":""SK6KVY7C224"",""registeredDevice"":""1"",""pocType"":""APOC"",""serialNumber"":""K6KVY7C224"",""partNumber"":""SD0T3ZX/A"",""partAlias"":""ACP"",""purchaseMode"":""C"",""productDescription"":""MacBook Neo""},""orderConfirmation"":{""agreementNumber"":""328430743251"",""coverageDurationStatement"":""Finaliza el 30/09/2029"",""termConditionURL"":""http://www.apple.com/legal/sales-support/"",""partNumber"":""SD0T3ZX/A"",""partAlias"":""ACP"",""partType"":""AppleCare+"",""purchaseMode"":""C"",""appleCareSalesDate"":""01/10/2026"",""pocType"":""APOC"",""purchaseOrderNumber"":""901159""}},""transactionId"":""7b1ec269-2086-48b9-b058-e46820c0bf91-1790883341538""}"
True;5217230;2026-10-01 16:35:47.397000;2026-10-01 00:00:00;3401134;VERIFYORDER;SLF4M2GD73D;MJRT4BE/A;"{""orderDetailsResponses"":{""deviceEligibility"":{""secondaryDisplay"":""0"",""partDescription"":""AppleCare+ con robo y pérdida para iPhone 18 Pro"",""coverageDuration"":""2"",""productStatement"":""Tu AppleCare+ con robo y pérdida para iPhone 18 Pro amplía la cobertura de servicio y soporte técnico a 2 años desde la fecha de compra de AppleCare+ con robo y pérdida e incluye cobertura para una cantidad ilimitada de incidentes por daño accidental debido a la manipulación del producto o un máximo de dos incidentes de robo y pérdida cada 12 meses, cada uno de ellos sujeto a un cargo adicional de R$28000  por los daños de la pantalla o la carcasa externa o de R$144000  por robo o pérdida o de R$96000  por Otros daños accidentales. Lee todos los detalles en los Términos y condiciones de AppleCare+."",""deviceDateOfPurchase"":""01/10/2026"",""deviceId"":""SLF4M2GD73D"",""registeredDevice"":""1"",""pocType"":""APOC"",""serialNumber"":""LF4M2GD73D"",""partNumber"":""SHMD3ZX/A"",""partAlias"":""ACPTL"",""purchaseMode"":""C"",""productDescription"":""iPhone 18 Pro"",""tlDisclosure"":""La cobertura de robo y pérdida requiere que tengas la función Buscar habilitada en tu dispositivo antes de que se pierda o te lo roben. Durante el proceso de reclamación, te pediremos que uses la función Buscar para poner el dispositivo perdido o robado en modo Perdido, borrarlo y transferir la propiedad a Apple para que podamos asignarte un nuevo dispositivo. Para asegurarte de que puedas iniciar sesión en Buscar y acceder a esta función, es importante que recuerdes tu ID de Apple y contraseña, y que mantengas la información de tu cuenta actualizada. Si usas la autenticación de doble factor para el ID de Apple, te recomendamos que añadas un número de teléfono adicional de confianza a tu cuenta en el que puedas recibir el código de verificación de 6 dígitos que necesitas para iniciar sesión aunque no tengas tu iPhone. Para obtener más información, visita las páginas de Soporte técnico de Apple.""}},""transactionId"":""de0f3ceb-1120-44bd-97aa-815ab6ea7ca7-1790883346858""}"
True;1341381;2026-10-01 16:36:09.293000;2026-10-01 00:00:00;10901137;VERIFYORDER;SGVW2G7HLQ6;MJRP4BE/A;"{""orderDetailsResponses"":{""deviceEligibility"":{""secondaryDisplay"":""0"",""partDescription"":""AppleCare+ con robo y pérdida para iPhone 18 Pro"",""coverageDuration"":""2"",""productStatement"":""Tu AppleCare+ con robo y pérdida para iPhone 18 Pro amplía la cobertura de servicio y soporte técnico a 2 años desde la fecha de compra de AppleCare+ con robo y pérdida e incluye cobertura para una cantidad ilimitada de incidentes por daño accidental debido a la manipulación del producto o un máximo de dos incidentes de robo y pérdida cada 12 meses, cada uno de ellos sujeto a un cargo adicional de R$28000  por los daños de la pantalla o la carcasa externa o de R$144000  por robo o pérdida o de R$96000  por Otros daños accidentales. Lee todos los detalles en los Términos y condiciones de AppleCare+."",""deviceDateOfPurchase"":""28/09/2026"",""deviceId"":""SGVW2G7HLQ6"",""registeredDevice"":""0"",""pocType"":""APOC"",""serialNumber"":""GVW2G7HLQ6"",""partNumber"":""SHMD3ZX/A"",""partAlias"":""ACPTL"",""purchaseMode"":""I"",""productDescription"":""iPhone 18 Pro"",""tlDisclosure"":""La cobertura de robo y pérdida requiere que tengas la función Buscar habilitada en tu dispositivo antes de que se pierda o te lo roben. Durante el proceso de reclamación, te pediremos que uses la función Buscar para poner el dispositivo perdido o robado en modo Perdido, borrarlo y transferir la propiedad a Apple para que podamos asignarte un nuevo dispositivo. Para asegurarte de que puedas iniciar sesión en Buscar y acceder a esta función, es importante que recuerdes tu ID de Apple y contraseña, y que mantengas la información de tu cuenta actualizada. Si usas la autenticación de doble factor para el ID de Apple, te recomendamos que añadas un número de teléfono adicional de confianza a tu cuenta en el que puedas recibir el código de verificación de 6 dígitos que necesitas para iniciar sesión aunque no tengas tu iPhone. Para obtener más información, visita las páginas de Soporte técnico de Apple.""}},""transactionId"":""7f01ed68-e8af-4246-a703-72250dd0b345-1790883368703""}"
True;1341381;2026-10-01 16:37:26.007000;2026-10-01 00:00:00;10901137;CREATEORDER;SGVW2G7HLQ6;MJRP4BE/A;"{""orderDetailsResponses"":{""deviceEligibility"":{""secondaryDisplay"":""0"",""partDescription"":""AppleCare+ con robo y pérdida para iPhone 18 Pro"",""coverageDuration"":""2"",""productStatement"":""Tu AppleCare+ con robo y pérdida para iPhone 18 Pro amplía la cobertura de servicio y soporte técnico a 2 años desde la fecha de compra de AppleCare+ con robo y pérdida e incluye cobertura para una cantidad ilimitada de incidentes por daño accidental debido a la manipulación del producto o un máximo de dos incidentes de robo y pérdida cada 12 meses, cada uno de ellos sujeto a un cargo adicional de R$28000  por los daños de la pantalla o la carcasa externa o de R$144000  por robo o pérdida o de R$96000  por Otros daños accidentales. Lee todos los detalles en los Términos y condiciones de AppleCare+."",""deviceDateOfPurchase"":""28/09/2026"",""deviceId"":""SGVW2G7HLQ6"",""registeredDevice"":""0"",""pocType"":""APOC"",""serialNumber"":""GVW2G7HLQ6"",""partNumber"":""SHMD3ZX/A"",""partAlias"":""ACPTL"",""purchaseMode"":""I"",""productDescription"":""iPhone 18 Pro"",""tlDisclosure"":""La cobertura de robo y pérdida requiere que tengas la función Buscar habilitada en tu dispositivo antes de que se pierda o te lo roben. Durante el proceso de reclamación, te pediremos que uses la función Buscar para poner el dispositivo perdido o robado en modo Perdido, borrarlo y transferir la propiedad a Apple para que podamos asignarte un nuevo dispositivo. Para asegurarte de que puedas iniciar sesión en Buscar y acceder a esta función, es importante que recuerdes tu ID de Apple y contraseña, y que mantengas la información de tu cuenta actualizada. Si usas la autenticación de doble factor para el ID de Apple, te recomendamos que añadas un número de teléfono adicional de confianza a tu cuenta en el que puedas recibir el código de verificación de 6 dígitos que necesitas para iniciar sesión aunque no tengas tu iPhone. Para obtener más información, visita las páginas de Soporte técnico de Apple.""},""orderConfirmation"":{""agreementNumber"":""328430746171"",""coverageDurationStatement"":""Finaliza el 30/09/2028"",""termConditionURL"":""http://www.apple.com/legal/sales-support/"",""partNumber"":""SHMD3ZX/A"",""partAlias"":""ACPTL"",""partType"":""AC+TL"",""purchaseMode"":""I"",""appleCareSalesDate"":""01/10/2026"",""pocType"":""APOC"",""purchaseOrderNumber"":""10901137""}},""transactionId"":""d1d2eeae-9266-4f1d-ad00-a804ad9e2eaa-1790883440919""}"
True;5217230;2026-10-01 16:39:57.993000;2026-10-01 00:00:00;3401134;CREATEORDER;SLF4M2GD73D;MJRT4BE/A;"{""orderDetailsResponses"":{""deviceEligibility"":{""secondaryDisplay"":""0"",""partDescription"":""AppleCare+ con robo y pérdida para iPhone 18 Pro"",""coverageDuration"":""2"",""productStatement"":""Tu AppleCare+ con robo y pérdida para iPhone 18 Pro amplía la cobertura de servicio y soporte técnico a 2 años desde la fecha de compra de AppleCare+ con robo y pérdida e incluye cobertura para una cantidad ilimitada de incidentes por daño accidental debido a la manipulación del producto o un máximo de dos incidentes de robo y pérdida cada 12 meses, cada uno de ellos sujeto a un cargo adicional de R$28000  por los daños de la pantalla o la carcasa externa o de R$144000  por robo o pérdida o de R$96000  por Otros daños accidentales. Lee todos los detalles en los Términos y condiciones de AppleCare+."",""deviceDateOfPurchase"":""01/10/2026"",""deviceId"":""SLF4M2GD73D"",""registeredDevice"":""1"",""pocType"":""APOC"",""serialNumber"":""LF4M2GD73D"",""partNumber"":""SHMD3ZX/A"",""partAlias"":""ACPTL"",""purchaseMode"":""C"",""productDescription"":""iPhone 18 Pro"",""tlDisclosure"":""La cobertura de robo y pérdida requiere que tengas la función Buscar habilitada en tu dispositivo antes de que se pierda o te lo roben. Durante el proceso de reclamación, te pediremos que uses la función Buscar para poner el dispositivo perdido o robado en modo Perdido, borrarlo y transferir la propiedad a Apple para que podamos asignarte un nuevo dispositivo. Para asegurarte de que puedas iniciar sesión en Buscar y acceder a esta función, es importante que recuerdes tu ID de Apple y contraseña, y que mantengas la información de tu cuenta actualizada. Si usas la autenticación de doble factor para el ID de Apple, te recomendamos que añadas un número de teléfono adicional de confianza a tu cuenta en el que puedas recibir el código de verificación de 6 dígitos que necesitas para iniciar sesión aunque no tengas tu iPhone. Para obtener más información, visita las páginas de Soporte técnico de Apple.""},""orderConfirmation"":{""agreementNumber"":""328430743272"",""coverageDurationStatement"":""Finaliza el 30/09/2028"",""termConditionURL"":""http://www.apple.com/legal/sales-support/"",""partNumber"":""SHMD3ZX/A"",""partAlias"":""ACPTL"",""partType"":""AC+TL"",""purchaseMode"":""C"",""appleCareSalesDate"":""01/10/2026"",""pocType"":""APOC"",""purchaseOrderNumber"":""3401134""}},""transactionId"":""e948076b-d14e-47ac-853a-ace4425bb62f-1790883593114""}"
True;5168271;2026-10-01 16:47:49.747000;2026-10-01 00:00:00;5301174;VERIFYORDER;SHG206X9KGJ;MJEL4BE/A;"{""orderDetailsResponses"":{""deviceEligibility"":{""secondaryDisplay"":""0"",""partDescription"":""AppleCare+ para Apple Watch Series 12"",""coverageDuration"":""2"",""productStatement"":""AppleCare+ para Apple Watch Series 12 amplía la cobertura de servicio y soporte técnico a 2 años desde la fecha de compra de AppleCare+ e incluye cobertura para una cantidad ilimitada de incidentes por daño accidental debido a la manipulación del producto, cada uno de ellos sujeto a un cargo adicional de R$67000  por Otros daños accidentales. Lee todos los detalles en los Términos y condiciones de AppleCare+."",""deviceDateOfPurchase"":""01/10/2026"",""deviceId"":""SHG206X9KGJ"",""registeredDevice"":""1"",""pocType"":""APOC"",""serialNumber"":""HG206X9KGJ"",""partNumber"":""SH0G3ZX/A"",""partAlias"":""ACP"",""purchaseMode"":""C"",""productDescription"":""Watch Series 12 (GPS) Aluminum 46MM""}},""transactionId"":""2438f87c-10d0-48f6-aaf9-ac50e28f4355-1790884069230""}"
True;5168271;2026-10-01 16:50:26.860000;2026-10-01 00:00:00;5301174;CREATEORDER;SHG206X9KGJ;MJEL4BE/A;"{""orderDetailsResponses"":{""deviceEligibility"":{""secondaryDisplay"":""0"",""partDescription"":""AppleCare+ para Apple Watch Series 12"",""coverageDuration"":""2"",""productStatement"":""AppleCare+ para Apple Watch Series 12 amplía la cobertura de servicio y soporte técnico a 2 años desde la fecha de compra de AppleCare+ e incluye cobertura para una cantidad ilimitada de incidentes por daño accidental debido a la manipulación del producto, cada uno de ellos sujeto a un cargo adicional de R$67000  por Otros daños accidentales. Lee todos los detalles en los Términos y condiciones de AppleCare+."",""deviceDateOfPurchase"":""01/10/2026"",""deviceId"":""SHG206X9KGJ"",""registeredDevice"":""1"",""pocType"":""APOC"",""serialNumber"":""HG206X9KGJ"",""partNumber"":""SH0G3ZX/A"",""partAlias"":""ACP"",""purchaseMode"":""C"",""productDescription"":""Watch Series 12 (GPS) Aluminum 46MM""},""orderConfirmation"":{""agreementNumber"":""328430746209"",""coverageDurationStatement"":""Finaliza el 30/09/2028"",""termConditionURL"":""http://www.apple.com/legal/sales-support/"",""partNumber"":""SH0G3ZX/A"",""partAlias"":""ACP"",""partType"":""AppleCare+"",""purchaseMode"":""C"",""appleCareSalesDate"":""01/10/2026"",""pocType"":""APOC"",""purchaseOrderNumber"":""5301174""}},""transactionId"":""58254931-8404-4499-a6b1-b371a18231be-1790884221983""}"
True;5168272;2026-10-01 17:05:41.360000;2026-10-01 00:00:00;5501174;VERIFYORDER;SD7X47G90J1;MJXN4BE/A;"{""orderDetailsResponses"":{""deviceEligibility"":{""secondaryDisplay"":""0"",""partDescription"":""AppleCare+ con robo y pérdida para iPhone 18 Pro Max"",""coverageDuration"":""2"",""productStatement"":""Tu AppleCare+ con robo y pérdida para iPhone 18 Pro Max amplía la cobertura de servicio y soporte técnico a 2 años desde la fecha de compra de AppleCare+ con robo y pérdida e incluye cobertura para una cantidad ilimitada de incidentes por daño accidental debido a la manipulación del producto o un máximo de dos incidentes de robo y pérdida cada 12 meses, cada uno de ellos sujeto a un cargo adicional de R$28000  por los daños de la pantalla o la carcasa externa o de R$144000  por robo o pérdida o de R$96000  por Otros daños accidentales. Lee todos los detalles en los Términos y condiciones de AppleCare+."",""deviceDateOfPurchase"":""22/09/2026"",""deviceId"":""SD7X47G90J1"",""registeredDevice"":""0"",""pocType"":""APOC"",""serialNumber"":""D7X47G90J1"",""partNumber"":""SHMP3ZX/A"",""partAlias"":""ACPTL"",""purchaseMode"":""I"",""productDescription"":""iPhone 18 Pro Max"",""tlDisclosure"":""La cobertura de robo y pérdida requiere que tengas la función Buscar habilitada en tu dispositivo antes de que se pierda o te lo roben. Durante el proceso de reclamación, te pediremos que uses la función Buscar para poner el dispositivo perdido o robado en modo Perdido, borrarlo y transferir la propiedad a Apple para que podamos asignarte un nuevo dispositivo. Para asegurarte de que puedas iniciar sesión en Buscar y acceder a esta función, es importante que recuerdes tu ID de Apple y contraseña, y que mantengas la información de tu cuenta actualizada. Si usas la autenticación de doble factor para el ID de Apple, te recomendamos que añadas un número de teléfono adicional de confianza a tu cuenta en el que puedas recibir el código de verificación de 6 dígitos que necesitas para iniciar sesión aunque no tengas tu iPhone. Para obtener más información, visita las páginas de Soporte técnico de Apple.""}},""transactionId"":""b8c915bb-9856-471d-936d-aec0e750fdd2-1790885140792""}"
True;5168272;2026-10-01 17:08:43.907000;2026-10-01 00:00:00;5501174;CREATEORDER;SD7X47G90J1;MJXN4BE/A;"{""orderDetailsResponses"":{""deviceEligibility"":{""secondaryDisplay"":""0"",""partDescription"":""AppleCare+ con robo y pérdida para iPhone 18 Pro Max"",""coverageDuration"":""2"",""productStatement"":""Tu AppleCare+ con robo y pérdida para iPhone 18 Pro Max amplía la cobertura de servicio y soporte técnico a 2 años desde la fecha de compra de AppleCare+ con robo y pérdida e incluye cobertura para una cantidad ilimitada de incidentes por daño accidental debido a la manipulación del producto o un máximo de dos incidentes de robo y pérdida cada 12 meses, cada uno de ellos sujeto a un cargo adicional de R$28000  por los daños de la pantalla o la carcasa externa o de R$144000  por robo o pérdida o de R$96000  por Otros daños accidentales. Lee todos los detalles en los Términos y condiciones de AppleCare+."",""deviceDateOfPurchase"":""22/09/2026"",""deviceId"":""SD7X47G90J1"",""registeredDevice"":""0"",""pocType"":""APOC"",""serialNumber"":""D7X47G90J1"",""partNumber"":""SHMP3ZX/A"",""partAlias"":""ACPTL"",""purchaseMode"":""I"",""productDescription"":""iPhone 18 Pro Max"",""tlDisclosure"":""La cobertura de robo y pérdida requiere que tengas la función Buscar habilitada en tu dispositivo antes de que se pierda o te lo roben. Durante el proceso de reclamación, te pediremos que uses la función Buscar para poner el dispositivo perdido o robado en modo Perdido, borrarlo y transferir la propiedad a Apple para que podamos asignarte un nuevo dispositivo. Para asegurarte de que puedas iniciar sesión en Buscar y acceder a esta función, es importante que recuerdes tu ID de Apple y contraseña, y que mantengas la información de tu cuenta actualizada. Si usas la autenticación de doble factor para el ID de Apple, te recomendamos que añadas un número de teléfono adicional de confianza a tu cuenta en el que puedas recibir el código de verificación de 6 dígitos que necesitas para iniciar sesión aunque no tengas tu iPhone. Para obtener más información, visita las páginas de Soporte técnico de Apple.""},""orderConfirmation"":{""agreementNumber"":""328430744330"",""coverageDurationStatement"":""Finaliza el 30/09/2028"",""termConditionURL"":""http://www.apple.com/legal/sales-support/"",""partNumber"":""SHMP3ZX/A"",""partAlias"":""ACPTL"",""partType"":""AC+TL"",""purchaseMode"":""I"",""appleCareSalesDate"":""01/10/2026"",""pocType"":""APOC"",""purchaseOrderNumber"":""5501174""}},""transactionId"":""082c3fd3-6ec2-4d81-98df-bd7e4ea19354-1790885319068""}"
True;1341382;2026-10-01 17:10:54.137000;2026-10-01 00:00:00;11001137;VERIFYORDER;SM3GFW1CFHP;MDVT4CI/A;"{""orderDetailsResponses"":{""deviceEligibility"":{""secondaryDisplay"":""1"",""partDescription"":""AppleCare+ para 15-inch MacBook Air (M5)"",""coverageDuration"":""3"",""productStatement"":""AppleCare+ para 15-inch MacBook Air (M5) amplía la cobertura de servicio y soporte técnico a 3 años desde la fecha de compra de AppleCare+ e incluye cobertura para una cantidad ilimitada de incidentes por daño accidental debido a la manipulación del producto, cada uno de ellos sujeto a un cargo adicional de R$96000  por daños en la pantalla o la carcasa externa o de R$289000  por Otros daños accidentales. Lee todos los detalles en los Términos y condiciones de AppleCare+."",""deviceDateOfPurchase"":""01/10/2026"",""deviceId"":""SM3GFW1CFHP"",""registeredDevice"":""1"",""pocType"":""APOC"",""serialNumber"":""M3GFW1CFHP"",""partNumber"":""SCW93ZX/A"",""partAlias"":""ACP"",""purchaseMode"":""C"",""productDescription"":""MacBook Air (15-inch, M5)""}},""transactionId"":""a1f26f66-0b14-4697-b963-f5fc7c22b6cf-1790885453487""}"
True;1341382;2026-10-01 17:12:50.393000;2026-10-01 00:00:00;11001137;CREATEORDER;SM3GFW1CFHP;MDVT4CI/A;"{""orderDetailsResponses"":{""deviceEligibility"":{""secondaryDisplay"":""1"",""partDescription"":""AppleCare+ para 15-inch MacBook Air (M5)"",""coverageDuration"":""3"",""productStatement"":""AppleCare+ para 15-inch MacBook Air (M5) amplía la cobertura de servicio y soporte técnico a 3 años desde la fecha de compra de AppleCare+ e incluye cobertura para una cantidad ilimitada de incidentes por daño accidental debido a la manipulación del producto, cada uno de ellos sujeto a un cargo adicional de R$96000  por daños en la pantalla o la carcasa externa o de R$289000  por Otros daños accidentales. Lee todos los detalles en los Términos y condiciones de AppleCare+."",""deviceDateOfPurchase"":""01/10/2026"",""deviceId"":""SM3GFW1CFHP"",""registeredDevice"":""1"",""pocType"":""APOC"",""serialNumber"":""M3GFW1CFHP"",""partNumber"":""SCW93ZX/A"",""partAlias"":""ACP"",""purchaseMode"":""C"",""productDescription"":""MacBook Air (15-inch, M5)""},""orderConfirmation"":{""agreementNumber"":""328430745313"",""coverageDurationStatement"":""Finaliza el 30/09/2029"",""termConditionURL"":""http://www.apple.com/legal/sales-support/"",""partNumber"":""SCW93ZX/A"",""partAlias"":""ACP"",""partType"":""AppleCare+"",""purchaseMode"":""C"",""appleCareSalesDate"":""01/10/2026"",""pocType"":""APOC"",""purchaseOrderNumber"":""11001137""}},""transactionId"":""c80925ae-87ee-405e-9be8-4e5f38cea2b1-1790885567744""}"
True;5182184;2026-10-01 17:22:46.607000;2026-10-01 00:00:00;1101157;VERIFYORDER;sdhj219rjwv;MKFW4AM/A;"{""orderDetailsResponses"":{""deviceEligibility"":{""secondaryDisplay"":""0"",""partDescription"":""AppleCare+ para AirPods"",""coverageDuration"":""2"",""productStatement"":""AppleCare+ para AirPods amplía la cobertura de servicio y soporte técnico a 2 años desde la fecha de compra de AppleCare+ e incluye cobertura para una cantidad ilimitada de incidentes por daño accidental debido a la manipulación del producto, cada uno de ellos sujeto a un cargo adicional de CLP28000 . Lee todos los detalles en los Términos y condiciones de AppleCare+."",""deviceDateOfPurchase"":""01/10/2026"",""deviceId"":""SDHJ219RJWV"",""registeredDevice"":""1"",""pocType"":""APOC"",""serialNumber"":""DHJ219RJWV"",""partNumber"":""S9066ZX/A"",""partAlias"":""ACP"",""purchaseMode"":""C"",""productDescription"":""AirPods 5""}},""transactionId"":""69ef2d97-28c3-422c-a272-6794e2c418e4-1790886165983""}"
True;5191673;2026-10-01 17:24:12.937000;2026-10-01 00:00:00;39801088;VERIFYORDER;sghg3g77nj4;MJXV4BE/A;"{""orderDetailsResponses"":{""deviceEligibility"":{""secondaryDisplay"":""0"",""partDescription"":""AppleCare+ con robo y pérdida para iPhone 18 Pro Max"",""coverageDuration"":""2"",""productStatement"":""Tu AppleCare+ con robo y pérdida para iPhone 18 Pro Max amplía la cobertura de servicio y soporte técnico a 2 años desde la fecha de compra de AppleCare+ con robo y pérdida e incluye cobertura para una cantidad ilimitada de incidentes por daño accidental debido a la manipulación del producto o un máximo de dos incidentes de robo y pérdida cada 12 meses, cada uno de ellos sujeto a un cargo adicional de R$28000  por los daños de la pantalla o la carcasa externa o de R$144000  por robo o pérdida o de R$96000  por Otros daños accidentales. Lee todos los detalles en los Términos y condiciones de AppleCare+."",""deviceDateOfPurchase"":""25/09/2026"",""deviceId"":""SGHG3G77NJ4"",""registeredDevice"":""0"",""pocType"":""APOC"",""serialNumber"":""GHG3G77NJ4"",""partNumber"":""SHMP3ZX/A"",""partAlias"":""ACPTL"",""purchaseMode"":""I"",""productDescription"":""iPhone 18 Pro Max"",""tlDisclosure"":""La cobertura de robo y pérdida requiere que tengas la función Buscar habilitada en tu dispositivo antes de que se pierda o te lo roben. Durante el proceso de reclamación, te pediremos que uses la función Buscar para poner el dispositivo perdido o robado en modo Perdido, borrarlo y transferir la propiedad a Apple para que podamos asignarte un nuevo dispositivo. Para asegurarte de que puedas iniciar sesión en Buscar y acceder a esta función, es importante que recuerdes tu ID de Apple y contraseña, y que mantengas la información de tu cuenta actualizada. Si usas la autenticación de doble factor para el ID de Apple, te recomendamos que añadas un número de teléfono adicional de confianza a tu cuenta en el que puedas recibir el código de verificación de 6 dígitos que necesitas para iniciar sesión aunque no tengas tu iPhone. Para obtener más información, visita las páginas de Soporte técnico de Apple.""}},""transactionId"":""b293ee7e-a910-445c-be36-bb6e6940fa50-1790886252285""}"
True;5182184;2026-10-01 17:26:18.847000;2026-10-01 00:00:00;1101157;CREATEORDER;sdhj219rjwv;MKFW4AM/A;"{""orderDetailsResponses"":{""deviceEligibility"":{""secondaryDisplay"":""0"",""partDescription"":""AppleCare+ para AirPods"",""coverageDuration"":""2"",""productStatement"":""AppleCare+ para AirPods amplía la cobertura de servicio y soporte técnico a 2 años desde la fecha de compra de AppleCare+ e incluye cobertura para una cantidad ilimitada de incidentes por daño accidental debido a la manipulación del producto, cada uno de ellos sujeto a un cargo adicional de CLP28000 . Lee todos los detalles en los Términos y condiciones de AppleCare+."",""deviceDateOfPurchase"":""01/10/2026"",""deviceId"":""SDHJ219RJWV"",""registeredDevice"":""1"",""pocType"":""APOC"",""serialNumber"":""DHJ219RJWV"",""partNumber"":""S9066ZX/A"",""partAlias"":""ACP"",""purchaseMode"":""C"",""productDescription"":""AirPods 5""},""orderConfirmation"":{""agreementNumber"":""328430742399"",""coverageDurationStatement"":""Finaliza el 30/09/2028"",""termConditionURL"":""http://www.apple.com/legal/sales-support/"",""partNumber"":""S9066ZX/A"",""partAlias"":""ACP"",""partType"":""AppleCare+"",""purchaseMode"":""C"",""appleCareSalesDate"":""01/10/2026"",""pocType"":""APOC"",""purchaseOrderNumber"":""1101157""}},""transactionId"":""e9c5967a-2d12-4eec-b2d8-5a342bec3120-1790886373857""}"
True;5191673;2026-10-01 17:26:50.303000;2026-10-01 00:00:00;39801088;CREATEORDER;sghg3g77nj4;MJXV4BE/A;"{""orderDetailsResponses"":{""deviceEligibility"":{""secondaryDisplay"":""0"",""partDescription"":""AppleCare+ con robo y pérdida para iPhone 18 Pro Max"",""coverageDuration"":""2"",""productStatement"":""Tu AppleCare+ con robo y pérdida para iPhone 18 Pro Max amplía la cobertura de servicio y soporte técnico a 2 años desde la fecha de compra de AppleCare+ con robo y pérdida e incluye cobertura para una cantidad ilimitada de incidentes por daño accidental debido a la manipulación del producto o un máximo de dos incidentes de robo y pérdida cada 12 meses, cada uno de ellos sujeto a un cargo adicional de R$28000  por los daños de la pantalla o la carcasa externa o de R$144000  por robo o pérdida o de R$96000  por Otros daños accidentales. Lee todos los detalles en los Términos y condiciones de AppleCare+."",""deviceDateOfPurchase"":""25/09/2026"",""deviceId"":""SGHG3G77NJ4"",""registeredDevice"":""0"",""pocType"":""APOC"",""serialNumber"":""GHG3G77NJ4"",""partNumber"":""SHMP3ZX/A"",""partAlias"":""ACPTL"",""purchaseMode"":""I"",""productDescription"":""iPhone 18 Pro Max"",""tlDisclosure"":""La cobertura de robo y pérdida requiere que tengas la función Buscar habilitada en tu dispositivo antes de que se pierda o te lo roben. Durante el proceso de reclamación, te pediremos que uses la función Buscar para poner el dispositivo perdido o robado en modo Perdido, borrarlo y transferir la propiedad a Apple para que podamos asignarte un nuevo dispositivo. Para asegurarte de que puedas iniciar sesión en Buscar y acceder a esta función, es importante que recuerdes tu ID de Apple y contraseña, y que mantengas la información de tu cuenta actualizada. Si usas la autenticación de doble factor para el ID de Apple, te recomendamos que añadas un número de teléfono adicional de confianza a tu cuenta en el que puedas recibir el código de verificación de 6 dígitos que necesitas para iniciar sesión aunque no tengas tu iPhone. Para obtener más información, visita las páginas de Soporte técnico de Apple.""},""orderConfirmation"":{""agreementNumber"":""328430748254"",""coverageDurationStatement"":""Finaliza el 30/09/2028"",""termConditionURL"":""http://www.apple.com/legal/sales-support/"",""partNumber"":""SHMP3ZX/A"",""partAlias"":""ACPTL"",""partType"":""AC+TL"",""purchaseMode"":""I"",""appleCareSalesDate"":""01/10/2026"",""pocType"":""APOC"",""purchaseOrderNumber"":""39801088""}},""transactionId"":""47e702e9-6871-44f3-b42a-bf7891a82f8f-1790886405027""}"
True;5199010;2026-10-01 17:37:55.520000;2026-10-01 00:00:00;6801096;VERIFYORDER;SDV4TW77D54;MD1Q4BE/A;"{""orderDetailsResponses"":{""deviceEligibility"":{""secondaryDisplay"":""0"",""partDescription"":""AppleCare+ con robo y pérdida para iPhone 16e"",""coverageDuration"":""2"",""productStatement"":""Tu AppleCare+ con robo y pérdida para iPhone 16e amplía la cobertura de servicio y soporte técnico a 2 años desde la fecha de compra de AppleCare+ con robo y pérdida e incluye cobertura para una cantidad ilimitada de incidentes por daño accidental debido a la manipulación del producto o un máximo de dos incidentes de robo y pérdida cada 12 meses, cada uno de ellos sujeto a un cargo adicional de R$28000  por Daños que afectan solo a la pantalla o de R$96000  por Otros daños accidentales o de R$144000  por robo o pérdida. Lee todos los detalles en los Términos y condiciones de AppleCare+."",""deviceDateOfPurchase"":""01/10/2026"",""deviceId"":""SDV4TW77D54"",""registeredDevice"":""1"",""pocType"":""APOC"",""serialNumber"":""DV4TW77D54"",""partNumber"":""ST4G2ZX/A"",""partAlias"":""ACPTL"",""purchaseMode"":""C"",""productDescription"":""iPhone 16e"",""tlDisclosure"":""La cobertura de robo y pérdida requiere que tengas la función Buscar habilitada en tu dispositivo antes de que se pierda o te lo roben. Durante el proceso de reclamación, te pediremos que uses la función Buscar para poner el dispositivo perdido o robado en modo Perdido, borrarlo y transferir la propiedad a Apple para que podamos asignarte un nuevo dispositivo. Para asegurarte de que puedas iniciar sesión en Buscar y acceder a esta función, es importante que recuerdes tu ID de Apple y contraseña, y que mantengas la información de tu cuenta actualizada. Si usas la autenticación de doble factor para el ID de Apple, te recomendamos que añadas un número de teléfono adicional de confianza a tu cuenta en el que puedas recibir el código de verificación de 6 dígitos que necesitas para iniciar sesión aunque no tengas tu iPhone. Para obtener más información, visita las páginas de Soporte técnico de Apple.""}},""transactionId"":""1c9ed465-a869-4751-b917-e1a8577e1622-1790887074984""}"
True;5168534;2026-10-01 17:40:25.577000;2026-10-01 00:00:00;3601154;VERIFYORDER;SGG9CXN6P2Y;MJRU4BE/A;"{""orderDetailsResponses"":{""deviceEligibility"":{""secondaryDisplay"":""0"",""partDescription"":""AppleCare+ para iPhone 18 Pro"",""coverageDuration"":""2"",""productStatement"":""AppleCare+ para iPhone 18 Pro amplía la cobertura de servicio y soporte técnico a 2 años desde la fecha de compra de AppleCare+ e incluye cobertura para una cantidad ilimitada de incidentes por daño accidental debido a la manipulación del producto, cada uno de ellos sujeto a un cargo adicional de R$28000  por los daños de la pantalla o la carcasa externa o de R$96000  por Otros daños accidentales. Lee todos los detalles en los Términos y condiciones de AppleCare+."",""deviceDateOfPurchase"":""01/10/2026"",""deviceId"":""SGG9CXN6P2Y"",""registeredDevice"":""1"",""pocType"":""APOC"",""serialNumber"":""GG9CXN6P2Y"",""partNumber"":""SHHL3ZX/A"",""partAlias"":""ACP"",""purchaseMode"":""C"",""productDescription"":""iPhone 18 Pro""}},""transactionId"":""b3c3afab-94b9-498a-8fc1-ad1e36ab5b23-1790887224986""}"
True;5199010;2026-10-01 17:42:18.690000;2026-10-01 00:00:00;6801096;CREATEORDER;SDV4TW77D54;MD1Q4BE/A;"{""orderDetailsResponses"":{""deviceEligibility"":{""secondaryDisplay"":""0"",""partDescription"":""AppleCare+ con robo y pérdida para iPhone 16e"",""coverageDuration"":""2"",""productStatement"":""Tu AppleCare+ con robo y pérdida para iPhone 16e amplía la cobertura de servicio y soporte técnico a 2 años desde la fecha de compra de AppleCare+ con robo y pérdida e incluye cobertura para una cantidad ilimitada de incidentes por daño accidental debido a la manipulación del producto o un máximo de dos incidentes de robo y pérdida cada 12 meses, cada uno de ellos sujeto a un cargo adicional de R$28000  por Daños que afectan solo a la pantalla o de R$96000  por Otros daños accidentales o de R$144000  por robo o pérdida. Lee todos los detalles en los Términos y condiciones de AppleCare+."",""deviceDateOfPurchase"":""01/10/2026"",""deviceId"":""SDV4TW77D54"",""registeredDevice"":""1"",""pocType"":""APOC"",""serialNumber"":""DV4TW77D54"",""partNumber"":""ST4G2ZX/A"",""partAlias"":""ACPTL"",""purchaseMode"":""C"",""productDescription"":""iPhone 16e"",""tlDisclosure"":""La cobertura de robo y pérdida requiere que tengas la función Buscar habilitada en tu dispositivo antes de que se pierda o te lo roben. Durante el proceso de reclamación, te pediremos que uses la función Buscar para poner el dispositivo perdido o robado en modo Perdido, borrarlo y transferir la propiedad a Apple para que podamos asignarte un nuevo dispositivo. Para asegurarte de que puedas iniciar sesión en Buscar y acceder a esta función, es importante que recuerdes tu ID de Apple y contraseña, y que mantengas la información de tu cuenta actualizada. Si usas la autenticación de doble factor para el ID de Apple, te recomendamos que añadas un número de teléfono adicional de confianza a tu cuenta en el que puedas recibir el código de verificación de 6 dígitos que necesitas para iniciar sesión aunque no tengas tu iPhone. Para obtener más información, visita las páginas de Soporte técnico de Apple.""},""orderConfirmation"":{""agreementNumber"":""328430746336"",""coverageDurationStatement"":""Finaliza el 30/09/2028"",""termConditionURL"":""http://www.apple.com/legal/sales-support/"",""partNumber"":""ST4G2ZX/A"",""partAlias"":""ACPTL"",""partType"":""AC+TL"",""purchaseMode"":""C"",""appleCareSalesDate"":""01/10/2026"",""pocType"":""APOC"",""purchaseOrderNumber"":""6801096""}},""transactionId"":""4ed6b3a8-9cd7-4984-9ffd-34b58d263a3e-1790887333883""}"
True;5183847;2026-10-01 17:47:10.750000;2026-10-01 00:00:00;18901129;VERIFYORDER;SF3VKML4KN2;MFYM4BE/A;"{""orderDetailsResponses"":{""deviceEligibility"":{""secondaryDisplay"":""0"",""partDescription"":""AppleCare+ con robo y pérdida para iPhone 17 Pro Max"",""coverageDuration"":""2"",""productStatement"":""Tu AppleCare+ con robo y pérdida para iPhone 17 Pro Max amplía la cobertura de servicio y soporte técnico a 2 años desde la fecha de compra de AppleCare+ con robo y pérdida e incluye cobertura para una cantidad ilimitada de incidentes por daño accidental debido a la manipulación del producto o un máximo de dos incidentes de robo y pérdida cada 12 meses, cada uno de ellos sujeto a un cargo adicional de R$96000  por Otros daños accidentales o de R$28000  por los daños de la pantalla o la carcasa externa o de R$144000  por robo o pérdida. Lee todos los detalles en los Términos y condiciones de AppleCare+."",""deviceDateOfPurchase"":""01/10/2026"",""deviceId"":""SF3VKML4KN2"",""registeredDevice"":""1"",""pocType"":""APOC"",""serialNumber"":""F3VKML4KN2"",""partNumber"":""SX382ZX/A"",""partAlias"":""ACPTL"",""purchaseMode"":""C"",""productDescription"":""iPhone 17 Pro Max"",""tlDisclosure"":""La cobertura de robo y pérdida requiere que tengas la función Buscar habilitada en tu dispositivo antes de que se pierda o te lo roben. Durante el proceso de reclamación, te pediremos que uses la función Buscar para poner el dispositivo perdido o robado en modo Perdido, borrarlo y transferir la propiedad a Apple para que podamos asignarte un nuevo dispositivo. Para asegurarte de que puedas iniciar sesión en Buscar y acceder a esta función, es importante que recuerdes tu ID de Apple y contraseña, y que mantengas la información de tu cuenta actualizada. Si usas la autenticación de doble factor para el ID de Apple, te recomendamos que añadas un número de teléfono adicional de confianza a tu cuenta en el que puedas recibir el código de verificación de 6 dígitos que necesitas para iniciar sesión aunque no tengas tu iPhone. Para obtener más información, visita las páginas de Soporte técnico de Apple.""}},""transactionId"":""e09f0361-f546-4946-b2ac-1d109ec03cd9-1790887630195""}"
True;5183847;2026-10-01 17:50:18.150000;2026-10-01 00:00:00;18901129;CREATEORDER;SF3VKML4KN2;MFYM4BE/A;"{""orderDetailsResponses"":{""deviceEligibility"":{""secondaryDisplay"":""0"",""partDescription"":""AppleCare+ con robo y pérdida para iPhone 17 Pro Max"",""coverageDuration"":""2"",""productStatement"":""Tu AppleCare+ con robo y pérdida para iPhone 17 Pro Max amplía la cobertura de servicio y soporte técnico a 2 años desde la fecha de compra de AppleCare+ con robo y pérdida e incluye cobertura para una cantidad ilimitada de incidentes por daño accidental debido a la manipulación del producto o un máximo de dos incidentes de robo y pérdida cada 12 meses, cada uno de ellos sujeto a un cargo adicional de R$96000  por Otros daños accidentales o de R$28000  por los daños de la pantalla o la carcasa externa o de R$144000  por robo o pérdida. Lee todos los detalles en los Términos y condiciones de AppleCare+."",""deviceDateOfPurchase"":""01/10/2026"",""deviceId"":""SF3VKML4KN2"",""registeredDevice"":""1"",""pocType"":""APOC"",""serialNumber"":""F3VKML4KN2"",""partNumber"":""SX382ZX/A"",""partAlias"":""ACPTL"",""purchaseMode"":""C"",""productDescription"":""iPhone 17 Pro Max"",""tlDisclosure"":""La cobertura de robo y pérdida requiere que tengas la función Buscar habilitada en tu dispositivo antes de que se pierda o te lo roben. Durante el proceso de reclamación, te pediremos que uses la función Buscar para poner el dispositivo perdido o robado en modo Perdido, borrarlo y transferir la propiedad a Apple para que podamos asignarte un nuevo dispositivo. Para asegurarte de que puedas iniciar sesión en Buscar y acceder a esta función, es importante que recuerdes tu ID de Apple y contraseña, y que mantengas la información de tu cuenta actualizada. Si usas la autenticación de doble factor para el ID de Apple, te recomendamos que añadas un número de teléfono adicional de confianza a tu cuenta en el que puedas recibir el código de verificación de 6 dígitos que necesitas para iniciar sesión aunque no tengas tu iPhone. Para obtener más información, visita las páginas de Soporte técnico de Apple.""},""orderConfirmation"":{""agreementNumber"":""328430743437"",""coverageDurationStatement"":""Finaliza el 30/09/2028"",""termConditionURL"":""http://www.apple.com/legal/sales-support/"",""partNumber"":""SX382ZX/A"",""partAlias"":""ACPTL"",""partType"":""AC+TL"",""purchaseMode"":""C"",""appleCareSalesDate"":""01/10/2026"",""pocType"":""APOC"",""purchaseOrderNumber"":""18901129""}},""transactionId"":""c3b27987-c141-4a64-93fa-1c05b21a2444-1790887813299""}"
True;5168534;2026-10-01 17:54:15.777000;2026-10-01 00:00:00;3601154;CREATEORDER;SGG9CXN6P2Y;MJRU4BE/A;"{""orderDetailsResponses"":{""deviceEligibility"":{""secondaryDisplay"":""0"",""partDescription"":""AppleCare+ para iPhone 18 Pro"",""coverageDuration"":""2"",""productStatement"":""AppleCare+ para iPhone 18 Pro amplía la cobertura de servicio y soporte técnico a 2 años desde la fecha de compra de AppleCare+ e incluye cobertura para una cantidad ilimitada de incidentes por daño accidental debido a la manipulación del producto, cada uno de ellos sujeto a un cargo adicional de R$28000  por los daños de la pantalla o la carcasa externa o de R$96000  por Otros daños accidentales. Lee todos los detalles en los Términos y condiciones de AppleCare+."",""deviceDateOfPurchase"":""01/10/2026"",""deviceId"":""SGG9CXN6P2Y"",""registeredDevice"":""1"",""pocType"":""APOC"",""serialNumber"":""GG9CXN6P2Y"",""partNumber"":""SHHL3ZX/A"",""partAlias"":""ACP"",""purchaseMode"":""C"",""productDescription"":""iPhone 18 Pro""},""orderConfirmation"":{""agreementNumber"":""328430740586"",""coverageDurationStatement"":""Finaliza el 30/09/2028"",""termConditionURL"":""http://www.apple.com/legal/sales-support/"",""partNumber"":""SHHL3ZX/A"",""partAlias"":""ACP"",""partType"":""AppleCare+"",""purchaseMode"":""C"",""appleCareSalesDate"":""01/10/2026"",""pocType"":""APOC"",""purchaseOrderNumber"":""3601154""}},""transactionId"":""a9ec9828-9ce5-4e9b-a829-3a4ce44c7284-1790888050440""}"
True;5174576;2026-10-01 17:55:30.843000;2026-10-01 00:00:00;43001077;VERIFYORDER;slnxg4cj4gj;MJXN4BE/A;"{""orderDetailsResponses"":{""deviceEligibility"":{""secondaryDisplay"":""0"",""partDescription"":""AppleCare+ con robo y pérdida para iPhone 18 Pro Max"",""coverageDuration"":""2"",""productStatement"":""Tu AppleCare+ con robo y pérdida para iPhone 18 Pro Max amplía la cobertura de servicio y soporte técnico a 2 años desde la fecha de compra de AppleCare+ con robo y pérdida e incluye cobertura para una cantidad ilimitada de incidentes por daño accidental debido a la manipulación del producto o un máximo de dos incidentes de robo y pérdida cada 12 meses, cada uno de ellos sujeto a un cargo adicional de R$28000  por los daños de la pantalla o la carcasa externa o de R$144000  por robo o pérdida o de R$96000  por Otros daños accidentales. Lee todos los detalles en los Términos y condiciones de AppleCare+."",""deviceDateOfPurchase"":""01/10/2026"",""deviceId"":""SLNXG4CJ4GJ"",""registeredDevice"":""1"",""pocType"":""APOC"",""serialNumber"":""LNXG4CJ4GJ"",""partNumber"":""SHMP3ZX/A"",""partAlias"":""ACPTL"",""purchaseMode"":""C"",""productDescription"":""iPhone 18 Pro Max"",""tlDisclosure"":""La cobertura de robo y pérdida requiere que tengas la función Buscar habilitada en tu dispositivo antes de que se pierda o te lo roben. Durante el proceso de reclamación, te pediremos que uses la función Buscar para poner el dispositivo perdido o robado en modo Perdido, borrarlo y transferir la propiedad a Apple para que podamos asignarte un nuevo dispositivo. Para asegurarte de que puedas iniciar sesión en Buscar y acceder a esta función, es importante que recuerdes tu ID de Apple y contraseña, y que mantengas la información de tu cuenta actualizada. Si usas la autenticación de doble factor para el ID de Apple, te recomendamos que añadas un número de teléfono adicional de confianza a tu cuenta en el que puedas recibir el código de verificación de 6 dígitos que necesitas para iniciar sesión aunque no tengas tu iPhone. Para obtener más información, visita las páginas de Soporte técnico de Apple.""}},""transactionId"":""29ed2eed-3b9d-4a5d-95b3-59512653dc5f-1790888130318""}"
True;5174576;2026-10-01 17:56:46.403000;2026-10-01 00:00:00;43001077;VERIFYORDER;slnxg4cj4gj;MJXN4BE/A;"{""orderDetailsResponses"":{""deviceEligibility"":{""secondaryDisplay"":""0"",""partDescription"":""AppleCare+ con robo y pérdida para iPhone 18 Pro Max"",""coverageDuration"":""2"",""productStatement"":""Tu AppleCare+ con robo y pérdida para iPhone 18 Pro Max amplía la cobertura de servicio y soporte técnico a 2 años desde la fecha de compra de AppleCare+ con robo y pérdida e incluye cobertura para una cantidad ilimitada de incidentes por daño accidental debido a la manipulación del producto o un máximo de dos incidentes de robo y pérdida cada 12 meses, cada uno de ellos sujeto a un cargo adicional de R$28000  por los daños de la pantalla o la carcasa externa o de R$144000  por robo o pérdida o de R$96000  por Otros daños accidentales. Lee todos los detalles en los Términos y condiciones de AppleCare+."",""deviceDateOfPurchase"":""01/10/2026"",""deviceId"":""SLNXG4CJ4GJ"",""registeredDevice"":""1"",""pocType"":""APOC"",""serialNumber"":""LNXG4CJ4GJ"",""partNumber"":""SHMP3ZX/A"",""partAlias"":""ACPTL"",""purchaseMode"":""C"",""productDescription"":""iPhone 18 Pro Max"",""tlDisclosure"":""La cobertura de robo y pérdida requiere que tengas la función Buscar habilitada en tu dispositivo antes de que se pierda o te lo roben. Durante el proceso de reclamación, te pediremos que uses la función Buscar para poner el dispositivo perdido o robado en modo Perdido, borrarlo y transferir la propiedad a Apple para que podamos asignarte un nuevo dispositivo. Para asegurarte de que puedas iniciar sesión en Buscar y acceder a esta función, es importante que recuerdes tu ID de Apple y contraseña, y que mantengas la información de tu cuenta actualizada. Si usas la autenticación de doble factor para el ID de Apple, te recomendamos que añadas un número de teléfono adicional de confianza a tu cuenta en el que puedas recibir el código de verificación de 6 dígitos que necesitas para iniciar sesión aunque no tengas tu iPhone. Para obtener más información, visita las páginas de Soporte técnico de Apple.""}},""transactionId"":""7799d896-7453-45be-9ac1-04f73df8a503-1790888205883""}"
True;5174576;2026-10-01 17:58:30.173000;2026-10-01 00:00:00;43001077;CREATEORDER;slnxg4cj4gj;MJXN4BE/A;"{""orderDetailsResponses"":{""deviceEligibility"":{""secondaryDisplay"":""0"",""partDescription"":""AppleCare+ con robo y pérdida para iPhone 18 Pro Max"",""coverageDuration"":""2"",""productStatement"":""Tu AppleCare+ con robo y pérdida para iPhone 18 Pro Max amplía la cobertura de servicio y soporte técnico a 2 años desde la fecha de compra de AppleCare+ con robo y pérdida e incluye cobertura para una cantidad ilimitada de incidentes por daño accidental debido a la manipulación del producto o un máximo de dos incidentes de robo y pérdida cada 12 meses, cada uno de ellos sujeto a un cargo adicional de R$28000  por los daños de la pantalla o la carcasa externa o de R$144000  por robo o pérdida o de R$96000  por Otros daños accidentales. Lee todos los detalles en los Términos y condiciones de AppleCare+."",""deviceDateOfPurchase"":""01/10/2026"",""deviceId"":""SLNXG4CJ4GJ"",""registeredDevice"":""1"",""pocType"":""APOC"",""serialNumber"":""LNXG4CJ4GJ"",""partNumber"":""SHMP3ZX/A"",""partAlias"":""ACPTL"",""purchaseMode"":""C"",""productDescription"":""iPhone 18 Pro Max"",""tlDisclosure"":""La cobertura de robo y pérdida requiere que tengas la función Buscar habilitada en tu dispositivo antes de que se pierda o te lo roben. Durante el proceso de reclamación, te pediremos que uses la función Buscar para poner el dispositivo perdido o robado en modo Perdido, borrarlo y transferir la propiedad a Apple para que podamos asignarte un nuevo dispositivo. Para asegurarte de que puedas iniciar sesión en Buscar y acceder a esta función, es importante que recuerdes tu ID de Apple y contraseña, y que mantengas la información de tu cuenta actualizada. Si usas la autenticación de doble factor para el ID de Apple, te recomendamos que añadas un número de teléfono adicional de confianza a tu cuenta en el que puedas recibir el código de verificación de 6 dígitos que necesitas para iniciar sesión aunque no tengas tu iPhone. Para obtener más información, visita las páginas de Soporte técnico de Apple.""},""orderConfirmation"":{""agreementNumber"":""328430748320"",""coverageDurationStatement"":""Finaliza el 30/09/2028"",""termConditionURL"":""http://www.apple.com/legal/sales-support/"",""partNumber"":""SHMP3ZX/A"",""partAlias"":""ACPTL"",""partType"":""AC+TL"",""purchaseMode"":""C"",""appleCareSalesDate"":""01/10/2026"",""pocType"":""APOC"",""purchaseOrderNumber"":""43001077""}},""transactionId"":""006005bc-95c7-4c36-a00a-18f7d2e7e967-1790888305217""}"
True;5146928;2026-10-01 18:22:14.600000;2026-10-01 00:00:00;1501168;VERIFYORDER;SF6PYMHG445;MFYM4BE/A;"{""orderDetailsResponses"":{""deviceEligibility"":{""secondaryDisplay"":""0"",""partDescription"":""AppleCare+ con robo y pérdida para iPhone 17 Pro Max"",""coverageDuration"":""2"",""productStatement"":""Tu AppleCare+ con robo y pérdida para iPhone 17 Pro Max amplía la cobertura de servicio y soporte técnico a 2 años desde la fecha de compra de AppleCare+ con robo y pérdida e incluye cobertura para una cantidad ilimitada de incidentes por daño accidental debido a la manipulación del producto o un máximo de dos incidentes de robo y pérdida cada 12 meses, cada uno de ellos sujeto a un cargo adicional de R$96000  por Otros daños accidentales o de R$28000  por los daños de la pantalla o la carcasa externa o de R$144000  por robo o pérdida. Lee todos los detalles en los Términos y condiciones de AppleCare+."",""deviceDateOfPurchase"":""01/10/2026"",""deviceId"":""SF6PYMHG445"",""registeredDevice"":""1"",""pocType"":""APOC"",""serialNumber"":""F6PYMHG445"",""partNumber"":""SX382ZX/A"",""partAlias"":""ACPTL"",""purchaseMode"":""C"",""productDescription"":""iPhone 17 Pro Max"",""tlDisclosure"":""La cobertura de robo y pérdida requiere que tengas la función Buscar habilitada en tu dispositivo antes de que se pierda o te lo roben. Durante el proceso de reclamación, te pediremos que uses la función Buscar para poner el dispositivo perdido o robado en modo Perdido, borrarlo y transferir la propiedad a Apple para que podamos asignarte un nuevo dispositivo. Para asegurarte de que puedas iniciar sesión en Buscar y acceder a esta función, es importante que recuerdes tu ID de Apple y contraseña, y que mantengas la información de tu cuenta actualizada. Si usas la autenticación de doble factor para el ID de Apple, te recomendamos que añadas un número de teléfono adicional de confianza a tu cuenta en el que puedas recibir el código de verificación de 6 dígitos que necesitas para iniciar sesión aunque no tengas tu iPhone. Para obtener más información, visita las páginas de Soporte técnico de Apple.""}},""transactionId"":""013951ec-8e53-4a82-a4d7-b20d0a4356df-1790889733501""}"
True;5217320;2026-10-01 18:24:04.853000;2026-10-01 00:00:00;2801166;VERIFYORDER;SHY07NCP6J3;MFHP4AM/A;"{""orderDetailsResponses"":{""deviceEligibility"":{""secondaryDisplay"":""0"",""partDescription"":""AppleCare+ para Headphones - AirPods Pro"",""coverageDuration"":""2"",""productStatement"":""AppleCare+ para Headphones - AirPods Pro amplía la cobertura de servicio y soporte técnico a 2 años desde la fecha de compra de AppleCare+ e incluye cobertura para una cantidad ilimitada de incidentes por daño accidental debido a la manipulación del producto, cada uno de ellos sujeto a un cargo adicional de R$28000 . Lee todos los detalles en los Términos y condiciones de AppleCare+."",""deviceDateOfPurchase"":""01/10/2026"",""deviceId"":""SHY07NCP6J3"",""registeredDevice"":""1"",""pocType"":""APOC"",""serialNumber"":""HY07NCP6J3"",""partNumber"":""SYLW2ZX/A"",""partAlias"":""ACP"",""purchaseMode"":""C"",""productDescription"":""AirPods Pro 3""}},""transactionId"":""fb9304bb-e966-49da-94a2-d8cc8b8d0e90-1790889844342""}"
True;5217320;2026-10-01 18:26:33.783000;2026-10-01 00:00:00;2801166;CREATEORDER;SHY07NCP6J3;MFHP4AM/A;"{""orderDetailsResponses"":{""deviceEligibility"":{""secondaryDisplay"":""0"",""partDescription"":""AppleCare+ para Headphones - AirPods Pro"",""coverageDuration"":""2"",""productStatement"":""AppleCare+ para Headphones - AirPods Pro amplía la cobertura de servicio y soporte técnico a 2 años desde la fecha de compra de AppleCare+ e incluye cobertura para una cantidad ilimitada de incidentes por daño accidental debido a la manipulación del producto, cada uno de ellos sujeto a un cargo adicional de R$28000 . Lee todos los detalles en los Términos y condiciones de AppleCare+."",""deviceDateOfPurchase"":""01/10/2026"",""deviceId"":""SHY07NCP6J3"",""registeredDevice"":""1"",""pocType"":""APOC"",""serialNumber"":""HY07NCP6J3"",""partNumber"":""SYLW2ZX/A"",""partAlias"":""ACP"",""purchaseMode"":""C"",""productDescription"":""AirPods Pro 3""},""orderConfirmation"":{""agreementNumber"":""328430744553"",""coverageDurationStatement"":""Finaliza el 30/09/2028"",""termConditionURL"":""http://www.apple.com/legal/sales-support/"",""partNumber"":""SYLW2ZX/A"",""partAlias"":""ACP"",""partType"":""AppleCare+"",""purchaseMode"":""C"",""appleCareSalesDate"":""01/10/2026"",""pocType"":""APOC"",""purchaseOrderNumber"":""2801166""}},""transactionId"":""5845dcc2-b08c-46dc-8f1e-1f74bfac86c2-1790889988818""}"
True;5146928;2026-10-01 18:27:01.393000;2026-10-01 00:00:00;1501168;CREATEORDER;SF6PYMHG445;MFYM4BE/A;"{""orderDetailsResponses"":{""deviceEligibility"":{""secondaryDisplay"":""0"",""partDescription"":""AppleCare+ con robo y pérdida para iPhone 17 Pro Max"",""coverageDuration"":""2"",""productStatement"":""Tu AppleCare+ con robo y pérdida para iPhone 17 Pro Max amplía la cobertura de servicio y soporte técnico a 2 años desde la fecha de compra de AppleCare+ con robo y pérdida e incluye cobertura para una cantidad ilimitada de incidentes por daño accidental debido a la manipulación del producto o un máximo de dos incidentes de robo y pérdida cada 12 meses, cada uno de ellos sujeto a un cargo adicional de R$96000  por Otros daños accidentales o de R$28000  por los daños de la pantalla o la carcasa externa o de R$144000  por robo o pérdida. Lee todos los detalles en los Términos y condiciones de AppleCare+."",""deviceDateOfPurchase"":""01/10/2026"",""deviceId"":""SF6PYMHG445"",""registeredDevice"":""1"",""pocType"":""APOC"",""serialNumber"":""F6PYMHG445"",""partNumber"":""SX382ZX/A"",""partAlias"":""ACPTL"",""purchaseMode"":""C"",""productDescription"":""iPhone 17 Pro Max"",""tlDisclosure"":""La cobertura de robo y pérdida requiere que tengas la función Buscar habilitada en tu dispositivo antes de que se pierda o te lo roben. Durante el proceso de reclamación, te pediremos que uses la función Buscar para poner el dispositivo perdido o robado en modo Perdido, borrarlo y transferir la propiedad a Apple para que podamos asignarte un nuevo dispositivo. Para asegurarte de que puedas iniciar sesión en Buscar y acceder a esta función, es importante que recuerdes tu ID de Apple y contraseña, y que mantengas la información de tu cuenta actualizada. Si usas la autenticación de doble factor para el ID de Apple, te recomendamos que añadas un número de teléfono adicional de confianza a tu cuenta en el que puedas recibir el código de verificación de 6 dígitos que necesitas para iniciar sesión aunque no tengas tu iPhone. Para obtener más información, visita las páginas de Soporte técnico de Apple.""},""orderConfirmation"":{""agreementNumber"":""328430745510"",""coverageDurationStatement"":""Finaliza el 30/09/2028"",""termConditionURL"":""http://www.apple.com/legal/sales-support/"",""partNumber"":""SX382ZX/A"",""partAlias"":""ACPTL"",""partType"":""AC+TL"",""purchaseMode"":""C"",""appleCareSalesDate"":""01/10/2026"",""pocType"":""APOC"",""purchaseOrderNumber"":""1501168""}},""transactionId"":""1e4c2375-1057-4176-91ad-d4d5d22d1f94-1790890016354""}"
True;5179974;2026-10-01 18:32:35.700000;2026-10-01 00:00:00;1001158;VERIFYORDER;SJRD7D6D639;MDHA4CI/A;"{""orderDetailsResponses"":{""deviceEligibility"":{""secondaryDisplay"":""1"",""partDescription"":""AppleCare+ para 13-inch MacBook Air (M5)"",""coverageDuration"":""3"",""productStatement"":""AppleCare+ para 13-inch MacBook Air (M5) amplía la cobertura de servicio y soporte técnico a 3 años desde la fecha de compra de AppleCare+ e incluye cobertura para una cantidad ilimitada de incidentes por daño accidental debido a la manipulación del producto, cada uno de ellos sujeto a un cargo adicional de R$96000  por daños en la pantalla o la carcasa externa o de R$289000  por Otros daños accidentales. Lee todos los detalles en los Términos y condiciones de AppleCare+."",""deviceDateOfPurchase"":""01/10/2026"",""deviceId"":""SJRD7D6D639"",""registeredDevice"":""1"",""pocType"":""APOC"",""serialNumber"":""JRD7D6D639"",""partNumber"":""SCW83ZX/A"",""partAlias"":""ACP"",""purchaseMode"":""C"",""productDescription"":""MacBook Air (13-inch, M5)""}},""transactionId"":""0e449ed9-3566-4789-903b-cd3388e5253d-1790890355159""}"
True;5219993;2026-10-01 18:33:39.440000;2026-10-01 00:00:00;33701074;VERIFYORDER;sgj2yykkwny;MJRP4BE/A;"{""orderDetailsResponses"":{""deviceEligibility"":{""secondaryDisplay"":""0"",""partDescription"":""AppleCare+ con robo y pérdida para iPhone 18 Pro"",""coverageDuration"":""2"",""productStatement"":""Tu AppleCare+ con robo y pérdida para iPhone 18 Pro amplía la cobertura de servicio y soporte técnico a 2 años desde la fecha de compra de AppleCare+ con robo y pérdida e incluye cobertura para una cantidad ilimitada de incidentes por daño accidental debido a la manipulación del producto o un máximo de dos incidentes de robo y pérdida cada 12 meses, cada uno de ellos sujeto a un cargo adicional de R$28000  por los daños de la pantalla o la carcasa externa o de R$144000  por robo o pérdida o de R$96000  por Otros daños accidentales. Lee todos los detalles en los Términos y condiciones de AppleCare+."",""deviceDateOfPurchase"":""01/10/2026"",""deviceId"":""SGJ2YYKKWNY"",""registeredDevice"":""1"",""pocType"":""APOC"",""serialNumber"":""GJ2YYKKWNY"",""partNumber"":""SHMD3ZX/A"",""partAlias"":""ACPTL"",""purchaseMode"":""C"",""productDescription"":""iPhone 18 Pro"",""tlDisclosure"":""La cobertura de robo y pérdida requiere que tengas la función Buscar habilitada en tu dispositivo antes de que se pierda o te lo roben. Durante el proceso de reclamación, te pediremos que uses la función Buscar para poner el dispositivo perdido o robado en modo Perdido, borrarlo y transferir la propiedad a Apple para que podamos asignarte un nuevo dispositivo. Para asegurarte de que puedas iniciar sesión en Buscar y acceder a esta función, es importante que recuerdes tu ID de Apple y contraseña, y que mantengas la información de tu cuenta actualizada. Si usas la autenticación de doble factor para el ID de Apple, te recomendamos que añadas un número de teléfono adicional de confianza a tu cuenta en el que puedas recibir el código de verificación de 6 dígitos que necesitas para iniciar sesión aunque no tengas tu iPhone. Para obtener más información, visita las páginas de Soporte técnico de Apple.""}},""transactionId"":""c3e029ca-dc69-42f8-b503-0da23db42292-1790890418930""}"
True;5219993;2026-10-01 18:35:48.997000;2026-10-01 00:00:00;33701074;CREATEORDER;sgj2yykkwny;MJRP4BE/A;"{""orderDetailsResponses"":{""deviceEligibility"":{""secondaryDisplay"":""0"",""partDescription"":""AppleCare+ con robo y pérdida para iPhone 18 Pro"",""coverageDuration"":""2"",""productStatement"":""Tu AppleCare+ con robo y pérdida para iPhone 18 Pro amplía la cobertura de servicio y soporte técnico a 2 años desde la fecha de compra de AppleCare+ con robo y pérdida e incluye cobertura para una cantidad ilimitada de incidentes por daño accidental debido a la manipulación del producto o un máximo de dos incidentes de robo y pérdida cada 12 meses, cada uno de ellos sujeto a un cargo adicional de R$28000  por los daños de la pantalla o la carcasa externa o de R$144000  por robo o pérdida o de R$96000  por Otros daños accidentales. Lee todos los detalles en los Términos y condiciones de AppleCare+."",""deviceDateOfPurchase"":""01/10/2026"",""deviceId"":""SGJ2YYKKWNY"",""registeredDevice"":""1"",""pocType"":""APOC"",""serialNumber"":""GJ2YYKKWNY"",""partNumber"":""SHMD3ZX/A"",""partAlias"":""ACPTL"",""purchaseMode"":""C"",""productDescription"":""iPhone 18 Pro"",""tlDisclosure"":""La cobertura de robo y pérdida requiere que tengas la función Buscar habilitada en tu dispositivo antes de que se pierda o te lo roben. Durante el proceso de reclamación, te pediremos que uses la función Buscar para poner el dispositivo perdido o robado en modo Perdido, borrarlo y transferir la propiedad a Apple para que podamos asignarte un nuevo dispositivo. Para asegurarte de que puedas iniciar sesión en Buscar y acceder a esta función, es importante que recuerdes tu ID de Apple y contraseña, y que mantengas la información de tu cuenta actualizada. Si usas la autenticación de doble factor para el ID de Apple, te recomendamos que añadas un número de teléfono adicional de confianza a tu cuenta en el que puedas recibir el código de verificación de 6 dígitos que necesitas para iniciar sesión aunque no tengas tu iPhone. Para obtener más información, visita las páginas de Soporte técnico de Apple.""},""orderConfirmation"":{""agreementNumber"":""328430742634"",""coverageDurationStatement"":""Finaliza el 30/09/2028"",""termConditionURL"":""http://www.apple.com/legal/sales-support/"",""partNumber"":""SHMD3ZX/A"",""partAlias"":""ACPTL"",""partType"":""AC+TL"",""purchaseMode"":""C"",""appleCareSalesDate"":""01/10/2026"",""pocType"":""APOC"",""purchaseOrderNumber"":""33701074""}},""transactionId"":""96cafa28-7ace-475d-bd36-53342ee78d10-1790890543768""}"
True;5179974;2026-10-01 18:38:04.930000;2026-10-01 00:00:00;1001158;CREATEORDER;SJRD7D6D639;MDHA4CI/A;"{""orderDetailsResponses"":{""deviceEligibility"":{""secondaryDisplay"":""1"",""partDescription"":""AppleCare+ para 13-inch MacBook Air (M5)"",""coverageDuration"":""3"",""productStatement"":""AppleCare+ para 13-inch MacBook Air (M5) amplía la cobertura de servicio y soporte técnico a 3 años desde la fecha de compra de AppleCare+ e incluye cobertura para una cantidad ilimitada de incidentes por daño accidental debido a la manipulación del producto, cada uno de ellos sujeto a un cargo adicional de R$96000  por daños en la pantalla o la carcasa externa o de R$289000  por Otros daños accidentales. Lee todos los detalles en los Términos y condiciones de AppleCare+."",""deviceDateOfPurchase"":""01/10/2026"",""deviceId"":""SJRD7D6D639"",""registeredDevice"":""1"",""pocType"":""APOC"",""serialNumber"":""JRD7D6D639"",""partNumber"":""SCW83ZX/A"",""partAlias"":""ACP"",""purchaseMode"":""C"",""productDescription"":""MacBook Air (13-inch, M5)""},""orderConfirmation"":{""agreementNumber"":""328430745575"",""coverageDurationStatement"":""Finaliza el 30/09/2029"",""termConditionURL"":""http://www.apple.com/legal/sales-support/"",""partNumber"":""SCW83ZX/A"",""partAlias"":""ACP"",""partType"":""AppleCare+"",""purchaseMode"":""C"",""appleCareSalesDate"":""01/10/2026"",""pocType"":""APOC"",""purchaseOrderNumber"":""1001158""}},""transactionId"":""cce3eb8f-eb15-4e4d-9d7b-4dee52019447-1790890682512""}"
True;5138897;2026-10-01 18:38:17.160000;2026-10-01 00:00:00;3401139;VERIFYORDER;skxd4kc9hcr;MJRT4BE/A;"{""orderDetailsResponses"":{""deviceEligibility"":{""secondaryDisplay"":""0"",""partDescription"":""AppleCare+ con robo y pérdida para iPhone 18 Pro"",""coverageDuration"":""2"",""productStatement"":""Tu AppleCare+ con robo y pérdida para iPhone 18 Pro amplía la cobertura de servicio y soporte técnico a 2 años desde la fecha de compra de AppleCare+ con robo y pérdida e incluye cobertura para una cantidad ilimitada de incidentes por daño accidental debido a la manipulación del producto o un máximo de dos incidentes de robo y pérdida cada 12 meses, cada uno de ellos sujeto a un cargo adicional de R$28000  por los daños de la pantalla o la carcasa externa o de R$144000  por robo o pérdida o de R$96000  por Otros daños accidentales. Lee todos los detalles en los Términos y condiciones de AppleCare+."",""deviceDateOfPurchase"":""01/10/2026"",""deviceId"":""SKXD4KC9HCR"",""registeredDevice"":""1"",""pocType"":""APOC"",""serialNumber"":""KXD4KC9HCR"",""partNumber"":""SHMD3ZX/A"",""partAlias"":""ACPTL"",""purchaseMode"":""C"",""productDescription"":""iPhone 18 Pro"",""tlDisclosure"":""La cobertura de robo y pérdida requiere que tengas la función Buscar habilitada en tu dispositivo antes de que se pierda o te lo roben. Durante el proceso de reclamación, te pediremos que uses la función Buscar para poner el dispositivo perdido o robado en modo Perdido, borrarlo y transferir la propiedad a Apple para que podamos asignarte un nuevo dispositivo. Para asegurarte de que puedas iniciar sesión en Buscar y acceder a esta función, es importante que recuerdes tu ID de Apple y contraseña, y que mantengas la información de tu cuenta actualizada. Si usas la autenticación de doble factor para el ID de Apple, te recomendamos que añadas un número de teléfono adicional de confianza a tu cuenta en el que puedas recibir el código de verificación de 6 dígitos que necesitas para iniciar sesión aunque no tengas tu iPhone. Para obtener más información, visita las páginas de Soporte técnico de Apple.""}},""transactionId"":""ea9cf4c4-1c42-4832-ac34-336360fdca44-1790890696582""}"
True;5138897;2026-10-01 18:40:36.340000;2026-10-01 00:00:00;3401139;CREATEORDER;skxd4kc9hcr;MJRT4BE/A;"{""orderDetailsResponses"":{""deviceEligibility"":{""secondaryDisplay"":""0"",""partDescription"":""AppleCare+ con robo y pérdida para iPhone 18 Pro"",""coverageDuration"":""2"",""productStatement"":""Tu AppleCare+ con robo y pérdida para iPhone 18 Pro amplía la cobertura de servicio y soporte técnico a 2 años desde la fecha de compra de AppleCare+ con robo y pérdida e incluye cobertura para una cantidad ilimitada de incidentes por daño accidental debido a la manipulación del producto o un máximo de dos incidentes de robo y pérdida cada 12 meses, cada uno de ellos sujeto a un cargo adicional de R$28000  por los daños de la pantalla o la carcasa externa o de R$144000  por robo o pérdida o de R$96000  por Otros daños accidentales. Lee todos los detalles en los Términos y condiciones de AppleCare+."",""deviceDateOfPurchase"":""01/10/2026"",""deviceId"":""SKXD4KC9HCR"",""registeredDevice"":""1"",""pocType"":""APOC"",""serialNumber"":""KXD4KC9HCR"",""partNumber"":""SHMD3ZX/A"",""partAlias"":""ACPTL"",""purchaseMode"":""C"",""productDescription"":""iPhone 18 Pro"",""tlDisclosure"":""La cobertura de robo y pérdida requiere que tengas la función Buscar habilitada en tu dispositivo antes de que se pierda o te lo roben. Durante el proceso de reclamación, te pediremos que uses la función Buscar para poner el dispositivo perdido o robado en modo Perdido, borrarlo y transferir la propiedad a Apple para que podamos asignarte un nuevo dispositivo. Para asegurarte de que puedas iniciar sesión en Buscar y acceder a esta función, es importante que recuerdes tu ID de Apple y contraseña, y que mantengas la información de tu cuenta actualizada. Si usas la autenticación de doble factor para el ID de Apple, te recomendamos que añadas un número de teléfono adicional de confianza a tu cuenta en el que puedas recibir el código de verificación de 6 dígitos que necesitas para iniciar sesión aunque no tengas tu iPhone. Para obtener más información, visita las páginas de Soporte técnico de Apple.""},""orderConfirmation"":{""agreementNumber"":""328430749554"",""coverageDurationStatement"":""Finaliza el 30/09/2028"",""termConditionURL"":""http://www.apple.com/legal/sales-support/"",""partNumber"":""SHMD3ZX/A"",""partAlias"":""ACPTL"",""partType"":""AC+TL"",""purchaseMode"":""C"",""appleCareSalesDate"":""01/10/2026"",""pocType"":""APOC"",""purchaseOrderNumber"":""3401139""}},""transactionId"":""5a28711c-c989-4b8c-ac28-4a5a729d1bc0-1790890831524""}"
True;5179616;2026-10-01 18:45:07.197000;2026-10-01 00:00:00;32601123;VERIFYORDER;SPL62CQ5CW7;MDHH4CI/A;"{""orderDetailsResponses"":{""deviceEligibility"":{""secondaryDisplay"":""1"",""partDescription"":""AppleCare+ para 13-inch MacBook Air (M5)"",""coverageDuration"":""3"",""productStatement"":""AppleCare+ para 13-inch MacBook Air (M5) amplía la cobertura de servicio y soporte técnico a 3 años desde la fecha de compra de AppleCare+ e incluye cobertura para una cantidad ilimitada de incidentes por daño accidental debido a la manipulación del producto, cada uno de ellos sujeto a un cargo adicional de R$96000  por daños en la pantalla o la carcasa externa o de R$289000  por Otros daños accidentales. Lee todos los detalles en los Términos y condiciones de AppleCare+."",""deviceDateOfPurchase"":""01/10/2026"",""deviceId"":""SPL62CQ5CW7"",""registeredDevice"":""1"",""pocType"":""APOC"",""serialNumber"":""PL62CQ5CW7"",""partNumber"":""SCW83ZX/A"",""partAlias"":""ACP"",""purchaseMode"":""C"",""productDescription"":""MacBook Air (13-inch, M5)""}},""transactionId"":""5993e306-21f1-49c3-b860-ec46bed5f093-1790891106688""}"
True;5179616;2026-10-01 18:48:07.967000;2026-10-01 00:00:00;32601123;CREATEORDER;SPL62CQ5CW7;MDHH4CI/A;"{""orderDetailsResponses"":{""deviceEligibility"":{""secondaryDisplay"":""1"",""partDescription"":""AppleCare+ para 13-inch MacBook Air (M5)"",""coverageDuration"":""3"",""productStatement"":""AppleCare+ para 13-inch MacBook Air (M5) amplía la cobertura de servicio y soporte técnico a 3 años desde la fecha de compra de AppleCare+ e incluye cobertura para una cantidad ilimitada de incidentes por daño accidental debido a la manipulación del producto, cada uno de ellos sujeto a un cargo adicional de R$96000  por daños en la pantalla o la carcasa externa o de R$289000  por Otros daños accidentales. Lee todos los detalles en los Términos y condiciones de AppleCare+."",""deviceDateOfPurchase"":""01/10/2026"",""deviceId"":""SPL62CQ5CW7"",""registeredDevice"":""1"",""pocType"":""APOC"",""serialNumber"":""PL62CQ5CW7"",""partNumber"":""SCW83ZX/A"",""partAlias"":""ACP"",""purchaseMode"":""C"",""productDescription"":""MacBook Air (13-inch, M5)""},""orderConfirmation"":{""agreementNumber"":""328430741749"",""coverageDurationStatement"":""Finaliza el 30/09/2029"",""termConditionURL"":""http://www.apple.com/legal/sales-support/"",""partNumber"":""SCW83ZX/A"",""partAlias"":""ACP"",""partType"":""AppleCare+"",""purchaseMode"":""C"",""appleCareSalesDate"":""01/10/2026"",""pocType"":""APOC"",""purchaseOrderNumber"":""32601123""}},""transactionId"":""f1344a93-3195-4bd5-b6eb-01fabb0887e5-1790891285208""}"
True;1343455;2026-10-01 18:58:43.130000;2026-10-01 00:00:00;40001088;VERIFYORDER;SKG2MJGKJ4F;MD4E4CI/A;"{""orderDetailsResponses"":{""deviceEligibility"":{""secondaryDisplay"":""1"",""partDescription"":""AppleCare+ para iPad (A16)"",""coverageDuration"":""2"",""productStatement"":""AppleCare+ para iPad (A16) amplía la cobertura de servicio y soporte técnico a 2 años desde la fecha de compra de AppleCare+ e incluye cobertura para una cantidad ilimitada de incidentes por daño accidental debido a la manipulación del producto, cada uno de ellos sujeto a un cargo adicional de R$96000  por Otros daños accidentales o de R$28000  por Daños que afectan solo a la pantalla o de R$28000  por Apple Pencil / Keyboard. Lee todos los detalles en los Términos y condiciones de AppleCare+."",""deviceDateOfPurchase"":""01/10/2026"",""deviceId"":""SKG2MJGKJ4F"",""registeredDevice"":""1"",""pocType"":""APOC"",""serialNumber"":""KG2MJGKJ4F"",""partNumber"":""SUYD2ZX/A"",""partAlias"":""ACP"",""purchaseMode"":""C"",""productDescription"":""iPad (A16) Wi-Fi""}},""transactionId"":""e7171e1b-9f42-4b67-ba02-1dc26de63b93-1790891922593""}"
True;1343455;2026-10-01 19:00:03.807000;2026-10-01 00:00:00;40001088;CREATEORDER;SKG2MJGKJ4F;MD4E4CI/A;"{""orderDetailsResponses"":{""deviceEligibility"":{""secondaryDisplay"":""1"",""partDescription"":""AppleCare+ para iPad (A16)"",""coverageDuration"":""2"",""productStatement"":""AppleCare+ para iPad (A16) amplía la cobertura de servicio y soporte técnico a 2 años desde la fecha de compra de AppleCare+ e incluye cobertura para una cantidad ilimitada de incidentes por daño accidental debido a la manipulación del producto, cada uno de ellos sujeto a un cargo adicional de R$96000  por Otros daños accidentales o de R$28000  por Daños que afectan solo a la pantalla o de R$28000  por Apple Pencil / Keyboard. Lee todos los detalles en los Términos y condiciones de AppleCare+."",""deviceDateOfPurchase"":""01/10/2026"",""deviceId"":""SKG2MJGKJ4F"",""registeredDevice"":""1"",""pocType"":""APOC"",""serialNumber"":""KG2MJGKJ4F"",""partNumber"":""SUYD2ZX/A"",""partAlias"":""ACP"",""purchaseMode"":""C"",""productDescription"":""iPad (A16) Wi-Fi""},""orderConfirmation"":{""agreementNumber"":""328430742782"",""coverageDurationStatement"":""Finaliza el 30/09/2028"",""termConditionURL"":""http://www.apple.com/legal/sales-support/"",""partNumber"":""SUYD2ZX/A"",""partAlias"":""ACP"",""partType"":""AppleCare+"",""purchaseMode"":""C"",""appleCareSalesDate"":""01/10/2026"",""pocType"":""APOC"",""purchaseOrderNumber"":""40001088""}},""transactionId"":""29988710-129f-4429-a701-88a2e59c2669-1790891998435""}"
True;1341383;2026-10-01 19:01:39.943000;2026-10-01 00:00:00;11101137;VERIFYORDER;SHCYTV26HT9;MDWK4CI/A;"{""orderDetailsResponses"":{""deviceEligibility"":{""secondaryDisplay"":""1"",""partDescription"":""AppleCare+ para iPad Pro 11-inch (M5)"",""coverageDuration"":""2"",""productStatement"":""AppleCare+ para iPad Pro 11-inch (M5) amplía la cobertura de servicio y soporte técnico a 2 años desde la fecha de compra de AppleCare+ e incluye cobertura para una cantidad ilimitada de incidentes por daño accidental debido a la manipulación del producto, cada uno de ellos sujeto a un cargo adicional de R$28000  por Apple Pencil / Keyboard o de R$28000  por Daños que afectan solo a la pantalla o de R$96000  por Otros daños accidentales. Lee todos los detalles en los Términos y condiciones de AppleCare+."",""deviceDateOfPurchase"":""01/10/2026"",""deviceId"":""SHCYTV26HT9"",""registeredDevice"":""1"",""pocType"":""APOC"",""serialNumber"":""HCYTV26HT9"",""partNumber"":""SXT02ZX/A"",""partAlias"":""ACP"",""purchaseMode"":""C"",""productDescription"":""iPad Pro 11-inch (M5) Wi-Fi""}},""transactionId"":""5a854f73-4734-4b6c-a24d-8525f754e238-1790892099356""}"
True;1338548;2026-10-01 19:02:52.500000;2026-10-01 00:00:00;4301151;VERIFYORDER;SFHM70673KD;MJXQ4BE/A;"{""orderDetailsResponses"":{""deviceEligibility"":{""secondaryDisplay"":""0"",""partDescription"":""AppleCare+ con robo y pérdida para iPhone 18 Pro Max"",""coverageDuration"":""2"",""productStatement"":""Tu AppleCare+ con robo y pérdida para iPhone 18 Pro Max amplía la cobertura de servicio y soporte técnico a 2 años desde la fecha de compra de AppleCare+ con robo y pérdida e incluye cobertura para una cantidad ilimitada de incidentes por daño accidental debido a la manipulación del producto o un máximo de dos incidentes de robo y pérdida cada 12 meses, cada uno de ellos sujeto a un cargo adicional de R$28000  por los daños de la pantalla o la carcasa externa o de R$144000  por robo o pérdida o de R$96000  por Otros daños accidentales. Lee todos los detalles en los Términos y condiciones de AppleCare+."",""deviceDateOfPurchase"":""01/10/2026"",""deviceId"":""SFHM70673KD"",""registeredDevice"":""1"",""pocType"":""APOC"",""serialNumber"":""FHM70673KD"",""partNumber"":""SHMP3ZX/A"",""partAlias"":""ACPTL"",""purchaseMode"":""C"",""productDescription"":""iPhone 18 Pro Max"",""tlDisclosure"":""La cobertura de robo y pérdida requiere que tengas la función Buscar habilitada en tu dispositivo antes de que se pierda o te lo roben. Durante el proceso de reclamación, te pediremos que uses la función Buscar para poner el dispositivo perdido o robado en modo Perdido, borrarlo y transferir la propiedad a Apple para que podamos asignarte un nuevo dispositivo. Para asegurarte de que puedas iniciar sesión en Buscar y acceder a esta función, es importante que recuerdes tu ID de Apple y contraseña, y que mantengas la información de tu cuenta actualizada. Si usas la autenticación de doble factor para el ID de Apple, te recomendamos que añadas un número de teléfono adicional de confianza a tu cuenta en el que puedas recibir el código de verificación de 6 dígitos que necesitas para iniciar sesión aunque no tengas tu iPhone. Para obtener más información, visita las páginas de Soporte técnico de Apple.""}},""transactionId"":""ec73ee5f-52d1-4bc8-bc84-685402512884-1790892172009""}"
True;5141843;2026-10-01 19:03:13.490000;2026-10-01 00:00:00;1701160;VERIFYORDER;SCGJGTQXVMV;MJKR4AM/A;"{""orderDetailsResponses"":{""deviceEligibility"":{""secondaryDisplay"":""0"",""partDescription"":""AppleCare+ para Apple Watch SE (3rd gen)"",""coverageDuration"":""2"",""productStatement"":""AppleCare+ para Apple Watch SE (3rd gen) amplía la cobertura de servicio y soporte técnico a 2 años desde la fecha de compra de AppleCare+ e incluye cobertura para una cantidad ilimitada de incidentes por daño accidental debido a la manipulación del producto, cada uno de ellos sujeto a un cargo adicional de R$67000  por Otros daños accidentales. Lee todos los detalles en los Términos y condiciones de AppleCare+."",""deviceDateOfPurchase"":""01/10/2026"",""deviceId"":""SCGJGTQXVMV"",""registeredDevice"":""1"",""pocType"":""APOC"",""serialNumber"":""CGJGTQXVMV"",""partNumber"":""SXHW2ZX/A"",""partAlias"":""ACP"",""purchaseMode"":""C"",""productDescription"":""Watch SE (3rd gen, GPS) Aluminum 40MM""}},""transactionId"":""1408f04f-c6f2-487d-8439-68befa7e094d-1790892193003""}"
True;1341383;2026-10-01 19:04:37.193000;2026-10-01 00:00:00;11101137;CREATEORDER;SHCYTV26HT9;MDWK4CI/A;"{""orderDetailsResponses"":{""deviceEligibility"":{""secondaryDisplay"":""1"",""partDescription"":""AppleCare+ para iPad Pro 11-inch (M5)"",""coverageDuration"":""2"",""productStatement"":""AppleCare+ para iPad Pro 11-inch (M5) amplía la cobertura de servicio y soporte técnico a 2 años desde la fecha de compra de AppleCare+ e incluye cobertura para una cantidad ilimitada de incidentes por daño accidental debido a la manipulación del producto, cada uno de ellos sujeto a un cargo adicional de R$28000  por Apple Pencil / Keyboard o de R$28000  por Daños que afectan solo a la pantalla o de R$96000  por Otros daños accidentales. Lee todos los detalles en los Términos y condiciones de AppleCare+."",""deviceDateOfPurchase"":""01/10/2026"",""deviceId"":""SHCYTV26HT9"",""registeredDevice"":""1"",""pocType"":""APOC"",""serialNumber"":""HCYTV26HT9"",""partNumber"":""SXT02ZX/A"",""partAlias"":""ACP"",""purchaseMode"":""C"",""productDescription"":""iPad Pro 11-inch (M5) Wi-Fi""},""orderConfirmation"":{""agreementNumber"":""328430740972"",""coverageDurationStatement"":""Finaliza el 30/09/2028"",""termConditionURL"":""http://www.apple.com/legal/sales-support/"",""partNumber"":""SXT02ZX/A"",""partAlias"":""ACP"",""partType"":""AppleCare+"",""purchaseMode"":""C"",""appleCareSalesDate"":""01/10/2026"",""pocType"":""APOC"",""purchaseOrderNumber"":""11101137""}},""transactionId"":""3f6156ed-3eea-46f2-b656-c0dcad59c62b-1790892272205""}"
True;5141843;2026-10-01 19:07:01.563000;2026-10-01 00:00:00;1701160;CREATEORDER;SCGJGTQXVMV;MJKR4AM/A;"{""orderDetailsResponses"":{""deviceEligibility"":{""secondaryDisplay"":""0"",""partDescription"":""AppleCare+ para Apple Watch SE (3rd gen)"",""coverageDuration"":""2"",""productStatement"":""AppleCare+ para Apple Watch SE (3rd gen) amplía la cobertura de servicio y soporte técnico a 2 años desde la fecha de compra de AppleCare+ e incluye cobertura para una cantidad ilimitada de incidentes por daño accidental debido a la manipulación del producto, cada uno de ellos sujeto a un cargo adicional de R$67000  por Otros daños accidentales. Lee todos los detalles en los Términos y condiciones de AppleCare+."",""deviceDateOfPurchase"":""01/10/2026"",""deviceId"":""SCGJGTQXVMV"",""registeredDevice"":""1"",""pocType"":""APOC"",""serialNumber"":""CGJGTQXVMV"",""partNumber"":""SXHW2ZX/A"",""partAlias"":""ACP"",""purchaseMode"":""C"",""productDescription"":""Watch SE (3rd gen, GPS) Aluminum 40MM""},""orderConfirmation"":{""agreementNumber"":""328430747726"",""coverageDurationStatement"":""Finaliza el 30/09/2028"",""termConditionURL"":""http://www.apple.com/legal/sales-support/"",""partNumber"":""SXHW2ZX/A"",""partAlias"":""ACP"",""partType"":""AppleCare+"",""purchaseMode"":""C"",""appleCareSalesDate"":""01/10/2026"",""pocType"":""APOC"",""purchaseOrderNumber"":""1701160""}},""transactionId"":""760a0e1e-4b9b-4fa8-8f12-cb028b9faedb-1790892416436""}"
True;1338548;2026-10-01 19:11:00.510000;2026-10-01 00:00:00;4301151;CREATEORDER;SFHM70673KD;MJXQ4BE/A;"{""orderDetailsResponses"":{""deviceEligibility"":{""secondaryDisplay"":""0"",""partDescription"":""AppleCare+ con robo y pérdida para iPhone 18 Pro Max"",""coverageDuration"":""2"",""productStatement"":""Tu AppleCare+ con robo y pérdida para iPhone 18 Pro Max amplía la cobertura de servicio y soporte técnico a 2 años desde la fecha de compra de AppleCare+ con robo y pérdida e incluye cobertura para una cantidad ilimitada de incidentes por daño accidental debido a la manipulación del producto o un máximo de dos incidentes de robo y pérdida cada 12 meses, cada uno de ellos sujeto a un cargo adicional de R$28000  por los daños de la pantalla o la carcasa externa o de R$144000  por robo o pérdida o de R$96000  por Otros daños accidentales. Lee todos los detalles en los Términos y condiciones de AppleCare+."",""deviceDateOfPurchase"":""01/10/2026"",""deviceId"":""SFHM70673KD"",""registeredDevice"":""1"",""pocType"":""APOC"",""serialNumber"":""FHM70673KD"",""partNumber"":""SHMP3ZX/A"",""partAlias"":""ACPTL"",""purchaseMode"":""C"",""productDescription"":""iPhone 18 Pro Max"",""tlDisclosure"":""La cobertura de robo y pérdida requiere que tengas la función Buscar habilitada en tu dispositivo antes de que se pierda o te lo roben. Durante el proceso de reclamación, te pediremos que uses la función Buscar para poner el dispositivo perdido o robado en modo Perdido, borrarlo y transferir la propiedad a Apple para que podamos asignarte un nuevo dispositivo. Para asegurarte de que puedas iniciar sesión en Buscar y acceder a esta función, es importante que recuerdes tu ID de Apple y contraseña, y que mantengas la información de tu cuenta actualizada. Si usas la autenticación de doble factor para el ID de Apple, te recomendamos que añadas un número de teléfono adicional de confianza a tu cuenta en el que puedas recibir el código de verificación de 6 dígitos que necesitas para iniciar sesión aunque no tengas tu iPhone. Para obtener más información, visita las páginas de Soporte técnico de Apple.""},""orderConfirmation"":{""agreementNumber"":""328430749747"",""coverageDurationStatement"":""Finaliza el 30/09/2028"",""termConditionURL"":""http://www.apple.com/legal/sales-support/"",""partNumber"":""SHMP3ZX/A"",""partAlias"":""ACPTL"",""partType"":""AC+TL"",""purchaseMode"":""C"",""appleCareSalesDate"":""01/10/2026"",""pocType"":""APOC"",""purchaseOrderNumber"":""4301151""}},""transactionId"":""8c52ed9a-3487-4bd8-b723-717d852f826d-1790892655212""}"
True;1341224;2026-10-01 19:11:03.487000;2026-10-01 00:00:00;27901111;VERIFYORDER;SM06TTV33FN;MFYM4BE/A;"{""orderDetailsResponses"":{""deviceEligibility"":{""secondaryDisplay"":""0"",""partDescription"":""AppleCare+ con robo y pérdida para iPhone 17 Pro Max"",""coverageDuration"":""2"",""productStatement"":""Tu AppleCare+ con robo y pérdida para iPhone 17 Pro Max amplía la cobertura de servicio y soporte técnico a 2 años desde la fecha de compra de AppleCare+ con robo y pérdida e incluye cobertura para una cantidad ilimitada de incidentes por daño accidental debido a la manipulación del producto o un máximo de dos incidentes de robo y pérdida cada 12 meses, cada uno de ellos sujeto a un cargo adicional de R$96000  por Otros daños accidentales o de R$28000  por los daños de la pantalla o la carcasa externa o de R$144000  por robo o pérdida. Lee todos los detalles en los Términos y condiciones de AppleCare+."",""deviceDateOfPurchase"":""01/10/2026"",""deviceId"":""SM06TTV33FN"",""registeredDevice"":""1"",""pocType"":""APOC"",""serialNumber"":""M06TTV33FN"",""partNumber"":""SX382ZX/A"",""partAlias"":""ACPTL"",""purchaseMode"":""C"",""productDescription"":""iPhone 17 Pro Max"",""tlDisclosure"":""La cobertura de robo y pérdida requiere que tengas la función Buscar habilitada en tu dispositivo antes de que se pierda o te lo roben. Durante el proceso de reclamación, te pediremos que uses la función Buscar para poner el dispositivo perdido o robado en modo Perdido, borrarlo y transferir la propiedad a Apple para que podamos asignarte un nuevo dispositivo. Para asegurarte de que puedas iniciar sesión en Buscar y acceder a esta función, es importante que recuerdes tu ID de Apple y contraseña, y que mantengas la información de tu cuenta actualizada. Si usas la autenticación de doble factor para el ID de Apple, te recomendamos que añadas un número de teléfono adicional de confianza a tu cuenta en el que puedas recibir el código de verificación de 6 dígitos que necesitas para iniciar sesión aunque no tengas tu iPhone. Para obtener más información, visita las páginas de Soporte técnico de Apple.""}},""transactionId"":""b4210c18-2f54-425d-a2fc-d5741458e4ae-1790892662956""}"
True;1341224;2026-10-01 19:13:51.153000;2026-10-01 00:00:00;27901111;CREATEORDER;SM06TTV33FN;MFYM4BE/A;"{""orderDetailsResponses"":{""deviceEligibility"":{""secondaryDisplay"":""0"",""partDescription"":""AppleCare+ con robo y pérdida para iPhone 17 Pro Max"",""coverageDuration"":""2"",""productStatement"":""Tu AppleCare+ con robo y pérdida para iPhone 17 Pro Max amplía la cobertura de servicio y soporte técnico a 2 años desde la fecha de compra de AppleCare+ con robo y pérdida e incluye cobertura para una cantidad ilimitada de incidentes por daño accidental debido a la manipulación del producto o un máximo de dos incidentes de robo y pérdida cada 12 meses, cada uno de ellos sujeto a un cargo adicional de R$96000  por Otros daños accidentales o de R$28000  por los daños de la pantalla o la carcasa externa o de R$144000  por robo o pérdida. Lee todos los detalles en los Términos y condiciones de AppleCare+."",""deviceDateOfPurchase"":""01/10/2026"",""deviceId"":""SM06TTV33FN"",""registeredDevice"":""1"",""pocType"":""APOC"",""serialNumber"":""M06TTV33FN"",""partNumber"":""SX382ZX/A"",""partAlias"":""ACPTL"",""purchaseMode"":""C"",""productDescription"":""iPhone 17 Pro Max"",""tlDisclosure"":""La cobertura de robo y pérdida requiere que tengas la función Buscar habilitada en tu dispositivo antes de que se pierda o te lo roben. Durante el proceso de reclamación, te pediremos que uses la función Buscar para poner el dispositivo perdido o robado en modo Perdido, borrarlo y transferir la propiedad a Apple para que podamos asignarte un nuevo dispositivo. Para asegurarte de que puedas iniciar sesión en Buscar y acceder a esta función, es importante que recuerdes tu ID de Apple y contraseña, y que mantengas la información de tu cuenta actualizada. Si usas la autenticación de doble factor para el ID de Apple, te recomendamos que añadas un número de teléfono adicional de confianza a tu cuenta en el que puedas recibir el código de verificación de 6 dígitos que necesitas para iniciar sesión aunque no tengas tu iPhone. Para obtener más información, visita las páginas de Soporte técnico de Apple.""},""orderConfirmation"":{""agreementNumber"":""328430748734"",""coverageDurationStatement"":""Finaliza el 30/09/2028"",""termConditionURL"":""http://www.apple.com/legal/sales-support/"",""partNumber"":""SX382ZX/A"",""partAlias"":""ACPTL"",""partType"":""AC+TL"",""purchaseMode"":""C"",""appleCareSalesDate"":""01/10/2026"",""pocType"":""APOC"",""purchaseOrderNumber"":""27901111""}},""transactionId"":""7c793dbf-617c-4caf-82f2-6cb024f93f01-1790892826111""}"
True;5215770;2026-10-01 19:30:41.160000;2026-10-01 00:00:00;4501173;VERIFYORDER;SD4R56XJ6L2;MJXU4BE/A;"{""orderDetailsResponses"":{""deviceEligibility"":{""secondaryDisplay"":""0"",""partDescription"":""AppleCare+ con robo y pérdida para iPhone 18 Pro Max"",""coverageDuration"":""2"",""productStatement"":""Tu AppleCare+ con robo y pérdida para iPhone 18 Pro Max amplía la cobertura de servicio y soporte técnico a 2 años desde la fecha de compra de AppleCare+ con robo y pérdida e incluye cobertura para una cantidad ilimitada de incidentes por daño accidental debido a la manipulación del producto o un máximo de dos incidentes de robo y pérdida cada 12 meses, cada uno de ellos sujeto a un cargo adicional de R$28000  por los daños de la pantalla o la carcasa externa o de R$144000  por robo o pérdida o de R$96000  por Otros daños accidentales. Lee todos los detalles en los Términos y condiciones de AppleCare+."",""deviceDateOfPurchase"":""01/10/2026"",""deviceId"":""SD4R56XJ6L2"",""registeredDevice"":""1"",""pocType"":""APOC"",""serialNumber"":""D4R56XJ6L2"",""partNumber"":""SHMP3ZX/A"",""partAlias"":""ACPTL"",""purchaseMode"":""C"",""productDescription"":""iPhone 18 Pro Max"",""tlDisclosure"":""La cobertura de robo y pérdida requiere que tengas la función Buscar habilitada en tu dispositivo antes de que se pierda o te lo roben. Durante el proceso de reclamación, te pediremos que uses la función Buscar para poner el dispositivo perdido o robado en modo Perdido, borrarlo y transferir la propiedad a Apple para que podamos asignarte un nuevo dispositivo. Para asegurarte de que puedas iniciar sesión en Buscar y acceder a esta función, es importante que recuerdes tu ID de Apple y contraseña, y que mantengas la información de tu cuenta actualizada. Si usas la autenticación de doble factor para el ID de Apple, te recomendamos que añadas un número de teléfono adicional de confianza a tu cuenta en el que puedas recibir el código de verificación de 6 dígitos que necesitas para iniciar sesión aunque no tengas tu iPhone. Para obtener más información, visita las páginas de Soporte técnico de Apple.""}},""transactionId"":""1aba0025-ed38-4f70-b794-e786a2c253dc-1790893840620""}"
True;1344309;2026-10-01 19:45:24.120000;2026-10-01 00:00:00;3501139;VERIFYORDER;sgqp96f64g9;MJRP4BE/A;"{""orderDetailsResponses"":{""deviceEligibility"":{""secondaryDisplay"":""0"",""partDescription"":""AppleCare+ con robo y pérdida para iPhone 18 Pro"",""coverageDuration"":""2"",""productStatement"":""Tu AppleCare+ con robo y pérdida para iPhone 18 Pro amplía la cobertura de servicio y soporte técnico a 2 años desde la fecha de compra de AppleCare+ con robo y pérdida e incluye cobertura para una cantidad ilimitada de incidentes por daño accidental debido a la manipulación del producto o un máximo de dos incidentes de robo y pérdida cada 12 meses, cada uno de ellos sujeto a un cargo adicional de R$28000  por los daños de la pantalla o la carcasa externa o de R$144000  por robo o pérdida o de R$96000  por Otros daños accidentales. Lee todos los detalles en los Términos y condiciones de AppleCare+."",""deviceDateOfPurchase"":""01/10/2026"",""deviceId"":""SGQP96F64G9"",""registeredDevice"":""1"",""pocType"":""APOC"",""serialNumber"":""GQP96F64G9"",""partNumber"":""SHMD3ZX/A"",""partAlias"":""ACPTL"",""purchaseMode"":""C"",""productDescription"":""iPhone 18 Pro"",""tlDisclosure"":""La cobertura de robo y pérdida requiere que tengas la función Buscar habilitada en tu dispositivo antes de que se pierda o te lo roben. Durante el proceso de reclamación, te pediremos que uses la función Buscar para poner el dispositivo perdido o robado en modo Perdido, borrarlo y transferir la propiedad a Apple para que podamos asignarte un nuevo dispositivo. Para asegurarte de que puedas iniciar sesión en Buscar y acceder a esta función, es importante que recuerdes tu ID de Apple y contraseña, y que mantengas la información de tu cuenta actualizada. Si usas la autenticación de doble factor para el ID de Apple, te recomendamos que añadas un número de teléfono adicional de confianza a tu cuenta en el que puedas recibir el código de verificación de 6 dígitos que necesitas para iniciar sesión aunque no tengas tu iPhone. Para obtener más información, visita las páginas de Soporte técnico de Apple.""}},""transactionId"":""66423545-930d-40ed-8d38-30af8b6ea1d8-1790894723514""}"
True;5215770;2026-10-01 19:46:41.970000;2026-10-01 00:00:00;4501173;CREATEORDER;SD4R56XJ6L2;MJXU4BE/A;"{""orderDetailsResponses"":{""deviceEligibility"":{""secondaryDisplay"":""0"",""partDescription"":""AppleCare+ con robo y pérdida para iPhone 18 Pro Max"",""coverageDuration"":""2"",""productStatement"":""Tu AppleCare+ con robo y pérdida para iPhone 18 Pro Max amplía la cobertura de servicio y soporte técnico a 2 años desde la fecha de compra de AppleCare+ con robo y pérdida e incluye cobertura para una cantidad ilimitada de incidentes por daño accidental debido a la manipulación del producto o un máximo de dos incidentes de robo y pérdida cada 12 meses, cada uno de ellos sujeto a un cargo adicional de R$28000  por los daños de la pantalla o la carcasa externa o de R$144000  por robo o pérdida o de R$96000  por Otros daños accidentales. Lee todos los detalles en los Términos y condiciones de AppleCare+."",""deviceDateOfPurchase"":""01/10/2026"",""deviceId"":""SD4R56XJ6L2"",""registeredDevice"":""1"",""pocType"":""APOC"",""serialNumber"":""D4R56XJ6L2"",""partNumber"":""SHMP3ZX/A"",""partAlias"":""ACPTL"",""purchaseMode"":""C"",""productDescription"":""iPhone 18 Pro Max"",""tlDisclosure"":""La cobertura de robo y pérdida requiere que tengas la función Buscar habilitada en tu dispositivo antes de que se pierda o te lo roben. Durante el proceso de reclamación, te pediremos que uses la función Buscar para poner el dispositivo perdido o robado en modo Perdido, borrarlo y transferir la propiedad a Apple para que podamos asignarte un nuevo dispositivo. Para asegurarte de que puedas iniciar sesión en Buscar y acceder a esta función, es importante que recuerdes tu ID de Apple y contraseña, y que mantengas la información de tu cuenta actualizada. Si usas la autenticación de doble factor para el ID de Apple, te recomendamos que añadas un número de teléfono adicional de confianza a tu cuenta en el que puedas recibir el código de verificación de 6 dígitos que necesitas para iniciar sesión aunque no tengas tu iPhone. Para obtener más información, visita las páginas de Soporte técnico de Apple.""},""orderConfirmation"":{""agreementNumber"":""328430761071"",""coverageDurationStatement"":""Finaliza el 30/09/2028"",""termConditionURL"":""http://www.apple.com/legal/sales-support/"",""partNumber"":""SHMP3ZX/A"",""partAlias"":""ACPTL"",""partType"":""AC+TL"",""purchaseMode"":""C"",""appleCareSalesDate"":""01/10/2026"",""pocType"":""APOC"",""purchaseOrderNumber"":""4501173""}},""transactionId"":""a7b1b7fc-7dbb-4e17-a025-a0cd887b1fbd-1790894796566""}"
True;1319416;2026-10-01 19:50:59.057000;2026-10-01 00:00:00;8901006;VERIFYORDER;SKCJQJ9Q930;MDHK4CI/A;"{""orderDetailsResponses"":{""deviceEligibility"":{""secondaryDisplay"":""1"",""partDescription"":""AppleCare+ para 13-inch MacBook Air (M5)"",""coverageDuration"":""3"",""productStatement"":""AppleCare+ para 13-inch MacBook Air (M5) amplía la cobertura de servicio y soporte técnico a 3 años desde la fecha de compra de AppleCare+ e incluye cobertura para una cantidad ilimitada de incidentes por daño accidental debido a la manipulación del producto, cada uno de ellos sujeto a un cargo adicional de R$96000  por daños en la pantalla o la carcasa externa o de R$289000  por Otros daños accidentales. Lee todos los detalles en los Términos y condiciones de AppleCare+."",""deviceDateOfPurchase"":""01/10/2026"",""deviceId"":""SKCJQJ9Q930"",""registeredDevice"":""1"",""pocType"":""APOC"",""serialNumber"":""KCJQJ9Q930"",""partNumber"":""SCW83ZX/A"",""partAlias"":""ACP"",""purchaseMode"":""C"",""productDescription"":""MacBook Air (13-inch, M5)""}},""transactionId"":""629831cd-dc65-4356-83f4-8d3b2b6ae01a-1790895058542""}"
True;5201180;2026-10-01 19:52:09.590000;2026-10-01 00:00:00;28001111;VERIFYORDER;SL4719PQT9Q;MJT14BE/A;"{""orderDetailsResponses"":{""deviceEligibility"":{""secondaryDisplay"":""0"",""partDescription"":""AppleCare+ con robo y pérdida para iPhone 18 Pro"",""coverageDuration"":""2"",""productStatement"":""Tu AppleCare+ con robo y pérdida para iPhone 18 Pro amplía la cobertura de servicio y soporte técnico a 2 años desde la fecha de compra de AppleCare+ con robo y pérdida e incluye cobertura para una cantidad ilimitada de incidentes por daño accidental debido a la manipulación del producto o un máximo de dos incidentes de robo y pérdida cada 12 meses, cada uno de ellos sujeto a un cargo adicional de R$28000  por los daños de la pantalla o la carcasa externa o de R$144000  por robo o pérdida o de R$96000  por Otros daños accidentales. Lee todos los detalles en los Términos y condiciones de AppleCare+."",""deviceDateOfPurchase"":""01/10/2026"",""deviceId"":""SL4719PQT9Q"",""registeredDevice"":""1"",""pocType"":""APOC"",""serialNumber"":""L4719PQT9Q"",""partNumber"":""SHMD3ZX/A"",""partAlias"":""ACPTL"",""purchaseMode"":""C"",""productDescription"":""iPhone 18 Pro"",""tlDisclosure"":""La cobertura de robo y pérdida requiere que tengas la función Buscar habilitada en tu dispositivo antes de que se pierda o te lo roben. Durante el proceso de reclamación, te pediremos que uses la función Buscar para poner el dispositivo perdido o robado en modo Perdido, borrarlo y transferir la propiedad a Apple para que podamos asignarte un nuevo dispositivo. Para asegurarte de que puedas iniciar sesión en Buscar y acceder a esta función, es importante que recuerdes tu ID de Apple y contraseña, y que mantengas la información de tu cuenta actualizada. Si usas la autenticación de doble factor para el ID de Apple, te recomendamos que añadas un número de teléfono adicional de confianza a tu cuenta en el que puedas recibir el código de verificación de 6 dígitos que necesitas para iniciar sesión aunque no tengas tu iPhone. Para obtener más información, visita las páginas de Soporte técnico de Apple.""}},""transactionId"":""25a5f59e-15b6-48c5-8c7b-55b57e036564-1790895129052""}"
True;1344309;2026-10-01 19:52:28.060000;2026-10-01 00:00:00;3501139;CREATEORDER;sgqp96f64g9;MJRP4BE/A;"{""orderDetailsResponses"":{""deviceEligibility"":{""secondaryDisplay"":""0"",""partDescription"":""AppleCare+ con robo y pérdida para iPhone 18 Pro"",""coverageDuration"":""2"",""productStatement"":""Tu AppleCare+ con robo y pérdida para iPhone 18 Pro amplía la cobertura de servicio y soporte técnico a 2 años desde la fecha de compra de AppleCare+ con robo y pérdida e incluye cobertura para una cantidad ilimitada de incidentes por daño accidental debido a la manipulación del producto o un máximo de dos incidentes de robo y pérdida cada 12 meses, cada uno de ellos sujeto a un cargo adicional de R$28000  por los daños de la pantalla o la carcasa externa o de R$144000  por robo o pérdida o de R$96000  por Otros daños accidentales. Lee todos los detalles en los Términos y condiciones de AppleCare+."",""deviceDateOfPurchase"":""01/10/2026"",""deviceId"":""SGQP96F64G9"",""registeredDevice"":""1"",""pocType"":""APOC"",""serialNumber"":""GQP96F64G9"",""partNumber"":""SHMD3ZX/A"",""partAlias"":""ACPTL"",""purchaseMode"":""C"",""productDescription"":""iPhone 18 Pro"",""tlDisclosure"":""La cobertura de robo y pérdida requiere que tengas la función Buscar habilitada en tu dispositivo antes de que se pierda o te lo roben. Durante el proceso de reclamación, te pediremos que uses la función Buscar para poner el dispositivo perdido o robado en modo Perdido, borrarlo y transferir la propiedad a Apple para que podamos asignarte un nuevo dispositivo. Para asegurarte de que puedas iniciar sesión en Buscar y acceder a esta función, es importante que recuerdes tu ID de Apple y contraseña, y que mantengas la información de tu cuenta actualizada. Si usas la autenticación de doble factor para el ID de Apple, te recomendamos que añadas un número de teléfono adicional de confianza a tu cuenta en el que puedas recibir el código de verificación de 6 dígitos que necesitas para iniciar sesión aunque no tengas tu iPhone. Para obtener más información, visita las páginas de Soporte técnico de Apple.""},""orderConfirmation"":{""agreementNumber"":""328430760202"",""coverageDurationStatement"":""Finaliza el 30/09/2028"",""termConditionURL"":""http://www.apple.com/legal/sales-support/"",""partNumber"":""SHMD3ZX/A"",""partAlias"":""ACPTL"",""partType"":""AC+TL"",""purchaseMode"":""C"",""appleCareSalesDate"":""01/10/2026"",""pocType"":""APOC"",""purchaseOrderNumber"":""3501139""}},""transactionId"":""f933d270-3c72-4fc0-baf4-3bfb9e5f31e1-1790895143176""}"
True;1319416;2026-10-01 19:54:28.580000;2026-10-01 00:00:00;8901006;CREATEORDER;SKCJQJ9Q930;MDHK4CI/A;"{""orderDetailsResponses"":{""deviceEligibility"":{""secondaryDisplay"":""1"",""partDescription"":""AppleCare+ para 13-inch MacBook Air (M5)"",""coverageDuration"":""3"",""productStatement"":""AppleCare+ para 13-inch MacBook Air (M5) amplía la cobertura de servicio y soporte técnico a 3 años desde la fecha de compra de AppleCare+ e incluye cobertura para una cantidad ilimitada de incidentes por daño accidental debido a la manipulación del producto, cada uno de ellos sujeto a un cargo adicional de R$96000  por daños en la pantalla o la carcasa externa o de R$289000  por Otros daños accidentales. Lee todos los detalles en los Términos y condiciones de AppleCare+."",""deviceDateOfPurchase"":""01/10/2026"",""deviceId"":""SKCJQJ9Q930"",""registeredDevice"":""1"",""pocType"":""APOC"",""serialNumber"":""KCJQJ9Q930"",""partNumber"":""SCW83ZX/A"",""partAlias"":""ACP"",""purchaseMode"":""C"",""productDescription"":""MacBook Air (13-inch, M5)""},""orderConfirmation"":{""agreementNumber"":""328430747939"",""coverageDurationStatement"":""Finaliza el 30/09/2029"",""termConditionURL"":""http://www.apple.com/legal/sales-support/"",""partNumber"":""SCW83ZX/A"",""partAlias"":""ACP"",""partType"":""AppleCare+"",""purchaseMode"":""C"",""appleCareSalesDate"":""01/10/2026"",""pocType"":""APOC"",""purchaseOrderNumber"":""8901006""}},""transactionId"":""dcd369f8-b61b-423a-b845-935fc3a34087-1790895265919""}"
True;5201180;2026-10-01 20:01:02.483000;2026-10-01 00:00:00;28001111;CREATEORDER;SL4719PQT9Q;MJT14BE/A;"{""orderDetailsResponses"":{""deviceEligibility"":{""secondaryDisplay"":""0"",""partDescription"":""AppleCare+ con robo y pérdida para iPhone 18 Pro"",""coverageDuration"":""2"",""productStatement"":""Tu AppleCare+ con robo y pérdida para iPhone 18 Pro amplía la cobertura de servicio y soporte técnico a 2 años desde la fecha de compra de AppleCare+ con robo y pérdida e incluye cobertura para una cantidad ilimitada de incidentes por daño accidental debido a la manipulación del producto o un máximo de dos incidentes de robo y pérdida cada 12 meses, cada uno de ellos sujeto a un cargo adicional de R$28000  por los daños de la pantalla o la carcasa externa o de R$144000  por robo o pérdida o de R$96000  por Otros daños accidentales. Lee todos los detalles en los Términos y condiciones de AppleCare+."",""deviceDateOfPurchase"":""01/10/2026"",""deviceId"":""SL4719PQT9Q"",""registeredDevice"":""1"",""pocType"":""APOC"",""serialNumber"":""L4719PQT9Q"",""partNumber"":""SHMD3ZX/A"",""partAlias"":""ACPTL"",""purchaseMode"":""C"",""productDescription"":""iPhone 18 Pro"",""tlDisclosure"":""La cobertura de robo y pérdida requiere que tengas la función Buscar habilitada en tu dispositivo antes de que se pierda o te lo roben. Durante el proceso de reclamación, te pediremos que uses la función Buscar para poner el dispositivo perdido o robado en modo Perdido, borrarlo y transferir la propiedad a Apple para que podamos asignarte un nuevo dispositivo. Para asegurarte de que puedas iniciar sesión en Buscar y acceder a esta función, es importante que recuerdes tu ID de Apple y contraseña, y que mantengas la información de tu cuenta actualizada. Si usas la autenticación de doble factor para el ID de Apple, te recomendamos que añadas un número de teléfono adicional de confianza a tu cuenta en el que puedas recibir el código de verificación de 6 dígitos que necesitas para iniciar sesión aunque no tengas tu iPhone. Para obtener más información, visita las páginas de Soporte técnico de Apple.""},""orderConfirmation"":{""agreementNumber"":""328430748935"",""coverageDurationStatement"":""Finaliza el 30/09/2028"",""termConditionURL"":""http://www.apple.com/legal/sales-support/"",""partNumber"":""SHMD3ZX/A"",""partAlias"":""ACPTL"",""partType"":""AC+TL"",""purchaseMode"":""C"",""appleCareSalesDate"":""01/10/2026"",""pocType"":""APOC"",""purchaseOrderNumber"":""28001111""}},""transactionId"":""66dedeb9-5287-4385-b3d3-a1320a3ece77-1790895657229""}"
