flag_success;folio;date_log;creation_date;purchase_order_number;action;serie;item_code;response
True;5028987;2026-08-03 08:36:27.437000;2026-08-02 00:00:00;5028987;VERIFYORDER;SG075L6NJTQ;MCGC4CI/A;"{""orderDetailsResponses"":{""deviceEligibility"":{""secondaryDisplay"":""1"",""partDescription"":""AppleCare+ para iPad Air 11-inch (M3)"",""coverageDuration"":""2"",""productStatement"":""AppleCare+ para iPad Air 11-inch (M3) amplía la cobertura de servicio y soporte técnico a 2 años desde la fecha de compra de AppleCare+ e incluye cobertura para una cantidad ilimitada de incidentes por daño accidental debido a la manipulación del producto, cada uno de ellos sujeto a un cargo adicional de R$96000  por Otros daños accidentales o de R$28000  por Daños que afectan solo a la pantalla o de R$28000  por Apple Pencil / Keyboard. Lee todos los detalles en los Términos y condiciones de AppleCare+."",""deviceDateOfPurchase"":""03/08/2026"",""deviceId"":""SG075L6NJTQ"",""registeredDevice"":""1"",""pocType"":""APOC"",""serialNumber"":""G075L6NJTQ"",""partNumber"":""SV072ZX/A"",""partAlias"":""ACP"",""purchaseMode"":""C"",""productDescription"":""iPad Air 11-inch (M3) Wi-Fi + Cellular""}},""transactionId"":""594f8d5e-7656-49bf-b3aa-b649aef8e0d2-1785760586777""}"
True;5028987;2026-08-03 08:36:29.083000;2026-08-02 00:00:00;5028987;CREATEORDER;SG075L6NJTQ;MCGC4CI/A;"{""orderDetailsResponses"":{""deviceEligibility"":{""secondaryDisplay"":""1"",""partDescription"":""AppleCare+ para iPad Air 11-inch (M3)"",""coverageDuration"":""2"",""productStatement"":""AppleCare+ para iPad Air 11-inch (M3) amplía la cobertura de servicio y soporte técnico a 2 años desde la fecha de compra de AppleCare+ e incluye cobertura para una cantidad ilimitada de incidentes por daño accidental debido a la manipulación del producto, cada uno de ellos sujeto a un cargo adicional de R$96000  por Otros daños accidentales o de R$28000  por Daños que afectan solo a la pantalla o de R$28000  por Apple Pencil / Keyboard. Lee todos los detalles en los Términos y condiciones de AppleCare+."",""deviceDateOfPurchase"":""03/08/2026"",""deviceId"":""SG075L6NJTQ"",""registeredDevice"":""1"",""pocType"":""RPOC"",""serialNumber"":""G075L6NJTQ"",""partNumber"":""SV072ZX/A"",""partAlias"":""ACP"",""purchaseMode"":""C"",""productDescription"":""iPad Air 11-inch (M3) Wi-Fi + Cellular""},""orderConfirmation"":{""agreementNumber"":""328093120908"",""coverageDurationStatement"":""Finaliza el 02/08/2028"",""termConditionURL"":""http://www.apple.com/legal/sales-support/"",""partNumber"":""SV072ZX/A"",""partAlias"":""ACP"",""partType"":""AppleCare+"",""purchaseMode"":""C"",""appleCareSalesDate"":""03/08/2026"",""pocType"":""RPOC"",""purchaseOrderNumber"":""5028987""}},""transactionId"":""cdc8a982-1bd0-4f44-b68c-dd9282ffbef5-1785760588196""}"
False;1291923;2026-08-03 08:41:26.937000;2026-08-02 00:00:00;1291923;VERIFYORDER;SCY37QHGD77;MCG94CI/A;"{""orderDetailsResponses"":{""deviceEligibility"":{""secondaryDisplay"":""0"",""deviceDateOfPurchase"":""03/08/2026"",""deviceId"":""SCY37QHGD77"",""registeredDevice"":""0"",""deviceErrorResponse"":{""errorCode"":""GRX_PMC_003"",""errorMessage"":""Este dispositivo está fuera de garantía y no puede optar al producto de AppleCare. ""},""pocType"":""APOC"",""serialNumber"":""CY37QHGD77"",""partNumber"":""SV072ZX/A"",""partAlias"":""ACP"",""productDescription"":""iPad Air 11-inch (M3) Wi-Fi + Cellular""}},""transactionId"":""f4b17bb8-4acf-4059-ac38-d10c00a155d9-1785760886323""}"
True;5028940;2026-08-03 08:41:30.197000;2026-08-02 00:00:00;5028940;VERIFYORDER;SFRQ9F2J0PJ;MHFJ4CI/A;"{""orderDetailsResponses"":{""deviceEligibility"":{""secondaryDisplay"":""0"",""partDescription"":""AppleCare+ para 13-inch MacBook Neo (A18PRO)"",""coverageDuration"":""3"",""productStatement"":""AppleCare+ para 13-inch MacBook Neo (A18PRO) amplía la cobertura de servicio y soporte técnico a 3 años desde la fecha de compra de AppleCare+ e incluye cobertura para una cantidad ilimitada de incidentes por daño accidental debido a la manipulación del producto, cada uno de ellos sujeto a un cargo adicional de R$51990  por daños en la pantalla o la carcasa externa o de R$156990  por Otros daños accidentales. Lee todos los detalles en los Términos y condiciones de AppleCare+."",""deviceDateOfPurchase"":""03/08/2026"",""deviceId"":""SFRQ9F2J0PJ"",""registeredDevice"":""1"",""pocType"":""APOC"",""serialNumber"":""FRQ9F2J0PJ"",""partNumber"":""SD0T3ZX/A"",""partAlias"":""ACP"",""purchaseMode"":""C"",""productDescription"":""MacBook Neo""}},""transactionId"":""974edd04-d532-4d00-9a42-9eeb900386ab-1785760889728""}"
True;5028940;2026-08-03 08:41:31.690000;2026-08-02 00:00:00;5028940;CREATEORDER;SFRQ9F2J0PJ;MHFJ4CI/A;"{""orderDetailsResponses"":{""deviceEligibility"":{""secondaryDisplay"":""0"",""partDescription"":""AppleCare+ para 13-inch MacBook Neo (A18PRO)"",""coverageDuration"":""3"",""productStatement"":""AppleCare+ para 13-inch MacBook Neo (A18PRO) amplía la cobertura de servicio y soporte técnico a 3 años desde la fecha de compra de AppleCare+ e incluye cobertura para una cantidad ilimitada de incidentes por daño accidental debido a la manipulación del producto, cada uno de ellos sujeto a un cargo adicional de R$51990  por daños en la pantalla o la carcasa externa o de R$156990  por Otros daños accidentales. Lee todos los detalles en los Términos y condiciones de AppleCare+."",""deviceDateOfPurchase"":""03/08/2026"",""deviceId"":""SFRQ9F2J0PJ"",""registeredDevice"":""1"",""pocType"":""RPOC"",""serialNumber"":""FRQ9F2J0PJ"",""partNumber"":""SD0T3ZX/A"",""partAlias"":""ACP"",""purchaseMode"":""C"",""productDescription"":""MacBook Neo""},""orderConfirmation"":{""agreementNumber"":""328093140684"",""coverageDurationStatement"":""Finaliza el 02/08/2029"",""termConditionURL"":""http://www.apple.com/legal/sales-support/"",""partNumber"":""SD0T3ZX/A"",""partAlias"":""ACP"",""partType"":""AppleCare+"",""purchaseMode"":""C"",""appleCareSalesDate"":""03/08/2026"",""pocType"":""RPOC"",""purchaseOrderNumber"":""5028940""}},""transactionId"":""dc0d53c5-e4a2-4ac4-98c1-08a13c012eab-1785760890853""}"
False;1291923;2026-08-03 08:42:09.583000;2026-08-02 00:00:00;1291923;VERIFYORDER;SCY37QHGD77;MCG94CI/A;"{""orderDetailsResponses"":{""deviceEligibility"":{""secondaryDisplay"":""0"",""deviceDateOfPurchase"":""03/08/2026"",""deviceId"":""SCY37QHGD77"",""registeredDevice"":""0"",""deviceErrorResponse"":{""errorCode"":""GRX_PMC_003"",""errorMessage"":""Este dispositivo está fuera de garantía y no puede optar al producto de AppleCare. ""},""pocType"":""APOC"",""serialNumber"":""CY37QHGD77"",""partNumber"":""SV072ZX/A"",""partAlias"":""ACP"",""productDescription"":""iPad Air 11-inch (M3) Wi-Fi + Cellular""}},""transactionId"":""2376a03e-c52f-4526-91e5-e99bbc9ffba7-1785760928988""}"
False;1291923;2026-08-03 08:46:19.740000;2026-08-02 00:00:00;1291923;VERIFYORDER;SCY37QHGD77;MCG94CI/A;"{""orderDetailsResponses"":{""deviceEligibility"":{""secondaryDisplay"":""0"",""deviceDateOfPurchase"":""03/08/2026"",""deviceId"":""SCY37QHGD77"",""registeredDevice"":""0"",""deviceErrorResponse"":{""errorCode"":""GRX_PMC_003"",""errorMessage"":""Este dispositivo está fuera de garantía y no puede optar al producto de AppleCare. ""},""pocType"":""APOC"",""serialNumber"":""CY37QHGD77"",""partNumber"":""SV072ZX/A"",""partAlias"":""ACP"",""productDescription"":""iPad Air 11-inch (M3) Wi-Fi + Cellular""}},""transactionId"":""3f7b4072-3065-4086-b30f-aab547e77a4b-1785761179231""}"
False;1291923;2026-08-03 08:46:52.303000;2026-08-02 00:00:00;1291923;VERIFYORDER;SCY37QHGD77;MCG94CI/A;"{""orderDetailsResponses"":{""deviceEligibility"":{""secondaryDisplay"":""0"",""deviceDateOfPurchase"":""03/08/2026"",""deviceId"":""SCY37QHGD77"",""registeredDevice"":""0"",""deviceErrorResponse"":{""errorCode"":""GRX_PMC_003"",""errorMessage"":""Este dispositivo está fuera de garantía y no puede optar al producto de AppleCare. ""},""pocType"":""APOC"",""serialNumber"":""CY37QHGD77"",""partNumber"":""SV072ZX/A"",""partAlias"":""ACP"",""productDescription"":""iPad Air 11-inch (M3) Wi-Fi + Cellular""}},""transactionId"":""86d61b0f-7cb2-419f-a0f5-7a1e59f521ba-1785761211790""}"
False;1291923;2026-08-03 08:51:43.793000;2026-08-02 00:00:00;1291923;VERIFYORDER;SCY37QHGD77;MCG94CI/A;"{""orderDetailsResponses"":{""deviceEligibility"":{""secondaryDisplay"":""0"",""deviceDateOfPurchase"":""03/08/2026"",""deviceId"":""SCY37QHGD77"",""registeredDevice"":""0"",""deviceErrorResponse"":{""errorCode"":""GRX_PMC_003"",""errorMessage"":""Este dispositivo está fuera de garantía y no puede optar al producto de AppleCare. ""},""pocType"":""APOC"",""serialNumber"":""CY37QHGD77"",""partNumber"":""SV072ZX/A"",""partAlias"":""ACP"",""productDescription"":""iPad Air 11-inch (M3) Wi-Fi + Cellular""}},""transactionId"":""3c0a4f1b-7fe9-4999-98a5-2b6338e93100-1785761503180""}"
False;1291923;2026-08-03 08:52:26.370000;2026-08-02 00:00:00;1291923;VERIFYORDER;SCY37QHGD77;MCG94CI/A;"{""orderDetailsResponses"":{""deviceEligibility"":{""secondaryDisplay"":""0"",""deviceDateOfPurchase"":""03/08/2026"",""deviceId"":""SCY37QHGD77"",""registeredDevice"":""0"",""deviceErrorResponse"":{""errorCode"":""GRX_PMC_003"",""errorMessage"":""Este dispositivo está fuera de garantía y no puede optar al producto de AppleCare. ""},""pocType"":""APOC"",""serialNumber"":""CY37QHGD77"",""partNumber"":""SV072ZX/A"",""partAlias"":""ACP"",""productDescription"":""iPad Air 11-inch (M3) Wi-Fi + Cellular""}},""transactionId"":""f60156b0-e347-44d6-9e65-557fb86d5457-1785761545763""}"
False;1291923;2026-08-03 08:56:28.910000;2026-08-02 00:00:00;1291923;VERIFYORDER;SCY37QHGD77;MCG94CI/A;"{""orderDetailsResponses"":{""deviceEligibility"":{""secondaryDisplay"":""0"",""deviceDateOfPurchase"":""03/08/2026"",""deviceId"":""SCY37QHGD77"",""registeredDevice"":""0"",""deviceErrorResponse"":{""errorCode"":""GRX_PMC_003"",""errorMessage"":""Este dispositivo está fuera de garantía y no puede optar al producto de AppleCare. ""},""pocType"":""APOC"",""serialNumber"":""CY37QHGD77"",""partNumber"":""SV072ZX/A"",""partAlias"":""ACP"",""productDescription"":""iPad Air 11-inch (M3) Wi-Fi + Cellular""}},""transactionId"":""1623c9a1-0d2a-4767-b7a2-f03ec1143b96-1785761788378""}"
True;5028617;2026-08-03 08:56:31.233000;2026-07-31 00:00:00;5028617;VERIFYORDER;SCYHGQ94NF9;MX2G3CI/A;"{""orderDetailsResponses"":{""deviceEligibility"":{""secondaryDisplay"":""1"",""partDescription"":""AppleCare+ para 14-in MB Pro (M4 Pro/M4 Max)"",""coverageDuration"":""3"",""productStatement"":""AppleCare+ para 14-in MB Pro (M4 Pro/M4 Max) amplía la cobertura de servicio y soporte técnico a 3 años desde la fecha de compra de AppleCare+ e incluye cobertura para una cantidad ilimitada de incidentes por daño accidental debido a la manipulación del producto, cada uno de ellos sujeto a un cargo adicional de R$96000  por daños en la pantalla o la carcasa externa o de R$289000  por Otros daños accidentales. Lee todos los detalles en los Términos y condiciones de AppleCare+."",""deviceDateOfPurchase"":""03/08/2026"",""deviceId"":""SCYHGQ94NF9"",""registeredDevice"":""1"",""pocType"":""APOC"",""serialNumber"":""CYHGQ94NF9"",""partNumber"":""SR182ZX/A"",""partAlias"":""ACP"",""purchaseMode"":""C"",""productDescription"":""MacBook Pro (14\"", M4 Pro/Max, 2024)""}},""transactionId"":""96b3c8df-beaf-4781-8ccd-7c1a5780dfeb-1785761790720""}"
True;5028617;2026-08-03 08:56:32.603000;2026-07-31 00:00:00;5028617;CREATEORDER;SCYHGQ94NF9;MX2G3CI/A;"{""orderDetailsResponses"":{""deviceEligibility"":{""secondaryDisplay"":""1"",""partDescription"":""AppleCare+ para 14-in MB Pro (M4 Pro/M4 Max)"",""coverageDuration"":""3"",""productStatement"":""AppleCare+ para 14-in MB Pro (M4 Pro/M4 Max) amplía la cobertura de servicio y soporte técnico a 3 años desde la fecha de compra de AppleCare+ e incluye cobertura para una cantidad ilimitada de incidentes por daño accidental debido a la manipulación del producto, cada uno de ellos sujeto a un cargo adicional de R$96000  por daños en la pantalla o la carcasa externa o de R$289000  por Otros daños accidentales. Lee todos los detalles en los Términos y condiciones de AppleCare+."",""deviceDateOfPurchase"":""03/08/2026"",""deviceId"":""SCYHGQ94NF9"",""registeredDevice"":""1"",""pocType"":""RPOC"",""serialNumber"":""CYHGQ94NF9"",""partNumber"":""SR182ZX/A"",""partAlias"":""ACP"",""purchaseMode"":""C"",""productDescription"":""MacBook Pro (14\"", M4 Pro/Max, 2024)""},""orderConfirmation"":{""agreementNumber"":""328093125757"",""coverageDurationStatement"":""Finaliza el 02/08/2029"",""termConditionURL"":""http://www.apple.com/legal/sales-support/"",""partNumber"":""SR182ZX/A"",""partAlias"":""ACP"",""partType"":""AppleCare+"",""purchaseMode"":""C"",""appleCareSalesDate"":""03/08/2026"",""pocType"":""RPOC"",""purchaseOrderNumber"":""5028617""}},""transactionId"":""41403b19-4bda-439b-8097-a1168beb024e-1785761791801""}"
False;1291923;2026-08-03 08:57:13.103000;2026-08-02 00:00:00;1291923;VERIFYORDER;SCY37QHGD77;MCG94CI/A;"{""orderDetailsResponses"":{""deviceEligibility"":{""secondaryDisplay"":""0"",""deviceDateOfPurchase"":""03/08/2026"",""deviceId"":""SCY37QHGD77"",""registeredDevice"":""0"",""deviceErrorResponse"":{""errorCode"":""GRX_PMC_003"",""errorMessage"":""Este dispositivo está fuera de garantía y no puede optar al producto de AppleCare. ""},""pocType"":""APOC"",""serialNumber"":""CY37QHGD77"",""partNumber"":""SV072ZX/A"",""partAlias"":""ACP"",""productDescription"":""iPad Air 11-inch (M3) Wi-Fi + Cellular""}},""transactionId"":""5465cc89-3b1b-4ec7-aaf6-8fefd6eaf9e2-1785761832582""}"
False;1291923;2026-08-03 09:01:27.120000;2026-08-02 00:00:00;1291923;VERIFYORDER;SCY37QHGD77;MCG94CI/A;"{""orderDetailsResponses"":{""deviceEligibility"":{""secondaryDisplay"":""0"",""deviceDateOfPurchase"":""03/08/2026"",""deviceId"":""SCY37QHGD77"",""registeredDevice"":""0"",""deviceErrorResponse"":{""errorCode"":""GRX_PMC_003"",""errorMessage"":""Este dispositivo está fuera de garantía y no puede optar al producto de AppleCare. ""},""pocType"":""APOC"",""serialNumber"":""CY37QHGD77"",""partNumber"":""SV072ZX/A"",""partAlias"":""ACP"",""productDescription"":""iPad Air 11-inch (M3) Wi-Fi + Cellular""}},""transactionId"":""77ed509e-c758-404a-890e-0f08578078ef-1785762086607""}"
True;5028992;2026-08-03 09:01:29.857000;2026-08-02 00:00:00;5028992;VERIFYORDER;SJRYHP47YXJ;MD4G4CI/A;"{""orderDetailsResponses"":{""deviceEligibility"":{""secondaryDisplay"":""1"",""partDescription"":""AppleCare+ para iPad (A16)"",""coverageDuration"":""2"",""productStatement"":""AppleCare+ para iPad (A16) amplía la cobertura de servicio y soporte técnico a 2 años desde la fecha de compra de AppleCare+ e incluye cobertura para una cantidad ilimitada de incidentes por daño accidental debido a la manipulación del producto, cada uno de ellos sujeto a un cargo adicional de R$96000  por Otros daños accidentales o de R$28000  por Daños que afectan solo a la pantalla o de R$28000  por Apple Pencil / Keyboard. Lee todos los detalles en los Términos y condiciones de AppleCare+."",""deviceDateOfPurchase"":""03/08/2026"",""deviceId"":""SJRYHP47YXJ"",""registeredDevice"":""1"",""pocType"":""APOC"",""serialNumber"":""JRYHP47YXJ"",""partNumber"":""SUYD2ZX/A"",""partAlias"":""ACP"",""purchaseMode"":""C"",""productDescription"":""iPad (A16) Wi-Fi""}},""transactionId"":""2b744d2a-1f1b-4894-944d-78bc7d1acfc0-1785762089299""}"
True;5028992;2026-08-03 09:01:31.130000;2026-08-02 00:00:00;5028992;CREATEORDER;SJRYHP47YXJ;MD4G4CI/A;"{""orderDetailsResponses"":{""deviceEligibility"":{""secondaryDisplay"":""1"",""partDescription"":""AppleCare+ para iPad (A16)"",""coverageDuration"":""2"",""productStatement"":""AppleCare+ para iPad (A16) amplía la cobertura de servicio y soporte técnico a 2 años desde la fecha de compra de AppleCare+ e incluye cobertura para una cantidad ilimitada de incidentes por daño accidental debido a la manipulación del producto, cada uno de ellos sujeto a un cargo adicional de R$96000  por Otros daños accidentales o de R$28000  por Daños que afectan solo a la pantalla o de R$28000  por Apple Pencil / Keyboard. Lee todos los detalles en los Términos y condiciones de AppleCare+."",""deviceDateOfPurchase"":""03/08/2026"",""deviceId"":""SJRYHP47YXJ"",""registeredDevice"":""1"",""pocType"":""RPOC"",""serialNumber"":""JRYHP47YXJ"",""partNumber"":""SUYD2ZX/A"",""partAlias"":""ACP"",""purchaseMode"":""C"",""productDescription"":""iPad (A16) Wi-Fi""},""orderConfirmation"":{""agreementNumber"":""328093160572"",""coverageDurationStatement"":""Finaliza el 02/08/2028"",""termConditionURL"":""http://www.apple.com/legal/sales-support/"",""partNumber"":""SUYD2ZX/A"",""partAlias"":""ACP"",""partType"":""AppleCare+"",""purchaseMode"":""C"",""appleCareSalesDate"":""03/08/2026"",""pocType"":""RPOC"",""purchaseOrderNumber"":""5028992""}},""transactionId"":""8be5c751-152f-4770-904a-5f2a0d5a4e25-1785762090270""}"
True;5029005;2026-08-03 09:01:32.490000;2026-08-02 00:00:00;5029005;VERIFYORDER;SCXF2QM1YHF;MD4G4CI/A;"{""orderDetailsResponses"":{""deviceEligibility"":{""secondaryDisplay"":""1"",""partDescription"":""AppleCare+ para iPad (A16)"",""coverageDuration"":""2"",""productStatement"":""AppleCare+ para iPad (A16) amplía la cobertura de servicio y soporte técnico a 2 años desde la fecha de compra de AppleCare+ e incluye cobertura para una cantidad ilimitada de incidentes por daño accidental debido a la manipulación del producto, cada uno de ellos sujeto a un cargo adicional de R$96000  por Otros daños accidentales o de R$28000  por Daños que afectan solo a la pantalla o de R$28000  por Apple Pencil / Keyboard. Lee todos los detalles en los Términos y condiciones de AppleCare+."",""deviceDateOfPurchase"":""03/08/2026"",""deviceId"":""SCXF2QM1YHF"",""registeredDevice"":""1"",""pocType"":""APOC"",""serialNumber"":""CXF2QM1YHF"",""partNumber"":""SUYD2ZX/A"",""partAlias"":""ACP"",""purchaseMode"":""C"",""productDescription"":""iPad (A16) Wi-Fi""}},""transactionId"":""1f2c2e76-0a31-46df-837c-1c1ff64971d2-1785762092008""}"
True;5029005;2026-08-03 09:01:33.707000;2026-08-02 00:00:00;5029005;CREATEORDER;SCXF2QM1YHF;MD4G4CI/A;"{""orderDetailsResponses"":{""deviceEligibility"":{""secondaryDisplay"":""1"",""partDescription"":""AppleCare+ para iPad (A16)"",""coverageDuration"":""2"",""productStatement"":""AppleCare+ para iPad (A16) amplía la cobertura de servicio y soporte técnico a 2 años desde la fecha de compra de AppleCare+ e incluye cobertura para una cantidad ilimitada de incidentes por daño accidental debido a la manipulación del producto, cada uno de ellos sujeto a un cargo adicional de R$96000  por Otros daños accidentales o de R$28000  por Daños que afectan solo a la pantalla o de R$28000  por Apple Pencil / Keyboard. Lee todos los detalles en los Términos y condiciones de AppleCare+."",""deviceDateOfPurchase"":""03/08/2026"",""deviceId"":""SCXF2QM1YHF"",""registeredDevice"":""1"",""pocType"":""RPOC"",""serialNumber"":""CXF2QM1YHF"",""partNumber"":""SUYD2ZX/A"",""partAlias"":""ACP"",""purchaseMode"":""C"",""productDescription"":""iPad (A16) Wi-Fi""},""orderConfirmation"":{""agreementNumber"":""328093122846"",""coverageDurationStatement"":""Finaliza el 02/08/2028"",""termConditionURL"":""http://www.apple.com/legal/sales-support/"",""partNumber"":""SUYD2ZX/A"",""partAlias"":""ACP"",""partType"":""AppleCare+"",""purchaseMode"":""C"",""appleCareSalesDate"":""03/08/2026"",""pocType"":""RPOC"",""purchaseOrderNumber"":""5029005""}},""transactionId"":""4f7f0d49-6592-4de0-ac51-6835e2bff75d-1785762092848""}"
False;1291923;2026-08-03 09:02:11.450000;2026-08-02 00:00:00;1291923;VERIFYORDER;SCY37QHGD77;MCG94CI/A;"{""orderDetailsResponses"":{""deviceEligibility"":{""secondaryDisplay"":""0"",""deviceDateOfPurchase"":""03/08/2026"",""deviceId"":""SCY37QHGD77"",""registeredDevice"":""0"",""deviceErrorResponse"":{""errorCode"":""GRX_PMC_003"",""errorMessage"":""Este dispositivo está fuera de garantía y no puede optar al producto de AppleCare. ""},""pocType"":""APOC"",""serialNumber"":""CY37QHGD77"",""partNumber"":""SV072ZX/A"",""partAlias"":""ACP"",""productDescription"":""iPad Air 11-inch (M3) Wi-Fi + Cellular""}},""transactionId"":""64797709-2c9c-4f13-9fa0-a8953cad6547-1785762130948""}"
True;1291903;2026-08-03 09:06:27.317000;2026-08-01 00:00:00;1291903;VERIFYORDER;SGG6D23G7C7;MCG64CI/A;"{""orderDetailsResponses"":{""deviceEligibility"":{""secondaryDisplay"":""1"",""partDescription"":""AppleCare+ para iPad Air 11-inch (M3)"",""coverageDuration"":""2"",""productStatement"":""AppleCare+ para iPad Air 11-inch (M3) amplía la cobertura de servicio y soporte técnico a 2 años desde la fecha de compra de AppleCare+ e incluye cobertura para una cantidad ilimitada de incidentes por daño accidental debido a la manipulación del producto, cada uno de ellos sujeto a un cargo adicional de R$96000  por Otros daños accidentales o de R$28000  por Daños que afectan solo a la pantalla o de R$28000  por Apple Pencil / Keyboard. Lee todos los detalles en los Términos y condiciones de AppleCare+."",""deviceDateOfPurchase"":""03/08/2026"",""deviceId"":""SGG6D23G7C7"",""registeredDevice"":""1"",""pocType"":""APOC"",""serialNumber"":""GG6D23G7C7"",""partNumber"":""SV072ZX/A"",""partAlias"":""ACP"",""purchaseMode"":""C"",""productDescription"":""iPad Air 11-inch (M3) Wi-Fi + Cellular""}},""transactionId"":""d9811818-4ad2-4d73-8f7d-29cbaaf24cfa-1785762386691""}"
True;1291903;2026-08-03 09:06:28.697000;2026-08-01 00:00:00;1291903;CREATEORDER;SGG6D23G7C7;MCG64CI/A;"{""orderDetailsResponses"":{""deviceEligibility"":{""secondaryDisplay"":""1"",""partDescription"":""AppleCare+ para iPad Air 11-inch (M3)"",""coverageDuration"":""2"",""productStatement"":""AppleCare+ para iPad Air 11-inch (M3) amplía la cobertura de servicio y soporte técnico a 2 años desde la fecha de compra de AppleCare+ e incluye cobertura para una cantidad ilimitada de incidentes por daño accidental debido a la manipulación del producto, cada uno de ellos sujeto a un cargo adicional de R$96000  por Otros daños accidentales o de R$28000  por Daños que afectan solo a la pantalla o de R$28000  por Apple Pencil / Keyboard. Lee todos los detalles en los Términos y condiciones de AppleCare+."",""deviceDateOfPurchase"":""03/08/2026"",""deviceId"":""SGG6D23G7C7"",""registeredDevice"":""1"",""pocType"":""RPOC"",""serialNumber"":""GG6D23G7C7"",""partNumber"":""SV072ZX/A"",""partAlias"":""ACP"",""purchaseMode"":""C"",""productDescription"":""iPad Air 11-inch (M3) Wi-Fi + Cellular""},""orderConfirmation"":{""agreementNumber"":""328093140728"",""coverageDurationStatement"":""Finaliza el 02/08/2028"",""termConditionURL"":""http://www.apple.com/legal/sales-support/"",""partNumber"":""SV072ZX/A"",""partAlias"":""ACP"",""partType"":""AppleCare+"",""purchaseMode"":""C"",""appleCareSalesDate"":""03/08/2026"",""pocType"":""RPOC"",""purchaseOrderNumber"":""1291903""}},""transactionId"":""2968ec08-a721-4c14-b50b-dd0837e78b69-1785762387730""}"
False;1291923;2026-08-03 09:06:31.267000;2026-08-02 00:00:00;1291923;VERIFYORDER;SCY37QHGD77;MCG94CI/A;"{""orderDetailsResponses"":{""deviceEligibility"":{""secondaryDisplay"":""0"",""deviceDateOfPurchase"":""03/08/2026"",""deviceId"":""SCY37QHGD77"",""registeredDevice"":""0"",""deviceErrorResponse"":{""errorCode"":""GRX_PMC_003"",""errorMessage"":""Este dispositivo está fuera de garantía y no puede optar al producto de AppleCare. ""},""pocType"":""APOC"",""serialNumber"":""CY37QHGD77"",""partNumber"":""SV072ZX/A"",""partAlias"":""ACP"",""productDescription"":""iPad Air 11-inch (M3) Wi-Fi + Cellular""}},""transactionId"":""3a8f038e-74cb-487c-b517-fe04647ba651-1785762390729""}"
False;1291923;2026-08-03 09:07:07.820000;2026-08-02 00:00:00;1291923;VERIFYORDER;SCY37QHGD77;MCG94CI/A;"{""orderDetailsResponses"":{""deviceEligibility"":{""secondaryDisplay"":""0"",""deviceDateOfPurchase"":""03/08/2026"",""deviceId"":""SCY37QHGD77"",""registeredDevice"":""0"",""deviceErrorResponse"":{""errorCode"":""GRX_PMC_003"",""errorMessage"":""Este dispositivo está fuera de garantía y no puede optar al producto de AppleCare. ""},""pocType"":""APOC"",""serialNumber"":""CY37QHGD77"",""partNumber"":""SV072ZX/A"",""partAlias"":""ACP"",""productDescription"":""iPad Air 11-inch (M3) Wi-Fi + Cellular""}},""transactionId"":""8db8b154-d3fe-4809-aeb5-4d059b56e93e-1785762427290""}"
False;1291923;2026-08-03 09:11:23.327000;2026-08-02 00:00:00;1291923;VERIFYORDER;SCY37QHGD77;MCG94CI/A;"{""orderDetailsResponses"":{""deviceEligibility"":{""secondaryDisplay"":""0"",""deviceDateOfPurchase"":""03/08/2026"",""deviceId"":""SCY37QHGD77"",""registeredDevice"":""0"",""deviceErrorResponse"":{""errorCode"":""GRX_PMC_003"",""errorMessage"":""Este dispositivo está fuera de garantía y no puede optar al producto de AppleCare. ""},""pocType"":""APOC"",""serialNumber"":""CY37QHGD77"",""partNumber"":""SV072ZX/A"",""partAlias"":""ACP"",""productDescription"":""iPad Air 11-inch (M3) Wi-Fi + Cellular""}},""transactionId"":""8b0f24ea-b01e-49ed-90dd-7e043b28184c-1785762682725""}"
True;5029018;2026-08-03 09:11:25.490000;2026-08-02 00:00:00;5029018;VERIFYORDER;SM2FKH9GWGY;MCNX4CI/A;"{""orderDetailsResponses"":{""deviceEligibility"":{""secondaryDisplay"":""1"",""partDescription"":""AppleCare+ para iPad Air 13-inch (M3)"",""coverageDuration"":""2"",""productStatement"":""AppleCare+ para iPad Air 13-inch (M3) amplía la cobertura de servicio y soporte técnico a 2 años desde la fecha de compra de AppleCare+ e incluye cobertura para una cantidad ilimitada de incidentes por daño accidental debido a la manipulación del producto, cada uno de ellos sujeto a un cargo adicional de R$28000  por Daños que afectan solo a la pantalla o de R$28000  por Apple Pencil / Keyboard o de R$96000  por Otros daños accidentales. Lee todos los detalles en los Términos y condiciones de AppleCare+."",""deviceDateOfPurchase"":""03/08/2026"",""deviceId"":""SM2FKH9GWGY"",""registeredDevice"":""1"",""pocType"":""APOC"",""serialNumber"":""M2FKH9GWGY"",""partNumber"":""SV172ZX/A"",""partAlias"":""ACP"",""purchaseMode"":""C"",""productDescription"":""iPad Air 13-inch (M3) Wi-Fi""}},""transactionId"":""fadad06a-31c3-4fd1-9428-e3ef5cbb7a80-1785762684913""}"
True;5029018;2026-08-03 09:11:27.063000;2026-08-02 00:00:00;5029018;CREATEORDER;SM2FKH9GWGY;MCNX4CI/A;"{""orderDetailsResponses"":{""deviceEligibility"":{""secondaryDisplay"":""1"",""partDescription"":""AppleCare+ para iPad Air 13-inch (M3)"",""coverageDuration"":""2"",""productStatement"":""AppleCare+ para iPad Air 13-inch (M3) amplía la cobertura de servicio y soporte técnico a 2 años desde la fecha de compra de AppleCare+ e incluye cobertura para una cantidad ilimitada de incidentes por daño accidental debido a la manipulación del producto, cada uno de ellos sujeto a un cargo adicional de R$28000  por Daños que afectan solo a la pantalla o de R$28000  por Apple Pencil / Keyboard o de R$96000  por Otros daños accidentales. Lee todos los detalles en los Términos y condiciones de AppleCare+."",""deviceDateOfPurchase"":""03/08/2026"",""deviceId"":""SM2FKH9GWGY"",""registeredDevice"":""1"",""pocType"":""RPOC"",""serialNumber"":""M2FKH9GWGY"",""partNumber"":""SV172ZX/A"",""partAlias"":""ACP"",""purchaseMode"":""C"",""productDescription"":""iPad Air 13-inch (M3) Wi-Fi""},""orderConfirmation"":{""agreementNumber"":""328093161509"",""coverageDurationStatement"":""Finaliza el 02/08/2028"",""termConditionURL"":""http://www.apple.com/legal/sales-support/"",""partNumber"":""SV172ZX/A"",""partAlias"":""ACP"",""partType"":""AppleCare+"",""purchaseMode"":""C"",""appleCareSalesDate"":""03/08/2026"",""pocType"":""RPOC"",""purchaseOrderNumber"":""5029018""}},""transactionId"":""f8633135-24d4-485a-8a64-6383240b5a1d-1785762686197""}"
False;1291923;2026-08-03 09:12:01.650000;2026-08-02 00:00:00;1291923;VERIFYORDER;SCY37QHGD77;MCG94CI/A;"{""orderDetailsResponses"":{""deviceEligibility"":{""secondaryDisplay"":""0"",""deviceDateOfPurchase"":""03/08/2026"",""deviceId"":""SCY37QHGD77"",""registeredDevice"":""0"",""deviceErrorResponse"":{""errorCode"":""GRX_PMC_003"",""errorMessage"":""Este dispositivo está fuera de garantía y no puede optar al producto de AppleCare. ""},""pocType"":""APOC"",""serialNumber"":""CY37QHGD77"",""partNumber"":""SV072ZX/A"",""partAlias"":""ACP"",""productDescription"":""iPad Air 11-inch (M3) Wi-Fi + Cellular""}},""transactionId"":""5feb949f-e5dc-471e-81a5-9b40c292ba8d-1785762721146""}"
False;1291923;2026-08-03 09:16:27.760000;2026-08-02 00:00:00;1291923;VERIFYORDER;SCY37QHGD77;MCG94CI/A;"{""orderDetailsResponses"":{""deviceEligibility"":{""secondaryDisplay"":""0"",""deviceDateOfPurchase"":""03/08/2026"",""deviceId"":""SCY37QHGD77"",""registeredDevice"":""0"",""deviceErrorResponse"":{""errorCode"":""GRX_PMC_003"",""errorMessage"":""Este dispositivo está fuera de garantía y no puede optar al producto de AppleCare. ""},""pocType"":""APOC"",""serialNumber"":""CY37QHGD77"",""partNumber"":""SV072ZX/A"",""partAlias"":""ACP"",""productDescription"":""iPad Air 11-inch (M3) Wi-Fi + Cellular""}},""transactionId"":""e45fadd4-3d5b-4bd2-b520-5becbcfb9b3c-1785762987254""}"
True;5028701;2026-08-03 09:16:29.737000;2026-07-31 00:00:00;5028701;VERIFYORDER;SMH6KRR2YXC;MCAJ4CI/A;"{""orderDetailsResponses"":{""deviceEligibility"":{""secondaryDisplay"":""1"",""partDescription"":""AppleCare+ para iPad Air 11-inch (M3)"",""coverageDuration"":""2"",""productStatement"":""AppleCare+ para iPad Air 11-inch (M3) amplía la cobertura de servicio y soporte técnico a 2 años desde la fecha de compra de AppleCare+ e incluye cobertura para una cantidad ilimitada de incidentes por daño accidental debido a la manipulación del producto, cada uno de ellos sujeto a un cargo adicional de R$96000  por Otros daños accidentales o de R$28000  por Daños que afectan solo a la pantalla o de R$28000  por Apple Pencil / Keyboard. Lee todos los detalles en los Términos y condiciones de AppleCare+."",""deviceDateOfPurchase"":""03/08/2026"",""deviceId"":""SMH6KRR2YXC"",""registeredDevice"":""1"",""pocType"":""APOC"",""serialNumber"":""MH6KRR2YXC"",""partNumber"":""SV072ZX/A"",""partAlias"":""ACP"",""purchaseMode"":""C"",""productDescription"":""iPad Air 11-inch (M3) Wi-Fi""}},""transactionId"":""5ab336eb-4c0c-4184-b101-cfd7ec7e1aca-1785762989219""}"
True;5028701;2026-08-03 09:16:31.020000;2026-07-31 00:00:00;5028701;CREATEORDER;SMH6KRR2YXC;MCAJ4CI/A;"{""orderDetailsResponses"":{""deviceEligibility"":{""secondaryDisplay"":""1"",""partDescription"":""AppleCare+ para iPad Air 11-inch (M3)"",""coverageDuration"":""2"",""productStatement"":""AppleCare+ para iPad Air 11-inch (M3) amplía la cobertura de servicio y soporte técnico a 2 años desde la fecha de compra de AppleCare+ e incluye cobertura para una cantidad ilimitada de incidentes por daño accidental debido a la manipulación del producto, cada uno de ellos sujeto a un cargo adicional de R$96000  por Otros daños accidentales o de R$28000  por Daños que afectan solo a la pantalla o de R$28000  por Apple Pencil / Keyboard. Lee todos los detalles en los Términos y condiciones de AppleCare+."",""deviceDateOfPurchase"":""03/08/2026"",""deviceId"":""SMH6KRR2YXC"",""registeredDevice"":""1"",""pocType"":""RPOC"",""serialNumber"":""MH6KRR2YXC"",""partNumber"":""SV072ZX/A"",""partAlias"":""ACP"",""purchaseMode"":""C"",""productDescription"":""iPad Air 11-inch (M3) Wi-Fi""},""orderConfirmation"":{""agreementNumber"":""328093121881"",""coverageDurationStatement"":""Finaliza el 02/08/2028"",""termConditionURL"":""http://www.apple.com/legal/sales-support/"",""partNumber"":""SV072ZX/A"",""partAlias"":""ACP"",""partType"":""AppleCare+"",""purchaseMode"":""C"",""appleCareSalesDate"":""03/08/2026"",""pocType"":""RPOC"",""purchaseOrderNumber"":""5028701""}},""transactionId"":""9cd461b3-1159-4903-b24d-d5b9f3875b12-1785762990218""}"
False;1291923;2026-08-03 09:17:10.047000;2026-08-02 00:00:00;1291923;VERIFYORDER;SCY37QHGD77;MCG94CI/A;"{""orderDetailsResponses"":{""deviceEligibility"":{""secondaryDisplay"":""0"",""deviceDateOfPurchase"":""03/08/2026"",""deviceId"":""SCY37QHGD77"",""registeredDevice"":""0"",""deviceErrorResponse"":{""errorCode"":""GRX_PMC_003"",""errorMessage"":""Este dispositivo está fuera de garantía y no puede optar al producto de AppleCare. ""},""pocType"":""APOC"",""serialNumber"":""CY37QHGD77"",""partNumber"":""SV072ZX/A"",""partAlias"":""ACP"",""productDescription"":""iPad Air 11-inch (M3) Wi-Fi + Cellular""}},""transactionId"":""df069912-d5e6-4759-a1f4-f2ae52c7e94f-1785763029551""}"
True;1291897;2026-08-03 09:21:25.830000;2026-08-01 00:00:00;1291897;VERIFYORDER;SHLXYYTY75T;MCG84CI/A;"{""orderDetailsResponses"":{""deviceEligibility"":{""secondaryDisplay"":""1"",""partDescription"":""AppleCare+ para iPad Air 11-inch (M3)"",""coverageDuration"":""2"",""productStatement"":""AppleCare+ para iPad Air 11-inch (M3) amplía la cobertura de servicio y soporte técnico a 2 años desde la fecha de compra de AppleCare+ e incluye cobertura para una cantidad ilimitada de incidentes por daño accidental debido a la manipulación del producto, cada uno de ellos sujeto a un cargo adicional de R$96000  por Otros daños accidentales o de R$28000  por Daños que afectan solo a la pantalla o de R$28000  por Apple Pencil / Keyboard. Lee todos los detalles en los Términos y condiciones de AppleCare+."",""deviceDateOfPurchase"":""03/08/2026"",""deviceId"":""SHLXYYTY75T"",""registeredDevice"":""1"",""pocType"":""APOC"",""serialNumber"":""HLXYYTY75T"",""partNumber"":""SV072ZX/A"",""partAlias"":""ACP"",""purchaseMode"":""C"",""productDescription"":""iPad Air 11-inch (M3) Wi-Fi + Cellular""}},""transactionId"":""0a513e7d-024f-476e-98c0-b8c414d8411d-1785763285326""}"
True;1291897;2026-08-03 09:21:27.480000;2026-08-01 00:00:00;1291897;CREATEORDER;SHLXYYTY75T;MCG84CI/A;"{""orderDetailsResponses"":{""deviceEligibility"":{""secondaryDisplay"":""1"",""partDescription"":""AppleCare+ para iPad Air 11-inch (M3)"",""coverageDuration"":""2"",""productStatement"":""AppleCare+ para iPad Air 11-inch (M3) amplía la cobertura de servicio y soporte técnico a 2 años desde la fecha de compra de AppleCare+ e incluye cobertura para una cantidad ilimitada de incidentes por daño accidental debido a la manipulación del producto, cada uno de ellos sujeto a un cargo adicional de R$96000  por Otros daños accidentales o de R$28000  por Daños que afectan solo a la pantalla o de R$28000  por Apple Pencil / Keyboard. Lee todos los detalles en los Términos y condiciones de AppleCare+."",""deviceDateOfPurchase"":""03/08/2026"",""deviceId"":""SHLXYYTY75T"",""registeredDevice"":""1"",""pocType"":""RPOC"",""serialNumber"":""HLXYYTY75T"",""partNumber"":""SV072ZX/A"",""partAlias"":""ACP"",""purchaseMode"":""C"",""productDescription"":""iPad Air 11-inch (M3) Wi-Fi + Cellular""},""orderConfirmation"":{""agreementNumber"":""328093121891"",""coverageDurationStatement"":""Finaliza el 02/08/2028"",""termConditionURL"":""http://www.apple.com/legal/sales-support/"",""partNumber"":""SV072ZX/A"",""partAlias"":""ACP"",""partType"":""AppleCare+"",""purchaseMode"":""C"",""appleCareSalesDate"":""03/08/2026"",""pocType"":""RPOC"",""purchaseOrderNumber"":""1291897""}},""transactionId"":""5d87f072-8a8b-4808-a5ba-a37169466d1e-1785763286634""}"
False;1291923;2026-08-03 09:21:29.707000;2026-08-02 00:00:00;1291923;VERIFYORDER;SCY37QHGD77;MCG94CI/A;"{""orderDetailsResponses"":{""deviceEligibility"":{""secondaryDisplay"":""0"",""deviceDateOfPurchase"":""03/08/2026"",""deviceId"":""SCY37QHGD77"",""registeredDevice"":""0"",""deviceErrorResponse"":{""errorCode"":""GRX_PMC_003"",""errorMessage"":""Este dispositivo está fuera de garantía y no puede optar al producto de AppleCare. ""},""pocType"":""APOC"",""serialNumber"":""CY37QHGD77"",""partNumber"":""SV072ZX/A"",""partAlias"":""ACP"",""productDescription"":""iPad Air 11-inch (M3) Wi-Fi + Cellular""}},""transactionId"":""345ce595-b8b5-48f9-a39f-650da25981fa-1785763289143""}"
False;1291923;2026-08-03 09:22:07.280000;2026-08-02 00:00:00;1291923;VERIFYORDER;SCY37QHGD77;MCG94CI/A;"{""orderDetailsResponses"":{""deviceEligibility"":{""secondaryDisplay"":""0"",""deviceDateOfPurchase"":""03/08/2026"",""deviceId"":""SCY37QHGD77"",""registeredDevice"":""0"",""deviceErrorResponse"":{""errorCode"":""GRX_PMC_003"",""errorMessage"":""Este dispositivo está fuera de garantía y no puede optar al producto de AppleCare. ""},""pocType"":""APOC"",""serialNumber"":""CY37QHGD77"",""partNumber"":""SV072ZX/A"",""partAlias"":""ACP"",""productDescription"":""iPad Air 11-inch (M3) Wi-Fi + Cellular""}},""transactionId"":""7511f130-0520-4c24-aea3-25c48180813f-1785763326779""}"
False;1291923;2026-08-03 09:26:26.987000;2026-08-02 00:00:00;1291923;VERIFYORDER;SCY37QHGD77;MCG94CI/A;"{""orderDetailsResponses"":{""deviceEligibility"":{""secondaryDisplay"":""0"",""deviceDateOfPurchase"":""03/08/2026"",""deviceId"":""SCY37QHGD77"",""registeredDevice"":""0"",""deviceErrorResponse"":{""errorCode"":""GRX_PMC_003"",""errorMessage"":""Este dispositivo está fuera de garantía y no puede optar al producto de AppleCare. ""},""pocType"":""APOC"",""serialNumber"":""CY37QHGD77"",""partNumber"":""SV072ZX/A"",""partAlias"":""ACP"",""productDescription"":""iPad Air 11-inch (M3) Wi-Fi + Cellular""}},""transactionId"":""4c26a4e5-052b-453f-9902-b890ef36a5dd-1785763586425""}"
False;1291923;2026-08-03 09:27:00.217000;2026-08-02 00:00:00;1291923;VERIFYORDER;SCY37QHGD77;MCG94CI/A;"{""orderDetailsResponses"":{""deviceEligibility"":{""secondaryDisplay"":""0"",""deviceDateOfPurchase"":""03/08/2026"",""deviceId"":""SCY37QHGD77"",""registeredDevice"":""0"",""deviceErrorResponse"":{""errorCode"":""GRX_PMC_003"",""errorMessage"":""Este dispositivo está fuera de garantía y no puede optar al producto de AppleCare. ""},""pocType"":""APOC"",""serialNumber"":""CY37QHGD77"",""partNumber"":""SV072ZX/A"",""partAlias"":""ACP"",""productDescription"":""iPad Air 11-inch (M3) Wi-Fi + Cellular""}},""transactionId"":""4975706c-86a7-47cd-8756-9552a032b794-1785763619679""}"
False;1291923;2026-08-03 09:31:22.880000;2026-08-02 00:00:00;1291923;VERIFYORDER;SCY37QHGD77;MCG94CI/A;"{""orderDetailsResponses"":{""deviceEligibility"":{""secondaryDisplay"":""0"",""deviceDateOfPurchase"":""03/08/2026"",""deviceId"":""SCY37QHGD77"",""registeredDevice"":""0"",""deviceErrorResponse"":{""errorCode"":""GRX_PMC_003"",""errorMessage"":""Este dispositivo está fuera de garantía y no puede optar al producto de AppleCare. ""},""pocType"":""APOC"",""serialNumber"":""CY37QHGD77"",""partNumber"":""SV072ZX/A"",""partAlias"":""ACP"",""productDescription"":""iPad Air 11-inch (M3) Wi-Fi + Cellular""}},""transactionId"":""7f3e9f14-8de7-4ec8-8bd5-f072a5c08f95-1785763882278""}"
False;1291923;2026-08-03 09:31:56.073000;2026-08-02 00:00:00;1291923;VERIFYORDER;SCY37QHGD77;MCG94CI/A;"{""orderDetailsResponses"":{""deviceEligibility"":{""secondaryDisplay"":""0"",""deviceDateOfPurchase"":""03/08/2026"",""deviceId"":""SCY37QHGD77"",""registeredDevice"":""0"",""deviceErrorResponse"":{""errorCode"":""GRX_PMC_003"",""errorMessage"":""Este dispositivo está fuera de garantía y no puede optar al producto de AppleCare. ""},""pocType"":""APOC"",""serialNumber"":""CY37QHGD77"",""partNumber"":""SV072ZX/A"",""partAlias"":""ACP"",""productDescription"":""iPad Air 11-inch (M3) Wi-Fi + Cellular""}},""transactionId"":""cc65e285-68af-4ee1-becb-9f4e2760f260-1785763915561""}"
False;1291923;2026-08-03 09:36:26.210000;2026-08-02 00:00:00;1291923;VERIFYORDER;SCY37QHGD77;MCG94CI/A;"{""orderDetailsResponses"":{""deviceEligibility"":{""secondaryDisplay"":""0"",""deviceDateOfPurchase"":""03/08/2026"",""deviceId"":""SCY37QHGD77"",""registeredDevice"":""0"",""deviceErrorResponse"":{""errorCode"":""GRX_PMC_003"",""errorMessage"":""Este dispositivo está fuera de garantía y no puede optar al producto de AppleCare. ""},""pocType"":""APOC"",""serialNumber"":""CY37QHGD77"",""partNumber"":""SV072ZX/A"",""partAlias"":""ACP"",""productDescription"":""iPad Air 11-inch (M3) Wi-Fi + Cellular""}},""transactionId"":""e554657d-49d8-4d80-a9c2-96178bcc9964-1785764185670""}"
True;5028795;2026-08-03 09:36:28.580000;2026-08-01 00:00:00;5028795;VERIFYORDER;SLTV4990KY2;MCG44CI/A;"{""orderDetailsResponses"":{""deviceEligibility"":{""secondaryDisplay"":""1"",""partDescription"":""AppleCare+ para iPad Air 11-inch (M3)"",""coverageDuration"":""2"",""productStatement"":""AppleCare+ para iPad Air 11-inch (M3) amplía la cobertura de servicio y soporte técnico a 2 años desde la fecha de compra de AppleCare+ e incluye cobertura para una cantidad ilimitada de incidentes por daño accidental debido a la manipulación del producto, cada uno de ellos sujeto a un cargo adicional de R$96000  por Otros daños accidentales o de R$28000  por Daños que afectan solo a la pantalla o de R$28000  por Apple Pencil / Keyboard. Lee todos los detalles en los Términos y condiciones de AppleCare+."",""deviceDateOfPurchase"":""03/08/2026"",""deviceId"":""SLTV4990KY2"",""registeredDevice"":""1"",""pocType"":""APOC"",""serialNumber"":""LTV4990KY2"",""partNumber"":""SV072ZX/A"",""partAlias"":""ACP"",""purchaseMode"":""C"",""productDescription"":""iPad Air 11-inch (M3) Wi-Fi + Cellular""}},""transactionId"":""0cfe6666-2513-4801-b3ef-94366b476e10-1785764187987""}"
True;5028795;2026-08-03 09:36:30.710000;2026-08-01 00:00:00;5028795;CREATEORDER;SLTV4990KY2;MCG44CI/A;"{""orderDetailsResponses"":{""deviceEligibility"":{""secondaryDisplay"":""1"",""partDescription"":""AppleCare+ para iPad Air 11-inch (M3)"",""coverageDuration"":""2"",""productStatement"":""AppleCare+ para iPad Air 11-inch (M3) amplía la cobertura de servicio y soporte técnico a 2 años desde la fecha de compra de AppleCare+ e incluye cobertura para una cantidad ilimitada de incidentes por daño accidental debido a la manipulación del producto, cada uno de ellos sujeto a un cargo adicional de R$96000  por Otros daños accidentales o de R$28000  por Daños que afectan solo a la pantalla o de R$28000  por Apple Pencil / Keyboard. Lee todos los detalles en los Términos y condiciones de AppleCare+."",""deviceDateOfPurchase"":""03/08/2026"",""deviceId"":""SLTV4990KY2"",""registeredDevice"":""1"",""pocType"":""RPOC"",""serialNumber"":""LTV4990KY2"",""partNumber"":""SV072ZX/A"",""partAlias"":""ACP"",""purchaseMode"":""C"",""productDescription"":""iPad Air 11-inch (M3) Wi-Fi + Cellular""},""orderConfirmation"":{""agreementNumber"":""328093121925"",""coverageDurationStatement"":""Finaliza el 02/08/2028"",""termConditionURL"":""http://www.apple.com/legal/sales-support/"",""partNumber"":""SV072ZX/A"",""partAlias"":""ACP"",""partType"":""AppleCare+"",""purchaseMode"":""C"",""appleCareSalesDate"":""03/08/2026"",""pocType"":""RPOC"",""purchaseOrderNumber"":""5028795""}},""transactionId"":""34398605-321b-4923-adc5-9bd8afe50f4f-1785764189848""}"
False;1291923;2026-08-03 09:37:10.013000;2026-08-02 00:00:00;1291923;VERIFYORDER;SCY37QHGD77;MCG94CI/A;"{""orderDetailsResponses"":{""deviceEligibility"":{""secondaryDisplay"":""0"",""deviceDateOfPurchase"":""03/08/2026"",""deviceId"":""SCY37QHGD77"",""registeredDevice"":""0"",""deviceErrorResponse"":{""errorCode"":""GRX_PMC_003"",""errorMessage"":""Este dispositivo está fuera de garantía y no puede optar al producto de AppleCare. ""},""pocType"":""APOC"",""serialNumber"":""CY37QHGD77"",""partNumber"":""SV072ZX/A"",""partAlias"":""ACP"",""productDescription"":""iPad Air 11-inch (M3) Wi-Fi + Cellular""}},""transactionId"":""5cbd1e23-1fad-41cd-be4d-bd6df4c139ba-1785764229507""}"
False;1291923;2026-08-03 09:41:28.977000;2026-08-02 00:00:00;1291923;VERIFYORDER;SCY37QHGD77;MCG94CI/A;"{""orderDetailsResponses"":{""deviceEligibility"":{""secondaryDisplay"":""0"",""deviceDateOfPurchase"":""03/08/2026"",""deviceId"":""SCY37QHGD77"",""registeredDevice"":""0"",""deviceErrorResponse"":{""errorCode"":""GRX_PMC_003"",""errorMessage"":""Este dispositivo está fuera de garantía y no puede optar al producto de AppleCare. ""},""pocType"":""APOC"",""serialNumber"":""CY37QHGD77"",""partNumber"":""SV072ZX/A"",""partAlias"":""ACP"",""productDescription"":""iPad Air 11-inch (M3) Wi-Fi + Cellular""}},""transactionId"":""9fa18299-41a2-4645-bdad-5f0cea0284db-1785764488366""}"
False;1291923;2026-08-03 09:42:02.037000;2026-08-02 00:00:00;1291923;VERIFYORDER;SCY37QHGD77;MCG94CI/A;"{""orderDetailsResponses"":{""deviceEligibility"":{""secondaryDisplay"":""0"",""deviceDateOfPurchase"":""03/08/2026"",""deviceId"":""SCY37QHGD77"",""registeredDevice"":""0"",""deviceErrorResponse"":{""errorCode"":""GRX_PMC_003"",""errorMessage"":""Este dispositivo está fuera de garantía y no puede optar al producto de AppleCare. ""},""pocType"":""APOC"",""serialNumber"":""CY37QHGD77"",""partNumber"":""SV072ZX/A"",""partAlias"":""ACP"",""productDescription"":""iPad Air 11-inch (M3) Wi-Fi + Cellular""}},""transactionId"":""4e1b6363-255a-4db6-aad3-71f3b32c3a56-1785764521479""}"
False;1291923;2026-08-03 09:46:32.403000;2026-08-02 00:00:00;1291923;VERIFYORDER;SCY37QHGD77;MCG94CI/A;"{""orderDetailsResponses"":{""deviceEligibility"":{""secondaryDisplay"":""0"",""deviceDateOfPurchase"":""03/08/2026"",""deviceId"":""SCY37QHGD77"",""registeredDevice"":""0"",""deviceErrorResponse"":{""errorCode"":""GRX_PMC_003"",""errorMessage"":""Este dispositivo está fuera de garantía y no puede optar al producto de AppleCare. ""},""pocType"":""APOC"",""serialNumber"":""CY37QHGD77"",""partNumber"":""SV072ZX/A"",""partAlias"":""ACP"",""productDescription"":""iPad Air 11-inch (M3) Wi-Fi + Cellular""}},""transactionId"":""e9201cae-6568-4fb2-a8cd-f230082780ed-1785764791814""}"
False;1291923;2026-08-03 09:47:04.427000;2026-08-02 00:00:00;1291923;VERIFYORDER;SCY37QHGD77;MCG94CI/A;"{""orderDetailsResponses"":{""deviceEligibility"":{""secondaryDisplay"":""0"",""deviceDateOfPurchase"":""03/08/2026"",""deviceId"":""SCY37QHGD77"",""registeredDevice"":""0"",""deviceErrorResponse"":{""errorCode"":""GRX_PMC_003"",""errorMessage"":""Este dispositivo está fuera de garantía y no puede optar al producto de AppleCare. ""},""pocType"":""APOC"",""serialNumber"":""CY37QHGD77"",""partNumber"":""SV072ZX/A"",""partAlias"":""ACP"",""productDescription"":""iPad Air 11-inch (M3) Wi-Fi + Cellular""}},""transactionId"":""6136ea34-5aa8-41c4-8e1a-33903c490ad7-1785764823937""}"
False;1291923;2026-08-03 09:51:25.440000;2026-08-02 00:00:00;1291923;VERIFYORDER;SCY37QHGD77;MCG94CI/A;"{""orderDetailsResponses"":{""deviceEligibility"":{""secondaryDisplay"":""0"",""deviceDateOfPurchase"":""03/08/2026"",""deviceId"":""SCY37QHGD77"",""registeredDevice"":""0"",""deviceErrorResponse"":{""errorCode"":""GRX_PMC_003"",""errorMessage"":""Este dispositivo está fuera de garantía y no puede optar al producto de AppleCare. ""},""pocType"":""APOC"",""serialNumber"":""CY37QHGD77"",""partNumber"":""SV072ZX/A"",""partAlias"":""ACP"",""productDescription"":""iPad Air 11-inch (M3) Wi-Fi + Cellular""}},""transactionId"":""de31b909-333e-464a-8c3d-01f2bc8663f4-1785765084936""}"
False;1291923;2026-08-03 09:51:59.980000;2026-08-02 00:00:00;1291923;VERIFYORDER;SCY37QHGD77;MCG94CI/A;"{""orderDetailsResponses"":{""deviceEligibility"":{""secondaryDisplay"":""0"",""deviceDateOfPurchase"":""03/08/2026"",""deviceId"":""SCY37QHGD77"",""registeredDevice"":""0"",""deviceErrorResponse"":{""errorCode"":""GRX_PMC_003"",""errorMessage"":""Este dispositivo está fuera de garantía y no puede optar al producto de AppleCare. ""},""pocType"":""APOC"",""serialNumber"":""CY37QHGD77"",""partNumber"":""SV072ZX/A"",""partAlias"":""ACP"",""productDescription"":""iPad Air 11-inch (M3) Wi-Fi + Cellular""}},""transactionId"":""d85f3a76-1fc5-48ae-bc26-ba7bd521a4da-1785765119484""}"
False;1291923;2026-08-03 09:56:25.193000;2026-08-02 00:00:00;1291923;VERIFYORDER;SCY37QHGD77;MCG94CI/A;"{""orderDetailsResponses"":{""deviceEligibility"":{""secondaryDisplay"":""0"",""deviceDateOfPurchase"":""03/08/2026"",""deviceId"":""SCY37QHGD77"",""registeredDevice"":""0"",""deviceErrorResponse"":{""errorCode"":""GRX_PMC_003"",""errorMessage"":""Este dispositivo está fuera de garantía y no puede optar al producto de AppleCare. ""},""pocType"":""APOC"",""serialNumber"":""CY37QHGD77"",""partNumber"":""SV072ZX/A"",""partAlias"":""ACP"",""productDescription"":""iPad Air 11-inch (M3) Wi-Fi + Cellular""}},""transactionId"":""8a3a4652-eb4d-4610-88e3-0f8c05c40eac-1785765384691""}"
False;1291923;2026-08-03 09:57:03.270000;2026-08-02 00:00:00;1291923;VERIFYORDER;SCY37QHGD77;MCG94CI/A;"{""orderDetailsResponses"":{""deviceEligibility"":{""secondaryDisplay"":""0"",""deviceDateOfPurchase"":""03/08/2026"",""deviceId"":""SCY37QHGD77"",""registeredDevice"":""0"",""deviceErrorResponse"":{""errorCode"":""GRX_PMC_003"",""errorMessage"":""Este dispositivo está fuera de garantía y no puede optar al producto de AppleCare. ""},""pocType"":""APOC"",""serialNumber"":""CY37QHGD77"",""partNumber"":""SV072ZX/A"",""partAlias"":""ACP"",""productDescription"":""iPad Air 11-inch (M3) Wi-Fi + Cellular""}},""transactionId"":""b5008ac3-4ee7-4635-bba2-eb24ef9ada24-1785765422774""}"
False;1291923;2026-08-03 10:01:28.597000;2026-08-02 00:00:00;1291923;VERIFYORDER;SCY37QHGD77;MCG94CI/A;"{""orderDetailsResponses"":{""deviceEligibility"":{""secondaryDisplay"":""0"",""deviceDateOfPurchase"":""03/08/2026"",""deviceId"":""SCY37QHGD77"",""registeredDevice"":""0"",""deviceErrorResponse"":{""errorCode"":""GRX_PMC_003"",""errorMessage"":""Este dispositivo está fuera de garantía y no puede optar al producto de AppleCare. ""},""pocType"":""APOC"",""serialNumber"":""CY37QHGD77"",""partNumber"":""SV072ZX/A"",""partAlias"":""ACP"",""productDescription"":""iPad Air 11-inch (M3) Wi-Fi + Cellular""}},""transactionId"":""bab06db7-a72a-4d51-86bd-346fbe088080-1785765688053""}"
False;1291923;2026-08-03 10:02:07.433000;2026-08-02 00:00:00;1291923;VERIFYORDER;SCY37QHGD77;MCG94CI/A;"{""orderDetailsResponses"":{""deviceEligibility"":{""secondaryDisplay"":""0"",""deviceDateOfPurchase"":""03/08/2026"",""deviceId"":""SCY37QHGD77"",""registeredDevice"":""0"",""deviceErrorResponse"":{""errorCode"":""GRX_PMC_003"",""errorMessage"":""Este dispositivo está fuera de garantía y no puede optar al producto de AppleCare. ""},""pocType"":""APOC"",""serialNumber"":""CY37QHGD77"",""partNumber"":""SV072ZX/A"",""partAlias"":""ACP"",""productDescription"":""iPad Air 11-inch (M3) Wi-Fi + Cellular""}},""transactionId"":""ba4ea3b7-6c80-4b0c-938f-46a845e3dc21-1785765726779""}"
False;1291923;2026-08-03 10:06:28.120000;2026-08-02 00:00:00;1291923;VERIFYORDER;SCY37QHGD77;MCG94CI/A;"{""orderDetailsResponses"":{""deviceEligibility"":{""secondaryDisplay"":""0"",""deviceDateOfPurchase"":""03/08/2026"",""deviceId"":""SCY37QHGD77"",""registeredDevice"":""0"",""deviceErrorResponse"":{""errorCode"":""GRX_PMC_003"",""errorMessage"":""Este dispositivo está fuera de garantía y no puede optar al producto de AppleCare. ""},""pocType"":""APOC"",""serialNumber"":""CY37QHGD77"",""partNumber"":""SV072ZX/A"",""partAlias"":""ACP"",""productDescription"":""iPad Air 11-inch (M3) Wi-Fi + Cellular""}},""transactionId"":""7078cd9e-c6c3-4b9c-9675-a2b253d9b17f-1785765987542""}"
False;1291923;2026-08-03 10:07:02.527000;2026-08-02 00:00:00;1291923;VERIFYORDER;SCY37QHGD77;MCG94CI/A;"{""orderDetailsResponses"":{""deviceEligibility"":{""secondaryDisplay"":""0"",""deviceDateOfPurchase"":""03/08/2026"",""deviceId"":""SCY37QHGD77"",""registeredDevice"":""0"",""deviceErrorResponse"":{""errorCode"":""GRX_PMC_003"",""errorMessage"":""Este dispositivo está fuera de garantía y no puede optar al producto de AppleCare. ""},""pocType"":""APOC"",""serialNumber"":""CY37QHGD77"",""partNumber"":""SV072ZX/A"",""partAlias"":""ACP"",""productDescription"":""iPad Air 11-inch (M3) Wi-Fi + Cellular""}},""transactionId"":""3b787c84-3bb6-4bc8-93a7-ddd22f674a6d-1785766021918""}"
False;1291923;2026-08-03 10:11:22.773000;2026-08-02 00:00:00;1291923;VERIFYORDER;SCY37QHGD77;MCG94CI/A;"{""orderDetailsResponses"":{""deviceEligibility"":{""secondaryDisplay"":""0"",""deviceDateOfPurchase"":""03/08/2026"",""deviceId"":""SCY37QHGD77"",""registeredDevice"":""0"",""deviceErrorResponse"":{""errorCode"":""GRX_PMC_003"",""errorMessage"":""Este dispositivo está fuera de garantía y no puede optar al producto de AppleCare. ""},""pocType"":""APOC"",""serialNumber"":""CY37QHGD77"",""partNumber"":""SV072ZX/A"",""partAlias"":""ACP"",""productDescription"":""iPad Air 11-inch (M3) Wi-Fi + Cellular""}},""transactionId"":""4329dce9-87f7-42a8-8a3d-67450d4d8aa1-1785766282252""}"
False;1291923;2026-08-03 10:11:55.770000;2026-08-02 00:00:00;1291923;VERIFYORDER;SCY37QHGD77;MCG94CI/A;"{""orderDetailsResponses"":{""deviceEligibility"":{""secondaryDisplay"":""0"",""deviceDateOfPurchase"":""03/08/2026"",""deviceId"":""SCY37QHGD77"",""registeredDevice"":""0"",""deviceErrorResponse"":{""errorCode"":""GRX_PMC_003"",""errorMessage"":""Este dispositivo está fuera de garantía y no puede optar al producto de AppleCare. ""},""pocType"":""APOC"",""serialNumber"":""CY37QHGD77"",""partNumber"":""SV072ZX/A"",""partAlias"":""ACP"",""productDescription"":""iPad Air 11-inch (M3) Wi-Fi + Cellular""}},""transactionId"":""576d7311-7776-4f07-840a-17fd02bffe6f-1785766315165""}"
False;1291923;2026-08-03 10:16:21.430000;2026-08-02 00:00:00;1291923;VERIFYORDER;SCY37QHGD77;MCG94CI/A;"{""orderDetailsResponses"":{""deviceEligibility"":{""secondaryDisplay"":""0"",""deviceDateOfPurchase"":""03/08/2026"",""deviceId"":""SCY37QHGD77"",""registeredDevice"":""0"",""deviceErrorResponse"":{""errorCode"":""GRX_PMC_003"",""errorMessage"":""Este dispositivo está fuera de garantía y no puede optar al producto de AppleCare. ""},""pocType"":""APOC"",""serialNumber"":""CY37QHGD77"",""partNumber"":""SV072ZX/A"",""partAlias"":""ACP"",""productDescription"":""iPad Air 11-inch (M3) Wi-Fi + Cellular""}},""transactionId"":""a78999ae-2eac-4737-a276-45fd4f612d9a-1785766580908""}"
False;1291923;2026-08-03 10:16:54.877000;2026-08-02 00:00:00;1291923;VERIFYORDER;SCY37QHGD77;MCG94CI/A;"{""orderDetailsResponses"":{""deviceEligibility"":{""secondaryDisplay"":""0"",""deviceDateOfPurchase"":""03/08/2026"",""deviceId"":""SCY37QHGD77"",""registeredDevice"":""0"",""deviceErrorResponse"":{""errorCode"":""GRX_PMC_003"",""errorMessage"":""Este dispositivo está fuera de garantía y no puede optar al producto de AppleCare. ""},""pocType"":""APOC"",""serialNumber"":""CY37QHGD77"",""partNumber"":""SV072ZX/A"",""partAlias"":""ACP"",""productDescription"":""iPad Air 11-inch (M3) Wi-Fi + Cellular""}},""transactionId"":""2148b3db-07de-483a-bb96-6ba62f65cabe-1785766614324""}"
False;1291923;2026-08-03 10:21:34.960000;2026-08-02 00:00:00;1291923;VERIFYORDER;SCY37QHGD77;MCG94CI/A;"{""orderDetailsResponses"":{""deviceEligibility"":{""secondaryDisplay"":""0"",""deviceDateOfPurchase"":""03/08/2026"",""deviceId"":""SCY37QHGD77"",""registeredDevice"":""0"",""deviceErrorResponse"":{""errorCode"":""GRX_PMC_003"",""errorMessage"":""Este dispositivo está fuera de garantía y no puede optar al producto de AppleCare. ""},""pocType"":""APOC"",""serialNumber"":""CY37QHGD77"",""partNumber"":""SV072ZX/A"",""partAlias"":""ACP"",""productDescription"":""iPad Air 11-inch (M3) Wi-Fi + Cellular""}},""transactionId"":""9acce2c7-8db8-4c8b-a00f-8491e1b1920a-1785766894462""}"
False;1291923;2026-08-03 10:22:07.510000;2026-08-02 00:00:00;1291923;VERIFYORDER;SCY37QHGD77;MCG94CI/A;"{""orderDetailsResponses"":{""deviceEligibility"":{""secondaryDisplay"":""0"",""deviceDateOfPurchase"":""03/08/2026"",""deviceId"":""SCY37QHGD77"",""registeredDevice"":""0"",""deviceErrorResponse"":{""errorCode"":""GRX_PMC_003"",""errorMessage"":""Este dispositivo está fuera de garantía y no puede optar al producto de AppleCare. ""},""pocType"":""APOC"",""serialNumber"":""CY37QHGD77"",""partNumber"":""SV072ZX/A"",""partAlias"":""ACP"",""productDescription"":""iPad Air 11-inch (M3) Wi-Fi + Cellular""}},""transactionId"":""849aeca0-e1a7-4ecd-acdc-3d82abcf9873-1785766926960""}"
False;1291923;2026-08-03 10:26:36.663000;2026-08-02 00:00:00;1291923;VERIFYORDER;SCY37QHGD77;MCG94CI/A;"{""orderDetailsResponses"":{""deviceEligibility"":{""secondaryDisplay"":""0"",""deviceDateOfPurchase"":""03/08/2026"",""deviceId"":""SCY37QHGD77"",""registeredDevice"":""0"",""deviceErrorResponse"":{""errorCode"":""GRX_PMC_003"",""errorMessage"":""Este dispositivo está fuera de garantía y no puede optar al producto de AppleCare. ""},""pocType"":""APOC"",""serialNumber"":""CY37QHGD77"",""partNumber"":""SV072ZX/A"",""partAlias"":""ACP"",""productDescription"":""iPad Air 11-inch (M3) Wi-Fi + Cellular""}},""transactionId"":""0dfcab79-569a-4c45-8a2b-2d2ae47629b3-1785767196142""}"
False;1291923;2026-08-03 10:27:10.430000;2026-08-02 00:00:00;1291923;VERIFYORDER;SCY37QHGD77;MCG94CI/A;"{""orderDetailsResponses"":{""deviceEligibility"":{""secondaryDisplay"":""0"",""deviceDateOfPurchase"":""03/08/2026"",""deviceId"":""SCY37QHGD77"",""registeredDevice"":""0"",""deviceErrorResponse"":{""errorCode"":""GRX_PMC_003"",""errorMessage"":""Este dispositivo está fuera de garantía y no puede optar al producto de AppleCare. ""},""pocType"":""APOC"",""serialNumber"":""CY37QHGD77"",""partNumber"":""SV072ZX/A"",""partAlias"":""ACP"",""productDescription"":""iPad Air 11-inch (M3) Wi-Fi + Cellular""}},""transactionId"":""f13366c5-9f69-41e6-b096-617fe6e980f6-1785767229892""}"
False;1291923;2026-08-03 10:31:31.997000;2026-08-02 00:00:00;1291923;VERIFYORDER;SCY37QHGD77;MCG94CI/A;"{""orderDetailsResponses"":{""deviceEligibility"":{""secondaryDisplay"":""0"",""deviceDateOfPurchase"":""03/08/2026"",""deviceId"":""SCY37QHGD77"",""registeredDevice"":""0"",""deviceErrorResponse"":{""errorCode"":""GRX_PMC_003"",""errorMessage"":""Este dispositivo está fuera de garantía y no puede optar al producto de AppleCare. ""},""pocType"":""APOC"",""serialNumber"":""CY37QHGD77"",""partNumber"":""SV072ZX/A"",""partAlias"":""ACP"",""productDescription"":""iPad Air 11-inch (M3) Wi-Fi + Cellular""}},""transactionId"":""685bc08e-0b06-46b2-9f4c-4fa948855567-1785767491364""}"
False;1291923;2026-08-03 10:32:04.127000;2026-08-02 00:00:00;1291923;VERIFYORDER;SCY37QHGD77;MCG94CI/A;"{""orderDetailsResponses"":{""deviceEligibility"":{""secondaryDisplay"":""0"",""deviceDateOfPurchase"":""03/08/2026"",""deviceId"":""SCY37QHGD77"",""registeredDevice"":""0"",""deviceErrorResponse"":{""errorCode"":""GRX_PMC_003"",""errorMessage"":""Este dispositivo está fuera de garantía y no puede optar al producto de AppleCare. ""},""pocType"":""APOC"",""serialNumber"":""CY37QHGD77"",""partNumber"":""SV072ZX/A"",""partAlias"":""ACP"",""productDescription"":""iPad Air 11-inch (M3) Wi-Fi + Cellular""}},""transactionId"":""602b901f-583b-4fc1-8afb-a8d451692b36-1785767523532""}"
True;5086024;2026-08-03 10:32:39.700000;2026-08-03 00:00:00;15701011;VERIFYORDER;SKN12XF40CV;MXP63AM/A;"{""orderDetailsResponses"":{""deviceEligibility"":{""secondaryDisplay"":""0"",""partDescription"":""AppleCare+ para AirPods"",""coverageDuration"":""2"",""productStatement"":""AppleCare+ para AirPods amplía la cobertura de servicio y soporte técnico a 2 años desde la fecha de compra de AppleCare+ e incluye cobertura para una cantidad ilimitada de incidentes por daño accidental debido a la manipulación del producto, cada uno de ellos sujeto a un cargo adicional de CLP28000 . Lee todos los detalles en los Términos y condiciones de AppleCare+."",""deviceDateOfPurchase"":""03/08/2026"",""deviceId"":""SKN12XF40CV"",""registeredDevice"":""1"",""pocType"":""APOC"",""serialNumber"":""KN12XF40CV"",""partNumber"":""S9066ZX/A"",""partAlias"":""ACP"",""purchaseMode"":""C"",""productDescription"":""AirPods 4""}},""transactionId"":""ea56d9ce-2a5a-481f-b5fc-b5c619866a43-1785767559139""}"
True;5086024;2026-08-03 10:33:44.613000;2026-08-03 00:00:00;15701011;CREATEORDER;SKN12XF40CV;MXP63AM/A;"{""orderDetailsResponses"":{""deviceEligibility"":{""secondaryDisplay"":""0"",""partDescription"":""AppleCare+ para AirPods"",""coverageDuration"":""2"",""productStatement"":""AppleCare+ para AirPods amplía la cobertura de servicio y soporte técnico a 2 años desde la fecha de compra de AppleCare+ e incluye cobertura para una cantidad ilimitada de incidentes por daño accidental debido a la manipulación del producto, cada uno de ellos sujeto a un cargo adicional de CLP28000 . Lee todos los detalles en los Términos y condiciones de AppleCare+."",""deviceDateOfPurchase"":""03/08/2026"",""deviceId"":""SKN12XF40CV"",""registeredDevice"":""1"",""pocType"":""APOC"",""serialNumber"":""KN12XF40CV"",""partNumber"":""S9066ZX/A"",""partAlias"":""ACP"",""purchaseMode"":""C"",""productDescription"":""AirPods 4""},""orderConfirmation"":{""agreementNumber"":""328093221070"",""coverageDurationStatement"":""Finaliza el 02/08/2028"",""termConditionURL"":""http://www.apple.com/legal/sales-support/"",""partNumber"":""S9066ZX/A"",""partAlias"":""ACP"",""partType"":""AppleCare+"",""purchaseMode"":""C"",""appleCareSalesDate"":""03/08/2026"",""pocType"":""APOC"",""purchaseOrderNumber"":""15701011""}},""transactionId"":""62ef2264-2242-4667-8e99-be2c0c3e77f8-1785767619309""}"
False;1291923;2026-08-03 10:36:35.587000;2026-08-02 00:00:00;1291923;VERIFYORDER;SCY37QHGD77;MCG94CI/A;"{""orderDetailsResponses"":{""deviceEligibility"":{""secondaryDisplay"":""0"",""deviceDateOfPurchase"":""03/08/2026"",""deviceId"":""SCY37QHGD77"",""registeredDevice"":""0"",""deviceErrorResponse"":{""errorCode"":""GRX_PMC_003"",""errorMessage"":""Este dispositivo está fuera de garantía y no puede optar al producto de AppleCare. ""},""pocType"":""APOC"",""serialNumber"":""CY37QHGD77"",""partNumber"":""SV072ZX/A"",""partAlias"":""ACP"",""productDescription"":""iPad Air 11-inch (M3) Wi-Fi + Cellular""}},""transactionId"":""8af5b376-5092-42ad-9b18-5001c88b5d79-1785767795067""}"
False;1291923;2026-08-03 10:38:49.763000;2026-08-02 00:00:00;1291923;VERIFYORDER;SCY37QHGD77;MCG94CI/A;"{""orderDetailsResponses"":{""deviceEligibility"":{""secondaryDisplay"":""0"",""deviceDateOfPurchase"":""03/08/2026"",""deviceId"":""SCY37QHGD77"",""registeredDevice"":""0"",""deviceErrorResponse"":{""errorCode"":""GRX_PMC_003"",""errorMessage"":""Este dispositivo está fuera de garantía y no puede optar al producto de AppleCare. ""},""pocType"":""APOC"",""serialNumber"":""CY37QHGD77"",""partNumber"":""SV072ZX/A"",""partAlias"":""ACP"",""productDescription"":""iPad Air 11-inch (M3) Wi-Fi + Cellular""}},""transactionId"":""790a1a6b-598b-4035-b40f-f1e572367720-1785767929163""}"
False;1291923;2026-08-03 10:46:38.900000;2026-08-02 00:00:00;1291923;VERIFYORDER;SCY37QHGD77;MCG94CI/A;"{""orderDetailsResponses"":{""deviceEligibility"":{""secondaryDisplay"":""0"",""deviceDateOfPurchase"":""03/08/2026"",""deviceId"":""SCY37QHGD77"",""registeredDevice"":""0"",""deviceErrorResponse"":{""errorCode"":""GRX_PMC_003"",""errorMessage"":""Este dispositivo está fuera de garantía y no puede optar al producto de AppleCare. ""},""pocType"":""APOC"",""serialNumber"":""CY37QHGD77"",""partNumber"":""SV072ZX/A"",""partAlias"":""ACP"",""productDescription"":""iPad Air 11-inch (M3) Wi-Fi + Cellular""}},""transactionId"":""2f48d59a-9144-4ebf-b769-ca74eef55fc7-1785768398392""}"
False;1291923;2026-08-03 10:47:09.853000;2026-08-02 00:00:00;1291923;VERIFYORDER;SCY37QHGD77;MCG94CI/A;"{""orderDetailsResponses"":{""deviceEligibility"":{""secondaryDisplay"":""0"",""deviceDateOfPurchase"":""03/08/2026"",""deviceId"":""SCY37QHGD77"",""registeredDevice"":""0"",""deviceErrorResponse"":{""errorCode"":""GRX_PMC_003"",""errorMessage"":""Este dispositivo está fuera de garantía y no puede optar al producto de AppleCare. ""},""pocType"":""APOC"",""serialNumber"":""CY37QHGD77"",""partNumber"":""SV072ZX/A"",""partAlias"":""ACP"",""productDescription"":""iPad Air 11-inch (M3) Wi-Fi + Cellular""}},""transactionId"":""8a6bf3a9-c939-4544-ae5d-65f88db1c317-1785768429343""}"
False;1291923;2026-08-03 10:51:20.833000;2026-08-02 00:00:00;1291923;VERIFYORDER;SCY37QHGD77;MCG94CI/A;"{""orderDetailsResponses"":{""deviceEligibility"":{""secondaryDisplay"":""0"",""deviceDateOfPurchase"":""03/08/2026"",""deviceId"":""SCY37QHGD77"",""registeredDevice"":""0"",""deviceErrorResponse"":{""errorCode"":""GRX_PMC_003"",""errorMessage"":""Este dispositivo está fuera de garantía y no puede optar al producto de AppleCare. ""},""pocType"":""APOC"",""serialNumber"":""CY37QHGD77"",""partNumber"":""SV072ZX/A"",""partAlias"":""ACP"",""productDescription"":""iPad Air 11-inch (M3) Wi-Fi + Cellular""}},""transactionId"":""b80d06c8-8e2c-4a07-ab0c-9c73298d54b0-1785768680110""}"
False;1291923;2026-08-03 10:51:54.227000;2026-08-02 00:00:00;1291923;VERIFYORDER;SCY37QHGD77;MCG94CI/A;"{""orderDetailsResponses"":{""deviceEligibility"":{""secondaryDisplay"":""0"",""deviceDateOfPurchase"":""03/08/2026"",""deviceId"":""SCY37QHGD77"",""registeredDevice"":""0"",""deviceErrorResponse"":{""errorCode"":""GRX_PMC_003"",""errorMessage"":""Este dispositivo está fuera de garantía y no puede optar al producto de AppleCare. ""},""pocType"":""APOC"",""serialNumber"":""CY37QHGD77"",""partNumber"":""SV072ZX/A"",""partAlias"":""ACP"",""productDescription"":""iPad Air 11-inch (M3) Wi-Fi + Cellular""}},""transactionId"":""995be8f2-5f5f-4b02-be35-007053d6ed7a-1785768713569""}"
False;1291923;2026-08-03 10:56:27.123000;2026-08-02 00:00:00;1291923;VERIFYORDER;SCY37QHGD77;MCG94CI/A;"{""orderDetailsResponses"":{""deviceEligibility"":{""secondaryDisplay"":""0"",""deviceDateOfPurchase"":""03/08/2026"",""deviceId"":""SCY37QHGD77"",""registeredDevice"":""0"",""deviceErrorResponse"":{""errorCode"":""GRX_PMC_003"",""errorMessage"":""Este dispositivo está fuera de garantía y no puede optar al producto de AppleCare. ""},""pocType"":""APOC"",""serialNumber"":""CY37QHGD77"",""partNumber"":""SV072ZX/A"",""partAlias"":""ACP"",""productDescription"":""iPad Air 11-inch (M3) Wi-Fi + Cellular""}},""transactionId"":""7347b574-81b6-463e-8ee5-3f2bc2daab11-1785768986599""}"
False;1291923;2026-08-03 10:57:12.277000;2026-08-02 00:00:00;1291923;VERIFYORDER;SCY37QHGD77;MCG94CI/A;"{""orderDetailsResponses"":{""deviceEligibility"":{""secondaryDisplay"":""0"",""deviceDateOfPurchase"":""03/08/2026"",""deviceId"":""SCY37QHGD77"",""registeredDevice"":""0"",""deviceErrorResponse"":{""errorCode"":""GRX_PMC_003"",""errorMessage"":""Este dispositivo está fuera de garantía y no puede optar al producto de AppleCare. ""},""pocType"":""APOC"",""serialNumber"":""CY37QHGD77"",""partNumber"":""SV072ZX/A"",""partAlias"":""ACP"",""productDescription"":""iPad Air 11-inch (M3) Wi-Fi + Cellular""}},""transactionId"":""079bf920-62e0-4473-a474-a4048306b52b-1785769031769""}"
False;1291923;2026-08-03 11:01:32.993000;2026-08-02 00:00:00;1291923;VERIFYORDER;SCY37QHGD77;MCG94CI/A;"{""orderDetailsResponses"":{""deviceEligibility"":{""secondaryDisplay"":""0"",""deviceDateOfPurchase"":""03/08/2026"",""deviceId"":""SCY37QHGD77"",""registeredDevice"":""0"",""deviceErrorResponse"":{""errorCode"":""GRX_PMC_003"",""errorMessage"":""Este dispositivo está fuera de garantía y no puede optar al producto de AppleCare. ""},""pocType"":""APOC"",""serialNumber"":""CY37QHGD77"",""partNumber"":""SV072ZX/A"",""partAlias"":""ACP"",""productDescription"":""iPad Air 11-inch (M3) Wi-Fi + Cellular""}},""transactionId"":""72185c17-7bf2-4d75-ab5b-9f856ab31482-1785769292467""}"
False;1291923;2026-08-03 11:02:04.010000;2026-08-02 00:00:00;1291923;VERIFYORDER;SCY37QHGD77;MCG94CI/A;"{""orderDetailsResponses"":{""deviceEligibility"":{""secondaryDisplay"":""0"",""deviceDateOfPurchase"":""03/08/2026"",""deviceId"":""SCY37QHGD77"",""registeredDevice"":""0"",""deviceErrorResponse"":{""errorCode"":""GRX_PMC_003"",""errorMessage"":""Este dispositivo está fuera de garantía y no puede optar al producto de AppleCare. ""},""pocType"":""APOC"",""serialNumber"":""CY37QHGD77"",""partNumber"":""SV072ZX/A"",""partAlias"":""ACP"",""productDescription"":""iPad Air 11-inch (M3) Wi-Fi + Cellular""}},""transactionId"":""236f37b1-d5c9-4660-ae47-888f41f195c9-1785769323423""}"
False;1291923;2026-08-03 11:06:21.717000;2026-08-02 00:00:00;1291923;VERIFYORDER;SCY37QHGD77;MCG94CI/A;"{""orderDetailsResponses"":{""deviceEligibility"":{""secondaryDisplay"":""0"",""deviceDateOfPurchase"":""03/08/2026"",""deviceId"":""SCY37QHGD77"",""registeredDevice"":""0"",""deviceErrorResponse"":{""errorCode"":""GRX_PMC_003"",""errorMessage"":""Este dispositivo está fuera de garantía y no puede optar al producto de AppleCare. ""},""pocType"":""APOC"",""serialNumber"":""CY37QHGD77"",""partNumber"":""SV072ZX/A"",""partAlias"":""ACP"",""productDescription"":""iPad Air 11-inch (M3) Wi-Fi + Cellular""}},""transactionId"":""e96a4107-da95-458b-ba36-f2ef5484a9e9-1785769581144""}"
False;1291923;2026-08-03 11:06:58.730000;2026-08-02 00:00:00;1291923;VERIFYORDER;SCY37QHGD77;MCG94CI/A;"{""orderDetailsResponses"":{""deviceEligibility"":{""secondaryDisplay"":""0"",""deviceDateOfPurchase"":""03/08/2026"",""deviceId"":""SCY37QHGD77"",""registeredDevice"":""0"",""deviceErrorResponse"":{""errorCode"":""GRX_PMC_003"",""errorMessage"":""Este dispositivo está fuera de garantía y no puede optar al producto de AppleCare. ""},""pocType"":""APOC"",""serialNumber"":""CY37QHGD77"",""partNumber"":""SV072ZX/A"",""partAlias"":""ACP"",""productDescription"":""iPad Air 11-inch (M3) Wi-Fi + Cellular""}},""transactionId"":""c9cccf77-2154-4867-9dc7-f65b6109bc82-1785769618203""}"
False;1291923;2026-08-03 11:11:20.817000;2026-08-02 00:00:00;1291923;VERIFYORDER;SCY37QHGD77;MCG94CI/A;"{""orderDetailsResponses"":{""deviceEligibility"":{""secondaryDisplay"":""0"",""deviceDateOfPurchase"":""03/08/2026"",""deviceId"":""SCY37QHGD77"",""registeredDevice"":""0"",""deviceErrorResponse"":{""errorCode"":""GRX_PMC_003"",""errorMessage"":""Este dispositivo está fuera de garantía y no puede optar al producto de AppleCare. ""},""pocType"":""APOC"",""serialNumber"":""CY37QHGD77"",""partNumber"":""SV072ZX/A"",""partAlias"":""ACP"",""productDescription"":""iPad Air 11-inch (M3) Wi-Fi + Cellular""}},""transactionId"":""20f18a41-e2e4-4a91-ac26-f672bb25ad1b-1785769880072""}"
False;1291923;2026-08-03 11:11:54.817000;2026-08-02 00:00:00;1291923;VERIFYORDER;SCY37QHGD77;MCG94CI/A;"{""orderDetailsResponses"":{""deviceEligibility"":{""secondaryDisplay"":""0"",""deviceDateOfPurchase"":""03/08/2026"",""deviceId"":""SCY37QHGD77"",""registeredDevice"":""0"",""deviceErrorResponse"":{""errorCode"":""GRX_PMC_003"",""errorMessage"":""Este dispositivo está fuera de garantía y no puede optar al producto de AppleCare. ""},""pocType"":""APOC"",""serialNumber"":""CY37QHGD77"",""partNumber"":""SV072ZX/A"",""partAlias"":""ACP"",""productDescription"":""iPad Air 11-inch (M3) Wi-Fi + Cellular""}},""transactionId"":""1c76b483-7396-4092-86a1-2b5615209eb6-1785769914246""}"
False;1291923;2026-08-03 11:17:10.197000;2026-08-02 00:00:00;1291923;VERIFYORDER;SCY37QHGD77;MCG94CI/A;"{""orderDetailsResponses"":{""deviceEligibility"":{""secondaryDisplay"":""0"",""deviceDateOfPurchase"":""03/08/2026"",""deviceId"":""SCY37QHGD77"",""registeredDevice"":""0"",""deviceErrorResponse"":{""errorCode"":""GRX_PMC_003"",""errorMessage"":""Este dispositivo está fuera de garantía y no puede optar al producto de AppleCare. ""},""pocType"":""APOC"",""serialNumber"":""CY37QHGD77"",""partNumber"":""SV072ZX/A"",""partAlias"":""ACP"",""productDescription"":""iPad Air 11-inch (M3) Wi-Fi + Cellular""}},""transactionId"":""56b77861-1729-4a0e-b05d-ec4d8573b923-1785770229603""}"
False;1291923;2026-08-03 11:17:43.620000;2026-08-02 00:00:00;1291923;VERIFYORDER;SCY37QHGD77;MCG94CI/A;"{""orderDetailsResponses"":{""deviceEligibility"":{""secondaryDisplay"":""0"",""deviceDateOfPurchase"":""03/08/2026"",""deviceId"":""SCY37QHGD77"",""registeredDevice"":""0"",""deviceErrorResponse"":{""errorCode"":""GRX_PMC_003"",""errorMessage"":""Este dispositivo está fuera de garantía y no puede optar al producto de AppleCare. ""},""pocType"":""APOC"",""serialNumber"":""CY37QHGD77"",""partNumber"":""SV072ZX/A"",""partAlias"":""ACP"",""productDescription"":""iPad Air 11-inch (M3) Wi-Fi + Cellular""}},""transactionId"":""aebef956-35ea-4078-ade9-a051c9f2e3f9-1785770263020""}"
True;5096206;2026-08-03 11:18:36.103000;2026-08-03 00:00:00;17101004;VERIFYORDER;SJJJRWYTW39;MFHP4AM/A;"{""orderDetailsResponses"":{""deviceEligibility"":{""secondaryDisplay"":""0"",""partDescription"":""AppleCare+ para Headphones - AirPods Pro"",""coverageDuration"":""2"",""productStatement"":""AppleCare+ para Headphones - AirPods Pro amplía la cobertura de servicio y soporte técnico a 2 años desde la fecha de compra de AppleCare+ e incluye cobertura para una cantidad ilimitada de incidentes por daño accidental debido a la manipulación del producto, cada uno de ellos sujeto a un cargo adicional de R$28000 . Lee todos los detalles en los Términos y condiciones de AppleCare+."",""deviceDateOfPurchase"":""03/08/2026"",""deviceId"":""SJJJRWYTW39"",""registeredDevice"":""1"",""pocType"":""APOC"",""serialNumber"":""JJJRWYTW39"",""partNumber"":""SYLW2ZX/A"",""partAlias"":""ACP"",""purchaseMode"":""C"",""productDescription"":""AirPods Pro 3""}},""transactionId"":""a6d53649-5438-4d1e-a6ef-299db1e8034f-1785770315539""}"
True;5096206;2026-08-03 11:21:11.250000;2026-08-03 00:00:00;17101004;CREATEORDER;SJJJRWYTW39;MFHP4AM/A;"{""orderDetailsResponses"":{""deviceEligibility"":{""secondaryDisplay"":""0"",""partDescription"":""AppleCare+ para Headphones - AirPods Pro"",""coverageDuration"":""2"",""productStatement"":""AppleCare+ para Headphones - AirPods Pro amplía la cobertura de servicio y soporte técnico a 2 años desde la fecha de compra de AppleCare+ e incluye cobertura para una cantidad ilimitada de incidentes por daño accidental debido a la manipulación del producto, cada uno de ellos sujeto a un cargo adicional de R$28000 . Lee todos los detalles en los Términos y condiciones de AppleCare+."",""deviceDateOfPurchase"":""03/08/2026"",""deviceId"":""SJJJRWYTW39"",""registeredDevice"":""1"",""pocType"":""APOC"",""serialNumber"":""JJJRWYTW39"",""partNumber"":""SYLW2ZX/A"",""partAlias"":""ACP"",""purchaseMode"":""C"",""productDescription"":""AirPods Pro 3""},""orderConfirmation"":{""agreementNumber"":""328093221170"",""coverageDurationStatement"":""Finaliza el 02/08/2028"",""termConditionURL"":""http://www.apple.com/legal/sales-support/"",""partNumber"":""SYLW2ZX/A"",""partAlias"":""ACP"",""partType"":""AppleCare+"",""purchaseMode"":""C"",""appleCareSalesDate"":""03/08/2026"",""pocType"":""APOC"",""purchaseOrderNumber"":""17101004""}},""transactionId"":""a1882d33-e14d-482a-961e-e4891832280f-1785770466533""}"
False;1291923;2026-08-03 11:21:26.890000;2026-08-02 00:00:00;1291923;VERIFYORDER;SCY37QHGD77;MCG94CI/A;"{""orderDetailsResponses"":{""deviceEligibility"":{""secondaryDisplay"":""0"",""deviceDateOfPurchase"":""03/08/2026"",""deviceId"":""SCY37QHGD77"",""registeredDevice"":""0"",""deviceErrorResponse"":{""errorCode"":""GRX_PMC_003"",""errorMessage"":""Este dispositivo está fuera de garantía y no puede optar al producto de AppleCare. ""},""pocType"":""APOC"",""serialNumber"":""CY37QHGD77"",""partNumber"":""SV072ZX/A"",""partAlias"":""ACP"",""productDescription"":""iPad Air 11-inch (M3) Wi-Fi + Cellular""}},""transactionId"":""706cda13-ad3f-4170-9261-c351695eee6e-1785770486386""}"
False;1291923;2026-08-03 11:21:58.323000;2026-08-02 00:00:00;1291923;VERIFYORDER;SCY37QHGD77;MCG94CI/A;"{""orderDetailsResponses"":{""deviceEligibility"":{""secondaryDisplay"":""0"",""deviceDateOfPurchase"":""03/08/2026"",""deviceId"":""SCY37QHGD77"",""registeredDevice"":""0"",""deviceErrorResponse"":{""errorCode"":""GRX_PMC_003"",""errorMessage"":""Este dispositivo está fuera de garantía y no puede optar al producto de AppleCare. ""},""pocType"":""APOC"",""serialNumber"":""CY37QHGD77"",""partNumber"":""SV072ZX/A"",""partAlias"":""ACP"",""productDescription"":""iPad Air 11-inch (M3) Wi-Fi + Cellular""}},""transactionId"":""81c566cc-cafd-487d-a377-f0d32e7a822f-1785770517784""}"
False;1291923;2026-08-03 11:26:24.923000;2026-08-02 00:00:00;1291923;VERIFYORDER;SCY37QHGD77;MCG94CI/A;"{""orderDetailsResponses"":{""deviceEligibility"":{""secondaryDisplay"":""0"",""deviceDateOfPurchase"":""03/08/2026"",""deviceId"":""SCY37QHGD77"",""registeredDevice"":""0"",""deviceErrorResponse"":{""errorCode"":""GRX_PMC_003"",""errorMessage"":""Este dispositivo está fuera de garantía y no puede optar al producto de AppleCare. ""},""pocType"":""APOC"",""serialNumber"":""CY37QHGD77"",""partNumber"":""SV072ZX/A"",""partAlias"":""ACP"",""productDescription"":""iPad Air 11-inch (M3) Wi-Fi + Cellular""}},""transactionId"":""f01cd1c2-3aa5-4c27-be30-01f9e9094935-1785770784323""}"
False;1291923;2026-08-03 11:27:08.650000;2026-08-02 00:00:00;1291923;VERIFYORDER;SCY37QHGD77;MCG94CI/A;"{""orderDetailsResponses"":{""deviceEligibility"":{""secondaryDisplay"":""0"",""deviceDateOfPurchase"":""03/08/2026"",""deviceId"":""SCY37QHGD77"",""registeredDevice"":""0"",""deviceErrorResponse"":{""errorCode"":""GRX_PMC_003"",""errorMessage"":""Este dispositivo está fuera de garantía y no puede optar al producto de AppleCare. ""},""pocType"":""APOC"",""serialNumber"":""CY37QHGD77"",""partNumber"":""SV072ZX/A"",""partAlias"":""ACP"",""productDescription"":""iPad Air 11-inch (M3) Wi-Fi + Cellular""}},""transactionId"":""094396a0-cb54-4955-9456-fd535b784832-1785770828092""}"
False;1291923;2026-08-03 11:31:40.637000;2026-08-02 00:00:00;1291923;VERIFYORDER;SCY37QHGD77;MCG94CI/A;"{""orderDetailsResponses"":{""deviceEligibility"":{""secondaryDisplay"":""0"",""deviceDateOfPurchase"":""03/08/2026"",""deviceId"":""SCY37QHGD77"",""registeredDevice"":""0"",""deviceErrorResponse"":{""errorCode"":""GRX_PMC_003"",""errorMessage"":""Este dispositivo está fuera de garantía y no puede optar al producto de AppleCare. ""},""pocType"":""APOC"",""serialNumber"":""CY37QHGD77"",""partNumber"":""SV072ZX/A"",""partAlias"":""ACP"",""productDescription"":""iPad Air 11-inch (M3) Wi-Fi + Cellular""}},""transactionId"":""86ab4fdb-5e92-42d3-bad2-a80670d51607-1785771100029""}"
False;1291923;2026-08-03 11:32:12.130000;2026-08-02 00:00:00;1291923;VERIFYORDER;SCY37QHGD77;MCG94CI/A;"{""orderDetailsResponses"":{""deviceEligibility"":{""secondaryDisplay"":""0"",""deviceDateOfPurchase"":""03/08/2026"",""deviceId"":""SCY37QHGD77"",""registeredDevice"":""0"",""deviceErrorResponse"":{""errorCode"":""GRX_PMC_003"",""errorMessage"":""Este dispositivo está fuera de garantía y no puede optar al producto de AppleCare. ""},""pocType"":""APOC"",""serialNumber"":""CY37QHGD77"",""partNumber"":""SV072ZX/A"",""partAlias"":""ACP"",""productDescription"":""iPad Air 11-inch (M3) Wi-Fi + Cellular""}},""transactionId"":""4b1b1153-ba21-4b25-9150-4966097389cd-1785771131571""}"
False;1291923;2026-08-03 11:36:29.477000;2026-08-02 00:00:00;1291923;VERIFYORDER;SCY37QHGD77;MCG94CI/A;"{""orderDetailsResponses"":{""deviceEligibility"":{""secondaryDisplay"":""0"",""deviceDateOfPurchase"":""03/08/2026"",""deviceId"":""SCY37QHGD77"",""registeredDevice"":""0"",""deviceErrorResponse"":{""errorCode"":""GRX_PMC_003"",""errorMessage"":""Este dispositivo está fuera de garantía y no puede optar al producto de AppleCare. ""},""pocType"":""APOC"",""serialNumber"":""CY37QHGD77"",""partNumber"":""SV072ZX/A"",""partAlias"":""ACP"",""productDescription"":""iPad Air 11-inch (M3) Wi-Fi + Cellular""}},""transactionId"":""9eaa2afc-9044-4737-bf4a-366ca5da5f88-1785771388966""}"
False;1291923;2026-08-03 11:37:03.567000;2026-08-02 00:00:00;1291923;VERIFYORDER;SCY37QHGD77;MCG94CI/A;"{""orderDetailsResponses"":{""deviceEligibility"":{""secondaryDisplay"":""0"",""deviceDateOfPurchase"":""03/08/2026"",""deviceId"":""SCY37QHGD77"",""registeredDevice"":""0"",""deviceErrorResponse"":{""errorCode"":""GRX_PMC_003"",""errorMessage"":""Este dispositivo está fuera de garantía y no puede optar al producto de AppleCare. ""},""pocType"":""APOC"",""serialNumber"":""CY37QHGD77"",""partNumber"":""SV072ZX/A"",""partAlias"":""ACP"",""productDescription"":""iPad Air 11-inch (M3) Wi-Fi + Cellular""}},""transactionId"":""0a6161be-9e46-4837-a1a7-4c82cda4f55d-1785771423050""}"
False;1291923;2026-08-03 11:41:40.330000;2026-08-02 00:00:00;1291923;VERIFYORDER;SCY37QHGD77;MCG94CI/A;"{""orderDetailsResponses"":{""deviceEligibility"":{""secondaryDisplay"":""0"",""deviceDateOfPurchase"":""03/08/2026"",""deviceId"":""SCY37QHGD77"",""registeredDevice"":""0"",""deviceErrorResponse"":{""errorCode"":""GRX_PMC_003"",""errorMessage"":""Este dispositivo está fuera de garantía y no puede optar al producto de AppleCare. ""},""pocType"":""APOC"",""serialNumber"":""CY37QHGD77"",""partNumber"":""SV072ZX/A"",""partAlias"":""ACP"",""productDescription"":""iPad Air 11-inch (M3) Wi-Fi + Cellular""}},""transactionId"":""24479b00-75a6-4f7f-92a0-d86a796fad54-1785771699615""}"
False;1291923;2026-08-03 11:42:13.963000;2026-08-02 00:00:00;1291923;VERIFYORDER;SCY37QHGD77;MCG94CI/A;"{""orderDetailsResponses"":{""deviceEligibility"":{""secondaryDisplay"":""0"",""deviceDateOfPurchase"":""03/08/2026"",""deviceId"":""SCY37QHGD77"",""registeredDevice"":""0"",""deviceErrorResponse"":{""errorCode"":""GRX_PMC_003"",""errorMessage"":""Este dispositivo está fuera de garantía y no puede optar al producto de AppleCare. ""},""pocType"":""APOC"",""serialNumber"":""CY37QHGD77"",""partNumber"":""SV072ZX/A"",""partAlias"":""ACP"",""productDescription"":""iPad Air 11-inch (M3) Wi-Fi + Cellular""}},""transactionId"":""b95b97c1-c5d9-4621-b8af-db7bd9597430-1785771733329""}"
False;1291923;2026-08-03 11:46:32.217000;2026-08-02 00:00:00;1291923;VERIFYORDER;SCY37QHGD77;MCG94CI/A;"{""orderDetailsResponses"":{""deviceEligibility"":{""secondaryDisplay"":""0"",""deviceDateOfPurchase"":""03/08/2026"",""deviceId"":""SCY37QHGD77"",""registeredDevice"":""0"",""deviceErrorResponse"":{""errorCode"":""GRX_PMC_003"",""errorMessage"":""Este dispositivo está fuera de garantía y no puede optar al producto de AppleCare. ""},""pocType"":""APOC"",""serialNumber"":""CY37QHGD77"",""partNumber"":""SV072ZX/A"",""partAlias"":""ACP"",""productDescription"":""iPad Air 11-inch (M3) Wi-Fi + Cellular""}},""transactionId"":""0a4d322c-7c97-4af4-a4df-24b67004b545-1785771991668""}"
False;1291923;2026-08-03 11:47:05.857000;2026-08-02 00:00:00;1291923;VERIFYORDER;SCY37QHGD77;MCG94CI/A;"{""orderDetailsResponses"":{""deviceEligibility"":{""secondaryDisplay"":""0"",""deviceDateOfPurchase"":""03/08/2026"",""deviceId"":""SCY37QHGD77"",""registeredDevice"":""0"",""deviceErrorResponse"":{""errorCode"":""GRX_PMC_003"",""errorMessage"":""Este dispositivo está fuera de garantía y no puede optar al producto de AppleCare. ""},""pocType"":""APOC"",""serialNumber"":""CY37QHGD77"",""partNumber"":""SV072ZX/A"",""partAlias"":""ACP"",""productDescription"":""iPad Air 11-inch (M3) Wi-Fi + Cellular""}},""transactionId"":""c010616f-0abb-4849-a542-210fdb16d9f3-1785772025078""}"
False;1291923;2026-08-03 11:51:23.887000;2026-08-02 00:00:00;1291923;VERIFYORDER;SCY37QHGD77;MCG94CI/A;"{""orderDetailsResponses"":{""deviceEligibility"":{""secondaryDisplay"":""0"",""deviceDateOfPurchase"":""03/08/2026"",""deviceId"":""SCY37QHGD77"",""registeredDevice"":""0"",""deviceErrorResponse"":{""errorCode"":""GRX_PMC_003"",""errorMessage"":""Este dispositivo está fuera de garantía y no puede optar al producto de AppleCare. ""},""pocType"":""APOC"",""serialNumber"":""CY37QHGD77"",""partNumber"":""SV072ZX/A"",""partAlias"":""ACP"",""productDescription"":""iPad Air 11-inch (M3) Wi-Fi + Cellular""}},""transactionId"":""415996e5-9b5c-4c4e-8cdb-160f45fbeda7-1785772283273""}"
False;1291923;2026-08-03 11:51:55.507000;2026-08-02 00:00:00;1291923;VERIFYORDER;SCY37QHGD77;MCG94CI/A;"{""orderDetailsResponses"":{""deviceEligibility"":{""secondaryDisplay"":""0"",""deviceDateOfPurchase"":""03/08/2026"",""deviceId"":""SCY37QHGD77"",""registeredDevice"":""0"",""deviceErrorResponse"":{""errorCode"":""GRX_PMC_003"",""errorMessage"":""Este dispositivo está fuera de garantía y no puede optar al producto de AppleCare. ""},""pocType"":""APOC"",""serialNumber"":""CY37QHGD77"",""partNumber"":""SV072ZX/A"",""partAlias"":""ACP"",""productDescription"":""iPad Air 11-inch (M3) Wi-Fi + Cellular""}},""transactionId"":""ea4e0b02-372a-4e1a-aed1-a85db5c8349e-1785772314947""}"
False;1291923;2026-08-03 11:56:25.997000;2026-08-02 00:00:00;1291923;VERIFYORDER;SCY37QHGD77;MCG94CI/A;"{""orderDetailsResponses"":{""deviceEligibility"":{""secondaryDisplay"":""0"",""deviceDateOfPurchase"":""03/08/2026"",""deviceId"":""SCY37QHGD77"",""registeredDevice"":""0"",""deviceErrorResponse"":{""errorCode"":""GRX_PMC_003"",""errorMessage"":""Este dispositivo está fuera de garantía y no puede optar al producto de AppleCare. ""},""pocType"":""APOC"",""serialNumber"":""CY37QHGD77"",""partNumber"":""SV072ZX/A"",""partAlias"":""ACP"",""productDescription"":""iPad Air 11-inch (M3) Wi-Fi + Cellular""}},""transactionId"":""814a9575-8827-4f95-9d7a-ccbf0cc9c817-1785772585379""}"
False;1291923;2026-08-03 11:56:58.837000;2026-08-02 00:00:00;1291923;VERIFYORDER;SCY37QHGD77;MCG94CI/A;"{""orderDetailsResponses"":{""deviceEligibility"":{""secondaryDisplay"":""0"",""deviceDateOfPurchase"":""03/08/2026"",""deviceId"":""SCY37QHGD77"",""registeredDevice"":""0"",""deviceErrorResponse"":{""errorCode"":""GRX_PMC_003"",""errorMessage"":""Este dispositivo está fuera de garantía y no puede optar al producto de AppleCare. ""},""pocType"":""APOC"",""serialNumber"":""CY37QHGD77"",""partNumber"":""SV072ZX/A"",""partAlias"":""ACP"",""productDescription"":""iPad Air 11-inch (M3) Wi-Fi + Cellular""}},""transactionId"":""b1f29637-175e-4654-b60d-adaafb6fd385-1785772618270""}"
False;1291923;2026-08-03 12:01:20.887000;2026-08-02 00:00:00;1291923;VERIFYORDER;SCY37QHGD77;MCG94CI/A;"{""orderDetailsResponses"":{""deviceEligibility"":{""secondaryDisplay"":""0"",""deviceDateOfPurchase"":""03/08/2026"",""deviceId"":""SCY37QHGD77"",""registeredDevice"":""0"",""deviceErrorResponse"":{""errorCode"":""GRX_PMC_003"",""errorMessage"":""Este dispositivo está fuera de garantía y no puede optar al producto de AppleCare. ""},""pocType"":""APOC"",""serialNumber"":""CY37QHGD77"",""partNumber"":""SV072ZX/A"",""partAlias"":""ACP"",""productDescription"":""iPad Air 11-inch (M3) Wi-Fi + Cellular""}},""transactionId"":""a93d3df0-72aa-4774-b663-7e326b8c8c6d-1785772880297""}"
False;1291923;2026-08-03 12:01:57.580000;2026-08-02 00:00:00;1291923;VERIFYORDER;SCY37QHGD77;MCG94CI/A;"{""orderDetailsResponses"":{""deviceEligibility"":{""secondaryDisplay"":""0"",""deviceDateOfPurchase"":""03/08/2026"",""deviceId"":""SCY37QHGD77"",""registeredDevice"":""0"",""deviceErrorResponse"":{""errorCode"":""GRX_PMC_003"",""errorMessage"":""Este dispositivo está fuera de garantía y no puede optar al producto de AppleCare. ""},""pocType"":""APOC"",""serialNumber"":""CY37QHGD77"",""partNumber"":""SV072ZX/A"",""partAlias"":""ACP"",""productDescription"":""iPad Air 11-inch (M3) Wi-Fi + Cellular""}},""transactionId"":""0bca6d47-df21-4595-84dd-8e2662e86ce1-1785772916987""}"
False;1291923;2026-08-03 12:06:20.803000;2026-08-02 00:00:00;1291923;VERIFYORDER;SCY37QHGD77;MCG94CI/A;"{""orderDetailsResponses"":{""deviceEligibility"":{""secondaryDisplay"":""0"",""deviceDateOfPurchase"":""03/08/2026"",""deviceId"":""SCY37QHGD77"",""registeredDevice"":""0"",""deviceErrorResponse"":{""errorCode"":""GRX_PMC_003"",""errorMessage"":""Este dispositivo está fuera de garantía y no puede optar al producto de AppleCare. ""},""pocType"":""APOC"",""serialNumber"":""CY37QHGD77"",""partNumber"":""SV072ZX/A"",""partAlias"":""ACP"",""productDescription"":""iPad Air 11-inch (M3) Wi-Fi + Cellular""}},""transactionId"":""877b2b3c-7767-4a7d-babf-d054cae0ba8a-1785773180242""}"
False;1291923;2026-08-03 12:06:54.510000;2026-08-02 00:00:00;1291923;VERIFYORDER;SCY37QHGD77;MCG94CI/A;"{""orderDetailsResponses"":{""deviceEligibility"":{""secondaryDisplay"":""0"",""deviceDateOfPurchase"":""03/08/2026"",""deviceId"":""SCY37QHGD77"",""registeredDevice"":""0"",""deviceErrorResponse"":{""errorCode"":""GRX_PMC_003"",""errorMessage"":""Este dispositivo está fuera de garantía y no puede optar al producto de AppleCare. ""},""pocType"":""APOC"",""serialNumber"":""CY37QHGD77"",""partNumber"":""SV072ZX/A"",""partAlias"":""ACP"",""productDescription"":""iPad Air 11-inch (M3) Wi-Fi + Cellular""}},""transactionId"":""4895a637-4564-44e8-bd18-47288f5a7bf6-1785773213821""}"
False;1291923;2026-08-03 12:11:28.023000;2026-08-02 00:00:00;1291923;VERIFYORDER;SCY37QHGD77;MCG94CI/A;"{""orderDetailsResponses"":{""deviceEligibility"":{""secondaryDisplay"":""0"",""deviceDateOfPurchase"":""03/08/2026"",""deviceId"":""SCY37QHGD77"",""registeredDevice"":""0"",""deviceErrorResponse"":{""errorCode"":""GRX_PMC_003"",""errorMessage"":""Este dispositivo está fuera de garantía y no puede optar al producto de AppleCare. ""},""pocType"":""APOC"",""serialNumber"":""CY37QHGD77"",""partNumber"":""SV072ZX/A"",""partAlias"":""ACP"",""productDescription"":""iPad Air 11-inch (M3) Wi-Fi + Cellular""}},""transactionId"":""75c8ffaf-bf2b-4218-951c-fd8ed5986ae8-1785773487389""}"
False;1291923;2026-08-03 12:12:05.440000;2026-08-02 00:00:00;1291923;VERIFYORDER;SCY37QHGD77;MCG94CI/A;"{""orderDetailsResponses"":{""deviceEligibility"":{""secondaryDisplay"":""0"",""deviceDateOfPurchase"":""03/08/2026"",""deviceId"":""SCY37QHGD77"",""registeredDevice"":""0"",""deviceErrorResponse"":{""errorCode"":""GRX_PMC_003"",""errorMessage"":""Este dispositivo está fuera de garantía y no puede optar al producto de AppleCare. ""},""pocType"":""APOC"",""serialNumber"":""CY37QHGD77"",""partNumber"":""SV072ZX/A"",""partAlias"":""ACP"",""productDescription"":""iPad Air 11-inch (M3) Wi-Fi + Cellular""}},""transactionId"":""da3172f0-fc7c-4422-95bd-02e82e111179-1785773524678""}"
False;1291923;2026-08-03 12:16:27.030000;2026-08-02 00:00:00;1291923;VERIFYORDER;SCY37QHGD77;MCG94CI/A;"{""orderDetailsResponses"":{""deviceEligibility"":{""secondaryDisplay"":""0"",""deviceDateOfPurchase"":""03/08/2026"",""deviceId"":""SCY37QHGD77"",""registeredDevice"":""0"",""deviceErrorResponse"":{""errorCode"":""GRX_PMC_003"",""errorMessage"":""Este dispositivo está fuera de garantía y no puede optar al producto de AppleCare. ""},""pocType"":""APOC"",""serialNumber"":""CY37QHGD77"",""partNumber"":""SV072ZX/A"",""partAlias"":""ACP"",""productDescription"":""iPad Air 11-inch (M3) Wi-Fi + Cellular""}},""transactionId"":""b684a749-950f-47e0-82f4-23ee9e86f8c0-1785773786505""}"
False;1291923;2026-08-03 12:17:01.127000;2026-08-02 00:00:00;1291923;VERIFYORDER;SCY37QHGD77;MCG94CI/A;"{""orderDetailsResponses"":{""deviceEligibility"":{""secondaryDisplay"":""0"",""deviceDateOfPurchase"":""03/08/2026"",""deviceId"":""SCY37QHGD77"",""registeredDevice"":""0"",""deviceErrorResponse"":{""errorCode"":""GRX_PMC_003"",""errorMessage"":""Este dispositivo está fuera de garantía y no puede optar al producto de AppleCare. ""},""pocType"":""APOC"",""serialNumber"":""CY37QHGD77"",""partNumber"":""SV072ZX/A"",""partAlias"":""ACP"",""productDescription"":""iPad Air 11-inch (M3) Wi-Fi + Cellular""}},""transactionId"":""dcc775bb-b867-41cb-aeb6-fe034b2f14fc-1785773820576""}"
False;1291923;2026-08-03 12:21:26.570000;2026-08-02 00:00:00;1291923;VERIFYORDER;SCY37QHGD77;MCG94CI/A;"{""orderDetailsResponses"":{""deviceEligibility"":{""secondaryDisplay"":""0"",""deviceDateOfPurchase"":""03/08/2026"",""deviceId"":""SCY37QHGD77"",""registeredDevice"":""0"",""deviceErrorResponse"":{""errorCode"":""GRX_PMC_003"",""errorMessage"":""Este dispositivo está fuera de garantía y no puede optar al producto de AppleCare. ""},""pocType"":""APOC"",""serialNumber"":""CY37QHGD77"",""partNumber"":""SV072ZX/A"",""partAlias"":""ACP"",""productDescription"":""iPad Air 11-inch (M3) Wi-Fi + Cellular""}},""transactionId"":""886265ad-479b-4fb7-9728-4a6e6fe90013-1785774086014""}"
False;1291923;2026-08-03 12:21:59.587000;2026-08-02 00:00:00;1291923;VERIFYORDER;SCY37QHGD77;MCG94CI/A;"{""orderDetailsResponses"":{""deviceEligibility"":{""secondaryDisplay"":""0"",""deviceDateOfPurchase"":""03/08/2026"",""deviceId"":""SCY37QHGD77"",""registeredDevice"":""0"",""deviceErrorResponse"":{""errorCode"":""GRX_PMC_003"",""errorMessage"":""Este dispositivo está fuera de garantía y no puede optar al producto de AppleCare. ""},""pocType"":""APOC"",""serialNumber"":""CY37QHGD77"",""partNumber"":""SV072ZX/A"",""partAlias"":""ACP"",""productDescription"":""iPad Air 11-inch (M3) Wi-Fi + Cellular""}},""transactionId"":""cdf3d412-7747-4ef0-99ed-735c862235a9-1785774118981""}"
False;1291923;2026-08-03 12:26:25.010000;2026-08-02 00:00:00;1291923;VERIFYORDER;SCY37QHGD77;MCG94CI/A;"{""orderDetailsResponses"":{""deviceEligibility"":{""secondaryDisplay"":""0"",""deviceDateOfPurchase"":""03/08/2026"",""deviceId"":""SCY37QHGD77"",""registeredDevice"":""0"",""deviceErrorResponse"":{""errorCode"":""GRX_PMC_003"",""errorMessage"":""Este dispositivo está fuera de garantía y no puede optar al producto de AppleCare. ""},""pocType"":""APOC"",""serialNumber"":""CY37QHGD77"",""partNumber"":""SV072ZX/A"",""partAlias"":""ACP"",""productDescription"":""iPad Air 11-inch (M3) Wi-Fi + Cellular""}},""transactionId"":""153d76a2-bdaa-4074-8a26-c24b22747df4-1785774384515""}"
False;1291923;2026-08-03 12:26:58.127000;2026-08-02 00:00:00;1291923;VERIFYORDER;SCY37QHGD77;MCG94CI/A;"{""orderDetailsResponses"":{""deviceEligibility"":{""secondaryDisplay"":""0"",""deviceDateOfPurchase"":""03/08/2026"",""deviceId"":""SCY37QHGD77"",""registeredDevice"":""0"",""deviceErrorResponse"":{""errorCode"":""GRX_PMC_003"",""errorMessage"":""Este dispositivo está fuera de garantía y no puede optar al producto de AppleCare. ""},""pocType"":""APOC"",""serialNumber"":""CY37QHGD77"",""partNumber"":""SV072ZX/A"",""partAlias"":""ACP"",""productDescription"":""iPad Air 11-inch (M3) Wi-Fi + Cellular""}},""transactionId"":""008e1f5a-b99f-485f-9423-0579fdc634fd-1785774417535""}"
True;5093802;2026-08-03 12:30:27.230000;2026-08-03 00:00:00;14701124;VERIFYORDER;SGCQ0CY4061;MFYN4BE/A;"{""orderDetailsResponses"":{""deviceEligibility"":{""secondaryDisplay"":""0"",""partDescription"":""AppleCare+ con robo y pérdida para iPhone 17 Pro Max"",""coverageDuration"":""2"",""productStatement"":""Tu AppleCare+ con robo y pérdida para iPhone 17 Pro Max amplía la cobertura de servicio y soporte técnico a 2 años desde la fecha de compra de AppleCare+ con robo y pérdida e incluye cobertura para una cantidad ilimitada de incidentes por daño accidental debido a la manipulación del producto o un máximo de dos incidentes de robo y pérdida cada 12 meses, cada uno de ellos sujeto a un cargo adicional de R$96000  por Otros daños accidentales o de R$28000  por los daños de la pantalla o la carcasa externa o de R$144000  por robo o pérdida. Lee todos los detalles en los Términos y condiciones de AppleCare+."",""deviceDateOfPurchase"":""03/08/2026"",""deviceId"":""SGCQ0CY4061"",""registeredDevice"":""1"",""pocType"":""APOC"",""serialNumber"":""GCQ0CY4061"",""partNumber"":""SX382ZX/A"",""partAlias"":""ACPTL"",""purchaseMode"":""C"",""productDescription"":""iPhone 17 Pro Max"",""tlDisclosure"":""La cobertura de robo y pérdida requiere que tengas la función Buscar habilitada en tu dispositivo antes de que se pierda o te lo roben. Durante el proceso de reclamación, te pediremos que uses la función Buscar para poner el dispositivo perdido o robado en modo Perdido, borrarlo y transferir la propiedad a Apple para que podamos asignarte un nuevo dispositivo. Para asegurarte de que puedas iniciar sesión en Buscar y acceder a esta función, es importante que recuerdes tu ID de Apple y contraseña, y que mantengas la información de tu cuenta actualizada. Si usas la autenticación de doble factor para el ID de Apple, te recomendamos que añadas un número de teléfono adicional de confianza a tu cuenta en el que puedas recibir el código de verificación de 6 dígitos que necesitas para iniciar sesión aunque no tengas tu iPhone. Para obtener más información, visita las páginas de Soporte técnico de Apple.""}},""transactionId"":""77eed448-e137-47c6-933d-dd5c1939f3aa-1785774626674""}"
False;1291923;2026-08-03 12:31:22.530000;2026-08-02 00:00:00;1291923;VERIFYORDER;SCY37QHGD77;MCG94CI/A;"{""orderDetailsResponses"":{""deviceEligibility"":{""secondaryDisplay"":""0"",""deviceDateOfPurchase"":""03/08/2026"",""deviceId"":""SCY37QHGD77"",""registeredDevice"":""0"",""deviceErrorResponse"":{""errorCode"":""GRX_PMC_003"",""errorMessage"":""Este dispositivo está fuera de garantía y no puede optar al producto de AppleCare. ""},""pocType"":""APOC"",""serialNumber"":""CY37QHGD77"",""partNumber"":""SV072ZX/A"",""partAlias"":""ACP"",""productDescription"":""iPad Air 11-inch (M3) Wi-Fi + Cellular""}},""transactionId"":""ba3f8266-7ea8-4fc6-93a3-e350371b390c-1785774682025""}"
True;1291939;2026-08-03 12:31:24.400000;2026-08-03 00:00:00;1291939;VERIFYORDER;SHHJMHWLWFN;MG8G4BE/A;"{""orderDetailsResponses"":{""deviceEligibility"":{""secondaryDisplay"":""0"",""partDescription"":""AppleCare+ con robo y pérdida para iPhone 17 Pro"",""coverageDuration"":""2"",""productStatement"":""Tu AppleCare+ con robo y pérdida para iPhone 17 Pro amplía la cobertura de servicio y soporte técnico a 2 años desde la fecha de compra de AppleCare+ con robo y pérdida e incluye cobertura para una cantidad ilimitada de incidentes por daño accidental debido a la manipulación del producto o un máximo de dos incidentes de robo y pérdida cada 12 meses, cada uno de ellos sujeto a un cargo adicional de R$96000  por Otros daños accidentales o de R$28000  por los daños de la pantalla o la carcasa externa o de R$144000  por robo o pérdida. Lee todos los detalles en los Términos y condiciones de AppleCare+."",""deviceDateOfPurchase"":""03/08/2026"",""deviceId"":""SHHJMHWLWFN"",""registeredDevice"":""1"",""pocType"":""APOC"",""serialNumber"":""HHJMHWLWFN"",""partNumber"":""SX342ZX/A"",""partAlias"":""ACPTL"",""purchaseMode"":""C"",""productDescription"":""iPhone 17 Pro"",""tlDisclosure"":""La cobertura de robo y pérdida requiere que tengas la función Buscar habilitada en tu dispositivo antes de que se pierda o te lo roben. Durante el proceso de reclamación, te pediremos que uses la función Buscar para poner el dispositivo perdido o robado en modo Perdido, borrarlo y transferir la propiedad a Apple para que podamos asignarte un nuevo dispositivo. Para asegurarte de que puedas iniciar sesión en Buscar y acceder a esta función, es importante que recuerdes tu ID de Apple y contraseña, y que mantengas la información de tu cuenta actualizada. Si usas la autenticación de doble factor para el ID de Apple, te recomendamos que añadas un número de teléfono adicional de confianza a tu cuenta en el que puedas recibir el código de verificación de 6 dígitos que necesitas para iniciar sesión aunque no tengas tu iPhone. Para obtener más información, visita las páginas de Soporte técnico de Apple.""}},""transactionId"":""07d510ec-4182-4eb5-8a26-c2b21659f1ca-1785774683917""}"
True;1291939;2026-08-03 12:31:26.163000;2026-08-03 00:00:00;1291939;CREATEORDER;SHHJMHWLWFN;MG8G4BE/A;"{""orderDetailsResponses"":{""deviceEligibility"":{""secondaryDisplay"":""0"",""partDescription"":""AppleCare+ con robo y pérdida para iPhone 17 Pro"",""coverageDuration"":""2"",""productStatement"":""Tu AppleCare+ con robo y pérdida para iPhone 17 Pro amplía la cobertura de servicio y soporte técnico a 2 años desde la fecha de compra de AppleCare+ con robo y pérdida e incluye cobertura para una cantidad ilimitada de incidentes por daño accidental debido a la manipulación del producto o un máximo de dos incidentes de robo y pérdida cada 12 meses, cada uno de ellos sujeto a un cargo adicional de R$96000  por Otros daños accidentales o de R$28000  por los daños de la pantalla o la carcasa externa o de R$144000  por robo o pérdida. Lee todos los detalles en los Términos y condiciones de AppleCare+."",""deviceDateOfPurchase"":""03/08/2026"",""deviceId"":""SHHJMHWLWFN"",""registeredDevice"":""1"",""pocType"":""RPOC"",""serialNumber"":""HHJMHWLWFN"",""partNumber"":""SX342ZX/A"",""partAlias"":""ACPTL"",""purchaseMode"":""C"",""productDescription"":""iPhone 17 Pro"",""tlDisclosure"":""La cobertura de robo y pérdida requiere que tengas la función Buscar habilitada en tu dispositivo antes de que se pierda o te lo roben. Durante el proceso de reclamación, te pediremos que uses la función Buscar para poner el dispositivo perdido o robado en modo Perdido, borrarlo y transferir la propiedad a Apple para que podamos asignarte un nuevo dispositivo. Para asegurarte de que puedas iniciar sesión en Buscar y acceder a esta función, es importante que recuerdes tu ID de Apple y contraseña, y que mantengas la información de tu cuenta actualizada. Si usas la autenticación de doble factor para el ID de Apple, te recomendamos que añadas un número de teléfono adicional de confianza a tu cuenta en el que puedas recibir el código de verificación de 6 dígitos que necesitas para iniciar sesión aunque no tengas tu iPhone. Para obtener más información, visita las páginas de Soporte técnico de Apple.""},""orderConfirmation"":{""agreementNumber"":""328093223349"",""coverageDurationStatement"":""Finaliza el 02/08/2028"",""termConditionURL"":""http://www.apple.com/legal/sales-support/"",""partNumber"":""SX342ZX/A"",""partAlias"":""ACPTL"",""partType"":""AC+TL"",""purchaseMode"":""C"",""appleCareSalesDate"":""03/08/2026"",""pocType"":""RPOC"",""purchaseOrderNumber"":""1291939""}},""transactionId"":""f712a8c7-9c5c-48e8-983a-ed7a05ac0357-1785774685297""}"
True;5071342;2026-08-03 12:31:35.220000;2026-08-03 00:00:00;45501104;VERIFYORDER;SFKVGPK4RMG;MFHP4AM/A;"{""orderDetailsResponses"":{""deviceEligibility"":{""secondaryDisplay"":""0"",""partDescription"":""AppleCare+ para Headphones - AirPods Pro"",""coverageDuration"":""2"",""productStatement"":""AppleCare+ para Headphones - AirPods Pro amplía la cobertura de servicio y soporte técnico a 2 años desde la fecha de compra de AppleCare+ e incluye cobertura para una cantidad ilimitada de incidentes por daño accidental debido a la manipulación del producto, cada uno de ellos sujeto a un cargo adicional de R$28000 . Lee todos los detalles en los Términos y condiciones de AppleCare+."",""deviceDateOfPurchase"":""03/08/2026"",""deviceId"":""SFKVGPK4RMG"",""registeredDevice"":""1"",""pocType"":""APOC"",""serialNumber"":""FKVGPK4RMG"",""partNumber"":""SYLW2ZX/A"",""partAlias"":""ACP"",""purchaseMode"":""C"",""productDescription"":""AirPods Pro 3""}},""transactionId"":""3209113d-077b-4e53-93b9-80dc434ecad5-1785774694690""}"
False;1291923;2026-08-03 12:32:04.393000;2026-08-02 00:00:00;1291923;VERIFYORDER;SCY37QHGD77;MCG94CI/A;"{""orderDetailsResponses"":{""deviceEligibility"":{""secondaryDisplay"":""0"",""deviceDateOfPurchase"":""03/08/2026"",""deviceId"":""SCY37QHGD77"",""registeredDevice"":""0"",""deviceErrorResponse"":{""errorCode"":""GRX_PMC_003"",""errorMessage"":""Este dispositivo está fuera de garantía y no puede optar al producto de AppleCare. ""},""pocType"":""APOC"",""serialNumber"":""CY37QHGD77"",""partNumber"":""SV072ZX/A"",""partAlias"":""ACP"",""productDescription"":""iPad Air 11-inch (M3) Wi-Fi + Cellular""}},""transactionId"":""df9a274d-7aac-4330-92b6-2255aae42639-1785774723853""}"
True;5093802;2026-08-03 12:36:20.163000;2026-08-03 00:00:00;14701124;CREATEORDER;SGCQ0CY4061;MFYN4BE/A;"{""orderDetailsResponses"":{""deviceEligibility"":{""secondaryDisplay"":""0"",""partDescription"":""AppleCare+ con robo y pérdida para iPhone 17 Pro Max"",""coverageDuration"":""2"",""productStatement"":""Tu AppleCare+ con robo y pérdida para iPhone 17 Pro Max amplía la cobertura de servicio y soporte técnico a 2 años desde la fecha de compra de AppleCare+ con robo y pérdida e incluye cobertura para una cantidad ilimitada de incidentes por daño accidental debido a la manipulación del producto o un máximo de dos incidentes de robo y pérdida cada 12 meses, cada uno de ellos sujeto a un cargo adicional de R$96000  por Otros daños accidentales o de R$28000  por los daños de la pantalla o la carcasa externa o de R$144000  por robo o pérdida. Lee todos los detalles en los Términos y condiciones de AppleCare+."",""deviceDateOfPurchase"":""03/08/2026"",""deviceId"":""SGCQ0CY4061"",""registeredDevice"":""1"",""pocType"":""APOC"",""serialNumber"":""GCQ0CY4061"",""partNumber"":""SX382ZX/A"",""partAlias"":""ACPTL"",""purchaseMode"":""C"",""productDescription"":""iPhone 17 Pro Max"",""tlDisclosure"":""La cobertura de robo y pérdida requiere que tengas la función Buscar habilitada en tu dispositivo antes de que se pierda o te lo roben. Durante el proceso de reclamación, te pediremos que uses la función Buscar para poner el dispositivo perdido o robado en modo Perdido, borrarlo y transferir la propiedad a Apple para que podamos asignarte un nuevo dispositivo. Para asegurarte de que puedas iniciar sesión en Buscar y acceder a esta función, es importante que recuerdes tu ID de Apple y contraseña, y que mantengas la información de tu cuenta actualizada. Si usas la autenticación de doble factor para el ID de Apple, te recomendamos que añadas un número de teléfono adicional de confianza a tu cuenta en el que puedas recibir el código de verificación de 6 dígitos que necesitas para iniciar sesión aunque no tengas tu iPhone. Para obtener más información, visita las páginas de Soporte técnico de Apple.""},""orderConfirmation"":{""agreementNumber"":""328093240339"",""coverageDurationStatement"":""Finaliza el 02/08/2028"",""termConditionURL"":""http://www.apple.com/legal/sales-support/"",""partNumber"":""SX382ZX/A"",""partAlias"":""ACPTL"",""partType"":""AC+TL"",""purchaseMode"":""C"",""appleCareSalesDate"":""03/08/2026"",""pocType"":""APOC"",""purchaseOrderNumber"":""14701124""}},""transactionId"":""ef12c5c7-1ca8-490e-8c03-12da06c663cf-1785774974261""}"
False;1291923;2026-08-03 12:36:22.260000;2026-08-02 00:00:00;1291923;VERIFYORDER;SCY37QHGD77;MCG94CI/A;"{""orderDetailsResponses"":{""deviceEligibility"":{""secondaryDisplay"":""0"",""deviceDateOfPurchase"":""03/08/2026"",""deviceId"":""SCY37QHGD77"",""registeredDevice"":""0"",""deviceErrorResponse"":{""errorCode"":""GRX_PMC_003"",""errorMessage"":""Este dispositivo está fuera de garantía y no puede optar al producto de AppleCare. ""},""pocType"":""APOC"",""serialNumber"":""CY37QHGD77"",""partNumber"":""SV072ZX/A"",""partAlias"":""ACP"",""productDescription"":""iPad Air 11-inch (M3) Wi-Fi + Cellular""}},""transactionId"":""42c0f2d8-cd73-4dba-8769-9d7bf6484104-1785774981693""}"
True;5071342;2026-08-03 12:36:40.840000;2026-08-03 00:00:00;45501104;CREATEORDER;SFKVGPK4RMG;MFHP4AM/A;"{""orderDetailsResponses"":{""deviceEligibility"":{""secondaryDisplay"":""0"",""partDescription"":""AppleCare+ para Headphones - AirPods Pro"",""coverageDuration"":""2"",""productStatement"":""AppleCare+ para Headphones - AirPods Pro amplía la cobertura de servicio y soporte técnico a 2 años desde la fecha de compra de AppleCare+ e incluye cobertura para una cantidad ilimitada de incidentes por daño accidental debido a la manipulación del producto, cada uno de ellos sujeto a un cargo adicional de R$28000 . Lee todos los detalles en los Términos y condiciones de AppleCare+."",""deviceDateOfPurchase"":""03/08/2026"",""deviceId"":""SFKVGPK4RMG"",""registeredDevice"":""1"",""pocType"":""APOC"",""serialNumber"":""FKVGPK4RMG"",""partNumber"":""SYLW2ZX/A"",""partAlias"":""ACP"",""purchaseMode"":""C"",""productDescription"":""AirPods Pro 3""},""orderConfirmation"":{""agreementNumber"":""328093260198"",""coverageDurationStatement"":""Finaliza el 02/08/2028"",""termConditionURL"":""http://www.apple.com/legal/sales-support/"",""partNumber"":""SYLW2ZX/A"",""partAlias"":""ACP"",""partType"":""AppleCare+"",""purchaseMode"":""C"",""appleCareSalesDate"":""03/08/2026"",""pocType"":""APOC"",""purchaseOrderNumber"":""45501104""}},""transactionId"":""f5e8f61c-8d75-4f71-9295-7c6fecf43db8-1785774996222""}"
False;1291923;2026-08-03 12:36:56.957000;2026-08-02 00:00:00;1291923;VERIFYORDER;SCY37QHGD77;MCG94CI/A;"{""orderDetailsResponses"":{""deviceEligibility"":{""secondaryDisplay"":""0"",""deviceDateOfPurchase"":""03/08/2026"",""deviceId"":""SCY37QHGD77"",""registeredDevice"":""0"",""deviceErrorResponse"":{""errorCode"":""GRX_PMC_003"",""errorMessage"":""Este dispositivo está fuera de garantía y no puede optar al producto de AppleCare. ""},""pocType"":""APOC"",""serialNumber"":""CY37QHGD77"",""partNumber"":""SV072ZX/A"",""partAlias"":""ACP"",""productDescription"":""iPad Air 11-inch (M3) Wi-Fi + Cellular""}},""transactionId"":""9dd82246-4e1d-4016-8a92-1c68524d322c-1785775016454""}"
False;1291923;2026-08-03 12:41:26.283000;2026-08-02 00:00:00;1291923;VERIFYORDER;SCY37QHGD77;MCG94CI/A;"{""orderDetailsResponses"":{""deviceEligibility"":{""secondaryDisplay"":""0"",""deviceDateOfPurchase"":""03/08/2026"",""deviceId"":""SCY37QHGD77"",""registeredDevice"":""0"",""deviceErrorResponse"":{""errorCode"":""GRX_PMC_003"",""errorMessage"":""Este dispositivo está fuera de garantía y no puede optar al producto de AppleCare. ""},""pocType"":""APOC"",""serialNumber"":""CY37QHGD77"",""partNumber"":""SV072ZX/A"",""partAlias"":""ACP"",""productDescription"":""iPad Air 11-inch (M3) Wi-Fi + Cellular""}},""transactionId"":""6fe6e7d7-863a-4ab7-85d9-751b8ea824bd-1785775285770""}"
False;1291923;2026-08-03 12:41:59.223000;2026-08-02 00:00:00;1291923;VERIFYORDER;SCY37QHGD77;MCG94CI/A;"{""orderDetailsResponses"":{""deviceEligibility"":{""secondaryDisplay"":""0"",""deviceDateOfPurchase"":""03/08/2026"",""deviceId"":""SCY37QHGD77"",""registeredDevice"":""0"",""deviceErrorResponse"":{""errorCode"":""GRX_PMC_003"",""errorMessage"":""Este dispositivo está fuera de garantía y no puede optar al producto de AppleCare. ""},""pocType"":""APOC"",""serialNumber"":""CY37QHGD77"",""partNumber"":""SV072ZX/A"",""partAlias"":""ACP"",""productDescription"":""iPad Air 11-inch (M3) Wi-Fi + Cellular""}},""transactionId"":""36e1f7ad-f4d4-41f9-af12-361a6dbfd8b6-1785775318628""}"
True;5071343;2026-08-03 12:42:22.040000;2026-08-03 00:00:00;45601104;VERIFYORDER;shqmn6ym2lw;MFHP4AM/A;"{""orderDetailsResponses"":{""deviceEligibility"":{""secondaryDisplay"":""0"",""partDescription"":""AppleCare+ para Headphones - AirPods Pro"",""coverageDuration"":""2"",""productStatement"":""AppleCare+ para Headphones - AirPods Pro amplía la cobertura de servicio y soporte técnico a 2 años desde la fecha de compra de AppleCare+ e incluye cobertura para una cantidad ilimitada de incidentes por daño accidental debido a la manipulación del producto, cada uno de ellos sujeto a un cargo adicional de R$28000 . Lee todos los detalles en los Términos y condiciones de AppleCare+."",""deviceDateOfPurchase"":""03/08/2026"",""deviceId"":""SHQMN6YM2LW"",""registeredDevice"":""1"",""pocType"":""APOC"",""serialNumber"":""HQMN6YM2LW"",""partNumber"":""SYLW2ZX/A"",""partAlias"":""ACP"",""purchaseMode"":""C"",""productDescription"":""AirPods Pro 3""}},""transactionId"":""9315de08-8061-45b1-8afa-2c1d8b1b2845-1785775341363""}"
False;1291923;2026-08-03 12:46:31.747000;2026-08-02 00:00:00;1291923;VERIFYORDER;SCY37QHGD77;MCG94CI/A;"{""orderDetailsResponses"":{""deviceEligibility"":{""secondaryDisplay"":""0"",""deviceDateOfPurchase"":""03/08/2026"",""deviceId"":""SCY37QHGD77"",""registeredDevice"":""0"",""deviceErrorResponse"":{""errorCode"":""GRX_PMC_003"",""errorMessage"":""Este dispositivo está fuera de garantía y no puede optar al producto de AppleCare. ""},""pocType"":""APOC"",""serialNumber"":""CY37QHGD77"",""partNumber"":""SV072ZX/A"",""partAlias"":""ACP"",""productDescription"":""iPad Air 11-inch (M3) Wi-Fi + Cellular""}},""transactionId"":""6e6567c8-ecb3-4a2e-b001-ea575e6e4906-1785775591098""}"
False;1291923;2026-08-03 12:47:04.857000;2026-08-02 00:00:00;1291923;VERIFYORDER;SCY37QHGD77;MCG94CI/A;"{""orderDetailsResponses"":{""deviceEligibility"":{""secondaryDisplay"":""0"",""deviceDateOfPurchase"":""03/08/2026"",""deviceId"":""SCY37QHGD77"",""registeredDevice"":""0"",""deviceErrorResponse"":{""errorCode"":""GRX_PMC_003"",""errorMessage"":""Este dispositivo está fuera de garantía y no puede optar al producto de AppleCare. ""},""pocType"":""APOC"",""serialNumber"":""CY37QHGD77"",""partNumber"":""SV072ZX/A"",""partAlias"":""ACP"",""productDescription"":""iPad Air 11-inch (M3) Wi-Fi + Cellular""}},""transactionId"":""61a8eb85-3446-4342-aaef-9e566b579b59-1785775624325""}"
True;5071343;2026-08-03 12:49:55.560000;2026-08-03 00:00:00;45601104;CREATEORDER;shqmn6ym2lw;MFHP4AM/A;"{""orderDetailsResponses"":{""deviceEligibility"":{""secondaryDisplay"":""0"",""partDescription"":""AppleCare+ para Headphones - AirPods Pro"",""coverageDuration"":""2"",""productStatement"":""AppleCare+ para Headphones - AirPods Pro amplía la cobertura de servicio y soporte técnico a 2 años desde la fecha de compra de AppleCare+ e incluye cobertura para una cantidad ilimitada de incidentes por daño accidental debido a la manipulación del producto, cada uno de ellos sujeto a un cargo adicional de R$28000 . Lee todos los detalles en los Términos y condiciones de AppleCare+."",""deviceDateOfPurchase"":""03/08/2026"",""deviceId"":""SHQMN6YM2LW"",""registeredDevice"":""1"",""pocType"":""APOC"",""serialNumber"":""HQMN6YM2LW"",""partNumber"":""SYLW2ZX/A"",""partAlias"":""ACP"",""purchaseMode"":""C"",""productDescription"":""AirPods Pro 3""},""orderConfirmation"":{""agreementNumber"":""328093260380"",""coverageDurationStatement"":""Finaliza el 02/08/2028"",""termConditionURL"":""http://www.apple.com/legal/sales-support/"",""partNumber"":""SYLW2ZX/A"",""partAlias"":""ACP"",""partType"":""AppleCare+"",""purchaseMode"":""C"",""appleCareSalesDate"":""03/08/2026"",""pocType"":""APOC"",""purchaseOrderNumber"":""45601104""}},""transactionId"":""c5bfdf83-2245-4640-b02b-be2ed0a1bfc6-1785775791146""}"
False;1291923;2026-08-03 12:51:43.757000;2026-08-02 00:00:00;1291923;VERIFYORDER;SCY37QHGD77;MCG94CI/A;"{""orderDetailsResponses"":{""deviceEligibility"":{""secondaryDisplay"":""0"",""deviceDateOfPurchase"":""03/08/2026"",""deviceId"":""SCY37QHGD77"",""registeredDevice"":""0"",""deviceErrorResponse"":{""errorCode"":""GRX_PMC_003"",""errorMessage"":""Este dispositivo está fuera de garantía y no puede optar al producto de AppleCare. ""},""pocType"":""APOC"",""serialNumber"":""CY37QHGD77"",""partNumber"":""SV072ZX/A"",""partAlias"":""ACP"",""productDescription"":""iPad Air 11-inch (M3) Wi-Fi + Cellular""}},""transactionId"":""0d59994a-14b5-4368-b1e7-253c81dda10b-1785775903232""}"
False;1291923;2026-08-03 12:52:21.170000;2026-08-02 00:00:00;1291923;VERIFYORDER;SCY37QHGD77;MCG94CI/A;"{""orderDetailsResponses"":{""deviceEligibility"":{""secondaryDisplay"":""0"",""deviceDateOfPurchase"":""03/08/2026"",""deviceId"":""SCY37QHGD77"",""registeredDevice"":""0"",""deviceErrorResponse"":{""errorCode"":""GRX_PMC_003"",""errorMessage"":""Este dispositivo está fuera de garantía y no puede optar al producto de AppleCare. ""},""pocType"":""APOC"",""serialNumber"":""CY37QHGD77"",""partNumber"":""SV072ZX/A"",""partAlias"":""ACP"",""productDescription"":""iPad Air 11-inch (M3) Wi-Fi + Cellular""}},""transactionId"":""b49bdec4-dc2e-421f-915b-31f80e480248-1785775940633""}"
False;1291923;2026-08-03 12:56:26.573000;2026-08-02 00:00:00;1291923;VERIFYORDER;SCY37QHGD77;MCG94CI/A;"{""orderDetailsResponses"":{""deviceEligibility"":{""secondaryDisplay"":""0"",""deviceDateOfPurchase"":""03/08/2026"",""deviceId"":""SCY37QHGD77"",""registeredDevice"":""0"",""deviceErrorResponse"":{""errorCode"":""GRX_PMC_003"",""errorMessage"":""Este dispositivo está fuera de garantía y no puede optar al producto de AppleCare. ""},""pocType"":""APOC"",""serialNumber"":""CY37QHGD77"",""partNumber"":""SV072ZX/A"",""partAlias"":""ACP"",""productDescription"":""iPad Air 11-inch (M3) Wi-Fi + Cellular""}},""transactionId"":""90eb38d2-97b2-4404-96e7-f58744b0e762-1785776185976""}"
False;1291923;2026-08-03 12:57:00.280000;2026-08-02 00:00:00;1291923;VERIFYORDER;SCY37QHGD77;MCG94CI/A;"{""orderDetailsResponses"":{""deviceEligibility"":{""secondaryDisplay"":""0"",""deviceDateOfPurchase"":""03/08/2026"",""deviceId"":""SCY37QHGD77"",""registeredDevice"":""0"",""deviceErrorResponse"":{""errorCode"":""GRX_PMC_003"",""errorMessage"":""Este dispositivo está fuera de garantía y no puede optar al producto de AppleCare. ""},""pocType"":""APOC"",""serialNumber"":""CY37QHGD77"",""partNumber"":""SV072ZX/A"",""partAlias"":""ACP"",""productDescription"":""iPad Air 11-inch (M3) Wi-Fi + Cellular""}},""transactionId"":""6cf0aa69-3ea3-4eb1-94e0-0c3c11f9664d-1785776219732""}"
False;1291923;2026-08-03 13:01:23.773000;2026-08-02 00:00:00;1291923;VERIFYORDER;SCY37QHGD77;MCG94CI/A;"{""orderDetailsResponses"":{""deviceEligibility"":{""secondaryDisplay"":""0"",""deviceDateOfPurchase"":""03/08/2026"",""deviceId"":""SCY37QHGD77"",""registeredDevice"":""0"",""deviceErrorResponse"":{""errorCode"":""GRX_PMC_003"",""errorMessage"":""Este dispositivo está fuera de garantía y no puede optar al producto de AppleCare. ""},""pocType"":""APOC"",""serialNumber"":""CY37QHGD77"",""partNumber"":""SV072ZX/A"",""partAlias"":""ACP"",""productDescription"":""iPad Air 11-inch (M3) Wi-Fi + Cellular""}},""transactionId"":""89ceea46-ec8f-46bb-bb7e-0a267a9c854c-1785776483254""}"
False;1291923;2026-08-03 13:01:57.960000;2026-08-02 00:00:00;1291923;VERIFYORDER;SCY37QHGD77;MCG94CI/A;"{""orderDetailsResponses"":{""deviceEligibility"":{""secondaryDisplay"":""0"",""deviceDateOfPurchase"":""03/08/2026"",""deviceId"":""SCY37QHGD77"",""registeredDevice"":""0"",""deviceErrorResponse"":{""errorCode"":""GRX_PMC_003"",""errorMessage"":""Este dispositivo está fuera de garantía y no puede optar al producto de AppleCare. ""},""pocType"":""APOC"",""serialNumber"":""CY37QHGD77"",""partNumber"":""SV072ZX/A"",""partAlias"":""ACP"",""productDescription"":""iPad Air 11-inch (M3) Wi-Fi + Cellular""}},""transactionId"":""60651a44-cc2a-4234-ae67-3bafba150e4d-1785776517464""}"
False;1291923;2026-08-03 13:06:24.777000;2026-08-02 00:00:00;1291923;VERIFYORDER;SCY37QHGD77;MCG94CI/A;"{""orderDetailsResponses"":{""deviceEligibility"":{""secondaryDisplay"":""0"",""deviceDateOfPurchase"":""03/08/2026"",""deviceId"":""SCY37QHGD77"",""registeredDevice"":""0"",""deviceErrorResponse"":{""errorCode"":""GRX_PMC_003"",""errorMessage"":""Este dispositivo está fuera de garantía y no puede optar al producto de AppleCare. ""},""pocType"":""APOC"",""serialNumber"":""CY37QHGD77"",""partNumber"":""SV072ZX/A"",""partAlias"":""ACP"",""productDescription"":""iPad Air 11-inch (M3) Wi-Fi + Cellular""}},""transactionId"":""6692b19c-fad7-4e12-b4af-634eedd6fd37-1785776784213""}"
False;1291923;2026-08-03 13:06:57.840000;2026-08-02 00:00:00;1291923;VERIFYORDER;SCY37QHGD77;MCG94CI/A;"{""orderDetailsResponses"":{""deviceEligibility"":{""secondaryDisplay"":""0"",""deviceDateOfPurchase"":""03/08/2026"",""deviceId"":""SCY37QHGD77"",""registeredDevice"":""0"",""deviceErrorResponse"":{""errorCode"":""GRX_PMC_003"",""errorMessage"":""Este dispositivo está fuera de garantía y no puede optar al producto de AppleCare. ""},""pocType"":""APOC"",""serialNumber"":""CY37QHGD77"",""partNumber"":""SV072ZX/A"",""partAlias"":""ACP"",""productDescription"":""iPad Air 11-inch (M3) Wi-Fi + Cellular""}},""transactionId"":""5bc52f98-e3d4-4f03-906c-3534f26762b1-1785776817344""}"
False;1291923;2026-08-03 13:11:26.003000;2026-08-02 00:00:00;1291923;VERIFYORDER;SCY37QHGD77;MCG94CI/A;"{""orderDetailsResponses"":{""deviceEligibility"":{""secondaryDisplay"":""0"",""deviceDateOfPurchase"":""03/08/2026"",""deviceId"":""SCY37QHGD77"",""registeredDevice"":""0"",""deviceErrorResponse"":{""errorCode"":""GRX_PMC_003"",""errorMessage"":""Este dispositivo está fuera de garantía y no puede optar al producto de AppleCare. ""},""pocType"":""APOC"",""serialNumber"":""CY37QHGD77"",""partNumber"":""SV072ZX/A"",""partAlias"":""ACP"",""productDescription"":""iPad Air 11-inch (M3) Wi-Fi + Cellular""}},""transactionId"":""61bf0cde-c632-4ed8-9ce7-fdeea0ce1913-1785777085468""}"
False;1291923;2026-08-03 13:11:58.377000;2026-08-02 00:00:00;1291923;VERIFYORDER;SCY37QHGD77;MCG94CI/A;"{""orderDetailsResponses"":{""deviceEligibility"":{""secondaryDisplay"":""0"",""deviceDateOfPurchase"":""03/08/2026"",""deviceId"":""SCY37QHGD77"",""registeredDevice"":""0"",""deviceErrorResponse"":{""errorCode"":""GRX_PMC_003"",""errorMessage"":""Este dispositivo está fuera de garantía y no puede optar al producto de AppleCare. ""},""pocType"":""APOC"",""serialNumber"":""CY37QHGD77"",""partNumber"":""SV072ZX/A"",""partAlias"":""ACP"",""productDescription"":""iPad Air 11-inch (M3) Wi-Fi + Cellular""}},""transactionId"":""7684fb0a-5b36-4c2d-9fd8-88442535c4c0-1785777117722""}"
False;1291923;2026-08-03 13:16:24.333000;2026-08-02 00:00:00;1291923;VERIFYORDER;SCY37QHGD77;MCG94CI/A;"{""orderDetailsResponses"":{""deviceEligibility"":{""secondaryDisplay"":""0"",""deviceDateOfPurchase"":""03/08/2026"",""deviceId"":""SCY37QHGD77"",""registeredDevice"":""0"",""deviceErrorResponse"":{""errorCode"":""GRX_PMC_003"",""errorMessage"":""Este dispositivo está fuera de garantía y no puede optar al producto de AppleCare. ""},""pocType"":""APOC"",""serialNumber"":""CY37QHGD77"",""partNumber"":""SV072ZX/A"",""partAlias"":""ACP"",""productDescription"":""iPad Air 11-inch (M3) Wi-Fi + Cellular""}},""transactionId"":""1e9e188b-f725-4545-89ef-680b77dbe35d-1785777383500""}"
False;1291923;2026-08-03 13:16:57.830000;2026-08-02 00:00:00;1291923;VERIFYORDER;SCY37QHGD77;MCG94CI/A;"{""orderDetailsResponses"":{""deviceEligibility"":{""secondaryDisplay"":""0"",""deviceDateOfPurchase"":""03/08/2026"",""deviceId"":""SCY37QHGD77"",""registeredDevice"":""0"",""deviceErrorResponse"":{""errorCode"":""GRX_PMC_003"",""errorMessage"":""Este dispositivo está fuera de garantía y no puede optar al producto de AppleCare. ""},""pocType"":""APOC"",""serialNumber"":""CY37QHGD77"",""partNumber"":""SV072ZX/A"",""partAlias"":""ACP"",""productDescription"":""iPad Air 11-inch (M3) Wi-Fi + Cellular""}},""transactionId"":""4b46819b-1e4e-4c29-b287-b5230766fb57-1785777417276""}"
False;1291923;2026-08-03 13:21:21.560000;2026-08-02 00:00:00;1291923;VERIFYORDER;SCY37QHGD77;MCG94CI/A;"{""orderDetailsResponses"":{""deviceEligibility"":{""secondaryDisplay"":""0"",""deviceDateOfPurchase"":""03/08/2026"",""deviceId"":""SCY37QHGD77"",""registeredDevice"":""0"",""deviceErrorResponse"":{""errorCode"":""GRX_PMC_003"",""errorMessage"":""Este dispositivo está fuera de garantía y no puede optar al producto de AppleCare. ""},""pocType"":""APOC"",""serialNumber"":""CY37QHGD77"",""partNumber"":""SV072ZX/A"",""partAlias"":""ACP"",""productDescription"":""iPad Air 11-inch (M3) Wi-Fi + Cellular""}},""transactionId"":""3e368799-2dce-4341-8c9f-c70a8148b301-1785777681039""}"
False;1291923;2026-08-03 13:21:55.100000;2026-08-02 00:00:00;1291923;VERIFYORDER;SCY37QHGD77;MCG94CI/A;"{""orderDetailsResponses"":{""deviceEligibility"":{""secondaryDisplay"":""0"",""deviceDateOfPurchase"":""03/08/2026"",""deviceId"":""SCY37QHGD77"",""registeredDevice"":""0"",""deviceErrorResponse"":{""errorCode"":""GRX_PMC_003"",""errorMessage"":""Este dispositivo está fuera de garantía y no puede optar al producto de AppleCare. ""},""pocType"":""APOC"",""serialNumber"":""CY37QHGD77"",""partNumber"":""SV072ZX/A"",""partAlias"":""ACP"",""productDescription"":""iPad Air 11-inch (M3) Wi-Fi + Cellular""}},""transactionId"":""8d1df18e-914b-4ebc-9d59-1faa40d03819-1785777714555""}"
False;1291923;2026-08-03 13:26:32.377000;2026-08-02 00:00:00;1291923;VERIFYORDER;SCY37QHGD77;MCG94CI/A;"{""orderDetailsResponses"":{""deviceEligibility"":{""secondaryDisplay"":""0"",""deviceDateOfPurchase"":""03/08/2026"",""deviceId"":""SCY37QHGD77"",""registeredDevice"":""0"",""deviceErrorResponse"":{""errorCode"":""GRX_PMC_003"",""errorMessage"":""Este dispositivo está fuera de garantía y no puede optar al producto de AppleCare. ""},""pocType"":""APOC"",""serialNumber"":""CY37QHGD77"",""partNumber"":""SV072ZX/A"",""partAlias"":""ACP"",""productDescription"":""iPad Air 11-inch (M3) Wi-Fi + Cellular""}},""transactionId"":""9397dcb5-14b5-4c93-a2b9-58682d5a0d86-1785777991684""}"
False;1291923;2026-08-03 13:27:06.980000;2026-08-02 00:00:00;1291923;VERIFYORDER;SCY37QHGD77;MCG94CI/A;"{""orderDetailsResponses"":{""deviceEligibility"":{""secondaryDisplay"":""0"",""deviceDateOfPurchase"":""03/08/2026"",""deviceId"":""SCY37QHGD77"",""registeredDevice"":""0"",""deviceErrorResponse"":{""errorCode"":""GRX_PMC_003"",""errorMessage"":""Este dispositivo está fuera de garantía y no puede optar al producto de AppleCare. ""},""pocType"":""APOC"",""serialNumber"":""CY37QHGD77"",""partNumber"":""SV072ZX/A"",""partAlias"":""ACP"",""productDescription"":""iPad Air 11-inch (M3) Wi-Fi + Cellular""}},""transactionId"":""cfaada2b-d50f-4248-ae84-6528e36ff7cb-1785778026467""}"
False;1291923;2026-08-03 13:31:30.990000;2026-08-02 00:00:00;1291923;VERIFYORDER;SCY37QHGD77;MCG94CI/A;"{""orderDetailsResponses"":{""deviceEligibility"":{""secondaryDisplay"":""0"",""deviceDateOfPurchase"":""03/08/2026"",""deviceId"":""SCY37QHGD77"",""registeredDevice"":""0"",""deviceErrorResponse"":{""errorCode"":""GRX_PMC_003"",""errorMessage"":""Este dispositivo está fuera de garantía y no puede optar al producto de AppleCare. ""},""pocType"":""APOC"",""serialNumber"":""CY37QHGD77"",""partNumber"":""SV072ZX/A"",""partAlias"":""ACP"",""productDescription"":""iPad Air 11-inch (M3) Wi-Fi + Cellular""}},""transactionId"":""c294e7ea-31d4-43e7-9bd9-64f3fc7f6e5e-1785778290494""}"
False;1291923;2026-08-03 13:32:03.603000;2026-08-02 00:00:00;1291923;VERIFYORDER;SCY37QHGD77;MCG94CI/A;"{""orderDetailsResponses"":{""deviceEligibility"":{""secondaryDisplay"":""0"",""deviceDateOfPurchase"":""03/08/2026"",""deviceId"":""SCY37QHGD77"",""registeredDevice"":""0"",""deviceErrorResponse"":{""errorCode"":""GRX_PMC_003"",""errorMessage"":""Este dispositivo está fuera de garantía y no puede optar al producto de AppleCare. ""},""pocType"":""APOC"",""serialNumber"":""CY37QHGD77"",""partNumber"":""SV072ZX/A"",""partAlias"":""ACP"",""productDescription"":""iPad Air 11-inch (M3) Wi-Fi + Cellular""}},""transactionId"":""90166d33-08b0-4b5c-8ff2-4c5afb015924-1785778323091""}"
False;1291923;2026-08-03 13:36:15.737000;2026-08-02 00:00:00;1291923;VERIFYORDER;SCY37QHGD77;MCG94CI/A;"{""orderDetailsResponses"":{""deviceEligibility"":{""secondaryDisplay"":""0"",""deviceDateOfPurchase"":""03/08/2026"",""deviceId"":""SCY37QHGD77"",""registeredDevice"":""0"",""deviceErrorResponse"":{""errorCode"":""GRX_PMC_003"",""errorMessage"":""Este dispositivo está fuera de garantía y no puede optar al producto de AppleCare. ""},""pocType"":""APOC"",""serialNumber"":""CY37QHGD77"",""partNumber"":""SV072ZX/A"",""partAlias"":""ACP"",""productDescription"":""iPad Air 11-inch (M3) Wi-Fi + Cellular""}},""transactionId"":""8f9d9baf-f316-4e43-84d1-9136db7a85b8-1785778575139""}"
False;1291923;2026-08-03 13:36:48.170000;2026-08-02 00:00:00;1291923;VERIFYORDER;SCY37QHGD77;MCG94CI/A;"{""orderDetailsResponses"":{""deviceEligibility"":{""secondaryDisplay"":""0"",""deviceDateOfPurchase"":""03/08/2026"",""deviceId"":""SCY37QHGD77"",""registeredDevice"":""0"",""deviceErrorResponse"":{""errorCode"":""GRX_PMC_003"",""errorMessage"":""Este dispositivo está fuera de garantía y no puede optar al producto de AppleCare. ""},""pocType"":""APOC"",""serialNumber"":""CY37QHGD77"",""partNumber"":""SV072ZX/A"",""partAlias"":""ACP"",""productDescription"":""iPad Air 11-inch (M3) Wi-Fi + Cellular""}},""transactionId"":""992c7ae3-75d9-4c83-9381-1ea07a2646b9-1785778607639""}"
True;5100000;2026-08-03 13:39:36.130000;2026-08-03 00:00:00;30601058;VERIFYORDER;SF33H42P3JK;MHWM4BE/A;"{""orderDetailsResponses"":{""deviceEligibility"":{""secondaryDisplay"":""0"",""partDescription"":""AppleCare+ para AirPods Max"",""coverageDuration"":""2"",""productStatement"":""AppleCare+ para AirPods Max amplía la cobertura de servicio y soporte técnico a 2 años desde la fecha de compra de AppleCare+ e incluye cobertura para una cantidad ilimitada de incidentes por daño accidental debido a la manipulación del producto, cada uno de ellos sujeto a un cargo adicional de CLP28000 . Lee todos los detalles en los Términos y condiciones de AppleCare+."",""deviceDateOfPurchase"":""03/08/2026"",""deviceId"":""SF33H42P3JK"",""registeredDevice"":""1"",""pocType"":""APOC"",""serialNumber"":""F33H42P3JK"",""partNumber"":""S9086ZX/A"",""partAlias"":""ACP"",""purchaseMode"":""C"",""productDescription"":""AirPods Max 2""}},""transactionId"":""8912ac06-a366-41e5-a552-355616b1c27c-1785778775541""}"
False;1291923;2026-08-03 13:41:25.040000;2026-08-02 00:00:00;1291923;VERIFYORDER;SCY37QHGD77;MCG94CI/A;"{""orderDetailsResponses"":{""deviceEligibility"":{""secondaryDisplay"":""0"",""deviceDateOfPurchase"":""03/08/2026"",""deviceId"":""SCY37QHGD77"",""registeredDevice"":""0"",""deviceErrorResponse"":{""errorCode"":""GRX_PMC_003"",""errorMessage"":""Este dispositivo está fuera de garantía y no puede optar al producto de AppleCare. ""},""pocType"":""APOC"",""serialNumber"":""CY37QHGD77"",""partNumber"":""SV072ZX/A"",""partAlias"":""ACP"",""productDescription"":""iPad Air 11-inch (M3) Wi-Fi + Cellular""}},""transactionId"":""5bb9063d-9cf1-48a5-842d-5510782c8979-1785778884495""}"
False;1291923;2026-08-03 13:41:58.567000;2026-08-02 00:00:00;1291923;VERIFYORDER;SCY37QHGD77;MCG94CI/A;"{""orderDetailsResponses"":{""deviceEligibility"":{""secondaryDisplay"":""0"",""deviceDateOfPurchase"":""03/08/2026"",""deviceId"":""SCY37QHGD77"",""registeredDevice"":""0"",""deviceErrorResponse"":{""errorCode"":""GRX_PMC_003"",""errorMessage"":""Este dispositivo está fuera de garantía y no puede optar al producto de AppleCare. ""},""pocType"":""APOC"",""serialNumber"":""CY37QHGD77"",""partNumber"":""SV072ZX/A"",""partAlias"":""ACP"",""productDescription"":""iPad Air 11-inch (M3) Wi-Fi + Cellular""}},""transactionId"":""b0374683-8a29-42dc-a527-047150f7c900-1785778918063""}"
True;5100000;2026-08-03 13:42:56.007000;2026-08-03 00:00:00;30601058;CREATEORDER;SF33H42P3JK;MHWM4BE/A;"{""orderDetailsResponses"":{""deviceEligibility"":{""secondaryDisplay"":""0"",""partDescription"":""AppleCare+ para AirPods Max"",""coverageDuration"":""2"",""productStatement"":""AppleCare+ para AirPods Max amplía la cobertura de servicio y soporte técnico a 2 años desde la fecha de compra de AppleCare+ e incluye cobertura para una cantidad ilimitada de incidentes por daño accidental debido a la manipulación del producto, cada uno de ellos sujeto a un cargo adicional de CLP28000 . Lee todos los detalles en los Términos y condiciones de AppleCare+."",""deviceDateOfPurchase"":""03/08/2026"",""deviceId"":""SF33H42P3JK"",""registeredDevice"":""1"",""pocType"":""APOC"",""serialNumber"":""F33H42P3JK"",""partNumber"":""S9086ZX/A"",""partAlias"":""ACP"",""purchaseMode"":""C"",""productDescription"":""AirPods Max 2""},""orderConfirmation"":{""agreementNumber"":""328093325456"",""coverageDurationStatement"":""Finaliza el 02/08/2028"",""termConditionURL"":""http://www.apple.com/legal/sales-support/"",""partNumber"":""S9086ZX/A"",""partAlias"":""ACP"",""partType"":""AppleCare+"",""purchaseMode"":""C"",""appleCareSalesDate"":""03/08/2026"",""pocType"":""APOC"",""purchaseOrderNumber"":""30601058""}},""transactionId"":""89db165f-0964-481f-87bd-2f74782a9846-1785778970968""}"
False;1291923;2026-08-03 13:46:33.433000;2026-08-02 00:00:00;1291923;VERIFYORDER;SCY37QHGD77;MCG94CI/A;"{""orderDetailsResponses"":{""deviceEligibility"":{""secondaryDisplay"":""0"",""deviceDateOfPurchase"":""03/08/2026"",""deviceId"":""SCY37QHGD77"",""registeredDevice"":""0"",""deviceErrorResponse"":{""errorCode"":""GRX_PMC_003"",""errorMessage"":""Este dispositivo está fuera de garantía y no puede optar al producto de AppleCare. ""},""pocType"":""APOC"",""serialNumber"":""CY37QHGD77"",""partNumber"":""SV072ZX/A"",""partAlias"":""ACP"",""productDescription"":""iPad Air 11-inch (M3) Wi-Fi + Cellular""}},""transactionId"":""0c386f46-da78-4e3c-a041-da5be5d08b23-1785779192648""}"
False;1291923;2026-08-03 13:47:14.320000;2026-08-02 00:00:00;1291923;VERIFYORDER;SCY37QHGD77;MCG94CI/A;"{""orderDetailsResponses"":{""deviceEligibility"":{""secondaryDisplay"":""0"",""deviceDateOfPurchase"":""03/08/2026"",""deviceId"":""SCY37QHGD77"",""registeredDevice"":""0"",""deviceErrorResponse"":{""errorCode"":""GRX_PMC_003"",""errorMessage"":""Este dispositivo está fuera de garantía y no puede optar al producto de AppleCare. ""},""pocType"":""APOC"",""serialNumber"":""CY37QHGD77"",""partNumber"":""SV072ZX/A"",""partAlias"":""ACP"",""productDescription"":""iPad Air 11-inch (M3) Wi-Fi + Cellular""}},""transactionId"":""d6c79479-9168-4b00-8d98-cb54a6fa3da7-1785779233790""}"
False;1291923;2026-08-03 13:51:19.807000;2026-08-02 00:00:00;1291923;VERIFYORDER;SCY37QHGD77;MCG94CI/A;"{""orderDetailsResponses"":{""deviceEligibility"":{""secondaryDisplay"":""0"",""deviceDateOfPurchase"":""03/08/2026"",""deviceId"":""SCY37QHGD77"",""registeredDevice"":""0"",""deviceErrorResponse"":{""errorCode"":""GRX_PMC_003"",""errorMessage"":""Este dispositivo está fuera de garantía y no puede optar al producto de AppleCare. ""},""pocType"":""APOC"",""serialNumber"":""CY37QHGD77"",""partNumber"":""SV072ZX/A"",""partAlias"":""ACP"",""productDescription"":""iPad Air 11-inch (M3) Wi-Fi + Cellular""}},""transactionId"":""aac4c60b-9e76-4118-9c17-ac88501b945e-1785779479231""}"
False;1291923;2026-08-03 13:51:51.713000;2026-08-02 00:00:00;1291923;VERIFYORDER;SCY37QHGD77;MCG94CI/A;"{""orderDetailsResponses"":{""deviceEligibility"":{""secondaryDisplay"":""0"",""deviceDateOfPurchase"":""03/08/2026"",""deviceId"":""SCY37QHGD77"",""registeredDevice"":""0"",""deviceErrorResponse"":{""errorCode"":""GRX_PMC_003"",""errorMessage"":""Este dispositivo está fuera de garantía y no puede optar al producto de AppleCare. ""},""pocType"":""APOC"",""serialNumber"":""CY37QHGD77"",""partNumber"":""SV072ZX/A"",""partAlias"":""ACP"",""productDescription"":""iPad Air 11-inch (M3) Wi-Fi + Cellular""}},""transactionId"":""6cfaf6ff-58fe-4a8f-b887-372b2a8e0a9a-1785779511139""}"
True;5042271;2026-08-03 13:55:29.570000;2026-08-03 00:00:00;30701075;VERIFYORDER;SGX7H4PXGFW;MD7K4CI/A;"{""orderDetailsResponses"":{""deviceEligibility"":{""secondaryDisplay"":""1"",""partDescription"":""AppleCare+ para iPad (A16)"",""coverageDuration"":""2"",""productStatement"":""AppleCare+ para iPad (A16) amplía la cobertura de servicio y soporte técnico a 2 años desde la fecha de compra de AppleCare+ e incluye cobertura para una cantidad ilimitada de incidentes por daño accidental debido a la manipulación del producto, cada uno de ellos sujeto a un cargo adicional de R$96000  por Otros daños accidentales o de R$28000  por Daños que afectan solo a la pantalla o de R$28000  por Apple Pencil / Keyboard. Lee todos los detalles en los Términos y condiciones de AppleCare+."",""deviceDateOfPurchase"":""03/08/2026"",""deviceId"":""SGX7H4PXGFW"",""registeredDevice"":""1"",""pocType"":""APOC"",""serialNumber"":""GX7H4PXGFW"",""partNumber"":""SUYD2ZX/A"",""partAlias"":""ACP"",""purchaseMode"":""C"",""productDescription"":""iPad (A16) Wi-Fi + Cellular""}},""transactionId"":""c8a49798-2ed3-4218-a240-72c240c6535a-1785779729057""}"
False;1291923;2026-08-03 13:56:24.283000;2026-08-02 00:00:00;1291923;VERIFYORDER;SCY37QHGD77;MCG94CI/A;"{""orderDetailsResponses"":{""deviceEligibility"":{""secondaryDisplay"":""0"",""deviceDateOfPurchase"":""03/08/2026"",""deviceId"":""SCY37QHGD77"",""registeredDevice"":""0"",""deviceErrorResponse"":{""errorCode"":""GRX_PMC_003"",""errorMessage"":""Este dispositivo está fuera de garantía y no puede optar al producto de AppleCare. ""},""pocType"":""APOC"",""serialNumber"":""CY37QHGD77"",""partNumber"":""SV072ZX/A"",""partAlias"":""ACP"",""productDescription"":""iPad Air 11-inch (M3) Wi-Fi + Cellular""}},""transactionId"":""685d4ac0-a7e6-4242-afa4-7039312f3ff4-1785779783740""}"
True;5058743;2026-08-03 13:56:46.967000;2026-08-03 00:00:00;11901037;VERIFYORDER;SC9G692NYVN;MK7V3CI/A;"{""orderDetailsResponses"":{""deviceEligibility"":{""secondaryDisplay"":""1"",""partDescription"":""AppleCare+ para iPad mini (6th generation)"",""coverageDuration"":""2"",""productStatement"":""AppleCare+ para iPad mini (6th generation) amplía la cobertura de servicio y soporte técnico a 2 años desde la fecha de compra de AppleCare+ e incluye cobertura para una cantidad ilimitada de incidentes por daño accidental debido a la manipulación del producto, cada uno de ellos sujeto a un cargo adicional de CLP28000  por Apple Pencil / Keyboard o de CLP47000  por Otros daños accidentales. Lee todos los detalles en los Términos y condiciones de AppleCare+."",""deviceDateOfPurchase"":""04/06/2026"",""deviceId"":""SC9G692NYVN"",""registeredDevice"":""0"",""pocType"":""APOC"",""serialNumber"":""C9G692NYVN"",""partNumber"":""SCLH2ZX/A"",""partAlias"":""ACP"",""purchaseMode"":""I"",""productDescription"":""iPad mini (6th generation) Wi-Fi""}},""transactionId"":""d1e720f9-fc57-4a40-b52b-219b1cca41b9-1785779806251""}"
False;1291923;2026-08-03 13:56:57.730000;2026-08-02 00:00:00;1291923;VERIFYORDER;SCY37QHGD77;MCG94CI/A;"{""orderDetailsResponses"":{""deviceEligibility"":{""secondaryDisplay"":""0"",""deviceDateOfPurchase"":""03/08/2026"",""deviceId"":""SCY37QHGD77"",""registeredDevice"":""0"",""deviceErrorResponse"":{""errorCode"":""GRX_PMC_003"",""errorMessage"":""Este dispositivo está fuera de garantía y no puede optar al producto de AppleCare. ""},""pocType"":""APOC"",""serialNumber"":""CY37QHGD77"",""partNumber"":""SV072ZX/A"",""partAlias"":""ACP"",""productDescription"":""iPad Air 11-inch (M3) Wi-Fi + Cellular""}},""transactionId"":""bcc37eb9-5bb7-4e7d-8bfd-23815e266290-1785779817211""}"
True;5058743;2026-08-03 13:57:39.343000;2026-08-03 00:00:00;11901037;CREATEORDER;SC9G692NYVN;MK7V3CI/A;"{""orderDetailsResponses"":{""deviceEligibility"":{""secondaryDisplay"":""1"",""partDescription"":""AppleCare+ para iPad mini (6th generation)"",""coverageDuration"":""2"",""productStatement"":""AppleCare+ para iPad mini (6th generation) amplía la cobertura de servicio y soporte técnico a 2 años desde la fecha de compra de AppleCare+ e incluye cobertura para una cantidad ilimitada de incidentes por daño accidental debido a la manipulación del producto, cada uno de ellos sujeto a un cargo adicional de CLP28000  por Apple Pencil / Keyboard o de CLP47000  por Otros daños accidentales. Lee todos los detalles en los Términos y condiciones de AppleCare+."",""deviceDateOfPurchase"":""04/06/2026"",""deviceId"":""SC9G692NYVN"",""registeredDevice"":""0"",""pocType"":""APOC"",""serialNumber"":""C9G692NYVN"",""partNumber"":""SCLH2ZX/A"",""partAlias"":""ACP"",""purchaseMode"":""I"",""productDescription"":""iPad mini (6th generation) Wi-Fi""},""orderConfirmation"":{""agreementNumber"":""328093300790"",""coverageDurationStatement"":""Finaliza el 02/08/2028"",""termConditionURL"":""http://www.apple.com/legal/sales-support/"",""partNumber"":""SCLH2ZX/A"",""partAlias"":""ACP"",""partType"":""AppleCare+"",""purchaseMode"":""I"",""appleCareSalesDate"":""03/08/2026"",""pocType"":""APOC"",""purchaseOrderNumber"":""11901037""}},""transactionId"":""4ee554cc-c58e-4554-ac98-88b84c26de3f-1785779854988""}"
True;5042271;2026-08-03 13:59:18.447000;2026-08-03 00:00:00;30701075;CREATEORDER;SGX7H4PXGFW;MD7K4CI/A;"{""orderDetailsResponses"":{""deviceEligibility"":{""secondaryDisplay"":""1"",""partDescription"":""AppleCare+ para iPad (A16)"",""coverageDuration"":""2"",""productStatement"":""AppleCare+ para iPad (A16) amplía la cobertura de servicio y soporte técnico a 2 años desde la fecha de compra de AppleCare+ e incluye cobertura para una cantidad ilimitada de incidentes por daño accidental debido a la manipulación del producto, cada uno de ellos sujeto a un cargo adicional de R$96000  por Otros daños accidentales o de R$28000  por Daños que afectan solo a la pantalla o de R$28000  por Apple Pencil / Keyboard. Lee todos los detalles en los Términos y condiciones de AppleCare+."",""deviceDateOfPurchase"":""03/08/2026"",""deviceId"":""SGX7H4PXGFW"",""registeredDevice"":""1"",""pocType"":""APOC"",""serialNumber"":""GX7H4PXGFW"",""partNumber"":""SUYD2ZX/A"",""partAlias"":""ACP"",""purchaseMode"":""C"",""productDescription"":""iPad (A16) Wi-Fi + Cellular""},""orderConfirmation"":{""agreementNumber"":""328093327360"",""coverageDurationStatement"":""Finaliza el 02/08/2028"",""termConditionURL"":""http://www.apple.com/legal/sales-support/"",""partNumber"":""SUYD2ZX/A"",""partAlias"":""ACP"",""partType"":""AppleCare+"",""purchaseMode"":""C"",""appleCareSalesDate"":""03/08/2026"",""pocType"":""APOC"",""purchaseOrderNumber"":""30701075""}},""transactionId"":""365dbcdd-626f-4994-bb71-fa9c0f2596b6-1785779953806""}"
False;1291923;2026-08-03 14:01:23.650000;2026-08-02 00:00:00;1291923;VERIFYORDER;SCY37QHGD77;MCG94CI/A;"{""orderDetailsResponses"":{""deviceEligibility"":{""secondaryDisplay"":""0"",""deviceDateOfPurchase"":""03/08/2026"",""deviceId"":""SCY37QHGD77"",""registeredDevice"":""0"",""deviceErrorResponse"":{""errorCode"":""GRX_PMC_003"",""errorMessage"":""Este dispositivo está fuera de garantía y no puede optar al producto de AppleCare. ""},""pocType"":""APOC"",""serialNumber"":""CY37QHGD77"",""partNumber"":""SV072ZX/A"",""partAlias"":""ACP"",""productDescription"":""iPad Air 11-inch (M3) Wi-Fi + Cellular""}},""transactionId"":""18426f40-632c-459c-aa44-b3a7477324f6-1785780083163""}"
False;1291923;2026-08-03 14:02:15.213000;2026-08-02 00:00:00;1291923;VERIFYORDER;SCY37QHGD77;MCG94CI/A;"{""orderDetailsResponses"":{""deviceEligibility"":{""secondaryDisplay"":""0"",""deviceDateOfPurchase"":""03/08/2026"",""deviceId"":""SCY37QHGD77"",""registeredDevice"":""0"",""deviceErrorResponse"":{""errorCode"":""GRX_PMC_003"",""errorMessage"":""Este dispositivo está fuera de garantía y no puede optar al producto de AppleCare. ""},""pocType"":""APOC"",""serialNumber"":""CY37QHGD77"",""partNumber"":""SV072ZX/A"",""partAlias"":""ACP"",""productDescription"":""iPad Air 11-inch (M3) Wi-Fi + Cellular""}},""transactionId"":""3bef7523-eeb8-4db0-be9e-db3fa1edf9f3-1785780134612""}"
False;1291923;2026-08-03 14:06:24.713000;2026-08-02 00:00:00;1291923;VERIFYORDER;SCY37QHGD77;MCG94CI/A;"{""orderDetailsResponses"":{""deviceEligibility"":{""secondaryDisplay"":""0"",""deviceDateOfPurchase"":""03/08/2026"",""deviceId"":""SCY37QHGD77"",""registeredDevice"":""0"",""deviceErrorResponse"":{""errorCode"":""GRX_PMC_003"",""errorMessage"":""Este dispositivo está fuera de garantía y no puede optar al producto de AppleCare. ""},""pocType"":""APOC"",""serialNumber"":""CY37QHGD77"",""partNumber"":""SV072ZX/A"",""partAlias"":""ACP"",""productDescription"":""iPad Air 11-inch (M3) Wi-Fi + Cellular""}},""transactionId"":""2323cea0-391a-43ea-9c18-487ee6c04ff0-1785780384188""}"
False;1291923;2026-08-03 14:06:57.840000;2026-08-02 00:00:00;1291923;VERIFYORDER;SCY37QHGD77;MCG94CI/A;"{""orderDetailsResponses"":{""deviceEligibility"":{""secondaryDisplay"":""0"",""deviceDateOfPurchase"":""03/08/2026"",""deviceId"":""SCY37QHGD77"",""registeredDevice"":""0"",""deviceErrorResponse"":{""errorCode"":""GRX_PMC_003"",""errorMessage"":""Este dispositivo está fuera de garantía y no puede optar al producto de AppleCare. ""},""pocType"":""APOC"",""serialNumber"":""CY37QHGD77"",""partNumber"":""SV072ZX/A"",""partAlias"":""ACP"",""productDescription"":""iPad Air 11-inch (M3) Wi-Fi + Cellular""}},""transactionId"":""0874b63a-c85e-4c06-a427-2095e54699fa-1785780417338""}"
False;1291923;2026-08-03 14:11:29.477000;2026-08-02 00:00:00;1291923;VERIFYORDER;SCY37QHGD77;MCG94CI/A;"{""orderDetailsResponses"":{""deviceEligibility"":{""secondaryDisplay"":""0"",""deviceDateOfPurchase"":""03/08/2026"",""deviceId"":""SCY37QHGD77"",""registeredDevice"":""0"",""deviceErrorResponse"":{""errorCode"":""GRX_PMC_003"",""errorMessage"":""Este dispositivo está fuera de garantía y no puede optar al producto de AppleCare. ""},""pocType"":""APOC"",""serialNumber"":""CY37QHGD77"",""partNumber"":""SV072ZX/A"",""partAlias"":""ACP"",""productDescription"":""iPad Air 11-inch (M3) Wi-Fi + Cellular""}},""transactionId"":""92a1be81-cf9f-496e-b50e-e7437cce4d82-1785780688855""}"
False;1291923;2026-08-03 14:12:05.423000;2026-08-02 00:00:00;1291923;VERIFYORDER;SCY37QHGD77;MCG94CI/A;"{""orderDetailsResponses"":{""deviceEligibility"":{""secondaryDisplay"":""0"",""deviceDateOfPurchase"":""03/08/2026"",""deviceId"":""SCY37QHGD77"",""registeredDevice"":""0"",""deviceErrorResponse"":{""errorCode"":""GRX_PMC_003"",""errorMessage"":""Este dispositivo está fuera de garantía y no puede optar al producto de AppleCare. ""},""pocType"":""APOC"",""serialNumber"":""CY37QHGD77"",""partNumber"":""SV072ZX/A"",""partAlias"":""ACP"",""productDescription"":""iPad Air 11-inch (M3) Wi-Fi + Cellular""}},""transactionId"":""3130aae9-20ee-469b-bb1d-fe46307a08ba-1785780724803""}"
True;5112924;2026-08-03 14:12:09.783000;2026-08-03 00:00:00;33101055;VERIFYORDER;sdhq2n6vwh0;MFHP4AM/A;"{""orderDetailsResponses"":{""deviceEligibility"":{""secondaryDisplay"":""0"",""partDescription"":""AppleCare+ para Headphones - AirPods Pro"",""coverageDuration"":""2"",""productStatement"":""AppleCare+ para Headphones - AirPods Pro amplía la cobertura de servicio y soporte técnico a 2 años desde la fecha de compra de AppleCare+ e incluye cobertura para una cantidad ilimitada de incidentes por daño accidental debido a la manipulación del producto, cada uno de ellos sujeto a un cargo adicional de R$28000 . Lee todos los detalles en los Términos y condiciones de AppleCare+."",""deviceDateOfPurchase"":""03/08/2026"",""deviceId"":""SDHQ2N6VWH0"",""registeredDevice"":""1"",""pocType"":""APOC"",""serialNumber"":""DHQ2N6VWH0"",""partNumber"":""SYLW2ZX/A"",""partAlias"":""ACP"",""purchaseMode"":""C"",""productDescription"":""AirPods Pro 3""}},""transactionId"":""a2376255-3d39-4ae8-b37b-4f9f7a2f17b8-1785780729208""}"
True;5112924;2026-08-03 14:13:19.023000;2026-08-03 00:00:00;33101055;CREATEORDER;sdhq2n6vwh0;MFHP4AM/A;"{""orderDetailsResponses"":{""deviceEligibility"":{""secondaryDisplay"":""0"",""partDescription"":""AppleCare+ para Headphones - AirPods Pro"",""coverageDuration"":""2"",""productStatement"":""AppleCare+ para Headphones - AirPods Pro amplía la cobertura de servicio y soporte técnico a 2 años desde la fecha de compra de AppleCare+ e incluye cobertura para una cantidad ilimitada de incidentes por daño accidental debido a la manipulación del producto, cada uno de ellos sujeto a un cargo adicional de R$28000 . Lee todos los detalles en los Términos y condiciones de AppleCare+."",""deviceDateOfPurchase"":""03/08/2026"",""deviceId"":""SDHQ2N6VWH0"",""registeredDevice"":""1"",""pocType"":""APOC"",""serialNumber"":""DHQ2N6VWH0"",""partNumber"":""SYLW2ZX/A"",""partAlias"":""ACP"",""purchaseMode"":""C"",""productDescription"":""AirPods Pro 3""},""orderConfirmation"":{""agreementNumber"":""328093300876"",""coverageDurationStatement"":""Finaliza el 02/08/2028"",""termConditionURL"":""http://www.apple.com/legal/sales-support/"",""partNumber"":""SYLW2ZX/A"",""partAlias"":""ACP"",""partType"":""AppleCare+"",""purchaseMode"":""C"",""appleCareSalesDate"":""03/08/2026"",""pocType"":""APOC"",""purchaseOrderNumber"":""33101055""}},""transactionId"":""35352cf1-011f-48e8-a9e3-499883676013-1785780793420""}"
False;1291923;2026-08-03 14:16:27.480000;2026-08-02 00:00:00;1291923;VERIFYORDER;SCY37QHGD77;MCG94CI/A;"{""orderDetailsResponses"":{""deviceEligibility"":{""secondaryDisplay"":""0"",""deviceDateOfPurchase"":""03/08/2026"",""deviceId"":""SCY37QHGD77"",""registeredDevice"":""0"",""deviceErrorResponse"":{""errorCode"":""GRX_PMC_003"",""errorMessage"":""Este dispositivo está fuera de garantía y no puede optar al producto de AppleCare. ""},""pocType"":""APOC"",""serialNumber"":""CY37QHGD77"",""partNumber"":""SV072ZX/A"",""partAlias"":""ACP"",""productDescription"":""iPad Air 11-inch (M3) Wi-Fi + Cellular""}},""transactionId"":""c3d46ac3-0f09-48bd-95d0-978322eef0cf-1785780986881""}"
False;1291923;2026-08-03 14:17:09.027000;2026-08-02 00:00:00;1291923;VERIFYORDER;SCY37QHGD77;MCG94CI/A;"{""orderDetailsResponses"":{""deviceEligibility"":{""secondaryDisplay"":""0"",""deviceDateOfPurchase"":""03/08/2026"",""deviceId"":""SCY37QHGD77"",""registeredDevice"":""0"",""deviceErrorResponse"":{""errorCode"":""GRX_PMC_003"",""errorMessage"":""Este dispositivo está fuera de garantía y no puede optar al producto de AppleCare. ""},""pocType"":""APOC"",""serialNumber"":""CY37QHGD77"",""partNumber"":""SV072ZX/A"",""partAlias"":""ACP"",""productDescription"":""iPad Air 11-inch (M3) Wi-Fi + Cellular""}},""transactionId"":""1b001b8a-2462-447b-b4bb-3b1ade2f5385-1785781028297""}"
False;1291923;2026-08-03 14:21:23.227000;2026-08-02 00:00:00;1291923;VERIFYORDER;SCY37QHGD77;MCG94CI/A;"{""orderDetailsResponses"":{""deviceEligibility"":{""secondaryDisplay"":""0"",""deviceDateOfPurchase"":""03/08/2026"",""deviceId"":""SCY37QHGD77"",""registeredDevice"":""0"",""deviceErrorResponse"":{""errorCode"":""GRX_PMC_003"",""errorMessage"":""Este dispositivo está fuera de garantía y no puede optar al producto de AppleCare. ""},""pocType"":""APOC"",""serialNumber"":""CY37QHGD77"",""partNumber"":""SV072ZX/A"",""partAlias"":""ACP"",""productDescription"":""iPad Air 11-inch (M3) Wi-Fi + Cellular""}},""transactionId"":""3561bdee-a6da-4546-bf01-f262332ad105-1785781282706""}"
True;5028921;2026-08-03 14:21:24.780000;2026-08-02 00:00:00;5028921;VERIFYORDER;SDXNPK9PK7V;MFYM4BE/A;"{""orderDetailsResponses"":{""deviceEligibility"":{""secondaryDisplay"":""0"",""partDescription"":""AppleCare+ con robo y pérdida para iPhone 17 Pro Max"",""coverageDuration"":""2"",""productStatement"":""Tu AppleCare+ con robo y pérdida para iPhone 17 Pro Max amplía la cobertura de servicio y soporte técnico a 2 años desde la fecha de compra de AppleCare+ con robo y pérdida e incluye cobertura para una cantidad ilimitada de incidentes por daño accidental debido a la manipulación del producto o un máximo de dos incidentes de robo y pérdida cada 12 meses, cada uno de ellos sujeto a un cargo adicional de R$96000  por Otros daños accidentales o de R$28000  por los daños de la pantalla o la carcasa externa o de R$144000  por robo o pérdida. Lee todos los detalles en los Términos y condiciones de AppleCare+."",""deviceDateOfPurchase"":""03/08/2026"",""deviceId"":""SDXNPK9PK7V"",""registeredDevice"":""1"",""pocType"":""APOC"",""serialNumber"":""DXNPK9PK7V"",""partNumber"":""SX382ZX/A"",""partAlias"":""ACPTL"",""purchaseMode"":""C"",""productDescription"":""iPhone 17 Pro Max"",""tlDisclosure"":""La cobertura de robo y pérdida requiere que tengas la función Buscar habilitada en tu dispositivo antes de que se pierda o te lo roben. Durante el proceso de reclamación, te pediremos que uses la función Buscar para poner el dispositivo perdido o robado en modo Perdido, borrarlo y transferir la propiedad a Apple para que podamos asignarte un nuevo dispositivo. Para asegurarte de que puedas iniciar sesión en Buscar y acceder a esta función, es importante que recuerdes tu ID de Apple y contraseña, y que mantengas la información de tu cuenta actualizada. Si usas la autenticación de doble factor para el ID de Apple, te recomendamos que añadas un número de teléfono adicional de confianza a tu cuenta en el que puedas recibir el código de verificación de 6 dígitos que necesitas para iniciar sesión aunque no tengas tu iPhone. Para obtener más información, visita las páginas de Soporte técnico de Apple.""}},""transactionId"":""40a137e5-45b9-430e-8b76-9ee8649b9cf5-1785781284243""}"
True;5028921;2026-08-03 14:21:26.193000;2026-08-02 00:00:00;5028921;CREATEORDER;SDXNPK9PK7V;MFYM4BE/A;"{""orderDetailsResponses"":{""deviceEligibility"":{""secondaryDisplay"":""0"",""partDescription"":""AppleCare+ con robo y pérdida para iPhone 17 Pro Max"",""coverageDuration"":""2"",""productStatement"":""Tu AppleCare+ con robo y pérdida para iPhone 17 Pro Max amplía la cobertura de servicio y soporte técnico a 2 años desde la fecha de compra de AppleCare+ con robo y pérdida e incluye cobertura para una cantidad ilimitada de incidentes por daño accidental debido a la manipulación del producto o un máximo de dos incidentes de robo y pérdida cada 12 meses, cada uno de ellos sujeto a un cargo adicional de R$96000  por Otros daños accidentales o de R$28000  por los daños de la pantalla o la carcasa externa o de R$144000  por robo o pérdida. Lee todos los detalles en los Términos y condiciones de AppleCare+."",""deviceDateOfPurchase"":""03/08/2026"",""deviceId"":""SDXNPK9PK7V"",""registeredDevice"":""1"",""pocType"":""RPOC"",""serialNumber"":""DXNPK9PK7V"",""partNumber"":""SX382ZX/A"",""partAlias"":""ACPTL"",""purchaseMode"":""C"",""productDescription"":""iPhone 17 Pro Max"",""tlDisclosure"":""La cobertura de robo y pérdida requiere que tengas la función Buscar habilitada en tu dispositivo antes de que se pierda o te lo roben. Durante el proceso de reclamación, te pediremos que uses la función Buscar para poner el dispositivo perdido o robado en modo Perdido, borrarlo y transferir la propiedad a Apple para que podamos asignarte un nuevo dispositivo. Para asegurarte de que puedas iniciar sesión en Buscar y acceder a esta función, es importante que recuerdes tu ID de Apple y contraseña, y que mantengas la información de tu cuenta actualizada. Si usas la autenticación de doble factor para el ID de Apple, te recomendamos que añadas un número de teléfono adicional de confianza a tu cuenta en el que puedas recibir el código de verificación de 6 dígitos que necesitas para iniciar sesión aunque no tengas tu iPhone. Para obtener más información, visita las páginas de Soporte técnico de Apple.""},""orderConfirmation"":{""agreementNumber"":""328093323784"",""coverageDurationStatement"":""Finaliza el 02/08/2028"",""termConditionURL"":""http://www.apple.com/legal/sales-support/"",""partNumber"":""SX382ZX/A"",""partAlias"":""ACPTL"",""partType"":""AC+TL"",""purchaseMode"":""C"",""appleCareSalesDate"":""03/08/2026"",""pocType"":""RPOC"",""purchaseOrderNumber"":""5028921""}},""transactionId"":""88604418-9db7-4241-b7c3-5392da04fe93-1785781285161""}"
True;5029122;2026-08-03 14:21:27.430000;2026-08-03 00:00:00;5029122;VERIFYORDER;SKQM3QPVYKH;MXP93AM/A;"{""orderDetailsResponses"":{""deviceEligibility"":{""secondaryDisplay"":""0"",""partDescription"":""AppleCare+ para AirPods"",""coverageDuration"":""2"",""productStatement"":""AppleCare+ para AirPods amplía la cobertura de servicio y soporte técnico a 2 años desde la fecha de compra de AppleCare+ e incluye cobertura para una cantidad ilimitada de incidentes por daño accidental debido a la manipulación del producto, cada uno de ellos sujeto a un cargo adicional de CLP28000 . Lee todos los detalles en los Términos y condiciones de AppleCare+."",""deviceDateOfPurchase"":""03/08/2026"",""deviceId"":""SKQM3QPVYKH"",""registeredDevice"":""1"",""pocType"":""APOC"",""serialNumber"":""KQM3QPVYKH"",""partNumber"":""S9066ZX/A"",""partAlias"":""ACP"",""purchaseMode"":""C"",""productDescription"":""AirPods 4 (ANC)""}},""transactionId"":""488b70a1-1404-46f8-8c35-cb58a0b64201-1785781286935""}"
True;5029122;2026-08-03 14:21:28.710000;2026-08-03 00:00:00;5029122;CREATEORDER;SKQM3QPVYKH;MXP93AM/A;"{""orderDetailsResponses"":{""deviceEligibility"":{""secondaryDisplay"":""0"",""partDescription"":""AppleCare+ para AirPods"",""coverageDuration"":""2"",""productStatement"":""AppleCare+ para AirPods amplía la cobertura de servicio y soporte técnico a 2 años desde la fecha de compra de AppleCare+ e incluye cobertura para una cantidad ilimitada de incidentes por daño accidental debido a la manipulación del producto, cada uno de ellos sujeto a un cargo adicional de CLP28000 . Lee todos los detalles en los Términos y condiciones de AppleCare+."",""deviceDateOfPurchase"":""03/08/2026"",""deviceId"":""SKQM3QPVYKH"",""registeredDevice"":""1"",""pocType"":""RPOC"",""serialNumber"":""KQM3QPVYKH"",""partNumber"":""S9066ZX/A"",""partAlias"":""ACP"",""purchaseMode"":""C"",""productDescription"":""AirPods 4 (ANC)""},""orderConfirmation"":{""agreementNumber"":""328093322792"",""coverageDurationStatement"":""Finaliza el 02/08/2028"",""termConditionURL"":""http://www.apple.com/legal/sales-support/"",""partNumber"":""S9066ZX/A"",""partAlias"":""ACP"",""partType"":""AppleCare+"",""purchaseMode"":""C"",""appleCareSalesDate"":""03/08/2026"",""pocType"":""RPOC"",""purchaseOrderNumber"":""5029122""}},""transactionId"":""1307fc94-d36e-4978-a48d-4c81e502ecac-1785781287815""}"
False;1291923;2026-08-03 14:22:03;2026-08-02 00:00:00;1291923;VERIFYORDER;SCY37QHGD77;MCG94CI/A;"{""orderDetailsResponses"":{""deviceEligibility"":{""secondaryDisplay"":""0"",""deviceDateOfPurchase"":""03/08/2026"",""deviceId"":""SCY37QHGD77"",""registeredDevice"":""0"",""deviceErrorResponse"":{""errorCode"":""GRX_PMC_003"",""errorMessage"":""Este dispositivo está fuera de garantía y no puede optar al producto de AppleCare. ""},""pocType"":""APOC"",""serialNumber"":""CY37QHGD77"",""partNumber"":""SV072ZX/A"",""partAlias"":""ACP"",""productDescription"":""iPad Air 11-inch (M3) Wi-Fi + Cellular""}},""transactionId"":""623f4472-6c70-4a73-9739-aba4c70ecc7e-1785781322348""}"
False;1291923;2026-08-03 14:26:20.517000;2026-08-02 00:00:00;1291923;VERIFYORDER;SCY37QHGD77;MCG94CI/A;"{""orderDetailsResponses"":{""deviceEligibility"":{""secondaryDisplay"":""0"",""deviceDateOfPurchase"":""03/08/2026"",""deviceId"":""SCY37QHGD77"",""registeredDevice"":""0"",""deviceErrorResponse"":{""errorCode"":""GRX_PMC_003"",""errorMessage"":""Este dispositivo está fuera de garantía y no puede optar al producto de AppleCare. ""},""pocType"":""APOC"",""serialNumber"":""CY37QHGD77"",""partNumber"":""SV072ZX/A"",""partAlias"":""ACP"",""productDescription"":""iPad Air 11-inch (M3) Wi-Fi + Cellular""}},""transactionId"":""8ce61776-0c0d-4445-a699-acd2b9bfcd05-1785781580008""}"
False;1291923;2026-08-03 14:26:54.887000;2026-08-02 00:00:00;1291923;VERIFYORDER;SCY37QHGD77;MCG94CI/A;"{""orderDetailsResponses"":{""deviceEligibility"":{""secondaryDisplay"":""0"",""deviceDateOfPurchase"":""03/08/2026"",""deviceId"":""SCY37QHGD77"",""registeredDevice"":""0"",""deviceErrorResponse"":{""errorCode"":""GRX_PMC_003"",""errorMessage"":""Este dispositivo está fuera de garantía y no puede optar al producto de AppleCare. ""},""pocType"":""APOC"",""serialNumber"":""CY37QHGD77"",""partNumber"":""SV072ZX/A"",""partAlias"":""ACP"",""productDescription"":""iPad Air 11-inch (M3) Wi-Fi + Cellular""}},""transactionId"":""67599e2f-8106-4af5-8051-4e0b4130c823-1785781614309""}"
True;5082795;2026-08-03 14:27:42.640000;2026-08-03 00:00:00;17501127;VERIFYORDER;SJT76945T20;MXVU3BE/A;"{""orderDetailsResponses"":{""deviceEligibility"":{""secondaryDisplay"":""0"",""partDescription"":""AppleCare+ con robo y pérdida para iPhone 16 Plus"",""coverageDuration"":""2"",""productStatement"":""Tu AppleCare+ con robo y pérdida para iPhone 16 Plus amplía la cobertura de servicio y soporte técnico a 2 años desde la fecha de compra de AppleCare+ con robo y pérdida e incluye cobertura para una cantidad ilimitada de incidentes por daño accidental debido a la manipulación del producto o un máximo de dos incidentes de robo y pérdida cada 12 meses, cada uno de ellos sujeto a un cargo adicional de R$28000  por Daños que afectan solo a la pantalla o de R$144000  por robo o pérdida o de R$96000  por Otros daños accidentales. Lee todos los detalles en los Términos y condiciones de AppleCare+."",""deviceDateOfPurchase"":""13/07/2026"",""deviceId"":""SJT76945T20"",""registeredDevice"":""0"",""pocType"":""APOC"",""serialNumber"":""JT76945T20"",""partNumber"":""SNKX2ZX/A"",""partAlias"":""ACPTL"",""purchaseMode"":""I"",""productDescription"":""iPhone 16 Plus"",""tlDisclosure"":""La cobertura de robo y pérdida requiere que tengas la función Buscar habilitada en tu dispositivo antes de que se pierda o te lo roben. Durante el proceso de reclamación, te pediremos que uses la función Buscar para poner el dispositivo perdido o robado en modo Perdido, borrarlo y transferir la propiedad a Apple para que podamos asignarte un nuevo dispositivo. Para asegurarte de que puedas iniciar sesión en Buscar y acceder a esta función, es importante que recuerdes tu ID de Apple y contraseña, y que mantengas la información de tu cuenta actualizada. Si usas la autenticación de doble factor para el ID de Apple, te recomendamos que añadas un número de teléfono adicional de confianza a tu cuenta en el que puedas recibir el código de verificación de 6 dígitos que necesitas para iniciar sesión aunque no tengas tu iPhone. Para obtener más información, visita las páginas de Soporte técnico de Apple.""}},""transactionId"":""15e73343-083f-46ec-9dfe-db2ea542536b-1785781662059""}"
True;5082795;2026-08-03 14:30:30.770000;2026-08-03 00:00:00;17501127;VERIFYORDER;SJT76945T20;MXVU3BE/A;"{""orderDetailsResponses"":{""deviceEligibility"":{""secondaryDisplay"":""0"",""partDescription"":""AppleCare+ con robo y pérdida para iPhone 16 Plus"",""coverageDuration"":""2"",""productStatement"":""Tu AppleCare+ con robo y pérdida para iPhone 16 Plus amplía la cobertura de servicio y soporte técnico a 2 años desde la fecha de compra de AppleCare+ con robo y pérdida e incluye cobertura para una cantidad ilimitada de incidentes por daño accidental debido a la manipulación del producto o un máximo de dos incidentes de robo y pérdida cada 12 meses, cada uno de ellos sujeto a un cargo adicional de R$28000  por Daños que afectan solo a la pantalla o de R$144000  por robo o pérdida o de R$96000  por Otros daños accidentales. Lee todos los detalles en los Términos y condiciones de AppleCare+."",""deviceDateOfPurchase"":""13/07/2026"",""deviceId"":""SJT76945T20"",""registeredDevice"":""0"",""pocType"":""APOC"",""serialNumber"":""JT76945T20"",""partNumber"":""SNKX2ZX/A"",""partAlias"":""ACPTL"",""purchaseMode"":""I"",""productDescription"":""iPhone 16 Plus"",""tlDisclosure"":""La cobertura de robo y pérdida requiere que tengas la función Buscar habilitada en tu dispositivo antes de que se pierda o te lo roben. Durante el proceso de reclamación, te pediremos que uses la función Buscar para poner el dispositivo perdido o robado en modo Perdido, borrarlo y transferir la propiedad a Apple para que podamos asignarte un nuevo dispositivo. Para asegurarte de que puedas iniciar sesión en Buscar y acceder a esta función, es importante que recuerdes tu ID de Apple y contraseña, y que mantengas la información de tu cuenta actualizada. Si usas la autenticación de doble factor para el ID de Apple, te recomendamos que añadas un número de teléfono adicional de confianza a tu cuenta en el que puedas recibir el código de verificación de 6 dígitos que necesitas para iniciar sesión aunque no tengas tu iPhone. Para obtener más información, visita las páginas de Soporte técnico de Apple.""}},""transactionId"":""479bf794-9a51-4282-94ca-69819cc70b23-1785781830255""}"
False;1291923;2026-08-03 14:31:22.760000;2026-08-02 00:00:00;1291923;VERIFYORDER;SCY37QHGD77;MCG94CI/A;"{""orderDetailsResponses"":{""deviceEligibility"":{""secondaryDisplay"":""0"",""deviceDateOfPurchase"":""03/08/2026"",""deviceId"":""SCY37QHGD77"",""registeredDevice"":""0"",""deviceErrorResponse"":{""errorCode"":""GRX_PMC_003"",""errorMessage"":""Este dispositivo está fuera de garantía y no puede optar al producto de AppleCare. ""},""pocType"":""APOC"",""serialNumber"":""CY37QHGD77"",""partNumber"":""SV072ZX/A"",""partAlias"":""ACP"",""productDescription"":""iPad Air 11-inch (M3) Wi-Fi + Cellular""}},""transactionId"":""13688dde-90e1-454b-816c-952a13341e71-1785781882161""}"
False;1291923;2026-08-03 14:31:55.660000;2026-08-02 00:00:00;1291923;VERIFYORDER;SCY37QHGD77;MCG94CI/A;"{""orderDetailsResponses"":{""deviceEligibility"":{""secondaryDisplay"":""0"",""deviceDateOfPurchase"":""03/08/2026"",""deviceId"":""SCY37QHGD77"",""registeredDevice"":""0"",""deviceErrorResponse"":{""errorCode"":""GRX_PMC_003"",""errorMessage"":""Este dispositivo está fuera de garantía y no puede optar al producto de AppleCare. ""},""pocType"":""APOC"",""serialNumber"":""CY37QHGD77"",""partNumber"":""SV072ZX/A"",""partAlias"":""ACP"",""productDescription"":""iPad Air 11-inch (M3) Wi-Fi + Cellular""}},""transactionId"":""764ca043-2bcc-46f9-8261-42eff9c5bdc1-1785781915052""}"
True;5082795;2026-08-03 14:33:14.573000;2026-08-03 00:00:00;17501127;CREATEORDER;SJT76945T20;MXVU3BE/A;"{""orderDetailsResponses"":{""deviceEligibility"":{""secondaryDisplay"":""0"",""partDescription"":""AppleCare+ con robo y pérdida para iPhone 16 Plus"",""coverageDuration"":""2"",""productStatement"":""Tu AppleCare+ con robo y pérdida para iPhone 16 Plus amplía la cobertura de servicio y soporte técnico a 2 años desde la fecha de compra de AppleCare+ con robo y pérdida e incluye cobertura para una cantidad ilimitada de incidentes por daño accidental debido a la manipulación del producto o un máximo de dos incidentes de robo y pérdida cada 12 meses, cada uno de ellos sujeto a un cargo adicional de R$28000  por Daños que afectan solo a la pantalla o de R$144000  por robo o pérdida o de R$96000  por Otros daños accidentales. Lee todos los detalles en los Términos y condiciones de AppleCare+."",""deviceDateOfPurchase"":""13/07/2026"",""deviceId"":""SJT76945T20"",""registeredDevice"":""0"",""pocType"":""APOC"",""serialNumber"":""JT76945T20"",""partNumber"":""SNKX2ZX/A"",""partAlias"":""ACPTL"",""purchaseMode"":""I"",""productDescription"":""iPhone 16 Plus"",""tlDisclosure"":""La cobertura de robo y pérdida requiere que tengas la función Buscar habilitada en tu dispositivo antes de que se pierda o te lo roben. Durante el proceso de reclamación, te pediremos que uses la función Buscar para poner el dispositivo perdido o robado en modo Perdido, borrarlo y transferir la propiedad a Apple para que podamos asignarte un nuevo dispositivo. Para asegurarte de que puedas iniciar sesión en Buscar y acceder a esta función, es importante que recuerdes tu ID de Apple y contraseña, y que mantengas la información de tu cuenta actualizada. Si usas la autenticación de doble factor para el ID de Apple, te recomendamos que añadas un número de teléfono adicional de confianza a tu cuenta en el que puedas recibir el código de verificación de 6 dígitos que necesitas para iniciar sesión aunque no tengas tu iPhone. Para obtener más información, visita las páginas de Soporte técnico de Apple.""},""orderConfirmation"":{""agreementNumber"":""328093323850"",""coverageDurationStatement"":""Finaliza el 02/08/2028"",""termConditionURL"":""http://www.apple.com/legal/sales-support/"",""partNumber"":""SNKX2ZX/A"",""partAlias"":""ACPTL"",""partType"":""AC+TL"",""purchaseMode"":""I"",""appleCareSalesDate"":""03/08/2026"",""pocType"":""APOC"",""purchaseOrderNumber"":""17501127""}},""transactionId"":""47768d18-693a-47f0-b1da-7c0141766405-1785781989770""}"
False;1291923;2026-08-03 14:36:15.757000;2026-08-02 00:00:00;1291923;VERIFYORDER;SCY37QHGD77;MCG94CI/A;"{""orderDetailsResponses"":{""deviceEligibility"":{""secondaryDisplay"":""0"",""deviceDateOfPurchase"":""03/08/2026"",""deviceId"":""SCY37QHGD77"",""registeredDevice"":""0"",""deviceErrorResponse"":{""errorCode"":""GRX_PMC_003"",""errorMessage"":""Este dispositivo está fuera de garantía y no puede optar al producto de AppleCare. ""},""pocType"":""APOC"",""serialNumber"":""CY37QHGD77"",""partNumber"":""SV072ZX/A"",""partAlias"":""ACP"",""productDescription"":""iPad Air 11-inch (M3) Wi-Fi + Cellular""}},""transactionId"":""74565b66-5a00-4c28-a839-e81de025364a-1785782175175""}"
False;1291923;2026-08-03 14:36:52.457000;2026-08-02 00:00:00;1291923;VERIFYORDER;SCY37QHGD77;MCG94CI/A;"{""orderDetailsResponses"":{""deviceEligibility"":{""secondaryDisplay"":""0"",""deviceDateOfPurchase"":""03/08/2026"",""deviceId"":""SCY37QHGD77"",""registeredDevice"":""0"",""deviceErrorResponse"":{""errorCode"":""GRX_PMC_003"",""errorMessage"":""Este dispositivo está fuera de garantía y no puede optar al producto de AppleCare. ""},""pocType"":""APOC"",""serialNumber"":""CY37QHGD77"",""partNumber"":""SV072ZX/A"",""partAlias"":""ACP"",""productDescription"":""iPad Air 11-inch (M3) Wi-Fi + Cellular""}},""transactionId"":""949d6876-1028-4e2a-9d62-3cfb7348e25b-1785782211961""}"
False;1291923;2026-08-03 14:41:26.767000;2026-08-02 00:00:00;1291923;VERIFYORDER;SCY37QHGD77;MCG94CI/A;"{""orderDetailsResponses"":{""deviceEligibility"":{""secondaryDisplay"":""0"",""deviceDateOfPurchase"":""03/08/2026"",""deviceId"":""SCY37QHGD77"",""registeredDevice"":""0"",""deviceErrorResponse"":{""errorCode"":""GRX_PMC_003"",""errorMessage"":""Este dispositivo está fuera de garantía y no puede optar al producto de AppleCare. ""},""pocType"":""APOC"",""serialNumber"":""CY37QHGD77"",""partNumber"":""SV072ZX/A"",""partAlias"":""ACP"",""productDescription"":""iPad Air 11-inch (M3) Wi-Fi + Cellular""}},""transactionId"":""361e2944-6722-4cb6-83bd-12c8c63e03e6-1785782486174""}"
False;1291923;2026-08-03 14:41:59.707000;2026-08-02 00:00:00;1291923;VERIFYORDER;SCY37QHGD77;MCG94CI/A;"{""orderDetailsResponses"":{""deviceEligibility"":{""secondaryDisplay"":""0"",""deviceDateOfPurchase"":""03/08/2026"",""deviceId"":""SCY37QHGD77"",""registeredDevice"":""0"",""deviceErrorResponse"":{""errorCode"":""GRX_PMC_003"",""errorMessage"":""Este dispositivo está fuera de garantía y no puede optar al producto de AppleCare. ""},""pocType"":""APOC"",""serialNumber"":""CY37QHGD77"",""partNumber"":""SV072ZX/A"",""partAlias"":""ACP"",""productDescription"":""iPad Air 11-inch (M3) Wi-Fi + Cellular""}},""transactionId"":""1d75893b-b02e-44de-a40d-a03f5b1dd790-1785782519184""}"
False;1291923;2026-08-03 14:46:28.423000;2026-08-02 00:00:00;1291923;VERIFYORDER;SCY37QHGD77;MCG94CI/A;"{""orderDetailsResponses"":{""deviceEligibility"":{""secondaryDisplay"":""0"",""deviceDateOfPurchase"":""03/08/2026"",""deviceId"":""SCY37QHGD77"",""registeredDevice"":""0"",""deviceErrorResponse"":{""errorCode"":""GRX_PMC_003"",""errorMessage"":""Este dispositivo está fuera de garantía y no puede optar al producto de AppleCare. ""},""pocType"":""APOC"",""serialNumber"":""CY37QHGD77"",""partNumber"":""SV072ZX/A"",""partAlias"":""ACP"",""productDescription"":""iPad Air 11-inch (M3) Wi-Fi + Cellular""}},""transactionId"":""ac7e099d-d2de-4c83-a36f-cefc615237d5-1785782787854""}"
True;5029039;2026-08-03 14:46:33.360000;2026-08-03 00:00:00;5029039;VERIFYORDER;SL306NG2KMR;MFYM4BE/A;"{""orderDetailsResponses"":{""deviceEligibility"":{""secondaryDisplay"":""0"",""partDescription"":""AppleCare+ con robo y pérdida para iPhone 17 Pro Max"",""coverageDuration"":""2"",""productStatement"":""Tu AppleCare+ con robo y pérdida para iPhone 17 Pro Max amplía la cobertura de servicio y soporte técnico a 2 años desde la fecha de compra de AppleCare+ con robo y pérdida e incluye cobertura para una cantidad ilimitada de incidentes por daño accidental debido a la manipulación del producto o un máximo de dos incidentes de robo y pérdida cada 12 meses, cada uno de ellos sujeto a un cargo adicional de R$96000  por Otros daños accidentales o de R$28000  por los daños de la pantalla o la carcasa externa o de R$144000  por robo o pérdida. Lee todos los detalles en los Términos y condiciones de AppleCare+."",""deviceDateOfPurchase"":""03/08/2026"",""deviceId"":""SL306NG2KMR"",""registeredDevice"":""1"",""pocType"":""APOC"",""serialNumber"":""L306NG2KMR"",""partNumber"":""SX382ZX/A"",""partAlias"":""ACPTL"",""purchaseMode"":""C"",""productDescription"":""iPhone 17 Pro Max"",""tlDisclosure"":""La cobertura de robo y pérdida requiere que tengas la función Buscar habilitada en tu dispositivo antes de que se pierda o te lo roben. Durante el proceso de reclamación, te pediremos que uses la función Buscar para poner el dispositivo perdido o robado en modo Perdido, borrarlo y transferir la propiedad a Apple para que podamos asignarte un nuevo dispositivo. Para asegurarte de que puedas iniciar sesión en Buscar y acceder a esta función, es importante que recuerdes tu ID de Apple y contraseña, y que mantengas la información de tu cuenta actualizada. Si usas la autenticación de doble factor para el ID de Apple, te recomendamos que añadas un número de teléfono adicional de confianza a tu cuenta en el que puedas recibir el código de verificación de 6 dígitos que necesitas para iniciar sesión aunque no tengas tu iPhone. Para obtener más información, visita las páginas de Soporte técnico de Apple.""}},""transactionId"":""07490eac-4a34-4fa6-97a3-10fc65e2b349-1785782792896""}"
True;5029039;2026-08-03 14:46:34.950000;2026-08-03 00:00:00;5029039;CREATEORDER;SL306NG2KMR;MFYM4BE/A;"{""orderDetailsResponses"":{""deviceEligibility"":{""secondaryDisplay"":""0"",""partDescription"":""AppleCare+ con robo y pérdida para iPhone 17 Pro Max"",""coverageDuration"":""2"",""productStatement"":""Tu AppleCare+ con robo y pérdida para iPhone 17 Pro Max amplía la cobertura de servicio y soporte técnico a 2 años desde la fecha de compra de AppleCare+ con robo y pérdida e incluye cobertura para una cantidad ilimitada de incidentes por daño accidental debido a la manipulación del producto o un máximo de dos incidentes de robo y pérdida cada 12 meses, cada uno de ellos sujeto a un cargo adicional de R$96000  por Otros daños accidentales o de R$28000  por los daños de la pantalla o la carcasa externa o de R$144000  por robo o pérdida. Lee todos los detalles en los Términos y condiciones de AppleCare+."",""deviceDateOfPurchase"":""03/08/2026"",""deviceId"":""SL306NG2KMR"",""registeredDevice"":""1"",""pocType"":""RPOC"",""serialNumber"":""L306NG2KMR"",""partNumber"":""SX382ZX/A"",""partAlias"":""ACPTL"",""purchaseMode"":""C"",""productDescription"":""iPhone 17 Pro Max"",""tlDisclosure"":""La cobertura de robo y pérdida requiere que tengas la función Buscar habilitada en tu dispositivo antes de que se pierda o te lo roben. Durante el proceso de reclamación, te pediremos que uses la función Buscar para poner el dispositivo perdido o robado en modo Perdido, borrarlo y transferir la propiedad a Apple para que podamos asignarte un nuevo dispositivo. Para asegurarte de que puedas iniciar sesión en Buscar y acceder a esta función, es importante que recuerdes tu ID de Apple y contraseña, y que mantengas la información de tu cuenta actualizada. Si usas la autenticación de doble factor para el ID de Apple, te recomendamos que añadas un número de teléfono adicional de confianza a tu cuenta en el que puedas recibir el código de verificación de 6 dígitos que necesitas para iniciar sesión aunque no tengas tu iPhone. Para obtener más información, visita las páginas de Soporte técnico de Apple.""},""orderConfirmation"":{""agreementNumber"":""328093327680"",""coverageDurationStatement"":""Finaliza el 02/08/2028"",""termConditionURL"":""http://www.apple.com/legal/sales-support/"",""partNumber"":""SX382ZX/A"",""partAlias"":""ACPTL"",""partType"":""AC+TL"",""purchaseMode"":""C"",""appleCareSalesDate"":""03/08/2026"",""pocType"":""RPOC"",""purchaseOrderNumber"":""5029039""}},""transactionId"":""648d7c4f-f3e0-48af-89fb-5f9f8091a4a0-1785782794036""}"
False;1291923;2026-08-03 14:47:11.220000;2026-08-02 00:00:00;1291923;VERIFYORDER;SCY37QHGD77;MCG94CI/A;"{""orderDetailsResponses"":{""deviceEligibility"":{""secondaryDisplay"":""0"",""deviceDateOfPurchase"":""03/08/2026"",""deviceId"":""SCY37QHGD77"",""registeredDevice"":""0"",""deviceErrorResponse"":{""errorCode"":""GRX_PMC_003"",""errorMessage"":""Este dispositivo está fuera de garantía y no puede optar al producto de AppleCare. ""},""pocType"":""APOC"",""serialNumber"":""CY37QHGD77"",""partNumber"":""SV072ZX/A"",""partAlias"":""ACP"",""productDescription"":""iPad Air 11-inch (M3) Wi-Fi + Cellular""}},""transactionId"":""73ad0424-e691-4722-9132-aa5b57224c3f-1785782830556""}"
True;1316697;2026-08-03 14:47:54.310000;2026-08-03 00:00:00;24701094;VERIFYORDER;SD17C5JVFW1;MG8N4BE/A;"{""orderDetailsResponses"":{""deviceEligibility"":{""secondaryDisplay"":""0"",""partDescription"":""AppleCare+ con robo y pérdida para iPhone 17 Pro"",""coverageDuration"":""2"",""productStatement"":""Tu AppleCare+ con robo y pérdida para iPhone 17 Pro amplía la cobertura de servicio y soporte técnico a 2 años desde la fecha de compra de AppleCare+ con robo y pérdida e incluye cobertura para una cantidad ilimitada de incidentes por daño accidental debido a la manipulación del producto o un máximo de dos incidentes de robo y pérdida cada 12 meses, cada uno de ellos sujeto a un cargo adicional de R$96000  por Otros daños accidentales o de R$28000  por los daños de la pantalla o la carcasa externa o de R$144000  por robo o pérdida. Lee todos los detalles en los Términos y condiciones de AppleCare+."",""deviceDateOfPurchase"":""03/08/2026"",""deviceId"":""SD17C5JVFW1"",""registeredDevice"":""1"",""pocType"":""APOC"",""serialNumber"":""D17C5JVFW1"",""partNumber"":""SX342ZX/A"",""partAlias"":""ACPTL"",""purchaseMode"":""C"",""productDescription"":""iPhone 17 Pro"",""tlDisclosure"":""La cobertura de robo y pérdida requiere que tengas la función Buscar habilitada en tu dispositivo antes de que se pierda o te lo roben. Durante el proceso de reclamación, te pediremos que uses la función Buscar para poner el dispositivo perdido o robado en modo Perdido, borrarlo y transferir la propiedad a Apple para que podamos asignarte un nuevo dispositivo. Para asegurarte de que puedas iniciar sesión en Buscar y acceder a esta función, es importante que recuerdes tu ID de Apple y contraseña, y que mantengas la información de tu cuenta actualizada. Si usas la autenticación de doble factor para el ID de Apple, te recomendamos que añadas un número de teléfono adicional de confianza a tu cuenta en el que puedas recibir el código de verificación de 6 dígitos que necesitas para iniciar sesión aunque no tengas tu iPhone. Para obtener más información, visita las páginas de Soporte técnico de Apple.""}},""transactionId"":""5f757f3d-acc9-4346-83a0-036f2f87342d-1785782873770""}"
False;1291923;2026-08-03 14:51:19.360000;2026-08-02 00:00:00;1291923;VERIFYORDER;SCY37QHGD77;MCG94CI/A;"{""orderDetailsResponses"":{""deviceEligibility"":{""secondaryDisplay"":""0"",""deviceDateOfPurchase"":""03/08/2026"",""deviceId"":""SCY37QHGD77"",""registeredDevice"":""0"",""deviceErrorResponse"":{""errorCode"":""GRX_PMC_003"",""errorMessage"":""Este dispositivo está fuera de garantía y no puede optar al producto de AppleCare. ""},""pocType"":""APOC"",""serialNumber"":""CY37QHGD77"",""partNumber"":""SV072ZX/A"",""partAlias"":""ACP"",""productDescription"":""iPad Air 11-inch (M3) Wi-Fi + Cellular""}},""transactionId"":""c7bf735f-2197-459d-ab85-0f480bba5b3c-1785783078787""}"
False;1291923;2026-08-03 14:51:49.963000;2026-08-02 00:00:00;1291923;VERIFYORDER;SCY37QHGD77;MCG94CI/A;"{""orderDetailsResponses"":{""deviceEligibility"":{""secondaryDisplay"":""0"",""deviceDateOfPurchase"":""03/08/2026"",""deviceId"":""SCY37QHGD77"",""registeredDevice"":""0"",""deviceErrorResponse"":{""errorCode"":""GRX_PMC_003"",""errorMessage"":""Este dispositivo está fuera de garantía y no puede optar al producto de AppleCare. ""},""pocType"":""APOC"",""serialNumber"":""CY37QHGD77"",""partNumber"":""SV072ZX/A"",""partAlias"":""ACP"",""productDescription"":""iPad Air 11-inch (M3) Wi-Fi + Cellular""}},""transactionId"":""42795f9a-2f46-4edd-8417-292bce0cd93d-1785783109473""}"
True;1316697;2026-08-03 14:56:19.607000;2026-08-03 00:00:00;24701094;CREATEORDER;SD17C5JVFW1;MG8N4BE/A;"{""orderDetailsResponses"":{""deviceEligibility"":{""secondaryDisplay"":""0"",""partDescription"":""AppleCare+ con robo y pérdida para iPhone 17 Pro"",""coverageDuration"":""2"",""productStatement"":""Tu AppleCare+ con robo y pérdida para iPhone 17 Pro amplía la cobertura de servicio y soporte técnico a 2 años desde la fecha de compra de AppleCare+ con robo y pérdida e incluye cobertura para una cantidad ilimitada de incidentes por daño accidental debido a la manipulación del producto o un máximo de dos incidentes de robo y pérdida cada 12 meses, cada uno de ellos sujeto a un cargo adicional de R$96000  por Otros daños accidentales o de R$28000  por los daños de la pantalla o la carcasa externa o de R$144000  por robo o pérdida. Lee todos los detalles en los Términos y condiciones de AppleCare+."",""deviceDateOfPurchase"":""03/08/2026"",""deviceId"":""SD17C5JVFW1"",""registeredDevice"":""1"",""pocType"":""APOC"",""serialNumber"":""D17C5JVFW1"",""partNumber"":""SX342ZX/A"",""partAlias"":""ACPTL"",""purchaseMode"":""C"",""productDescription"":""iPhone 17 Pro"",""tlDisclosure"":""La cobertura de robo y pérdida requiere que tengas la función Buscar habilitada en tu dispositivo antes de que se pierda o te lo roben. Durante el proceso de reclamación, te pediremos que uses la función Buscar para poner el dispositivo perdido o robado en modo Perdido, borrarlo y transferir la propiedad a Apple para que podamos asignarte un nuevo dispositivo. Para asegurarte de que puedas iniciar sesión en Buscar y acceder a esta función, es importante que recuerdes tu ID de Apple y contraseña, y que mantengas la información de tu cuenta actualizada. Si usas la autenticación de doble factor para el ID de Apple, te recomendamos que añadas un número de teléfono adicional de confianza a tu cuenta en el que puedas recibir el código de verificación de 6 dígitos que necesitas para iniciar sesión aunque no tengas tu iPhone. Para obtener más información, visita las páginas de Soporte técnico de Apple.""},""orderConfirmation"":{""agreementNumber"":""328093324969"",""coverageDurationStatement"":""Finaliza el 02/08/2028"",""termConditionURL"":""http://www.apple.com/legal/sales-support/"",""partNumber"":""SX342ZX/A"",""partAlias"":""ACPTL"",""partType"":""AC+TL"",""purchaseMode"":""C"",""appleCareSalesDate"":""03/08/2026"",""pocType"":""APOC"",""purchaseOrderNumber"":""24701094""}},""transactionId"":""9238120b-20ec-4b29-813b-9c7ed5ee09c7-1785783374871""}"
False;1291923;2026-08-03 14:56:22.147000;2026-08-02 00:00:00;1291923;VERIFYORDER;SCY37QHGD77;MCG94CI/A;"{""orderDetailsResponses"":{""deviceEligibility"":{""secondaryDisplay"":""0"",""deviceDateOfPurchase"":""03/08/2026"",""deviceId"":""SCY37QHGD77"",""registeredDevice"":""0"",""deviceErrorResponse"":{""errorCode"":""GRX_PMC_003"",""errorMessage"":""Este dispositivo está fuera de garantía y no puede optar al producto de AppleCare. ""},""pocType"":""APOC"",""serialNumber"":""CY37QHGD77"",""partNumber"":""SV072ZX/A"",""partAlias"":""ACP"",""productDescription"":""iPad Air 11-inch (M3) Wi-Fi + Cellular""}},""transactionId"":""e831a65d-1e9a-4afb-8b1d-c9280df8b3c6-1785783381593""}"
False;1291923;2026-08-03 14:56:54.993000;2026-08-02 00:00:00;1291923;VERIFYORDER;SCY37QHGD77;MCG94CI/A;"{""orderDetailsResponses"":{""deviceEligibility"":{""secondaryDisplay"":""0"",""deviceDateOfPurchase"":""03/08/2026"",""deviceId"":""SCY37QHGD77"",""registeredDevice"":""0"",""deviceErrorResponse"":{""errorCode"":""GRX_PMC_003"",""errorMessage"":""Este dispositivo está fuera de garantía y no puede optar al producto de AppleCare. ""},""pocType"":""APOC"",""serialNumber"":""CY37QHGD77"",""partNumber"":""SV072ZX/A"",""partAlias"":""ACP"",""productDescription"":""iPad Air 11-inch (M3) Wi-Fi + Cellular""}},""transactionId"":""7e48ed75-4300-4436-aade-eef773010e16-1785783414480""}"
False;1291923;2026-08-03 15:01:24.427000;2026-08-02 00:00:00;1291923;VERIFYORDER;SCY37QHGD77;MCG94CI/A;"{""orderDetailsResponses"":{""deviceEligibility"":{""secondaryDisplay"":""0"",""deviceDateOfPurchase"":""03/08/2026"",""deviceId"":""SCY37QHGD77"",""registeredDevice"":""0"",""deviceErrorResponse"":{""errorCode"":""GRX_PMC_003"",""errorMessage"":""Este dispositivo está fuera de garantía y no puede optar al producto de AppleCare. ""},""pocType"":""APOC"",""serialNumber"":""CY37QHGD77"",""partNumber"":""SV072ZX/A"",""partAlias"":""ACP"",""productDescription"":""iPad Air 11-inch (M3) Wi-Fi + Cellular""}},""transactionId"":""3ce9b963-2d9a-4ae6-923a-aa3858ee3349-1785783683919""}"
True;5029131;2026-08-03 15:01:26.763000;2026-08-03 00:00:00;5029131;VERIFYORDER;SD6X404CXYR;MG6N4BE/A;"{""orderDetailsResponses"":{""deviceEligibility"":{""secondaryDisplay"":""0"",""partDescription"":""AppleCare+ con robo y pérdida para iPhone 17"",""coverageDuration"":""2"",""productStatement"":""Tu AppleCare+ con robo y pérdida para iPhone 17 amplía la cobertura de servicio y soporte técnico a 2 años desde la fecha de compra de AppleCare+ con robo y pérdida e incluye cobertura para una cantidad ilimitada de incidentes por daño accidental debido a la manipulación del producto o un máximo de dos incidentes de robo y pérdida cada 12 meses, cada uno de ellos sujeto a un cargo adicional de R$96000  por Otros daños accidentales o de R$28000  por los daños de la pantalla o la carcasa externa o de R$144000  por robo o pérdida. Lee todos los detalles en los Términos y condiciones de AppleCare+."",""deviceDateOfPurchase"":""03/08/2026"",""deviceId"":""SD6X404CXYR"",""registeredDevice"":""1"",""pocType"":""APOC"",""serialNumber"":""D6X404CXYR"",""partNumber"":""SX2V2ZX/A"",""partAlias"":""ACPTL"",""purchaseMode"":""C"",""productDescription"":""iPhone 17"",""tlDisclosure"":""La cobertura de robo y pérdida requiere que tengas la función Buscar habilitada en tu dispositivo antes de que se pierda o te lo roben. Durante el proceso de reclamación, te pediremos que uses la función Buscar para poner el dispositivo perdido o robado en modo Perdido, borrarlo y transferir la propiedad a Apple para que podamos asignarte un nuevo dispositivo. Para asegurarte de que puedas iniciar sesión en Buscar y acceder a esta función, es importante que recuerdes tu ID de Apple y contraseña, y que mantengas la información de tu cuenta actualizada. Si usas la autenticación de doble factor para el ID de Apple, te recomendamos que añadas un número de teléfono adicional de confianza a tu cuenta en el que puedas recibir el código de verificación de 6 dígitos que necesitas para iniciar sesión aunque no tengas tu iPhone. Para obtener más información, visita las páginas de Soporte técnico de Apple.""}},""transactionId"":""7679e6d4-7f49-4e5f-a46d-e5bdde38dd01-1785783686291""}"
True;5029131;2026-08-03 15:01:28.693000;2026-08-03 00:00:00;5029131;CREATEORDER;SD6X404CXYR;MG6N4BE/A;"{""orderDetailsResponses"":{""deviceEligibility"":{""secondaryDisplay"":""0"",""partDescription"":""AppleCare+ con robo y pérdida para iPhone 17"",""coverageDuration"":""2"",""productStatement"":""Tu AppleCare+ con robo y pérdida para iPhone 17 amplía la cobertura de servicio y soporte técnico a 2 años desde la fecha de compra de AppleCare+ con robo y pérdida e incluye cobertura para una cantidad ilimitada de incidentes por daño accidental debido a la manipulación del producto o un máximo de dos incidentes de robo y pérdida cada 12 meses, cada uno de ellos sujeto a un cargo adicional de R$96000  por Otros daños accidentales o de R$28000  por los daños de la pantalla o la carcasa externa o de R$144000  por robo o pérdida. Lee todos los detalles en los Términos y condiciones de AppleCare+."",""deviceDateOfPurchase"":""03/08/2026"",""deviceId"":""SD6X404CXYR"",""registeredDevice"":""1"",""pocType"":""RPOC"",""serialNumber"":""D6X404CXYR"",""partNumber"":""SX2V2ZX/A"",""partAlias"":""ACPTL"",""purchaseMode"":""C"",""productDescription"":""iPhone 17"",""tlDisclosure"":""La cobertura de robo y pérdida requiere que tengas la función Buscar habilitada en tu dispositivo antes de que se pierda o te lo roben. Durante el proceso de reclamación, te pediremos que uses la función Buscar para poner el dispositivo perdido o robado en modo Perdido, borrarlo y transferir la propiedad a Apple para que podamos asignarte un nuevo dispositivo. Para asegurarte de que puedas iniciar sesión en Buscar y acceder a esta función, es importante que recuerdes tu ID de Apple y contraseña, y que mantengas la información de tu cuenta actualizada. Si usas la autenticación de doble factor para el ID de Apple, te recomendamos que añadas un número de teléfono adicional de confianza a tu cuenta en el que puedas recibir el código de verificación de 6 dígitos que necesitas para iniciar sesión aunque no tengas tu iPhone. Para obtener más información, visita las páginas de Soporte técnico de Apple.""},""orderConfirmation"":{""agreementNumber"":""328093323965"",""coverageDurationStatement"":""Finaliza el 02/08/2028"",""termConditionURL"":""http://www.apple.com/legal/sales-support/"",""partNumber"":""SX2V2ZX/A"",""partAlias"":""ACPTL"",""partType"":""AC+TL"",""purchaseMode"":""C"",""appleCareSalesDate"":""03/08/2026"",""pocType"":""RPOC"",""purchaseOrderNumber"":""5029131""}},""transactionId"":""6d8c64fc-dade-4f28-9508-5aafa8157a69-1785783687742""}"
False;1291923;2026-08-03 15:02:09.003000;2026-08-02 00:00:00;1291923;VERIFYORDER;SCY37QHGD77;MCG94CI/A;"{""orderDetailsResponses"":{""deviceEligibility"":{""secondaryDisplay"":""0"",""deviceDateOfPurchase"":""03/08/2026"",""deviceId"":""SCY37QHGD77"",""registeredDevice"":""0"",""deviceErrorResponse"":{""errorCode"":""GRX_PMC_003"",""errorMessage"":""Este dispositivo está fuera de garantía y no puede optar al producto de AppleCare. ""},""pocType"":""APOC"",""serialNumber"":""CY37QHGD77"",""partNumber"":""SV072ZX/A"",""partAlias"":""ACP"",""productDescription"":""iPad Air 11-inch (M3) Wi-Fi + Cellular""}},""transactionId"":""a0a815a1-f1f3-4387-a3dd-9d45c07a50b6-1785783728392""}"
False;1291923;2026-08-03 15:06:33.573000;2026-08-02 00:00:00;1291923;VERIFYORDER;SCY37QHGD77;MCG94CI/A;"{""orderDetailsResponses"":{""deviceEligibility"":{""secondaryDisplay"":""0"",""deviceDateOfPurchase"":""03/08/2026"",""deviceId"":""SCY37QHGD77"",""registeredDevice"":""0"",""deviceErrorResponse"":{""errorCode"":""GRX_PMC_003"",""errorMessage"":""Este dispositivo está fuera de garantía y no puede optar al producto de AppleCare. ""},""pocType"":""APOC"",""serialNumber"":""CY37QHGD77"",""partNumber"":""SV072ZX/A"",""partAlias"":""ACP"",""productDescription"":""iPad Air 11-inch (M3) Wi-Fi + Cellular""}},""transactionId"":""2524dbb9-8174-49b6-b5e3-00d9aea04f49-1785783992954""}"
False;1291923;2026-08-03 15:07:04.507000;2026-08-02 00:00:00;1291923;VERIFYORDER;SCY37QHGD77;MCG94CI/A;"{""orderDetailsResponses"":{""deviceEligibility"":{""secondaryDisplay"":""0"",""deviceDateOfPurchase"":""03/08/2026"",""deviceId"":""SCY37QHGD77"",""registeredDevice"":""0"",""deviceErrorResponse"":{""errorCode"":""GRX_PMC_003"",""errorMessage"":""Este dispositivo está fuera de garantía y no puede optar al producto de AppleCare. ""},""pocType"":""APOC"",""serialNumber"":""CY37QHGD77"",""partNumber"":""SV072ZX/A"",""partAlias"":""ACP"",""productDescription"":""iPad Air 11-inch (M3) Wi-Fi + Cellular""}},""transactionId"":""8aee15c9-1441-4093-b192-db1269aeaca2-1785784023980""}"
False;1291923;2026-08-03 15:11:23.933000;2026-08-02 00:00:00;1291923;VERIFYORDER;SCY37QHGD77;MCG94CI/A;"{""orderDetailsResponses"":{""deviceEligibility"":{""secondaryDisplay"":""0"",""deviceDateOfPurchase"":""03/08/2026"",""deviceId"":""SCY37QHGD77"",""registeredDevice"":""0"",""deviceErrorResponse"":{""errorCode"":""GRX_PMC_003"",""errorMessage"":""Este dispositivo está fuera de garantía y no puede optar al producto de AppleCare. ""},""pocType"":""APOC"",""serialNumber"":""CY37QHGD77"",""partNumber"":""SV072ZX/A"",""partAlias"":""ACP"",""productDescription"":""iPad Air 11-inch (M3) Wi-Fi + Cellular""}},""transactionId"":""427c0efe-bff9-4dcc-b423-3c506f12460d-1785784283399""}"
False;1291923;2026-08-03 15:12:04.690000;2026-08-02 00:00:00;1291923;VERIFYORDER;SCY37QHGD77;MCG94CI/A;"{""orderDetailsResponses"":{""deviceEligibility"":{""secondaryDisplay"":""0"",""deviceDateOfPurchase"":""03/08/2026"",""deviceId"":""SCY37QHGD77"",""registeredDevice"":""0"",""deviceErrorResponse"":{""errorCode"":""GRX_PMC_003"",""errorMessage"":""Este dispositivo está fuera de garantía y no puede optar al producto de AppleCare. ""},""pocType"":""APOC"",""serialNumber"":""CY37QHGD77"",""partNumber"":""SV072ZX/A"",""partAlias"":""ACP"",""productDescription"":""iPad Air 11-inch (M3) Wi-Fi + Cellular""}},""transactionId"":""179dbbd2-3cf0-4332-9bd1-68947853c364-1785784324177""}"
False;1291923;2026-08-03 15:16:26.297000;2026-08-02 00:00:00;1291923;VERIFYORDER;SCY37QHGD77;MCG94CI/A;"{""orderDetailsResponses"":{""deviceEligibility"":{""secondaryDisplay"":""0"",""deviceDateOfPurchase"":""03/08/2026"",""deviceId"":""SCY37QHGD77"",""registeredDevice"":""0"",""deviceErrorResponse"":{""errorCode"":""GRX_PMC_003"",""errorMessage"":""Este dispositivo está fuera de garantía y no puede optar al producto de AppleCare. ""},""pocType"":""APOC"",""serialNumber"":""CY37QHGD77"",""partNumber"":""SV072ZX/A"",""partAlias"":""ACP"",""productDescription"":""iPad Air 11-inch (M3) Wi-Fi + Cellular""}},""transactionId"":""f8a8af9a-fc3d-4ad9-a619-af3bd270dd18-1785784585816""}"
False;1291923;2026-08-03 15:16:59.497000;2026-08-02 00:00:00;1291923;VERIFYORDER;SCY37QHGD77;MCG94CI/A;"{""orderDetailsResponses"":{""deviceEligibility"":{""secondaryDisplay"":""0"",""deviceDateOfPurchase"":""03/08/2026"",""deviceId"":""SCY37QHGD77"",""registeredDevice"":""0"",""deviceErrorResponse"":{""errorCode"":""GRX_PMC_003"",""errorMessage"":""Este dispositivo está fuera de garantía y no puede optar al producto de AppleCare. ""},""pocType"":""APOC"",""serialNumber"":""CY37QHGD77"",""partNumber"":""SV072ZX/A"",""partAlias"":""ACP"",""productDescription"":""iPad Air 11-inch (M3) Wi-Fi + Cellular""}},""transactionId"":""2a9e9598-0718-4b47-95c5-b0e70c1ce398-1785784618966""}"
True;1291923;2026-08-03 15:21:35.917000;2026-08-02 00:00:00;1291923;VERIFYORDER;SCY37QHGD77;MCG94CI/A;"{""orderDetailsResponses"":{""deviceEligibility"":{""secondaryDisplay"":""1"",""partDescription"":""AppleCare+ para iPad Air 11-inch (M3)"",""coverageDuration"":""2"",""productStatement"":""AppleCare+ para iPad Air 11-inch (M3) amplía la cobertura de servicio y soporte técnico a 2 años desde la fecha de compra de AppleCare+ e incluye cobertura para una cantidad ilimitada de incidentes por daño accidental debido a la manipulación del producto, cada uno de ellos sujeto a un cargo adicional de R$96000  por Otros daños accidentales o de R$28000  por Daños que afectan solo a la pantalla o de R$28000  por Apple Pencil / Keyboard. Lee todos los detalles en los Términos y condiciones de AppleCare+."",""deviceDateOfPurchase"":""03/08/2026"",""deviceId"":""SCY37QHGD77"",""registeredDevice"":""0"",""pocType"":""APOC"",""serialNumber"":""CY37QHGD77"",""partNumber"":""SV072ZX/A"",""partAlias"":""ACP"",""purchaseMode"":""C"",""productDescription"":""iPad Air 11-inch (M3) Wi-Fi + Cellular""}},""transactionId"":""14f3572d-d8ed-46a0-9362-4198f7fa064b-1785784895354""}"
True;1291923;2026-08-03 15:21:37.907000;2026-08-02 00:00:00;1291923;CREATEORDER;SCY37QHGD77;MCG94CI/A;"{""orderDetailsResponses"":{""deviceEligibility"":{""secondaryDisplay"":""1"",""partDescription"":""AppleCare+ para iPad Air 11-inch (M3)"",""coverageDuration"":""2"",""productStatement"":""AppleCare+ para iPad Air 11-inch (M3) amplía la cobertura de servicio y soporte técnico a 2 años desde la fecha de compra de AppleCare+ e incluye cobertura para una cantidad ilimitada de incidentes por daño accidental debido a la manipulación del producto, cada uno de ellos sujeto a un cargo adicional de R$96000  por Otros daños accidentales o de R$28000  por Daños que afectan solo a la pantalla o de R$28000  por Apple Pencil / Keyboard. Lee todos los detalles en los Términos y condiciones de AppleCare+."",""deviceDateOfPurchase"":""03/08/2026"",""deviceId"":""SCY37QHGD77"",""registeredDevice"":""0"",""pocType"":""RPOC"",""serialNumber"":""CY37QHGD77"",""partNumber"":""SV072ZX/A"",""partAlias"":""ACP"",""purchaseMode"":""C"",""productDescription"":""iPad Air 11-inch (M3) Wi-Fi + Cellular""},""orderConfirmation"":{""agreementNumber"":""328093381068"",""coverageDurationStatement"":""Finaliza el 02/08/2028"",""termConditionURL"":""http://www.apple.com/legal/sales-support/"",""partNumber"":""SV072ZX/A"",""partAlias"":""ACP"",""partType"":""AppleCare+"",""purchaseMode"":""C"",""appleCareSalesDate"":""03/08/2026"",""pocType"":""RPOC"",""purchaseOrderNumber"":""1291923""}},""transactionId"":""d8fd9a36-db1f-4700-a3d1-e07e6376ab0e-1785784897090""}"
True;5062166;2026-08-03 15:25:52.613000;2026-08-03 00:00:00;27401062;VERIFYORDER;slddjy7jrdm;MDE34CI/A;"{""orderDetailsResponses"":{""deviceEligibility"":{""secondaryDisplay"":""1"",""partDescription"":""AppleCare+ para 14-inch MacBook Pro (M5)"",""coverageDuration"":""3"",""productStatement"":""AppleCare+ para 14-inch MacBook Pro (M5) amplía la cobertura de servicio y soporte técnico a 3 años desde la fecha de compra de AppleCare+ e incluye cobertura para una cantidad ilimitada de incidentes por daño accidental debido a la manipulación del producto, cada uno de ellos sujeto a un cargo adicional de R$289000  por Otros daños accidentales o de R$96000  por daños en la pantalla o la carcasa externa. Lee todos los detalles en los Términos y condiciones de AppleCare+."",""deviceDateOfPurchase"":""03/08/2026"",""deviceId"":""SLDDJY7JRDM"",""registeredDevice"":""1"",""pocType"":""APOC"",""serialNumber"":""LDDJY7JRDM"",""partNumber"":""SXKH2ZX/A"",""partAlias"":""ACP"",""purchaseMode"":""C"",""productDescription"":""MacBook Pro (14-inch, M5)""}},""transactionId"":""92c21d5f-edb7-4e9f-be67-d2dea744d18a-1785785152026""}"
True;5062166;2026-08-03 15:32:27.910000;2026-08-03 00:00:00;27401062;CREATEORDER;slddjy7jrdm;MDE34CI/A;"{""orderDetailsResponses"":{""deviceEligibility"":{""secondaryDisplay"":""1"",""partDescription"":""AppleCare+ para 14-inch MacBook Pro (M5)"",""coverageDuration"":""3"",""productStatement"":""AppleCare+ para 14-inch MacBook Pro (M5) amplía la cobertura de servicio y soporte técnico a 3 años desde la fecha de compra de AppleCare+ e incluye cobertura para una cantidad ilimitada de incidentes por daño accidental debido a la manipulación del producto, cada uno de ellos sujeto a un cargo adicional de R$289000  por Otros daños accidentales o de R$96000  por daños en la pantalla o la carcasa externa. Lee todos los detalles en los Términos y condiciones de AppleCare+."",""deviceDateOfPurchase"":""03/08/2026"",""deviceId"":""SLDDJY7JRDM"",""registeredDevice"":""1"",""pocType"":""APOC"",""serialNumber"":""LDDJY7JRDM"",""partNumber"":""SXKH2ZX/A"",""partAlias"":""ACP"",""purchaseMode"":""C"",""productDescription"":""MacBook Pro (14-inch, M5)""},""orderConfirmation"":{""agreementNumber"":""328093384030"",""coverageDurationStatement"":""Finaliza el 02/08/2029"",""termConditionURL"":""http://www.apple.com/legal/sales-support/"",""partNumber"":""SXKH2ZX/A"",""partAlias"":""ACP"",""partType"":""AppleCare+"",""purchaseMode"":""C"",""appleCareSalesDate"":""03/08/2026"",""pocType"":""APOC"",""purchaseOrderNumber"":""27401062""}},""transactionId"":""5728df5f-eece-486a-af9c-6dfc30441790-1785785545322""}"
True;1320064;2026-08-03 15:36:51.793000;2026-08-03 00:00:00;52601082;VERIFYORDER;SDJXT9WL52T;MG8J4BE/A;"{""orderDetailsResponses"":{""deviceEligibility"":{""secondaryDisplay"":""0"",""partDescription"":""AppleCare+ con robo y pérdida para iPhone 17 Pro"",""coverageDuration"":""2"",""productStatement"":""Tu AppleCare+ con robo y pérdida para iPhone 17 Pro amplía la cobertura de servicio y soporte técnico a 2 años desde la fecha de compra de AppleCare+ con robo y pérdida e incluye cobertura para una cantidad ilimitada de incidentes por daño accidental debido a la manipulación del producto o un máximo de dos incidentes de robo y pérdida cada 12 meses, cada uno de ellos sujeto a un cargo adicional de R$96000  por Otros daños accidentales o de R$28000  por los daños de la pantalla o la carcasa externa o de R$144000  por robo o pérdida. Lee todos los detalles en los Términos y condiciones de AppleCare+."",""deviceDateOfPurchase"":""03/08/2026"",""deviceId"":""SDJXT9WL52T"",""registeredDevice"":""1"",""pocType"":""APOC"",""serialNumber"":""DJXT9WL52T"",""partNumber"":""SX342ZX/A"",""partAlias"":""ACPTL"",""purchaseMode"":""C"",""productDescription"":""iPhone 17 Pro"",""tlDisclosure"":""La cobertura de robo y pérdida requiere que tengas la función Buscar habilitada en tu dispositivo antes de que se pierda o te lo roben. Durante el proceso de reclamación, te pediremos que uses la función Buscar para poner el dispositivo perdido o robado en modo Perdido, borrarlo y transferir la propiedad a Apple para que podamos asignarte un nuevo dispositivo. Para asegurarte de que puedas iniciar sesión en Buscar y acceder a esta función, es importante que recuerdes tu ID de Apple y contraseña, y que mantengas la información de tu cuenta actualizada. Si usas la autenticación de doble factor para el ID de Apple, te recomendamos que añadas un número de teléfono adicional de confianza a tu cuenta en el que puedas recibir el código de verificación de 6 dígitos que necesitas para iniciar sesión aunque no tengas tu iPhone. Para obtener más información, visita las páginas de Soporte técnico de Apple.""}},""transactionId"":""79b92de1-77d8-4c9c-a512-40e3b6c8c4fa-1785785811226""}"
True;1320064;2026-08-03 15:40:25.267000;2026-08-03 00:00:00;52601082;CREATEORDER;SDJXT9WL52T;MG8J4BE/A;"{""orderDetailsResponses"":{""deviceEligibility"":{""secondaryDisplay"":""0"",""partDescription"":""AppleCare+ con robo y pérdida para iPhone 17 Pro"",""coverageDuration"":""2"",""productStatement"":""Tu AppleCare+ con robo y pérdida para iPhone 17 Pro amplía la cobertura de servicio y soporte técnico a 2 años desde la fecha de compra de AppleCare+ con robo y pérdida e incluye cobertura para una cantidad ilimitada de incidentes por daño accidental debido a la manipulación del producto o un máximo de dos incidentes de robo y pérdida cada 12 meses, cada uno de ellos sujeto a un cargo adicional de R$96000  por Otros daños accidentales o de R$28000  por los daños de la pantalla o la carcasa externa o de R$144000  por robo o pérdida. Lee todos los detalles en los Términos y condiciones de AppleCare+."",""deviceDateOfPurchase"":""03/08/2026"",""deviceId"":""SDJXT9WL52T"",""registeredDevice"":""1"",""pocType"":""APOC"",""serialNumber"":""DJXT9WL52T"",""partNumber"":""SX342ZX/A"",""partAlias"":""ACPTL"",""purchaseMode"":""C"",""productDescription"":""iPhone 17 Pro"",""tlDisclosure"":""La cobertura de robo y pérdida requiere que tengas la función Buscar habilitada en tu dispositivo antes de que se pierda o te lo roben. Durante el proceso de reclamación, te pediremos que uses la función Buscar para poner el dispositivo perdido o robado en modo Perdido, borrarlo y transferir la propiedad a Apple para que podamos asignarte un nuevo dispositivo. Para asegurarte de que puedas iniciar sesión en Buscar y acceder a esta función, es importante que recuerdes tu ID de Apple y contraseña, y que mantengas la información de tu cuenta actualizada. Si usas la autenticación de doble factor para el ID de Apple, te recomendamos que añadas un número de teléfono adicional de confianza a tu cuenta en el que puedas recibir el código de verificación de 6 dígitos que necesitas para iniciar sesión aunque no tengas tu iPhone. Para obtener más información, visita las páginas de Soporte técnico de Apple.""},""orderConfirmation"":{""agreementNumber"":""328093382201"",""coverageDurationStatement"":""Finaliza el 02/08/2028"",""termConditionURL"":""http://www.apple.com/legal/sales-support/"",""partNumber"":""SX342ZX/A"",""partAlias"":""ACPTL"",""partType"":""AC+TL"",""purchaseMode"":""C"",""appleCareSalesDate"":""03/08/2026"",""pocType"":""APOC"",""purchaseOrderNumber"":""52601082""}},""transactionId"":""0f52593d-70e4-4da1-8d18-797a1d6600e8-1785786020441""}"
True;1308183;2026-08-03 15:43:13.943000;2026-08-03 00:00:00;27601062;VERIFYORDER;sl9wxxk4fn4;MFYM4BE/A;"{""orderDetailsResponses"":{""deviceEligibility"":{""secondaryDisplay"":""0"",""partDescription"":""AppleCare+ con robo y pérdida para iPhone 17 Pro Max"",""coverageDuration"":""2"",""productStatement"":""Tu AppleCare+ con robo y pérdida para iPhone 17 Pro Max amplía la cobertura de servicio y soporte técnico a 2 años desde la fecha de compra de AppleCare+ con robo y pérdida e incluye cobertura para una cantidad ilimitada de incidentes por daño accidental debido a la manipulación del producto o un máximo de dos incidentes de robo y pérdida cada 12 meses, cada uno de ellos sujeto a un cargo adicional de R$96000  por Otros daños accidentales o de R$28000  por los daños de la pantalla o la carcasa externa o de R$144000  por robo o pérdida. Lee todos los detalles en los Términos y condiciones de AppleCare+."",""deviceDateOfPurchase"":""03/08/2026"",""deviceId"":""SL9WXXK4FN4"",""registeredDevice"":""1"",""pocType"":""APOC"",""serialNumber"":""L9WXXK4FN4"",""partNumber"":""SX382ZX/A"",""partAlias"":""ACPTL"",""purchaseMode"":""C"",""productDescription"":""iPhone 17 Pro Max"",""tlDisclosure"":""La cobertura de robo y pérdida requiere que tengas la función Buscar habilitada en tu dispositivo antes de que se pierda o te lo roben. Durante el proceso de reclamación, te pediremos que uses la función Buscar para poner el dispositivo perdido o robado en modo Perdido, borrarlo y transferir la propiedad a Apple para que podamos asignarte un nuevo dispositivo. Para asegurarte de que puedas iniciar sesión en Buscar y acceder a esta función, es importante que recuerdes tu ID de Apple y contraseña, y que mantengas la información de tu cuenta actualizada. Si usas la autenticación de doble factor para el ID de Apple, te recomendamos que añadas un número de teléfono adicional de confianza a tu cuenta en el que puedas recibir el código de verificación de 6 dígitos que necesitas para iniciar sesión aunque no tengas tu iPhone. Para obtener más información, visita las páginas de Soporte técnico de Apple.""}},""transactionId"":""5c39a216-6067-490d-b6c9-49cf811e2d15-1785786193374""}"
True;5098592;2026-08-03 15:47:09.367000;2026-08-03 00:00:00;50401087;VERIFYORDER;SGVW5DW67PX;MEQU4AM/A;"{""orderDetailsResponses"":{""deviceEligibility"":{""secondaryDisplay"":""0"",""partDescription"":""AppleCare+ para Apple Watch Series 11"",""coverageDuration"":""2"",""productStatement"":""AppleCare+ para Apple Watch Series 11 amplía la cobertura de servicio y soporte técnico a 2 años desde la fecha de compra de AppleCare+ e incluye cobertura para una cantidad ilimitada de incidentes por daño accidental debido a la manipulación del producto, cada uno de ellos sujeto a un cargo adicional de R$67000  por Otros daños accidentales. Lee todos los detalles en los Términos y condiciones de AppleCare+."",""deviceDateOfPurchase"":""03/08/2026"",""deviceId"":""SGVW5DW67PX"",""registeredDevice"":""1"",""pocType"":""APOC"",""serialNumber"":""GVW5DW67PX"",""partNumber"":""SXCJ2ZX/A"",""partAlias"":""ACP"",""purchaseMode"":""C"",""productDescription"":""Watch Series 11 (GPS) Aluminum 42MM""}},""transactionId"":""89929627-ce74-47a0-ac83-aa7212372a9e-1785786428828""}"
True;1308183;2026-08-03 15:47:19.707000;2026-08-03 00:00:00;27601062;CREATEORDER;sl9wxxk4fn4;MFYM4BE/A;"{""orderDetailsResponses"":{""deviceEligibility"":{""secondaryDisplay"":""0"",""partDescription"":""AppleCare+ con robo y pérdida para iPhone 17 Pro Max"",""coverageDuration"":""2"",""productStatement"":""Tu AppleCare+ con robo y pérdida para iPhone 17 Pro Max amplía la cobertura de servicio y soporte técnico a 2 años desde la fecha de compra de AppleCare+ con robo y pérdida e incluye cobertura para una cantidad ilimitada de incidentes por daño accidental debido a la manipulación del producto o un máximo de dos incidentes de robo y pérdida cada 12 meses, cada uno de ellos sujeto a un cargo adicional de R$96000  por Otros daños accidentales o de R$28000  por los daños de la pantalla o la carcasa externa o de R$144000  por robo o pérdida. Lee todos los detalles en los Términos y condiciones de AppleCare+."",""deviceDateOfPurchase"":""03/08/2026"",""deviceId"":""SL9WXXK4FN4"",""registeredDevice"":""1"",""pocType"":""APOC"",""serialNumber"":""L9WXXK4FN4"",""partNumber"":""SX382ZX/A"",""partAlias"":""ACPTL"",""purchaseMode"":""C"",""productDescription"":""iPhone 17 Pro Max"",""tlDisclosure"":""La cobertura de robo y pérdida requiere que tengas la función Buscar habilitada en tu dispositivo antes de que se pierda o te lo roben. Durante el proceso de reclamación, te pediremos que uses la función Buscar para poner el dispositivo perdido o robado en modo Perdido, borrarlo y transferir la propiedad a Apple para que podamos asignarte un nuevo dispositivo. Para asegurarte de que puedas iniciar sesión en Buscar y acceder a esta función, es importante que recuerdes tu ID de Apple y contraseña, y que mantengas la información de tu cuenta actualizada. Si usas la autenticación de doble factor para el ID de Apple, te recomendamos que añadas un número de teléfono adicional de confianza a tu cuenta en el que puedas recibir el código de verificación de 6 dígitos que necesitas para iniciar sesión aunque no tengas tu iPhone. Para obtener más información, visita las páginas de Soporte técnico de Apple.""},""orderConfirmation"":{""agreementNumber"":""328093383156"",""coverageDurationStatement"":""Finaliza el 02/08/2028"",""termConditionURL"":""http://www.apple.com/legal/sales-support/"",""partNumber"":""SX382ZX/A"",""partAlias"":""ACPTL"",""partType"":""AC+TL"",""purchaseMode"":""C"",""appleCareSalesDate"":""03/08/2026"",""pocType"":""APOC"",""purchaseOrderNumber"":""27601062""}},""transactionId"":""9f9949c6-4103-489d-af0a-8c5c35f5b89d-1785786435116""}"
True;5098592;2026-08-03 15:52:05.153000;2026-08-03 00:00:00;50401087;CREATEORDER;SGVW5DW67PX;MEQU4AM/A;"{""orderDetailsResponses"":{""deviceEligibility"":{""secondaryDisplay"":""0"",""partDescription"":""AppleCare+ para Apple Watch Series 11"",""coverageDuration"":""2"",""productStatement"":""AppleCare+ para Apple Watch Series 11 amplía la cobertura de servicio y soporte técnico a 2 años desde la fecha de compra de AppleCare+ e incluye cobertura para una cantidad ilimitada de incidentes por daño accidental debido a la manipulación del producto, cada uno de ellos sujeto a un cargo adicional de R$67000  por Otros daños accidentales. Lee todos los detalles en los Términos y condiciones de AppleCare+."",""deviceDateOfPurchase"":""03/08/2026"",""deviceId"":""SGVW5DW67PX"",""registeredDevice"":""1"",""pocType"":""APOC"",""serialNumber"":""GVW5DW67PX"",""partNumber"":""SXCJ2ZX/A"",""partAlias"":""ACP"",""purchaseMode"":""C"",""productDescription"":""Watch Series 11 (GPS) Aluminum 42MM""},""orderConfirmation"":{""agreementNumber"":""328093384178"",""coverageDurationStatement"":""Finaliza el 02/08/2028"",""termConditionURL"":""http://www.apple.com/legal/sales-support/"",""partNumber"":""SXCJ2ZX/A"",""partAlias"":""ACP"",""partType"":""AppleCare+"",""purchaseMode"":""C"",""appleCareSalesDate"":""03/08/2026"",""pocType"":""APOC"",""purchaseOrderNumber"":""50401087""}},""transactionId"":""a1f3390d-1e13-40cc-a073-b7a309b381c6-1785786720119""}"
True;5093815;2026-08-03 16:44:59.407000;2026-08-03 00:00:00;14801124;VERIFYORDER;SMYH29G70KV;MHRX4BE/A;"{""orderDetailsResponses"":{""deviceEligibility"":{""secondaryDisplay"":""0"",""partDescription"":""AppleCare+ con robo y pérdida para iPhone 17e"",""coverageDuration"":""2"",""productStatement"":""Tu AppleCare+ con robo y pérdida para iPhone 17e amplía la cobertura de servicio y soporte técnico a 2 años desde la fecha de compra de AppleCare+ con robo y pérdida e incluye cobertura para una cantidad ilimitada de incidentes por daño accidental debido a la manipulación del producto o un máximo de dos incidentes de robo y pérdida cada 12 meses, cada uno de ellos sujeto a un cargo adicional de R$28000  por los daños de la pantalla o la carcasa externa o de R$96000  por Otros daños accidentales o de R$144000  por robo o pérdida. Lee todos los detalles en los Términos y condiciones de AppleCare+."",""deviceDateOfPurchase"":""03/08/2026"",""deviceId"":""SMYH29G70KV"",""registeredDevice"":""1"",""pocType"":""APOC"",""serialNumber"":""MYH29G70KV"",""partNumber"":""SD833ZX/A"",""partAlias"":""ACPTL"",""purchaseMode"":""C"",""productDescription"":""iPhone 17e"",""tlDisclosure"":""La cobertura de robo y pérdida requiere que tengas la función Buscar habilitada en tu dispositivo antes de que se pierda o te lo roben. Durante el proceso de reclamación, te pediremos que uses la función Buscar para poner el dispositivo perdido o robado en modo Perdido, borrarlo y transferir la propiedad a Apple para que podamos asignarte un nuevo dispositivo. Para asegurarte de que puedas iniciar sesión en Buscar y acceder a esta función, es importante que recuerdes tu ID de Apple y contraseña, y que mantengas la información de tu cuenta actualizada. Si usas la autenticación de doble factor para el ID de Apple, te recomendamos que añadas un número de teléfono adicional de confianza a tu cuenta en el que puedas recibir el código de verificación de 6 dígitos que necesitas para iniciar sesión aunque no tengas tu iPhone. Para obtener más información, visita las páginas de Soporte técnico de Apple.""}},""transactionId"":""91b8ee3c-f138-42cd-8f64-0617390c55d8-1785789898684""}"
True;5093815;2026-08-03 16:47:53.103000;2026-08-03 00:00:00;14801124;CREATEORDER;SMYH29G70KV;MHRX4BE/A;"{""orderDetailsResponses"":{""deviceEligibility"":{""secondaryDisplay"":""0"",""partDescription"":""AppleCare+ con robo y pérdida para iPhone 17e"",""coverageDuration"":""2"",""productStatement"":""Tu AppleCare+ con robo y pérdida para iPhone 17e amplía la cobertura de servicio y soporte técnico a 2 años desde la fecha de compra de AppleCare+ con robo y pérdida e incluye cobertura para una cantidad ilimitada de incidentes por daño accidental debido a la manipulación del producto o un máximo de dos incidentes de robo y pérdida cada 12 meses, cada uno de ellos sujeto a un cargo adicional de R$28000  por los daños de la pantalla o la carcasa externa o de R$96000  por Otros daños accidentales o de R$144000  por robo o pérdida. Lee todos los detalles en los Términos y condiciones de AppleCare+."",""deviceDateOfPurchase"":""03/08/2026"",""deviceId"":""SMYH29G70KV"",""registeredDevice"":""1"",""pocType"":""APOC"",""serialNumber"":""MYH29G70KV"",""partNumber"":""SD833ZX/A"",""partAlias"":""ACPTL"",""purchaseMode"":""C"",""productDescription"":""iPhone 17e"",""tlDisclosure"":""La cobertura de robo y pérdida requiere que tengas la función Buscar habilitada en tu dispositivo antes de que se pierda o te lo roben. Durante el proceso de reclamación, te pediremos que uses la función Buscar para poner el dispositivo perdido o robado en modo Perdido, borrarlo y transferir la propiedad a Apple para que podamos asignarte un nuevo dispositivo. Para asegurarte de que puedas iniciar sesión en Buscar y acceder a esta función, es importante que recuerdes tu ID de Apple y contraseña, y que mantengas la información de tu cuenta actualizada. Si usas la autenticación de doble factor para el ID de Apple, te recomendamos que añadas un número de teléfono adicional de confianza a tu cuenta en el que puedas recibir el código de verificación de 6 dígitos que necesitas para iniciar sesión aunque no tengas tu iPhone. Para obtener más información, visita las páginas de Soporte técnico de Apple.""},""orderConfirmation"":{""agreementNumber"":""328093384513"",""coverageDurationStatement"":""Finaliza el 02/08/2028"",""termConditionURL"":""http://www.apple.com/legal/sales-support/"",""partNumber"":""SD833ZX/A"",""partAlias"":""ACPTL"",""partType"":""AC+TL"",""purchaseMode"":""C"",""appleCareSalesDate"":""03/08/2026"",""pocType"":""APOC"",""purchaseOrderNumber"":""14801124""}},""transactionId"":""77b0bf39-a754-4575-993f-629321c3ead1-1785790068080""}"
True;5084354;2026-08-03 17:20:04.253000;2026-08-03 00:00:00;76201098;VERIFYORDER;SHK293RRQLJ;MFYQ4BE/A;"{""orderDetailsResponses"":{""deviceEligibility"":{""secondaryDisplay"":""0"",""partDescription"":""AppleCare+ con robo y pérdida para iPhone 17 Pro Max"",""coverageDuration"":""2"",""productStatement"":""Tu AppleCare+ con robo y pérdida para iPhone 17 Pro Max amplía la cobertura de servicio y soporte técnico a 2 años desde la fecha de compra de AppleCare+ con robo y pérdida e incluye cobertura para una cantidad ilimitada de incidentes por daño accidental debido a la manipulación del producto o un máximo de dos incidentes de robo y pérdida cada 12 meses, cada uno de ellos sujeto a un cargo adicional de R$96000  por Otros daños accidentales o de R$28000  por los daños de la pantalla o la carcasa externa o de R$144000  por robo o pérdida. Lee todos los detalles en los Términos y condiciones de AppleCare+."",""deviceDateOfPurchase"":""03/08/2026"",""deviceId"":""SHK293RRQLJ"",""registeredDevice"":""1"",""pocType"":""APOC"",""serialNumber"":""HK293RRQLJ"",""partNumber"":""SX382ZX/A"",""partAlias"":""ACPTL"",""purchaseMode"":""C"",""productDescription"":""iPhone 17 Pro Max"",""tlDisclosure"":""La cobertura de robo y pérdida requiere que tengas la función Buscar habilitada en tu dispositivo antes de que se pierda o te lo roben. Durante el proceso de reclamación, te pediremos que uses la función Buscar para poner el dispositivo perdido o robado en modo Perdido, borrarlo y transferir la propiedad a Apple para que podamos asignarte un nuevo dispositivo. Para asegurarte de que puedas iniciar sesión en Buscar y acceder a esta función, es importante que recuerdes tu ID de Apple y contraseña, y que mantengas la información de tu cuenta actualizada. Si usas la autenticación de doble factor para el ID de Apple, te recomendamos que añadas un número de teléfono adicional de confianza a tu cuenta en el que puedas recibir el código de verificación de 6 dígitos que necesitas para iniciar sesión aunque no tengas tu iPhone. Para obtener más información, visita las páginas de Soporte técnico de Apple.""}},""transactionId"":""155db30a-86c4-4554-ab83-fd765514b709-1785792003413""}"
True;4992711;2026-08-03 17:20:04.553000;2026-08-03 00:00:00;17301032;VERIFYORDER;sj4l32g57th;MF0V4BE/A;"{""orderDetailsResponses"":{""deviceEligibility"":{""secondaryDisplay"":""0"",""partDescription"":""AppleCare+ para Apple Watch Ultra 3"",""coverageDuration"":""2"",""productStatement"":""AppleCare+ para Apple Watch Ultra 3 amplía la cobertura de servicio y soporte técnico a 2 años desde la fecha de compra de AppleCare+ e incluye cobertura para una cantidad ilimitada de incidentes por daño accidental debido a la manipulación del producto, cada uno de ellos sujeto a un cargo adicional de R$76000  por Otros daños accidentales. Lee todos los detalles en los Términos y condiciones de AppleCare+."",""deviceDateOfPurchase"":""03/08/2026"",""deviceId"":""SJ4L32G57TH"",""registeredDevice"":""1"",""pocType"":""APOC"",""serialNumber"":""J4L32G57TH"",""partNumber"":""SXCK2ZX/A"",""partAlias"":""ACP"",""purchaseMode"":""C"",""productDescription"":""Watch Ultra 3 (GPS+Cell) Titanium 49MM""}},""transactionId"":""03ea5454-03c8-4955-b327-2fa99a5cd118-1785792004014""}"
True;4992711;2026-08-03 17:22:19.387000;2026-08-03 00:00:00;17301032;CREATEORDER;sj4l32g57th;MF0V4BE/A;"{""orderDetailsResponses"":{""deviceEligibility"":{""secondaryDisplay"":""0"",""partDescription"":""AppleCare+ para Apple Watch Ultra 3"",""coverageDuration"":""2"",""productStatement"":""AppleCare+ para Apple Watch Ultra 3 amplía la cobertura de servicio y soporte técnico a 2 años desde la fecha de compra de AppleCare+ e incluye cobertura para una cantidad ilimitada de incidentes por daño accidental debido a la manipulación del producto, cada uno de ellos sujeto a un cargo adicional de R$76000  por Otros daños accidentales. Lee todos los detalles en los Términos y condiciones de AppleCare+."",""deviceDateOfPurchase"":""03/08/2026"",""deviceId"":""SJ4L32G57TH"",""registeredDevice"":""1"",""pocType"":""APOC"",""serialNumber"":""J4L32G57TH"",""partNumber"":""SXCK2ZX/A"",""partAlias"":""ACP"",""purchaseMode"":""C"",""productDescription"":""Watch Ultra 3 (GPS+Cell) Titanium 49MM""},""orderConfirmation"":{""agreementNumber"":""328093384633"",""coverageDurationStatement"":""Finaliza el 02/08/2028"",""termConditionURL"":""http://www.apple.com/legal/sales-support/"",""partNumber"":""SXCK2ZX/A"",""partAlias"":""ACP"",""partType"":""AppleCare+"",""purchaseMode"":""C"",""appleCareSalesDate"":""03/08/2026"",""pocType"":""APOC"",""purchaseOrderNumber"":""17301032""}},""transactionId"":""de30bc15-c832-4cbb-b2be-03c9cb61d5f9-1785792134888""}"
True;5084354;2026-08-03 17:24:12.740000;2026-08-03 00:00:00;76201098;CREATEORDER;SHK293RRQLJ;MFYQ4BE/A;"{""orderDetailsResponses"":{""deviceEligibility"":{""secondaryDisplay"":""0"",""partDescription"":""AppleCare+ con robo y pérdida para iPhone 17 Pro Max"",""coverageDuration"":""2"",""productStatement"":""Tu AppleCare+ con robo y pérdida para iPhone 17 Pro Max amplía la cobertura de servicio y soporte técnico a 2 años desde la fecha de compra de AppleCare+ con robo y pérdida e incluye cobertura para una cantidad ilimitada de incidentes por daño accidental debido a la manipulación del producto o un máximo de dos incidentes de robo y pérdida cada 12 meses, cada uno de ellos sujeto a un cargo adicional de R$96000  por Otros daños accidentales o de R$28000  por los daños de la pantalla o la carcasa externa o de R$144000  por robo o pérdida. Lee todos los detalles en los Términos y condiciones de AppleCare+."",""deviceDateOfPurchase"":""03/08/2026"",""deviceId"":""SHK293RRQLJ"",""registeredDevice"":""1"",""pocType"":""APOC"",""serialNumber"":""HK293RRQLJ"",""partNumber"":""SX382ZX/A"",""partAlias"":""ACPTL"",""purchaseMode"":""C"",""productDescription"":""iPhone 17 Pro Max"",""tlDisclosure"":""La cobertura de robo y pérdida requiere que tengas la función Buscar habilitada en tu dispositivo antes de que se pierda o te lo roben. Durante el proceso de reclamación, te pediremos que uses la función Buscar para poner el dispositivo perdido o robado en modo Perdido, borrarlo y transferir la propiedad a Apple para que podamos asignarte un nuevo dispositivo. Para asegurarte de que puedas iniciar sesión en Buscar y acceder a esta función, es importante que recuerdes tu ID de Apple y contraseña, y que mantengas la información de tu cuenta actualizada. Si usas la autenticación de doble factor para el ID de Apple, te recomendamos que añadas un número de teléfono adicional de confianza a tu cuenta en el que puedas recibir el código de verificación de 6 dígitos que necesitas para iniciar sesión aunque no tengas tu iPhone. Para obtener más información, visita las páginas de Soporte técnico de Apple.""},""orderConfirmation"":{""agreementNumber"":""328093400399"",""coverageDurationStatement"":""Finaliza el 02/08/2028"",""termConditionURL"":""http://www.apple.com/legal/sales-support/"",""partNumber"":""SX382ZX/A"",""partAlias"":""ACPTL"",""partType"":""AC+TL"",""purchaseMode"":""C"",""appleCareSalesDate"":""03/08/2026"",""pocType"":""APOC"",""purchaseOrderNumber"":""76201098""}},""transactionId"":""e30498ac-8b33-4e29-9f9a-33015414da51-1785792248177""}"
True;1309052;2026-08-03 17:48:05.153000;2026-08-03 00:00:00;15701065;VERIFYORDER;SMKDXW4RX0G;MD3Y4CI/A;"{""orderDetailsResponses"":{""deviceEligibility"":{""secondaryDisplay"":""1"",""partDescription"":""AppleCare+ para iPad (A16)"",""coverageDuration"":""2"",""productStatement"":""AppleCare+ para iPad (A16) amplía la cobertura de servicio y soporte técnico a 2 años desde la fecha de compra de AppleCare+ e incluye cobertura para una cantidad ilimitada de incidentes por daño accidental debido a la manipulación del producto, cada uno de ellos sujeto a un cargo adicional de R$96000  por Otros daños accidentales o de R$28000  por Daños que afectan solo a la pantalla o de R$28000  por Apple Pencil / Keyboard. Lee todos los detalles en los Términos y condiciones de AppleCare+."",""deviceDateOfPurchase"":""03/08/2026"",""deviceId"":""SMKDXW4RX0G"",""registeredDevice"":""1"",""pocType"":""APOC"",""serialNumber"":""MKDXW4RX0G"",""partNumber"":""SUYD2ZX/A"",""partAlias"":""ACP"",""purchaseMode"":""C"",""productDescription"":""iPad (A16) Wi-Fi""}},""transactionId"":""873b3717-5951-4606-aed7-1c9e2b44c244-1785793684577""}"
True;1309052;2026-08-03 17:50:28.270000;2026-08-03 00:00:00;15701065;CREATEORDER;SMKDXW4RX0G;MD3Y4CI/A;"{""orderDetailsResponses"":{""deviceEligibility"":{""secondaryDisplay"":""1"",""partDescription"":""AppleCare+ para iPad (A16)"",""coverageDuration"":""2"",""productStatement"":""AppleCare+ para iPad (A16) amplía la cobertura de servicio y soporte técnico a 2 años desde la fecha de compra de AppleCare+ e incluye cobertura para una cantidad ilimitada de incidentes por daño accidental debido a la manipulación del producto, cada uno de ellos sujeto a un cargo adicional de R$96000  por Otros daños accidentales o de R$28000  por Daños que afectan solo a la pantalla o de R$28000  por Apple Pencil / Keyboard. Lee todos los detalles en los Términos y condiciones de AppleCare+."",""deviceDateOfPurchase"":""03/08/2026"",""deviceId"":""SMKDXW4RX0G"",""registeredDevice"":""1"",""pocType"":""APOC"",""serialNumber"":""MKDXW4RX0G"",""partNumber"":""SUYD2ZX/A"",""partAlias"":""ACP"",""purchaseMode"":""C"",""productDescription"":""iPad (A16) Wi-Fi""},""orderConfirmation"":{""agreementNumber"":""328093380781"",""coverageDurationStatement"":""Finaliza el 02/08/2028"",""termConditionURL"":""http://www.apple.com/legal/sales-support/"",""partNumber"":""SUYD2ZX/A"",""partAlias"":""ACP"",""partType"":""AppleCare+"",""purchaseMode"":""C"",""appleCareSalesDate"":""03/08/2026"",""pocType"":""APOC"",""purchaseOrderNumber"":""15701065""}},""transactionId"":""20054189-2756-4611-bb6c-af158a1cf434-1785793823499""}"
True;5097965;2026-08-03 18:00:57.267000;2026-08-03 00:00:00;10401115;VERIFYORDER;SMK463N6LV2;MG8H4BE/A;"{""orderDetailsResponses"":{""deviceEligibility"":{""secondaryDisplay"":""0"",""partDescription"":""AppleCare+ con robo y pérdida para iPhone 17 Pro"",""coverageDuration"":""2"",""productStatement"":""Tu AppleCare+ con robo y pérdida para iPhone 17 Pro amplía la cobertura de servicio y soporte técnico a 2 años desde la fecha de compra de AppleCare+ con robo y pérdida e incluye cobertura para una cantidad ilimitada de incidentes por daño accidental debido a la manipulación del producto o un máximo de dos incidentes de robo y pérdida cada 12 meses, cada uno de ellos sujeto a un cargo adicional de R$96000  por Otros daños accidentales o de R$28000  por los daños de la pantalla o la carcasa externa o de R$144000  por robo o pérdida. Lee todos los detalles en los Términos y condiciones de AppleCare+."",""deviceDateOfPurchase"":""03/08/2026"",""deviceId"":""SMK463N6LV2"",""registeredDevice"":""1"",""pocType"":""APOC"",""serialNumber"":""MK463N6LV2"",""partNumber"":""SX342ZX/A"",""partAlias"":""ACPTL"",""purchaseMode"":""C"",""productDescription"":""iPhone 17 Pro"",""tlDisclosure"":""La cobertura de robo y pérdida requiere que tengas la función Buscar habilitada en tu dispositivo antes de que se pierda o te lo roben. Durante el proceso de reclamación, te pediremos que uses la función Buscar para poner el dispositivo perdido o robado en modo Perdido, borrarlo y transferir la propiedad a Apple para que podamos asignarte un nuevo dispositivo. Para asegurarte de que puedas iniciar sesión en Buscar y acceder a esta función, es importante que recuerdes tu ID de Apple y contraseña, y que mantengas la información de tu cuenta actualizada. Si usas la autenticación de doble factor para el ID de Apple, te recomendamos que añadas un número de teléfono adicional de confianza a tu cuenta en el que puedas recibir el código de verificación de 6 dígitos que necesitas para iniciar sesión aunque no tengas tu iPhone. Para obtener más información, visita las páginas de Soporte técnico de Apple.""}},""transactionId"":""97faab43-3ddd-4eb6-9e63-614fc694a4bf-1785794456693""}"
True;5097965;2026-08-03 18:02:24.277000;2026-08-03 00:00:00;10401115;CREATEORDER;SMK463N6LV2;MG8H4BE/A;"{""orderDetailsResponses"":{""deviceEligibility"":{""secondaryDisplay"":""0"",""partDescription"":""AppleCare+ con robo y pérdida para iPhone 17 Pro"",""coverageDuration"":""2"",""productStatement"":""Tu AppleCare+ con robo y pérdida para iPhone 17 Pro amplía la cobertura de servicio y soporte técnico a 2 años desde la fecha de compra de AppleCare+ con robo y pérdida e incluye cobertura para una cantidad ilimitada de incidentes por daño accidental debido a la manipulación del producto o un máximo de dos incidentes de robo y pérdida cada 12 meses, cada uno de ellos sujeto a un cargo adicional de R$96000  por Otros daños accidentales o de R$28000  por los daños de la pantalla o la carcasa externa o de R$144000  por robo o pérdida. Lee todos los detalles en los Términos y condiciones de AppleCare+."",""deviceDateOfPurchase"":""03/08/2026"",""deviceId"":""SMK463N6LV2"",""registeredDevice"":""1"",""pocType"":""APOC"",""serialNumber"":""MK463N6LV2"",""partNumber"":""SX342ZX/A"",""partAlias"":""ACPTL"",""purchaseMode"":""C"",""productDescription"":""iPhone 17 Pro"",""tlDisclosure"":""La cobertura de robo y pérdida requiere que tengas la función Buscar habilitada en tu dispositivo antes de que se pierda o te lo roben. Durante el proceso de reclamación, te pediremos que uses la función Buscar para poner el dispositivo perdido o robado en modo Perdido, borrarlo y transferir la propiedad a Apple para que podamos asignarte un nuevo dispositivo. Para asegurarte de que puedas iniciar sesión en Buscar y acceder a esta función, es importante que recuerdes tu ID de Apple y contraseña, y que mantengas la información de tu cuenta actualizada. Si usas la autenticación de doble factor para el ID de Apple, te recomendamos que añadas un número de teléfono adicional de confianza a tu cuenta en el que puedas recibir el código de verificación de 6 dígitos que necesitas para iniciar sesión aunque no tengas tu iPhone. Para obtener más información, visita las páginas de Soporte técnico de Apple.""},""orderConfirmation"":{""agreementNumber"":""328093340984"",""coverageDurationStatement"":""Finaliza el 02/08/2028"",""termConditionURL"":""http://www.apple.com/legal/sales-support/"",""partNumber"":""SX342ZX/A"",""partAlias"":""ACPTL"",""partType"":""AC+TL"",""purchaseMode"":""C"",""appleCareSalesDate"":""03/08/2026"",""pocType"":""APOC"",""purchaseOrderNumber"":""10401115""}},""transactionId"":""19d2f92c-1540-4f96-9e14-d31460ddf966-1785794538253""}"
True;5097966;2026-08-03 18:04:02.523000;2026-08-03 00:00:00;10501115;VERIFYORDER;SH123FV19T7;MEH54AM/A;"{""orderDetailsResponses"":{""deviceEligibility"":{""secondaryDisplay"":""0"",""partDescription"":""AppleCare+ para Apple Watch SE (3rd gen)"",""coverageDuration"":""2"",""productStatement"":""AppleCare+ para Apple Watch SE (3rd gen) amplía la cobertura de servicio y soporte técnico a 2 años desde la fecha de compra de AppleCare+ e incluye cobertura para una cantidad ilimitada de incidentes por daño accidental debido a la manipulación del producto, cada uno de ellos sujeto a un cargo adicional de R$67000  por Otros daños accidentales. Lee todos los detalles en los Términos y condiciones de AppleCare+."",""deviceDateOfPurchase"":""03/08/2026"",""deviceId"":""SH123FV19T7"",""registeredDevice"":""1"",""pocType"":""APOC"",""serialNumber"":""H123FV19T7"",""partNumber"":""SXHW2ZX/A"",""partAlias"":""ACP"",""purchaseMode"":""C"",""productDescription"":""Watch SE (3rd gen, GPS) Aluminum 40MM""}},""transactionId"":""b985dce3-a8c1-43b3-8a23-0917c57b7d1e-1785794641875""}"
True;5097966;2026-08-03 18:05:50.357000;2026-08-03 00:00:00;10501115;CREATEORDER;SH123FV19T7;MEH54AM/A;"{""orderDetailsResponses"":{""deviceEligibility"":{""secondaryDisplay"":""0"",""partDescription"":""AppleCare+ para Apple Watch SE (3rd gen)"",""coverageDuration"":""2"",""productStatement"":""AppleCare+ para Apple Watch SE (3rd gen) amplía la cobertura de servicio y soporte técnico a 2 años desde la fecha de compra de AppleCare+ e incluye cobertura para una cantidad ilimitada de incidentes por daño accidental debido a la manipulación del producto, cada uno de ellos sujeto a un cargo adicional de R$67000  por Otros daños accidentales. Lee todos los detalles en los Términos y condiciones de AppleCare+."",""deviceDateOfPurchase"":""03/08/2026"",""deviceId"":""SH123FV19T7"",""registeredDevice"":""1"",""pocType"":""APOC"",""serialNumber"":""H123FV19T7"",""partNumber"":""SXHW2ZX/A"",""partAlias"":""ACP"",""purchaseMode"":""C"",""productDescription"":""Watch SE (3rd gen, GPS) Aluminum 40MM""},""orderConfirmation"":{""agreementNumber"":""328093341944"",""coverageDurationStatement"":""Finaliza el 02/08/2028"",""termConditionURL"":""http://www.apple.com/legal/sales-support/"",""partNumber"":""SXHW2ZX/A"",""partAlias"":""ACP"",""partType"":""AppleCare+"",""purchaseMode"":""C"",""appleCareSalesDate"":""03/08/2026"",""pocType"":""APOC"",""purchaseOrderNumber"":""10501115""}},""transactionId"":""326bf5c5-9998-40cd-a015-4f3d3384aaf5-1785794744440""}"
True;5065192;2026-08-03 19:11:50.820000;2026-08-03 00:00:00;28701083;VERIFYORDER;SD3576PCJJJ;MG8N4BE/A;"{""orderDetailsResponses"":{""deviceEligibility"":{""secondaryDisplay"":""0"",""partDescription"":""AppleCare+ con robo y pérdida para iPhone 17 Pro"",""coverageDuration"":""2"",""productStatement"":""Tu AppleCare+ con robo y pérdida para iPhone 17 Pro amplía la cobertura de servicio y soporte técnico a 2 años desde la fecha de compra de AppleCare+ con robo y pérdida e incluye cobertura para una cantidad ilimitada de incidentes por daño accidental debido a la manipulación del producto o un máximo de dos incidentes de robo y pérdida cada 12 meses, cada uno de ellos sujeto a un cargo adicional de R$96000  por Otros daños accidentales o de R$28000  por los daños de la pantalla o la carcasa externa o de R$144000  por robo o pérdida. Lee todos los detalles en los Términos y condiciones de AppleCare+."",""deviceDateOfPurchase"":""03/08/2026"",""deviceId"":""SD3576PCJJJ"",""registeredDevice"":""1"",""pocType"":""APOC"",""serialNumber"":""D3576PCJJJ"",""partNumber"":""SX342ZX/A"",""partAlias"":""ACPTL"",""purchaseMode"":""C"",""productDescription"":""iPhone 17 Pro"",""tlDisclosure"":""La cobertura de robo y pérdida requiere que tengas la función Buscar habilitada en tu dispositivo antes de que se pierda o te lo roben. Durante el proceso de reclamación, te pediremos que uses la función Buscar para poner el dispositivo perdido o robado en modo Perdido, borrarlo y transferir la propiedad a Apple para que podamos asignarte un nuevo dispositivo. Para asegurarte de que puedas iniciar sesión en Buscar y acceder a esta función, es importante que recuerdes tu ID de Apple y contraseña, y que mantengas la información de tu cuenta actualizada. Si usas la autenticación de doble factor para el ID de Apple, te recomendamos que añadas un número de teléfono adicional de confianza a tu cuenta en el que puedas recibir el código de verificación de 6 dígitos que necesitas para iniciar sesión aunque no tengas tu iPhone. Para obtener más información, visita las páginas de Soporte técnico de Apple.""}},""transactionId"":""dd18b46e-89b0-42ad-888a-836a190732cc-1785798710090""}"
True;5065192;2026-08-03 19:17:09.050000;2026-08-03 00:00:00;28701083;CREATEORDER;SD3576PCJJJ;MG8N4BE/A;"{""orderDetailsResponses"":{""deviceEligibility"":{""secondaryDisplay"":""0"",""partDescription"":""AppleCare+ con robo y pérdida para iPhone 17 Pro"",""coverageDuration"":""2"",""productStatement"":""Tu AppleCare+ con robo y pérdida para iPhone 17 Pro amplía la cobertura de servicio y soporte técnico a 2 años desde la fecha de compra de AppleCare+ con robo y pérdida e incluye cobertura para una cantidad ilimitada de incidentes por daño accidental debido a la manipulación del producto o un máximo de dos incidentes de robo y pérdida cada 12 meses, cada uno de ellos sujeto a un cargo adicional de R$96000  por Otros daños accidentales o de R$28000  por los daños de la pantalla o la carcasa externa o de R$144000  por robo o pérdida. Lee todos los detalles en los Términos y condiciones de AppleCare+."",""deviceDateOfPurchase"":""03/08/2026"",""deviceId"":""SD3576PCJJJ"",""registeredDevice"":""1"",""pocType"":""APOC"",""serialNumber"":""D3576PCJJJ"",""partNumber"":""SX342ZX/A"",""partAlias"":""ACPTL"",""purchaseMode"":""C"",""productDescription"":""iPhone 17 Pro"",""tlDisclosure"":""La cobertura de robo y pérdida requiere que tengas la función Buscar habilitada en tu dispositivo antes de que se pierda o te lo roben. Durante el proceso de reclamación, te pediremos que uses la función Buscar para poner el dispositivo perdido o robado en modo Perdido, borrarlo y transferir la propiedad a Apple para que podamos asignarte un nuevo dispositivo. Para asegurarte de que puedas iniciar sesión en Buscar y acceder a esta función, es importante que recuerdes tu ID de Apple y contraseña, y que mantengas la información de tu cuenta actualizada. Si usas la autenticación de doble factor para el ID de Apple, te recomendamos que añadas un número de teléfono adicional de confianza a tu cuenta en el que puedas recibir el código de verificación de 6 dígitos que necesitas para iniciar sesión aunque no tengas tu iPhone. Para obtener más información, visita las páginas de Soporte técnico de Apple.""},""orderConfirmation"":{""agreementNumber"":""328093461011"",""coverageDurationStatement"":""Finaliza el 02/08/2028"",""termConditionURL"":""http://www.apple.com/legal/sales-support/"",""partNumber"":""SX342ZX/A"",""partAlias"":""ACPTL"",""partType"":""AC+TL"",""purchaseMode"":""C"",""appleCareSalesDate"":""03/08/2026"",""pocType"":""APOC"",""purchaseOrderNumber"":""28701083""}},""transactionId"":""7d7b5446-5ec2-492a-9320-9413ea8c4095-1785799024075""}"
True;5039325;2026-08-03 19:39:29.817000;2026-08-03 00:00:00;52701082;VERIFYORDER;sljqnj4n41v;MHFF4CI/A;"{""orderDetailsResponses"":{""deviceEligibility"":{""secondaryDisplay"":""0"",""partDescription"":""AppleCare+ para 13-inch MacBook Neo (A18PRO)"",""coverageDuration"":""3"",""productStatement"":""AppleCare+ para 13-inch MacBook Neo (A18PRO) amplía la cobertura de servicio y soporte técnico a 3 años desde la fecha de compra de AppleCare+ e incluye cobertura para una cantidad ilimitada de incidentes por daño accidental debido a la manipulación del producto, cada uno de ellos sujeto a un cargo adicional de R$51990  por daños en la pantalla o la carcasa externa o de R$156990  por Otros daños accidentales. Lee todos los detalles en los Términos y condiciones de AppleCare+."",""deviceDateOfPurchase"":""03/08/2026"",""deviceId"":""SLJQNJ4N41V"",""registeredDevice"":""1"",""pocType"":""APOC"",""serialNumber"":""LJQNJ4N41V"",""partNumber"":""SD0T3ZX/A"",""partAlias"":""ACP"",""purchaseMode"":""C"",""productDescription"":""MacBook Neo""}},""transactionId"":""8bc15cff-0875-4093-abae-e22006df192f-1785800369285""}"
True;5039325;2026-08-03 19:40:46.520000;2026-08-03 00:00:00;52701082;CREATEORDER;sljqnj4n41v;MHFF4CI/A;"{""orderDetailsResponses"":{""deviceEligibility"":{""secondaryDisplay"":""0"",""partDescription"":""AppleCare+ para 13-inch MacBook Neo (A18PRO)"",""coverageDuration"":""3"",""productStatement"":""AppleCare+ para 13-inch MacBook Neo (A18PRO) amplía la cobertura de servicio y soporte técnico a 3 años desde la fecha de compra de AppleCare+ e incluye cobertura para una cantidad ilimitada de incidentes por daño accidental debido a la manipulación del producto, cada uno de ellos sujeto a un cargo adicional de R$51990  por daños en la pantalla o la carcasa externa o de R$156990  por Otros daños accidentales. Lee todos los detalles en los Términos y condiciones de AppleCare+."",""deviceDateOfPurchase"":""03/08/2026"",""deviceId"":""SLJQNJ4N41V"",""registeredDevice"":""1"",""pocType"":""APOC"",""serialNumber"":""LJQNJ4N41V"",""partNumber"":""SD0T3ZX/A"",""partAlias"":""ACP"",""purchaseMode"":""C"",""productDescription"":""MacBook Neo""},""orderConfirmation"":{""agreementNumber"":""328093443163"",""coverageDurationStatement"":""Finaliza el 02/08/2029"",""termConditionURL"":""http://www.apple.com/legal/sales-support/"",""partNumber"":""SD0T3ZX/A"",""partAlias"":""ACP"",""partType"":""AppleCare+"",""purchaseMode"":""C"",""appleCareSalesDate"":""03/08/2026"",""pocType"":""APOC"",""purchaseOrderNumber"":""52701082""}},""transactionId"":""f324ffaf-a546-4ad8-b93e-79b970d0c99f-1785800441915""}"
True;5098628;2026-08-03 19:42:29.080000;2026-08-03 00:00:00;50501087;VERIFYORDER;SK7JHC4QY54;MFYM4BE/A;"{""orderDetailsResponses"":{""deviceEligibility"":{""secondaryDisplay"":""0"",""partDescription"":""AppleCare+ con robo y pérdida para iPhone 17 Pro Max"",""coverageDuration"":""2"",""productStatement"":""Tu AppleCare+ con robo y pérdida para iPhone 17 Pro Max amplía la cobertura de servicio y soporte técnico a 2 años desde la fecha de compra de AppleCare+ con robo y pérdida e incluye cobertura para una cantidad ilimitada de incidentes por daño accidental debido a la manipulación del producto o un máximo de dos incidentes de robo y pérdida cada 12 meses, cada uno de ellos sujeto a un cargo adicional de R$96000  por Otros daños accidentales o de R$28000  por los daños de la pantalla o la carcasa externa o de R$144000  por robo o pérdida. Lee todos los detalles en los Términos y condiciones de AppleCare+."",""deviceDateOfPurchase"":""03/08/2026"",""deviceId"":""SK7JHC4QY54"",""registeredDevice"":""1"",""pocType"":""APOC"",""serialNumber"":""K7JHC4QY54"",""partNumber"":""SX382ZX/A"",""partAlias"":""ACPTL"",""purchaseMode"":""C"",""productDescription"":""iPhone 17 Pro Max"",""tlDisclosure"":""La cobertura de robo y pérdida requiere que tengas la función Buscar habilitada en tu dispositivo antes de que se pierda o te lo roben. Durante el proceso de reclamación, te pediremos que uses la función Buscar para poner el dispositivo perdido o robado en modo Perdido, borrarlo y transferir la propiedad a Apple para que podamos asignarte un nuevo dispositivo. Para asegurarte de que puedas iniciar sesión en Buscar y acceder a esta función, es importante que recuerdes tu ID de Apple y contraseña, y que mantengas la información de tu cuenta actualizada. Si usas la autenticación de doble factor para el ID de Apple, te recomendamos que añadas un número de teléfono adicional de confianza a tu cuenta en el que puedas recibir el código de verificación de 6 dígitos que necesitas para iniciar sesión aunque no tengas tu iPhone. Para obtener más información, visita las páginas de Soporte técnico de Apple.""}},""transactionId"":""f892c854-803a-4d66-b075-b2b8d253e92f-1785800548426""}"
True;5098628;2026-08-03 19:46:41.090000;2026-08-03 00:00:00;50501087;CREATEORDER;SK7JHC4QY54;MFYM4BE/A;"{""orderDetailsResponses"":{""deviceEligibility"":{""secondaryDisplay"":""0"",""partDescription"":""AppleCare+ con robo y pérdida para iPhone 17 Pro Max"",""coverageDuration"":""2"",""productStatement"":""Tu AppleCare+ con robo y pérdida para iPhone 17 Pro Max amplía la cobertura de servicio y soporte técnico a 2 años desde la fecha de compra de AppleCare+ con robo y pérdida e incluye cobertura para una cantidad ilimitada de incidentes por daño accidental debido a la manipulación del producto o un máximo de dos incidentes de robo y pérdida cada 12 meses, cada uno de ellos sujeto a un cargo adicional de R$96000  por Otros daños accidentales o de R$28000  por los daños de la pantalla o la carcasa externa o de R$144000  por robo o pérdida. Lee todos los detalles en los Términos y condiciones de AppleCare+."",""deviceDateOfPurchase"":""03/08/2026"",""deviceId"":""SK7JHC4QY54"",""registeredDevice"":""1"",""pocType"":""APOC"",""serialNumber"":""K7JHC4QY54"",""partNumber"":""SX382ZX/A"",""partAlias"":""ACPTL"",""purchaseMode"":""C"",""productDescription"":""iPhone 17 Pro Max"",""tlDisclosure"":""La cobertura de robo y pérdida requiere que tengas la función Buscar habilitada en tu dispositivo antes de que se pierda o te lo roben. Durante el proceso de reclamación, te pediremos que uses la función Buscar para poner el dispositivo perdido o robado en modo Perdido, borrarlo y transferir la propiedad a Apple para que podamos asignarte un nuevo dispositivo. Para asegurarte de que puedas iniciar sesión en Buscar y acceder a esta función, es importante que recuerdes tu ID de Apple y contraseña, y que mantengas la información de tu cuenta actualizada. Si usas la autenticación de doble factor para el ID de Apple, te recomendamos que añadas un número de teléfono adicional de confianza a tu cuenta en el que puedas recibir el código de verificación de 6 dígitos que necesitas para iniciar sesión aunque no tengas tu iPhone. Para obtener más información, visita las páginas de Soporte técnico de Apple.""},""orderConfirmation"":{""agreementNumber"":""328093385958"",""coverageDurationStatement"":""Finaliza el 02/08/2028"",""termConditionURL"":""http://www.apple.com/legal/sales-support/"",""partNumber"":""SX382ZX/A"",""partAlias"":""ACPTL"",""partType"":""AC+TL"",""purchaseMode"":""C"",""appleCareSalesDate"":""03/08/2026"",""pocType"":""APOC"",""purchaseOrderNumber"":""50501087""}},""transactionId"":""d83a09ea-90fe-4215-b757-7f4cd07994ce-1785800796371""}"
True;5062175;2026-08-03 19:49:07.660000;2026-08-03 00:00:00;27701062;VERIFYORDER;STKJ632TQ45;MDVH4CI/A;"{""orderDetailsResponses"":{""deviceEligibility"":{""secondaryDisplay"":""1"",""partDescription"":""AppleCare+ para 15-inch MacBook Air (M5)"",""coverageDuration"":""3"",""productStatement"":""AppleCare+ para 15-inch MacBook Air (M5) amplía la cobertura de servicio y soporte técnico a 3 años desde la fecha de compra de AppleCare+ e incluye cobertura para una cantidad ilimitada de incidentes por daño accidental debido a la manipulación del producto, cada uno de ellos sujeto a un cargo adicional de R$96000  por daños en la pantalla o la carcasa externa o de R$289000  por Otros daños accidentales. Lee todos los detalles en los Términos y condiciones de AppleCare+."",""deviceDateOfPurchase"":""03/08/2026"",""deviceId"":""STKJ632TQ45"",""registeredDevice"":""1"",""pocType"":""APOC"",""serialNumber"":""TKJ632TQ45"",""partNumber"":""SCW93ZX/A"",""partAlias"":""ACP"",""purchaseMode"":""C"",""productDescription"":""MacBook Air (15-inch, M5)""}},""transactionId"":""70580318-cf89-4952-adce-fecebf2856fd-1785800946851""}"
True;5091621;2026-08-03 19:54:11.810000;2026-08-03 00:00:00;5301129;VERIFYORDER;smg042gyyvg;MD4G4CI/A;"{""orderDetailsResponses"":{""deviceEligibility"":{""secondaryDisplay"":""1"",""partDescription"":""AppleCare+ para iPad (A16)"",""coverageDuration"":""2"",""productStatement"":""AppleCare+ para iPad (A16) amplía la cobertura de servicio y soporte técnico a 2 años desde la fecha de compra de AppleCare+ e incluye cobertura para una cantidad ilimitada de incidentes por daño accidental debido a la manipulación del producto, cada uno de ellos sujeto a un cargo adicional de R$96000  por Otros daños accidentales o de R$28000  por Daños que afectan solo a la pantalla o de R$28000  por Apple Pencil / Keyboard. Lee todos los detalles en los Términos y condiciones de AppleCare+."",""deviceDateOfPurchase"":""03/08/2026"",""deviceId"":""SMG042GYYVG"",""registeredDevice"":""1"",""pocType"":""APOC"",""serialNumber"":""MG042GYYVG"",""partNumber"":""SUYD2ZX/A"",""partAlias"":""ACP"",""purchaseMode"":""C"",""productDescription"":""iPad (A16) Wi-Fi""}},""transactionId"":""a105f88a-2eb8-4bce-9353-e271b6a5de5e-1785801251126""}"
True;5062175;2026-08-03 19:55:21.830000;2026-08-03 00:00:00;27701062;CREATEORDER;STKJ632TQ45;MDVH4CI/A;"{""orderDetailsResponses"":{""deviceEligibility"":{""secondaryDisplay"":""1"",""partDescription"":""AppleCare+ para 15-inch MacBook Air (M5)"",""coverageDuration"":""3"",""productStatement"":""AppleCare+ para 15-inch MacBook Air (M5) amplía la cobertura de servicio y soporte técnico a 3 años desde la fecha de compra de AppleCare+ e incluye cobertura para una cantidad ilimitada de incidentes por daño accidental debido a la manipulación del producto, cada uno de ellos sujeto a un cargo adicional de R$96000  por daños en la pantalla o la carcasa externa o de R$289000  por Otros daños accidentales. Lee todos los detalles en los Términos y condiciones de AppleCare+."",""deviceDateOfPurchase"":""03/08/2026"",""deviceId"":""STKJ632TQ45"",""registeredDevice"":""1"",""pocType"":""APOC"",""serialNumber"":""TKJ632TQ45"",""partNumber"":""SCW93ZX/A"",""partAlias"":""ACP"",""purchaseMode"":""C"",""productDescription"":""MacBook Air (15-inch, M5)""},""orderConfirmation"":{""agreementNumber"":""328093385995"",""coverageDurationStatement"":""Finaliza el 02/08/2029"",""termConditionURL"":""http://www.apple.com/legal/sales-support/"",""partNumber"":""SCW93ZX/A"",""partAlias"":""ACP"",""partType"":""AppleCare+"",""purchaseMode"":""C"",""appleCareSalesDate"":""03/08/2026"",""pocType"":""APOC"",""purchaseOrderNumber"":""27701062""}},""transactionId"":""761cb22c-bb6c-4c0e-977e-914ffacf020f-1785801319427""}"
True;5091621;2026-08-03 19:57:46.130000;2026-08-03 00:00:00;5301129;CREATEORDER;smg042gyyvg;MD4G4CI/A;"{""orderDetailsResponses"":{""deviceEligibility"":{""secondaryDisplay"":""1"",""partDescription"":""AppleCare+ para iPad (A16)"",""coverageDuration"":""2"",""productStatement"":""AppleCare+ para iPad (A16) amplía la cobertura de servicio y soporte técnico a 2 años desde la fecha de compra de AppleCare+ e incluye cobertura para una cantidad ilimitada de incidentes por daño accidental debido a la manipulación del producto, cada uno de ellos sujeto a un cargo adicional de R$96000  por Otros daños accidentales o de R$28000  por Daños que afectan solo a la pantalla o de R$28000  por Apple Pencil / Keyboard. Lee todos los detalles en los Términos y condiciones de AppleCare+."",""deviceDateOfPurchase"":""03/08/2026"",""deviceId"":""SMG042GYYVG"",""registeredDevice"":""1"",""pocType"":""APOC"",""serialNumber"":""MG042GYYVG"",""partNumber"":""SUYD2ZX/A"",""partAlias"":""ACP"",""purchaseMode"":""C"",""productDescription"":""iPad (A16) Wi-Fi""},""orderConfirmation"":{""agreementNumber"":""328093442200"",""coverageDurationStatement"":""Finaliza el 02/08/2028"",""termConditionURL"":""http://www.apple.com/legal/sales-support/"",""partNumber"":""SUYD2ZX/A"",""partAlias"":""ACP"",""partType"":""AppleCare+"",""purchaseMode"":""C"",""appleCareSalesDate"":""03/08/2026"",""pocType"":""APOC"",""purchaseOrderNumber"":""5301129""}},""transactionId"":""4f8ca710-c61c-48a4-a515-f10de8ff19b7-1785801461798""}"
True;5114581;2026-08-03 20:02:34.653000;2026-08-03 00:00:00;19201029;VERIFYORDER;SKVDY52G26P;MG8G4BE/A;"{""orderDetailsResponses"":{""deviceEligibility"":{""secondaryDisplay"":""0"",""partDescription"":""AppleCare+ con robo y pérdida para iPhone 17 Pro"",""coverageDuration"":""2"",""productStatement"":""Tu AppleCare+ con robo y pérdida para iPhone 17 Pro amplía la cobertura de servicio y soporte técnico a 2 años desde la fecha de compra de AppleCare+ con robo y pérdida e incluye cobertura para una cantidad ilimitada de incidentes por daño accidental debido a la manipulación del producto o un máximo de dos incidentes de robo y pérdida cada 12 meses, cada uno de ellos sujeto a un cargo adicional de R$96000  por Otros daños accidentales o de R$28000  por los daños de la pantalla o la carcasa externa o de R$144000  por robo o pérdida. Lee todos los detalles en los Términos y condiciones de AppleCare+."",""deviceDateOfPurchase"":""03/08/2026"",""deviceId"":""SKVDY52G26P"",""registeredDevice"":""1"",""pocType"":""APOC"",""serialNumber"":""KVDY52G26P"",""partNumber"":""SX342ZX/A"",""partAlias"":""ACPTL"",""purchaseMode"":""C"",""productDescription"":""iPhone 17 Pro"",""tlDisclosure"":""La cobertura de robo y pérdida requiere que tengas la función Buscar habilitada en tu dispositivo antes de que se pierda o te lo roben. Durante el proceso de reclamación, te pediremos que uses la función Buscar para poner el dispositivo perdido o robado en modo Perdido, borrarlo y transferir la propiedad a Apple para que podamos asignarte un nuevo dispositivo. Para asegurarte de que puedas iniciar sesión en Buscar y acceder a esta función, es importante que recuerdes tu ID de Apple y contraseña, y que mantengas la información de tu cuenta actualizada. Si usas la autenticación de doble factor para el ID de Apple, te recomendamos que añadas un número de teléfono adicional de confianza a tu cuenta en el que puedas recibir el código de verificación de 6 dígitos que necesitas para iniciar sesión aunque no tengas tu iPhone. Para obtener más información, visita las páginas de Soporte técnico de Apple.""}},""transactionId"":""e296019d-a727-4f51-9275-b073cb18c3d0-1785801754041""}"
True;5097969;2026-08-03 20:05:19.453000;2026-08-03 00:00:00;10601115;VERIFYORDER;SHYCC9P2L59;MG8H4BE/A;"{""orderDetailsResponses"":{""deviceEligibility"":{""secondaryDisplay"":""0"",""partDescription"":""AppleCare+ con robo y pérdida para iPhone 17 Pro"",""coverageDuration"":""2"",""productStatement"":""Tu AppleCare+ con robo y pérdida para iPhone 17 Pro amplía la cobertura de servicio y soporte técnico a 2 años desde la fecha de compra de AppleCare+ con robo y pérdida e incluye cobertura para una cantidad ilimitada de incidentes por daño accidental debido a la manipulación del producto o un máximo de dos incidentes de robo y pérdida cada 12 meses, cada uno de ellos sujeto a un cargo adicional de R$96000  por Otros daños accidentales o de R$28000  por los daños de la pantalla o la carcasa externa o de R$144000  por robo o pérdida. Lee todos los detalles en los Términos y condiciones de AppleCare+."",""deviceDateOfPurchase"":""03/08/2026"",""deviceId"":""SHYCC9P2L59"",""registeredDevice"":""1"",""pocType"":""APOC"",""serialNumber"":""HYCC9P2L59"",""partNumber"":""SX342ZX/A"",""partAlias"":""ACPTL"",""purchaseMode"":""C"",""productDescription"":""iPhone 17 Pro"",""tlDisclosure"":""La cobertura de robo y pérdida requiere que tengas la función Buscar habilitada en tu dispositivo antes de que se pierda o te lo roben. Durante el proceso de reclamación, te pediremos que uses la función Buscar para poner el dispositivo perdido o robado en modo Perdido, borrarlo y transferir la propiedad a Apple para que podamos asignarte un nuevo dispositivo. Para asegurarte de que puedas iniciar sesión en Buscar y acceder a esta función, es importante que recuerdes tu ID de Apple y contraseña, y que mantengas la información de tu cuenta actualizada. Si usas la autenticación de doble factor para el ID de Apple, te recomendamos que añadas un número de teléfono adicional de confianza a tu cuenta en el que puedas recibir el código de verificación de 6 dígitos que necesitas para iniciar sesión aunque no tengas tu iPhone. Para obtener más información, visita las páginas de Soporte técnico de Apple.""}},""transactionId"":""ec009115-e658-4484-b133-715c7151f4ed-1785801918869""}"
True;5097969;2026-08-03 20:07:26.490000;2026-08-03 00:00:00;10601115;CREATEORDER;SHYCC9P2L59;MG8H4BE/A;"{""orderDetailsResponses"":{""deviceEligibility"":{""secondaryDisplay"":""0"",""partDescription"":""AppleCare+ con robo y pérdida para iPhone 17 Pro"",""coverageDuration"":""2"",""productStatement"":""Tu AppleCare+ con robo y pérdida para iPhone 17 Pro amplía la cobertura de servicio y soporte técnico a 2 años desde la fecha de compra de AppleCare+ con robo y pérdida e incluye cobertura para una cantidad ilimitada de incidentes por daño accidental debido a la manipulación del producto o un máximo de dos incidentes de robo y pérdida cada 12 meses, cada uno de ellos sujeto a un cargo adicional de R$96000  por Otros daños accidentales o de R$28000  por los daños de la pantalla o la carcasa externa o de R$144000  por robo o pérdida. Lee todos los detalles en los Términos y condiciones de AppleCare+."",""deviceDateOfPurchase"":""03/08/2026"",""deviceId"":""SHYCC9P2L59"",""registeredDevice"":""1"",""pocType"":""APOC"",""serialNumber"":""HYCC9P2L59"",""partNumber"":""SX342ZX/A"",""partAlias"":""ACPTL"",""purchaseMode"":""C"",""productDescription"":""iPhone 17 Pro"",""tlDisclosure"":""La cobertura de robo y pérdida requiere que tengas la función Buscar habilitada en tu dispositivo antes de que se pierda o te lo roben. Durante el proceso de reclamación, te pediremos que uses la función Buscar para poner el dispositivo perdido o robado en modo Perdido, borrarlo y transferir la propiedad a Apple para que podamos asignarte un nuevo dispositivo. Para asegurarte de que puedas iniciar sesión en Buscar y acceder a esta función, es importante que recuerdes tu ID de Apple y contraseña, y que mantengas la información de tu cuenta actualizada. Si usas la autenticación de doble factor para el ID de Apple, te recomendamos que añadas un número de teléfono adicional de confianza a tu cuenta en el que puedas recibir el código de verificación de 6 dígitos que necesitas para iniciar sesión aunque no tengas tu iPhone. Para obtener más información, visita las páginas de Soporte técnico de Apple.""},""orderConfirmation"":{""agreementNumber"":""328093420369"",""coverageDurationStatement"":""Finaliza el 02/08/2028"",""termConditionURL"":""http://www.apple.com/legal/sales-support/"",""partNumber"":""SX342ZX/A"",""partAlias"":""ACPTL"",""partType"":""AC+TL"",""purchaseMode"":""C"",""appleCareSalesDate"":""03/08/2026"",""pocType"":""APOC"",""purchaseOrderNumber"":""10601115""}},""transactionId"":""65de1dd5-ca6a-4a9f-b6c2-76c80838fcd5-1785802041172""}"
True;5114581;2026-08-03 20:12:29.433000;2026-08-03 00:00:00;19201029;CREATEORDER;SKVDY52G26P;MG8G4BE/A;"{""orderDetailsResponses"":{""deviceEligibility"":{""secondaryDisplay"":""0"",""partDescription"":""AppleCare+ con robo y pérdida para iPhone 17 Pro"",""coverageDuration"":""2"",""productStatement"":""Tu AppleCare+ con robo y pérdida para iPhone 17 Pro amplía la cobertura de servicio y soporte técnico a 2 años desde la fecha de compra de AppleCare+ con robo y pérdida e incluye cobertura para una cantidad ilimitada de incidentes por daño accidental debido a la manipulación del producto o un máximo de dos incidentes de robo y pérdida cada 12 meses, cada uno de ellos sujeto a un cargo adicional de R$96000  por Otros daños accidentales o de R$28000  por los daños de la pantalla o la carcasa externa o de R$144000  por robo o pérdida. Lee todos los detalles en los Términos y condiciones de AppleCare+."",""deviceDateOfPurchase"":""03/08/2026"",""deviceId"":""SKVDY52G26P"",""registeredDevice"":""1"",""pocType"":""APOC"",""serialNumber"":""KVDY52G26P"",""partNumber"":""SX342ZX/A"",""partAlias"":""ACPTL"",""purchaseMode"":""C"",""productDescription"":""iPhone 17 Pro"",""tlDisclosure"":""La cobertura de robo y pérdida requiere que tengas la función Buscar habilitada en tu dispositivo antes de que se pierda o te lo roben. Durante el proceso de reclamación, te pediremos que uses la función Buscar para poner el dispositivo perdido o robado en modo Perdido, borrarlo y transferir la propiedad a Apple para que podamos asignarte un nuevo dispositivo. Para asegurarte de que puedas iniciar sesión en Buscar y acceder a esta función, es importante que recuerdes tu ID de Apple y contraseña, y que mantengas la información de tu cuenta actualizada. Si usas la autenticación de doble factor para el ID de Apple, te recomendamos que añadas un número de teléfono adicional de confianza a tu cuenta en el que puedas recibir el código de verificación de 6 dígitos que necesitas para iniciar sesión aunque no tengas tu iPhone. Para obtener más información, visita las páginas de Soporte técnico de Apple.""},""orderConfirmation"":{""agreementNumber"":""328093420375"",""coverageDurationStatement"":""Finaliza el 02/08/2028"",""termConditionURL"":""http://www.apple.com/legal/sales-support/"",""partNumber"":""SX342ZX/A"",""partAlias"":""ACPTL"",""partType"":""AC+TL"",""purchaseMode"":""C"",""appleCareSalesDate"":""03/08/2026"",""pocType"":""APOC"",""purchaseOrderNumber"":""19201029""}},""transactionId"":""ce8361a0-7368-44b3-80fa-4b3831eda9cf-1785802344228""}"
