flag_success;folio;date_log;creation_date;purchase_order_number;action;serie;item_code;response
True;5106288;2026-09-10 08:11:36.810000;2026-09-09 00:00:00;5106288;VERIFYORDER;SCW5CQYWX6R;MCGC4CI/A;"{""orderDetailsResponses"":{""deviceEligibility"":{""secondaryDisplay"":""1"",""partDescription"":""AppleCare+ para iPad Air 11-inch (M3)"",""coverageDuration"":""2"",""productStatement"":""AppleCare+ para iPad Air 11-inch (M3) amplía la cobertura de servicio y soporte técnico a 2 años desde la fecha de compra de AppleCare+ e incluye cobertura para una cantidad ilimitada de incidentes por daño accidental debido a la manipulación del producto, cada uno de ellos sujeto a un cargo adicional de R$96000  por Otros daños accidentales o de R$28000  por Daños que afectan solo a la pantalla o de R$28000  por Apple Pencil / Keyboard. Lee todos los detalles en los Términos y condiciones de AppleCare+."",""deviceDateOfPurchase"":""10/09/2026"",""deviceId"":""SCW5CQYWX6R"",""registeredDevice"":""1"",""pocType"":""APOC"",""serialNumber"":""CW5CQYWX6R"",""partNumber"":""SV072ZX/A"",""partAlias"":""ACP"",""purchaseMode"":""C"",""productDescription"":""iPad Air 11-inch (M3) Wi-Fi + Cellular""}},""transactionId"":""5325c132-58bf-43d0-a854-6f3dc671ffb2-1789038696195""}"
True;5106288;2026-09-10 08:11:38.117000;2026-09-09 00:00:00;5106288;CREATEORDER;SCW5CQYWX6R;MCGC4CI/A;"{""orderDetailsResponses"":{""deviceEligibility"":{""secondaryDisplay"":""1"",""partDescription"":""AppleCare+ para iPad Air 11-inch (M3)"",""coverageDuration"":""2"",""productStatement"":""AppleCare+ para iPad Air 11-inch (M3) amplía la cobertura de servicio y soporte técnico a 2 años desde la fecha de compra de AppleCare+ e incluye cobertura para una cantidad ilimitada de incidentes por daño accidental debido a la manipulación del producto, cada uno de ellos sujeto a un cargo adicional de R$96000  por Otros daños accidentales o de R$28000  por Daños que afectan solo a la pantalla o de R$28000  por Apple Pencil / Keyboard. Lee todos los detalles en los Términos y condiciones de AppleCare+."",""deviceDateOfPurchase"":""10/09/2026"",""deviceId"":""SCW5CQYWX6R"",""registeredDevice"":""1"",""pocType"":""RPOC"",""serialNumber"":""CW5CQYWX6R"",""partNumber"":""SV072ZX/A"",""partAlias"":""ACP"",""purchaseMode"":""C"",""productDescription"":""iPad Air 11-inch (M3) Wi-Fi + Cellular""},""orderConfirmation"":{""agreementNumber"":""328419263910"",""coverageDurationStatement"":""Finaliza el 09/09/2028"",""termConditionURL"":""http://www.apple.com/legal/sales-support/"",""partNumber"":""SV072ZX/A"",""partAlias"":""ACP"",""partType"":""AppleCare+"",""purchaseMode"":""C"",""appleCareSalesDate"":""10/09/2026"",""pocType"":""RPOC"",""purchaseOrderNumber"":""5106288""}},""transactionId"":""73792f73-c1fb-4247-85aa-ac445c65a59e-1789038697222""}"
False;4998607;2026-09-10 10:52:15.833000;2026-06-10 00:00:00;61601098;REFUNDGUIDANCE;SCH46XWPC62;SX342ZX/A;"{""transactionId"":""4da2de3b-0c4d-48ae-b914-c830d335911b-1789048335621"",""refundGuidanceErrorResponse"":{""errorCode"":""GRX-50001"",""errorMessage"":""No tienes asignada una función que te permita realizar esta acción.""}}"
False;4998607;2026-09-10 11:10:57.973000;2026-06-10 00:00:00;61601098;REFUNDGUIDANCE;SCH46XWPC62;SX342ZX/A;"{""transactionId"":""877f3f9f-2753-42a2-8500-b4f09cf48cb6-1789049457801"",""refundGuidanceErrorResponse"":{""errorCode"":""GRX-50001"",""errorMessage"":""No tienes asignada una función que te permita realizar esta acción.""}}"
True;1334079;2026-09-10 11:22:25.260000;2026-09-10 00:00:00;20901133;VERIFYORDER;SFG39XMQDGD;MHRY4BE/A;"{""orderDetailsResponses"":{""deviceEligibility"":{""secondaryDisplay"":""0"",""partDescription"":""AppleCare+ con robo y pérdida para iPhone 17e"",""coverageDuration"":""2"",""productStatement"":""Tu AppleCare+ con robo y pérdida para iPhone 17e amplía la cobertura de servicio y soporte técnico a 2 años desde la fecha de compra de AppleCare+ con robo y pérdida e incluye cobertura para una cantidad ilimitada de incidentes por daño accidental debido a la manipulación del producto o un máximo de dos incidentes de robo y pérdida cada 12 meses, cada uno de ellos sujeto a un cargo adicional de R$28000  por los daños de la pantalla o la carcasa externa o de R$96000  por Otros daños accidentales o de R$144000  por robo o pérdida. Lee todos los detalles en los Términos y condiciones de AppleCare+."",""deviceDateOfPurchase"":""10/09/2026"",""deviceId"":""SFG39XMQDGD"",""registeredDevice"":""1"",""pocType"":""APOC"",""serialNumber"":""FG39XMQDGD"",""partNumber"":""SD833ZX/A"",""partAlias"":""ACPTL"",""purchaseMode"":""C"",""productDescription"":""iPhone 17e"",""tlDisclosure"":""La cobertura de robo y pérdida requiere que tengas la función Buscar habilitada en tu dispositivo antes de que se pierda o te lo roben. Durante el proceso de reclamación, te pediremos que uses la función Buscar para poner el dispositivo perdido o robado en modo Perdido, borrarlo y transferir la propiedad a Apple para que podamos asignarte un nuevo dispositivo. Para asegurarte de que puedas iniciar sesión en Buscar y acceder a esta función, es importante que recuerdes tu ID de Apple y contraseña, y que mantengas la información de tu cuenta actualizada. Si usas la autenticación de doble factor para el ID de Apple, te recomendamos que añadas un número de teléfono adicional de confianza a tu cuenta en el que puedas recibir el código de verificación de 6 dígitos que necesitas para iniciar sesión aunque no tengas tu iPhone. Para obtener más información, visita las páginas de Soporte técnico de Apple.""}},""transactionId"":""0f07d2eb-1628-4083-ba0e-03fcec53107c-1789050144568""}"
True;1334079;2026-09-10 11:24:29.207000;2026-09-10 00:00:00;20901133;CREATEORDER;SFG39XMQDGD;MHRY4BE/A;"{""orderDetailsResponses"":{""deviceEligibility"":{""secondaryDisplay"":""0"",""partDescription"":""AppleCare+ con robo y pérdida para iPhone 17e"",""coverageDuration"":""2"",""productStatement"":""Tu AppleCare+ con robo y pérdida para iPhone 17e amplía la cobertura de servicio y soporte técnico a 2 años desde la fecha de compra de AppleCare+ con robo y pérdida e incluye cobertura para una cantidad ilimitada de incidentes por daño accidental debido a la manipulación del producto o un máximo de dos incidentes de robo y pérdida cada 12 meses, cada uno de ellos sujeto a un cargo adicional de R$28000  por los daños de la pantalla o la carcasa externa o de R$96000  por Otros daños accidentales o de R$144000  por robo o pérdida. Lee todos los detalles en los Términos y condiciones de AppleCare+."",""deviceDateOfPurchase"":""10/09/2026"",""deviceId"":""SFG39XMQDGD"",""registeredDevice"":""1"",""pocType"":""APOC"",""serialNumber"":""FG39XMQDGD"",""partNumber"":""SD833ZX/A"",""partAlias"":""ACPTL"",""purchaseMode"":""C"",""productDescription"":""iPhone 17e"",""tlDisclosure"":""La cobertura de robo y pérdida requiere que tengas la función Buscar habilitada en tu dispositivo antes de que se pierda o te lo roben. Durante el proceso de reclamación, te pediremos que uses la función Buscar para poner el dispositivo perdido o robado en modo Perdido, borrarlo y transferir la propiedad a Apple para que podamos asignarte un nuevo dispositivo. Para asegurarte de que puedas iniciar sesión en Buscar y acceder a esta función, es importante que recuerdes tu ID de Apple y contraseña, y que mantengas la información de tu cuenta actualizada. Si usas la autenticación de doble factor para el ID de Apple, te recomendamos que añadas un número de teléfono adicional de confianza a tu cuenta en el que puedas recibir el código de verificación de 6 dígitos que necesitas para iniciar sesión aunque no tengas tu iPhone. Para obtener más información, visita las páginas de Soporte técnico de Apple.""},""orderConfirmation"":{""agreementNumber"":""328419460065"",""coverageDurationStatement"":""Finaliza el 09/09/2028"",""termConditionURL"":""http://www.apple.com/legal/sales-support/"",""partNumber"":""SD833ZX/A"",""partAlias"":""ACPTL"",""partType"":""AC+TL"",""purchaseMode"":""C"",""appleCareSalesDate"":""10/09/2026"",""pocType"":""APOC"",""purchaseOrderNumber"":""20901133""}},""transactionId"":""e9697b42-0711-4135-b628-489808e92cb8-1789050262789""}"
True;5166922;2026-09-10 11:29:37.333000;2026-09-10 00:00:00;13001089;VERIFYORDER;SG10WQHXTH0;MEQW4AM/A;"{""orderDetailsResponses"":{""deviceEligibility"":{""secondaryDisplay"":""0"",""partDescription"":""AppleCare+ para Apple Watch Series 11"",""coverageDuration"":""2"",""productStatement"":""AppleCare+ para Apple Watch Series 11 amplía la cobertura de servicio y soporte técnico a 2 años desde la fecha de compra de AppleCare+ e incluye cobertura para una cantidad ilimitada de incidentes por daño accidental debido a la manipulación del producto, cada uno de ellos sujeto a un cargo adicional de R$67000  por Otros daños accidentales. Lee todos los detalles en los Términos y condiciones de AppleCare+."",""deviceDateOfPurchase"":""10/09/2026"",""deviceId"":""SG10WQHXTH0"",""registeredDevice"":""1"",""pocType"":""APOC"",""serialNumber"":""G10WQHXTH0"",""partNumber"":""SXCJ2ZX/A"",""partAlias"":""ACP"",""purchaseMode"":""C"",""productDescription"":""Watch Series 11 (GPS) Aluminum 42MM""}},""transactionId"":""39863c8a-80ae-4079-9f7e-18e0a06df0b9-1789050576726""}"
True;5166922;2026-09-10 11:30:08.587000;2026-09-10 00:00:00;13001089;VERIFYORDER;SCYTG62PDHH;MJ2C3CI/A;"{""orderDetailsResponses"":{""deviceEligibility"":{""secondaryDisplay"":""1"",""partDescription"":""AppleCare+ para HomePod mini"",""coverageDuration"":""2"",""productStatement"":""AppleCare+ para HomePod mini amplía la cobertura de servicio y soporte técnico a 2 años desde la fecha de compra de AppleCare+ e incluye cobertura para una cantidad ilimitada de incidentes por daño accidental debido a la manipulación del producto, cada uno de ellos sujeto a un cargo adicional de CLP14000  por Otros daños accidentales. Lee todos los detalles en los Términos y condiciones de AppleCare+."",""deviceDateOfPurchase"":""10/09/2026"",""deviceId"":""SCYTG62PDHH"",""registeredDevice"":""1"",""pocType"":""APOC"",""serialNumber"":""CYTG62PDHH"",""partNumber"":""S9043ZX/A"",""partAlias"":""ACP"",""purchaseMode"":""C"",""productDescription"":""HomePod Mini""}},""transactionId"":""2a40e0b9-dc84-412a-b45d-abd0528d8f5a-1789050608034""}"
True;5166922;2026-09-10 11:33:23.147000;2026-09-10 00:00:00;13001089;CREATEORDER;SG10WQHXTH0;MEQW4AM/A;"{""orderDetailsResponses"":{""deviceEligibility"":{""secondaryDisplay"":""0"",""partDescription"":""AppleCare+ para Apple Watch Series 11"",""coverageDuration"":""2"",""productStatement"":""AppleCare+ para Apple Watch Series 11 amplía la cobertura de servicio y soporte técnico a 2 años desde la fecha de compra de AppleCare+ e incluye cobertura para una cantidad ilimitada de incidentes por daño accidental debido a la manipulación del producto, cada uno de ellos sujeto a un cargo adicional de R$67000  por Otros daños accidentales. Lee todos los detalles en los Términos y condiciones de AppleCare+."",""deviceDateOfPurchase"":""10/09/2026"",""deviceId"":""SG10WQHXTH0"",""registeredDevice"":""1"",""pocType"":""APOC"",""serialNumber"":""G10WQHXTH0"",""partNumber"":""SXCJ2ZX/A"",""partAlias"":""ACP"",""purchaseMode"":""C"",""productDescription"":""Watch Series 11 (GPS) Aluminum 42MM""},""orderConfirmation"":{""agreementNumber"":""328419360927"",""coverageDurationStatement"":""Finaliza el 09/09/2028"",""termConditionURL"":""http://www.apple.com/legal/sales-support/"",""partNumber"":""SXCJ2ZX/A"",""partAlias"":""ACP"",""partType"":""AppleCare+"",""purchaseMode"":""C"",""appleCareSalesDate"":""10/09/2026"",""pocType"":""APOC"",""purchaseOrderNumber"":""13001089""}},""transactionId"":""5d3f10c0-a286-482a-ad2a-4aa3f2c0b0ee-1789050796517""}"
True;5166922;2026-09-10 11:33:28.747000;2026-09-10 00:00:00;13001089;CREATEORDER;SCYTG62PDHH;MJ2C3CI/A;"{""orderDetailsResponses"":{""deviceEligibility"":{""secondaryDisplay"":""1"",""partDescription"":""AppleCare+ para HomePod mini"",""coverageDuration"":""2"",""productStatement"":""AppleCare+ para HomePod mini amplía la cobertura de servicio y soporte técnico a 2 años desde la fecha de compra de AppleCare+ e incluye cobertura para una cantidad ilimitada de incidentes por daño accidental debido a la manipulación del producto, cada uno de ellos sujeto a un cargo adicional de CLP14000  por Otros daños accidentales. Lee todos los detalles en los Términos y condiciones de AppleCare+."",""deviceDateOfPurchase"":""10/09/2026"",""deviceId"":""SCYTG62PDHH"",""registeredDevice"":""1"",""pocType"":""APOC"",""serialNumber"":""CYTG62PDHH"",""partNumber"":""S9043ZX/A"",""partAlias"":""ACP"",""purchaseMode"":""C"",""productDescription"":""HomePod Mini""},""orderConfirmation"":{""agreementNumber"":""328419440137"",""coverageDurationStatement"":""Finaliza el 09/09/2028"",""termConditionURL"":""http://www.apple.com/legal/sales-support/"",""partNumber"":""S9043ZX/A"",""partAlias"":""ACP"",""partType"":""AppleCare+"",""purchaseMode"":""C"",""appleCareSalesDate"":""10/09/2026"",""pocType"":""APOC"",""purchaseOrderNumber"":""13001089""}},""transactionId"":""3838d7d7-4c3b-4ca9-9c62-74361def0669-1789050803622""}"
False;5134342;2026-09-10 11:47:52.247000;2026-09-05 00:00:00;51601104;REFUNDGUIDANCE;smywhh4j3pm;SXHW2ZX/A;"{""transactionId"":""9ab08cf8-3505-4be7-ab36-6bc4d2173c3c-1789051672076"",""refundGuidanceErrorResponse"":{""errorCode"":""GRX-50001"",""errorMessage"":""No tienes asignada una función que te permita realizar esta acción.""}}"
True;5186889;2026-09-10 11:56:30.927000;2026-09-10 00:00:00;22301065;VERIFYORDER;SFGXC2VNW14;MD4J4CI/A;"{""orderDetailsResponses"":{""deviceEligibility"":{""secondaryDisplay"":""1"",""partDescription"":""AppleCare+ para iPad (A16)"",""coverageDuration"":""2"",""productStatement"":""AppleCare+ para iPad (A16) amplía la cobertura de servicio y soporte técnico a 2 años desde la fecha de compra de AppleCare+ e incluye cobertura para una cantidad ilimitada de incidentes por daño accidental debido a la manipulación del producto, cada uno de ellos sujeto a un cargo adicional de R$96000  por Otros daños accidentales o de R$28000  por Daños que afectan solo a la pantalla o de R$28000  por Apple Pencil / Keyboard. Lee todos los detalles en los Términos y condiciones de AppleCare+."",""deviceDateOfPurchase"":""10/09/2026"",""deviceId"":""SFGXC2VNW14"",""registeredDevice"":""1"",""pocType"":""APOC"",""serialNumber"":""FGXC2VNW14"",""partNumber"":""SUYD2ZX/A"",""partAlias"":""ACP"",""purchaseMode"":""C"",""productDescription"":""iPad (A16) Wi-Fi""}},""transactionId"":""25e4d852-bdd7-4375-883d-664c47e2cc76-1789052190170""}"
True;5186889;2026-09-10 11:57:48.063000;2026-09-10 00:00:00;22301065;CREATEORDER;SFGXC2VNW14;MD4J4CI/A;"{""orderDetailsResponses"":{""deviceEligibility"":{""secondaryDisplay"":""1"",""partDescription"":""AppleCare+ para iPad (A16)"",""coverageDuration"":""2"",""productStatement"":""AppleCare+ para iPad (A16) amplía la cobertura de servicio y soporte técnico a 2 años desde la fecha de compra de AppleCare+ e incluye cobertura para una cantidad ilimitada de incidentes por daño accidental debido a la manipulación del producto, cada uno de ellos sujeto a un cargo adicional de R$96000  por Otros daños accidentales o de R$28000  por Daños que afectan solo a la pantalla o de R$28000  por Apple Pencil / Keyboard. Lee todos los detalles en los Términos y condiciones de AppleCare+."",""deviceDateOfPurchase"":""10/09/2026"",""deviceId"":""SFGXC2VNW14"",""registeredDevice"":""1"",""pocType"":""APOC"",""serialNumber"":""FGXC2VNW14"",""partNumber"":""SUYD2ZX/A"",""partAlias"":""ACP"",""purchaseMode"":""C"",""productDescription"":""iPad (A16) Wi-Fi""},""orderConfirmation"":{""agreementNumber"":""328419420518"",""coverageDurationStatement"":""Finaliza el 09/09/2028"",""termConditionURL"":""http://www.apple.com/legal/sales-support/"",""partNumber"":""SUYD2ZX/A"",""partAlias"":""ACP"",""partType"":""AppleCare+"",""purchaseMode"":""C"",""appleCareSalesDate"":""10/09/2026"",""pocType"":""APOC"",""purchaseOrderNumber"":""22301065""}},""transactionId"":""1f5c59f3-50d0-449b-affb-8b597a5e53e5-1789052263209""}"
True;5129722;2026-09-10 11:57:57.603000;2026-09-10 00:00:00;5301137;VERIFYORDER;SLY9J1XTDL6;MEPJ4AM/A;"{""orderDetailsResponses"":{""deviceEligibility"":{""secondaryDisplay"":""0"",""partDescription"":""AppleCare+ para Apple Watch SE (3rd gen)"",""coverageDuration"":""2"",""productStatement"":""AppleCare+ para Apple Watch SE (3rd gen) amplía la cobertura de servicio y soporte técnico a 2 años desde la fecha de compra de AppleCare+ e incluye cobertura para una cantidad ilimitada de incidentes por daño accidental debido a la manipulación del producto, cada uno de ellos sujeto a un cargo adicional de R$67000  por Otros daños accidentales. Lee todos los detalles en los Términos y condiciones de AppleCare+."",""deviceDateOfPurchase"":""10/09/2026"",""deviceId"":""SLY9J1XTDL6"",""registeredDevice"":""1"",""pocType"":""APOC"",""serialNumber"":""LY9J1XTDL6"",""partNumber"":""SXHW2ZX/A"",""partAlias"":""ACP"",""purchaseMode"":""C"",""productDescription"":""Watch SE (3rd gen,GPS+Cell)Aluminum 44MM""}},""transactionId"":""6fbd6128-0889-4433-80ce-7c31a8510729-1789052277011""}"
True;5129722;2026-09-10 11:58:11.300000;2026-09-10 00:00:00;5301137;VERIFYORDER;SLC1Q41M9VT;MEP94AM/A;"{""orderDetailsResponses"":{""deviceEligibility"":{""secondaryDisplay"":""0"",""partDescription"":""AppleCare+ para Apple Watch SE (3rd gen)"",""coverageDuration"":""2"",""productStatement"":""AppleCare+ para Apple Watch SE (3rd gen) amplía la cobertura de servicio y soporte técnico a 2 años desde la fecha de compra de AppleCare+ e incluye cobertura para una cantidad ilimitada de incidentes por daño accidental debido a la manipulación del producto, cada uno de ellos sujeto a un cargo adicional de R$67000  por Otros daños accidentales. Lee todos los detalles en los Términos y condiciones de AppleCare+."",""deviceDateOfPurchase"":""10/09/2026"",""deviceId"":""SLC1Q41M9VT"",""registeredDevice"":""1"",""pocType"":""APOC"",""serialNumber"":""LC1Q41M9VT"",""partNumber"":""SXHW2ZX/A"",""partAlias"":""ACP"",""purchaseMode"":""C"",""productDescription"":""Watch SE (3rd gen,GPS+Cell)Aluminum 40MM""}},""transactionId"":""fd80c355-5925-4617-bed8-1fc38e8b51a5-1789052290681""}"
True;5129722;2026-09-10 12:02:56.843000;2026-09-10 00:00:00;5301137;CREATEORDER;SLY9J1XTDL6;MEPJ4AM/A;"{""orderDetailsResponses"":{""deviceEligibility"":{""secondaryDisplay"":""0"",""partDescription"":""AppleCare+ para Apple Watch SE (3rd gen)"",""coverageDuration"":""2"",""productStatement"":""AppleCare+ para Apple Watch SE (3rd gen) amplía la cobertura de servicio y soporte técnico a 2 años desde la fecha de compra de AppleCare+ e incluye cobertura para una cantidad ilimitada de incidentes por daño accidental debido a la manipulación del producto, cada uno de ellos sujeto a un cargo adicional de R$67000  por Otros daños accidentales. Lee todos los detalles en los Términos y condiciones de AppleCare+."",""deviceDateOfPurchase"":""10/09/2026"",""deviceId"":""SLY9J1XTDL6"",""registeredDevice"":""1"",""pocType"":""APOC"",""serialNumber"":""LY9J1XTDL6"",""partNumber"":""SXHW2ZX/A"",""partAlias"":""ACP"",""purchaseMode"":""C"",""productDescription"":""Watch SE (3rd gen,GPS+Cell)Aluminum 44MM""},""orderConfirmation"":{""agreementNumber"":""328419460227"",""coverageDurationStatement"":""Finaliza el 09/09/2028"",""termConditionURL"":""http://www.apple.com/legal/sales-support/"",""partNumber"":""SXHW2ZX/A"",""partAlias"":""ACP"",""partType"":""AppleCare+"",""purchaseMode"":""C"",""appleCareSalesDate"":""10/09/2026"",""pocType"":""APOC"",""purchaseOrderNumber"":""5301137""}},""transactionId"":""7e455188-a237-47d5-9584-0c951aa89a49-1789052571756""}"
True;5129722;2026-09-10 12:03:02.283000;2026-09-10 00:00:00;5301137;CREATEORDER;SLC1Q41M9VT;MEP94AM/A;"{""orderDetailsResponses"":{""deviceEligibility"":{""secondaryDisplay"":""0"",""partDescription"":""AppleCare+ para Apple Watch SE (3rd gen)"",""coverageDuration"":""2"",""productStatement"":""AppleCare+ para Apple Watch SE (3rd gen) amplía la cobertura de servicio y soporte técnico a 2 años desde la fecha de compra de AppleCare+ e incluye cobertura para una cantidad ilimitada de incidentes por daño accidental debido a la manipulación del producto, cada uno de ellos sujeto a un cargo adicional de R$67000  por Otros daños accidentales. Lee todos los detalles en los Términos y condiciones de AppleCare+."",""deviceDateOfPurchase"":""10/09/2026"",""deviceId"":""SLC1Q41M9VT"",""registeredDevice"":""1"",""pocType"":""APOC"",""serialNumber"":""LC1Q41M9VT"",""partNumber"":""SXHW2ZX/A"",""partAlias"":""ACP"",""purchaseMode"":""C"",""productDescription"":""Watch SE (3rd gen,GPS+Cell)Aluminum 40MM""},""orderConfirmation"":{""agreementNumber"":""328419482079"",""coverageDurationStatement"":""Finaliza el 09/09/2028"",""termConditionURL"":""http://www.apple.com/legal/sales-support/"",""partNumber"":""SXHW2ZX/A"",""partAlias"":""ACP"",""partType"":""AppleCare+"",""purchaseMode"":""C"",""appleCareSalesDate"":""10/09/2026"",""pocType"":""APOC"",""purchaseOrderNumber"":""5301137""}},""transactionId"":""31a3d2a6-2d6e-49d5-a313-bdd085acf530-1789052577249""}"
True;1326195;2026-09-10 13:19:45.750000;2026-09-10 00:00:00;10901101;VERIFYORDER;SCWN6GM6KQH;MGDP4CI/A;"{""orderDetailsResponses"":{""deviceEligibility"":{""secondaryDisplay"":""1"",""partDescription"":""AppleCare+ para 14-in MacBook Pro (M5 Pro/M5 Max)"",""coverageDuration"":""3"",""productStatement"":""AppleCare+ para 14-in MacBook Pro (M5 Pro/M5 Max) amplía la cobertura de servicio y soporte técnico a 3 años desde la fecha de compra de AppleCare+ e incluye cobertura para una cantidad ilimitada de incidentes por daño accidental debido a la manipulación del producto, cada uno de ellos sujeto a un cargo adicional de R$96000  por daños en la pantalla o la carcasa externa o de R$289000  por Otros daños accidentales. Lee todos los detalles en los Términos y condiciones de AppleCare+."",""deviceDateOfPurchase"":""10/09/2026"",""deviceId"":""SCWN6GM6KQH"",""registeredDevice"":""1"",""pocType"":""APOC"",""serialNumber"":""CWN6GM6KQH"",""partNumber"":""SCXT3ZX/A"",""partAlias"":""ACP"",""purchaseMode"":""C"",""productDescription"":""MacBook Pro (14-inch, M5 Pro or M5 Max)""}},""transactionId"":""6c946648-e8ea-4794-b5c1-1068f8aaa8b6-1789057185005""}"
True;1326195;2026-09-10 13:26:19.357000;2026-09-10 00:00:00;10901101;CREATEORDER;SCWN6GM6KQH;MGDP4CI/A;"{""orderDetailsResponses"":{""deviceEligibility"":{""secondaryDisplay"":""1"",""partDescription"":""AppleCare+ para 14-in MacBook Pro (M5 Pro/M5 Max)"",""coverageDuration"":""3"",""productStatement"":""AppleCare+ para 14-in MacBook Pro (M5 Pro/M5 Max) amplía la cobertura de servicio y soporte técnico a 3 años desde la fecha de compra de AppleCare+ e incluye cobertura para una cantidad ilimitada de incidentes por daño accidental debido a la manipulación del producto, cada uno de ellos sujeto a un cargo adicional de R$96000  por daños en la pantalla o la carcasa externa o de R$289000  por Otros daños accidentales. Lee todos los detalles en los Términos y condiciones de AppleCare+."",""deviceDateOfPurchase"":""10/09/2026"",""deviceId"":""SCWN6GM6KQH"",""registeredDevice"":""1"",""pocType"":""APOC"",""serialNumber"":""CWN6GM6KQH"",""partNumber"":""SCXT3ZX/A"",""partAlias"":""ACP"",""purchaseMode"":""C"",""productDescription"":""MacBook Pro (14-inch, M5 Pro or M5 Max)""},""orderConfirmation"":{""agreementNumber"":""328419420748"",""coverageDurationStatement"":""Finaliza el 09/09/2029"",""termConditionURL"":""http://www.apple.com/legal/sales-support/"",""partNumber"":""SCXT3ZX/A"",""partAlias"":""ACP"",""partType"":""AppleCare+"",""purchaseMode"":""C"",""appleCareSalesDate"":""10/09/2026"",""pocType"":""APOC"",""purchaseOrderNumber"":""10901101""}},""transactionId"":""3455ca82-e398-4e21-9596-6a897ad14205-1789057575089""}"
True;5136338;2026-09-10 13:28:32.193000;2026-09-10 00:00:00;11001101;VERIFYORDER;SD9RL173T2X;MG6K4BE/A;"{""orderDetailsResponses"":{""deviceEligibility"":{""secondaryDisplay"":""0"",""partDescription"":""AppleCare+ con robo y pérdida para iPhone 17"",""coverageDuration"":""2"",""productStatement"":""Tu AppleCare+ con robo y pérdida para iPhone 17 amplía la cobertura de servicio y soporte técnico a 2 años desde la fecha de compra de AppleCare+ con robo y pérdida e incluye cobertura para una cantidad ilimitada de incidentes por daño accidental debido a la manipulación del producto o un máximo de dos incidentes de robo y pérdida cada 12 meses, cada uno de ellos sujeto a un cargo adicional de R$96000  por Otros daños accidentales o de R$28000  por los daños de la pantalla o la carcasa externa o de R$144000  por robo o pérdida. Lee todos los detalles en los Términos y condiciones de AppleCare+."",""deviceDateOfPurchase"":""10/09/2026"",""deviceId"":""SD9RL173T2X"",""registeredDevice"":""1"",""pocType"":""APOC"",""serialNumber"":""D9RL173T2X"",""partNumber"":""SX2V2ZX/A"",""partAlias"":""ACPTL"",""purchaseMode"":""C"",""productDescription"":""iPhone 17"",""tlDisclosure"":""La cobertura de robo y pérdida requiere que tengas la función Buscar habilitada en tu dispositivo antes de que se pierda o te lo roben. Durante el proceso de reclamación, te pediremos que uses la función Buscar para poner el dispositivo perdido o robado en modo Perdido, borrarlo y transferir la propiedad a Apple para que podamos asignarte un nuevo dispositivo. Para asegurarte de que puedas iniciar sesión en Buscar y acceder a esta función, es importante que recuerdes tu ID de Apple y contraseña, y que mantengas la información de tu cuenta actualizada. Si usas la autenticación de doble factor para el ID de Apple, te recomendamos que añadas un número de teléfono adicional de confianza a tu cuenta en el que puedas recibir el código de verificación de 6 dígitos que necesitas para iniciar sesión aunque no tengas tu iPhone. Para obtener más información, visita las páginas de Soporte técnico de Apple.""}},""transactionId"":""134c4308-8d63-4f91-b005-fa15403b1252-1789057711294""}"
True;5136338;2026-09-10 13:30:56.283000;2026-09-10 00:00:00;11001101;CREATEORDER;SD9RL173T2X;MG6K4BE/A;"{""orderDetailsResponses"":{""deviceEligibility"":{""secondaryDisplay"":""0"",""partDescription"":""AppleCare+ con robo y pérdida para iPhone 17"",""coverageDuration"":""2"",""productStatement"":""Tu AppleCare+ con robo y pérdida para iPhone 17 amplía la cobertura de servicio y soporte técnico a 2 años desde la fecha de compra de AppleCare+ con robo y pérdida e incluye cobertura para una cantidad ilimitada de incidentes por daño accidental debido a la manipulación del producto o un máximo de dos incidentes de robo y pérdida cada 12 meses, cada uno de ellos sujeto a un cargo adicional de R$96000  por Otros daños accidentales o de R$28000  por los daños de la pantalla o la carcasa externa o de R$144000  por robo o pérdida. Lee todos los detalles en los Términos y condiciones de AppleCare+."",""deviceDateOfPurchase"":""10/09/2026"",""deviceId"":""SD9RL173T2X"",""registeredDevice"":""1"",""pocType"":""APOC"",""serialNumber"":""D9RL173T2X"",""partNumber"":""SX2V2ZX/A"",""partAlias"":""ACPTL"",""purchaseMode"":""C"",""productDescription"":""iPhone 17"",""tlDisclosure"":""La cobertura de robo y pérdida requiere que tengas la función Buscar habilitada en tu dispositivo antes de que se pierda o te lo roben. Durante el proceso de reclamación, te pediremos que uses la función Buscar para poner el dispositivo perdido o robado en modo Perdido, borrarlo y transferir la propiedad a Apple para que podamos asignarte un nuevo dispositivo. Para asegurarte de que puedas iniciar sesión en Buscar y acceder a esta función, es importante que recuerdes tu ID de Apple y contraseña, y que mantengas la información de tu cuenta actualizada. Si usas la autenticación de doble factor para el ID de Apple, te recomendamos que añadas un número de teléfono adicional de confianza a tu cuenta en el que puedas recibir el código de verificación de 6 dígitos que necesitas para iniciar sesión aunque no tengas tu iPhone. Para obtener más información, visita las páginas de Soporte técnico de Apple.""},""orderConfirmation"":{""agreementNumber"":""328419481425"",""coverageDurationStatement"":""Finaliza el 09/09/2028"",""termConditionURL"":""http://www.apple.com/legal/sales-support/"",""partNumber"":""SX2V2ZX/A"",""partAlias"":""ACPTL"",""partType"":""AC+TL"",""purchaseMode"":""C"",""appleCareSalesDate"":""10/09/2026"",""pocType"":""APOC"",""purchaseOrderNumber"":""11001101""}},""transactionId"":""593fd8ab-8c24-46fa-b1be-5b956cb062d9-1789057851441""}"
True;1293003;2026-09-10 13:31:27.567000;2026-09-09 00:00:00;1293003;VERIFYORDER;SFMPWD73DDY;MHFJ4CI/A;"{""orderDetailsResponses"":{""deviceEligibility"":{""secondaryDisplay"":""0"",""partDescription"":""AppleCare+ para 13-inch MacBook Neo (A18PRO)"",""coverageDuration"":""3"",""productStatement"":""AppleCare+ para 13-inch MacBook Neo (A18PRO) amplía la cobertura de servicio y soporte técnico a 3 años desde la fecha de compra de AppleCare+ e incluye cobertura para una cantidad ilimitada de incidentes por daño accidental debido a la manipulación del producto, cada uno de ellos sujeto a un cargo adicional de R$51990  por daños en la pantalla o la carcasa externa o de R$156990  por Otros daños accidentales. Lee todos los detalles en los Términos y condiciones de AppleCare+."",""deviceDateOfPurchase"":""10/09/2026"",""deviceId"":""SFMPWD73DDY"",""registeredDevice"":""1"",""pocType"":""APOC"",""serialNumber"":""FMPWD73DDY"",""partNumber"":""SD0T3ZX/A"",""partAlias"":""ACP"",""purchaseMode"":""C"",""productDescription"":""MacBook Neo""}},""transactionId"":""67e82781-a30a-4417-87a9-f123a1abd7ed-1789057887067""}"
True;1293003;2026-09-10 13:31:28.887000;2026-09-09 00:00:00;1293003;CREATEORDER;SFMPWD73DDY;MHFJ4CI/A;"{""orderDetailsResponses"":{""deviceEligibility"":{""secondaryDisplay"":""0"",""partDescription"":""AppleCare+ para 13-inch MacBook Neo (A18PRO)"",""coverageDuration"":""3"",""productStatement"":""AppleCare+ para 13-inch MacBook Neo (A18PRO) amplía la cobertura de servicio y soporte técnico a 3 años desde la fecha de compra de AppleCare+ e incluye cobertura para una cantidad ilimitada de incidentes por daño accidental debido a la manipulación del producto, cada uno de ellos sujeto a un cargo adicional de R$51990  por daños en la pantalla o la carcasa externa o de R$156990  por Otros daños accidentales. Lee todos los detalles en los Términos y condiciones de AppleCare+."",""deviceDateOfPurchase"":""10/09/2026"",""deviceId"":""SFMPWD73DDY"",""registeredDevice"":""1"",""pocType"":""RPOC"",""serialNumber"":""FMPWD73DDY"",""partNumber"":""SD0T3ZX/A"",""partAlias"":""ACP"",""purchaseMode"":""C"",""productDescription"":""MacBook Neo""},""orderConfirmation"":{""agreementNumber"":""328419480477"",""coverageDurationStatement"":""Finaliza el 09/09/2029"",""termConditionURL"":""http://www.apple.com/legal/sales-support/"",""partNumber"":""SD0T3ZX/A"",""partAlias"":""ACP"",""partType"":""AppleCare+"",""purchaseMode"":""C"",""appleCareSalesDate"":""10/09/2026"",""pocType"":""RPOC"",""purchaseOrderNumber"":""1293003""}},""transactionId"":""c8e3c214-0b88-468d-a209-b59e68e3e065-1789057887983""}"
True;5106329;2026-09-10 13:31:30.970000;2026-09-09 00:00:00;5106329;VERIFYORDER;SH46W1QX3QW;MCJA4CI/A;"{""orderDetailsResponses"":{""deviceEligibility"":{""secondaryDisplay"":""1"",""partDescription"":""AppleCare+ para iPad Air 13-inch (M3)"",""coverageDuration"":""2"",""productStatement"":""AppleCare+ para iPad Air 13-inch (M3) amplía la cobertura de servicio y soporte técnico a 2 años desde la fecha de compra de AppleCare+ e incluye cobertura para una cantidad ilimitada de incidentes por daño accidental debido a la manipulación del producto, cada uno de ellos sujeto a un cargo adicional de R$28000  por Daños que afectan solo a la pantalla o de R$28000  por Apple Pencil / Keyboard o de R$96000  por Otros daños accidentales. Lee todos los detalles en los Términos y condiciones de AppleCare+."",""deviceDateOfPurchase"":""10/09/2026"",""deviceId"":""SH46W1QX3QW"",""registeredDevice"":""1"",""pocType"":""APOC"",""serialNumber"":""H46W1QX3QW"",""partNumber"":""SV172ZX/A"",""partAlias"":""ACP"",""purchaseMode"":""C"",""productDescription"":""iPad Air 13-inch (M3) Wi-Fi + Cellular""}},""transactionId"":""0465ae1e-6bf8-4df6-933c-680f845e6048-1789057890459""}"
True;5106329;2026-09-10 13:31:32.217000;2026-09-09 00:00:00;5106329;CREATEORDER;SH46W1QX3QW;MCJA4CI/A;"{""orderDetailsResponses"":{""deviceEligibility"":{""secondaryDisplay"":""1"",""partDescription"":""AppleCare+ para iPad Air 13-inch (M3)"",""coverageDuration"":""2"",""productStatement"":""AppleCare+ para iPad Air 13-inch (M3) amplía la cobertura de servicio y soporte técnico a 2 años desde la fecha de compra de AppleCare+ e incluye cobertura para una cantidad ilimitada de incidentes por daño accidental debido a la manipulación del producto, cada uno de ellos sujeto a un cargo adicional de R$28000  por Daños que afectan solo a la pantalla o de R$28000  por Apple Pencil / Keyboard o de R$96000  por Otros daños accidentales. Lee todos los detalles en los Términos y condiciones de AppleCare+."",""deviceDateOfPurchase"":""10/09/2026"",""deviceId"":""SH46W1QX3QW"",""registeredDevice"":""1"",""pocType"":""RPOC"",""serialNumber"":""H46W1QX3QW"",""partNumber"":""SV172ZX/A"",""partAlias"":""ACP"",""purchaseMode"":""C"",""productDescription"":""iPad Air 13-inch (M3) Wi-Fi + Cellular""},""orderConfirmation"":{""agreementNumber"":""328419482373"",""coverageDurationStatement"":""Finaliza el 09/09/2028"",""termConditionURL"":""http://www.apple.com/legal/sales-support/"",""partNumber"":""SV172ZX/A"",""partAlias"":""ACP"",""partType"":""AppleCare+"",""purchaseMode"":""C"",""appleCareSalesDate"":""10/09/2026"",""pocType"":""RPOC"",""purchaseOrderNumber"":""5106329""}},""transactionId"":""0b8f48d7-99ad-418d-b665-bc7092def338-1789057891342""}"
True;5134488;2026-09-10 13:33:37.857000;2026-09-10 00:00:00;52801104;VERIFYORDER;SMH6MJY4D6C;MG8J4BE/A;"{""orderDetailsResponses"":{""deviceEligibility"":{""secondaryDisplay"":""0"",""partDescription"":""AppleCare+ con robo y pérdida para iPhone 17 Pro"",""coverageDuration"":""2"",""productStatement"":""Tu AppleCare+ con robo y pérdida para iPhone 17 Pro amplía la cobertura de servicio y soporte técnico a 2 años desde la fecha de compra de AppleCare+ con robo y pérdida e incluye cobertura para una cantidad ilimitada de incidentes por daño accidental debido a la manipulación del producto o un máximo de dos incidentes de robo y pérdida cada 12 meses, cada uno de ellos sujeto a un cargo adicional de R$96000  por Otros daños accidentales o de R$28000  por los daños de la pantalla o la carcasa externa o de R$144000  por robo o pérdida. Lee todos los detalles en los Términos y condiciones de AppleCare+."",""deviceDateOfPurchase"":""10/09/2026"",""deviceId"":""SMH6MJY4D6C"",""registeredDevice"":""1"",""pocType"":""APOC"",""serialNumber"":""MH6MJY4D6C"",""partNumber"":""SX342ZX/A"",""partAlias"":""ACPTL"",""purchaseMode"":""C"",""productDescription"":""iPhone 17 Pro"",""tlDisclosure"":""La cobertura de robo y pérdida requiere que tengas la función Buscar habilitada en tu dispositivo antes de que se pierda o te lo roben. Durante el proceso de reclamación, te pediremos que uses la función Buscar para poner el dispositivo perdido o robado en modo Perdido, borrarlo y transferir la propiedad a Apple para que podamos asignarte un nuevo dispositivo. Para asegurarte de que puedas iniciar sesión en Buscar y acceder a esta función, es importante que recuerdes tu ID de Apple y contraseña, y que mantengas la información de tu cuenta actualizada. Si usas la autenticación de doble factor para el ID de Apple, te recomendamos que añadas un número de teléfono adicional de confianza a tu cuenta en el que puedas recibir el código de verificación de 6 dígitos que necesitas para iniciar sesión aunque no tengas tu iPhone. Para obtener más información, visita las páginas de Soporte técnico de Apple.""}},""transactionId"":""7d00d2ab-9c94-4a9e-9cb8-8eb126048b1a-1789058017340""}"
True;5134488;2026-09-10 13:34:38.663000;2026-09-10 00:00:00;52801104;CREATEORDER;SMH6MJY4D6C;MG8J4BE/A;"{""orderDetailsResponses"":{""deviceEligibility"":{""secondaryDisplay"":""0"",""partDescription"":""AppleCare+ con robo y pérdida para iPhone 17 Pro"",""coverageDuration"":""2"",""productStatement"":""Tu AppleCare+ con robo y pérdida para iPhone 17 Pro amplía la cobertura de servicio y soporte técnico a 2 años desde la fecha de compra de AppleCare+ con robo y pérdida e incluye cobertura para una cantidad ilimitada de incidentes por daño accidental debido a la manipulación del producto o un máximo de dos incidentes de robo y pérdida cada 12 meses, cada uno de ellos sujeto a un cargo adicional de R$96000  por Otros daños accidentales o de R$28000  por los daños de la pantalla o la carcasa externa o de R$144000  por robo o pérdida. Lee todos los detalles en los Términos y condiciones de AppleCare+."",""deviceDateOfPurchase"":""10/09/2026"",""deviceId"":""SMH6MJY4D6C"",""registeredDevice"":""1"",""pocType"":""APOC"",""serialNumber"":""MH6MJY4D6C"",""partNumber"":""SX342ZX/A"",""partAlias"":""ACPTL"",""purchaseMode"":""C"",""productDescription"":""iPhone 17 Pro"",""tlDisclosure"":""La cobertura de robo y pérdida requiere que tengas la función Buscar habilitada en tu dispositivo antes de que se pierda o te lo roben. Durante el proceso de reclamación, te pediremos que uses la función Buscar para poner el dispositivo perdido o robado en modo Perdido, borrarlo y transferir la propiedad a Apple para que podamos asignarte un nuevo dispositivo. Para asegurarte de que puedas iniciar sesión en Buscar y acceder a esta función, es importante que recuerdes tu ID de Apple y contraseña, y que mantengas la información de tu cuenta actualizada. Si usas la autenticación de doble factor para el ID de Apple, te recomendamos que añadas un número de teléfono adicional de confianza a tu cuenta en el que puedas recibir el código de verificación de 6 dígitos que necesitas para iniciar sesión aunque no tengas tu iPhone. Para obtener más información, visita las páginas de Soporte técnico de Apple.""},""orderConfirmation"":{""agreementNumber"":""328419482409"",""coverageDurationStatement"":""Finaliza el 09/09/2028"",""termConditionURL"":""http://www.apple.com/legal/sales-support/"",""partNumber"":""SX342ZX/A"",""partAlias"":""ACPTL"",""partType"":""AC+TL"",""purchaseMode"":""C"",""appleCareSalesDate"":""10/09/2026"",""pocType"":""APOC"",""purchaseOrderNumber"":""52801104""}},""transactionId"":""e6c9ffc2-8f2e-4112-99e5-d45789460708-1789058073668""}"
True;5174136;2026-09-10 13:51:54.770000;2026-09-10 00:00:00;39701077;VERIFYORDER;SJ67Y6LHDYJ;MG6M4BE/A;"{""orderDetailsResponses"":{""deviceEligibility"":{""secondaryDisplay"":""0"",""partDescription"":""AppleCare+ con robo y pérdida para iPhone 17"",""coverageDuration"":""2"",""productStatement"":""Tu AppleCare+ con robo y pérdida para iPhone 17 amplía la cobertura de servicio y soporte técnico a 2 años desde la fecha de compra de AppleCare+ con robo y pérdida e incluye cobertura para una cantidad ilimitada de incidentes por daño accidental debido a la manipulación del producto o un máximo de dos incidentes de robo y pérdida cada 12 meses, cada uno de ellos sujeto a un cargo adicional de R$96000  por Otros daños accidentales o de R$28000  por los daños de la pantalla o la carcasa externa o de R$144000  por robo o pérdida. Lee todos los detalles en los Términos y condiciones de AppleCare+."",""deviceDateOfPurchase"":""10/09/2026"",""deviceId"":""SJ67Y6LHDYJ"",""registeredDevice"":""1"",""pocType"":""APOC"",""serialNumber"":""J67Y6LHDYJ"",""partNumber"":""SX2V2ZX/A"",""partAlias"":""ACPTL"",""purchaseMode"":""C"",""productDescription"":""iPhone 17"",""tlDisclosure"":""La cobertura de robo y pérdida requiere que tengas la función Buscar habilitada en tu dispositivo antes de que se pierda o te lo roben. Durante el proceso de reclamación, te pediremos que uses la función Buscar para poner el dispositivo perdido o robado en modo Perdido, borrarlo y transferir la propiedad a Apple para que podamos asignarte un nuevo dispositivo. Para asegurarte de que puedas iniciar sesión en Buscar y acceder a esta función, es importante que recuerdes tu ID de Apple y contraseña, y que mantengas la información de tu cuenta actualizada. Si usas la autenticación de doble factor para el ID de Apple, te recomendamos que añadas un número de teléfono adicional de confianza a tu cuenta en el que puedas recibir el código de verificación de 6 dígitos que necesitas para iniciar sesión aunque no tengas tu iPhone. Para obtener más información, visita las páginas de Soporte técnico de Apple.""}},""transactionId"":""6f8daa85-6f1b-4cf1-8287-0580a88e86d4-1789059114209""}"
True;5174136;2026-09-10 13:55:25.163000;2026-09-10 00:00:00;39701077;CREATEORDER;SJ67Y6LHDYJ;MG6M4BE/A;"{""orderDetailsResponses"":{""deviceEligibility"":{""secondaryDisplay"":""0"",""partDescription"":""AppleCare+ con robo y pérdida para iPhone 17"",""coverageDuration"":""2"",""productStatement"":""Tu AppleCare+ con robo y pérdida para iPhone 17 amplía la cobertura de servicio y soporte técnico a 2 años desde la fecha de compra de AppleCare+ con robo y pérdida e incluye cobertura para una cantidad ilimitada de incidentes por daño accidental debido a la manipulación del producto o un máximo de dos incidentes de robo y pérdida cada 12 meses, cada uno de ellos sujeto a un cargo adicional de R$96000  por Otros daños accidentales o de R$28000  por los daños de la pantalla o la carcasa externa o de R$144000  por robo o pérdida. Lee todos los detalles en los Términos y condiciones de AppleCare+."",""deviceDateOfPurchase"":""10/09/2026"",""deviceId"":""SJ67Y6LHDYJ"",""registeredDevice"":""1"",""pocType"":""APOC"",""serialNumber"":""J67Y6LHDYJ"",""partNumber"":""SX2V2ZX/A"",""partAlias"":""ACPTL"",""purchaseMode"":""C"",""productDescription"":""iPhone 17"",""tlDisclosure"":""La cobertura de robo y pérdida requiere que tengas la función Buscar habilitada en tu dispositivo antes de que se pierda o te lo roben. Durante el proceso de reclamación, te pediremos que uses la función Buscar para poner el dispositivo perdido o robado en modo Perdido, borrarlo y transferir la propiedad a Apple para que podamos asignarte un nuevo dispositivo. Para asegurarte de que puedas iniciar sesión en Buscar y acceder a esta función, es importante que recuerdes tu ID de Apple y contraseña, y que mantengas la información de tu cuenta actualizada. Si usas la autenticación de doble factor para el ID de Apple, te recomendamos que añadas un número de teléfono adicional de confianza a tu cuenta en el que puedas recibir el código de verificación de 6 dígitos que necesitas para iniciar sesión aunque no tengas tu iPhone. Para obtener más información, visita las páginas de Soporte técnico de Apple.""},""orderConfirmation"":{""agreementNumber"":""328419503152"",""coverageDurationStatement"":""Finaliza el 09/09/2028"",""termConditionURL"":""http://www.apple.com/legal/sales-support/"",""partNumber"":""SX2V2ZX/A"",""partAlias"":""ACPTL"",""partType"":""AC+TL"",""purchaseMode"":""C"",""appleCareSalesDate"":""10/09/2026"",""pocType"":""APOC"",""purchaseOrderNumber"":""39701077""}},""transactionId"":""2a6cf1c0-3467-4d22-88e2-f0dc9ba19393-1789059320100""}"
True;5186423;2026-09-10 14:14:43.243000;2026-09-10 00:00:00;9801097;VERIFYORDER;SDLC7DJY4HX;MG8G4BE/A;"{""orderDetailsResponses"":{""deviceEligibility"":{""secondaryDisplay"":""0"",""partDescription"":""AppleCare+ con robo y pérdida para iPhone 17 Pro"",""coverageDuration"":""2"",""productStatement"":""Tu AppleCare+ con robo y pérdida para iPhone 17 Pro amplía la cobertura de servicio y soporte técnico a 2 años desde la fecha de compra de AppleCare+ con robo y pérdida e incluye cobertura para una cantidad ilimitada de incidentes por daño accidental debido a la manipulación del producto o un máximo de dos incidentes de robo y pérdida cada 12 meses, cada uno de ellos sujeto a un cargo adicional de R$96000  por Otros daños accidentales o de R$28000  por los daños de la pantalla o la carcasa externa o de R$144000  por robo o pérdida. Lee todos los detalles en los Términos y condiciones de AppleCare+."",""deviceDateOfPurchase"":""10/09/2026"",""deviceId"":""SDLC7DJY4HX"",""registeredDevice"":""1"",""pocType"":""APOC"",""serialNumber"":""DLC7DJY4HX"",""partNumber"":""SX342ZX/A"",""partAlias"":""ACPTL"",""purchaseMode"":""C"",""productDescription"":""iPhone 17 Pro"",""tlDisclosure"":""La cobertura de robo y pérdida requiere que tengas la función Buscar habilitada en tu dispositivo antes de que se pierda o te lo roben. Durante el proceso de reclamación, te pediremos que uses la función Buscar para poner el dispositivo perdido o robado en modo Perdido, borrarlo y transferir la propiedad a Apple para que podamos asignarte un nuevo dispositivo. Para asegurarte de que puedas iniciar sesión en Buscar y acceder a esta función, es importante que recuerdes tu ID de Apple y contraseña, y que mantengas la información de tu cuenta actualizada. Si usas la autenticación de doble factor para el ID de Apple, te recomendamos que añadas un número de teléfono adicional de confianza a tu cuenta en el que puedas recibir el código de verificación de 6 dígitos que necesitas para iniciar sesión aunque no tengas tu iPhone. Para obtener más información, visita las páginas de Soporte técnico de Apple.""}},""transactionId"":""11d61362-ddf7-4c6f-b760-61a52f39590c-1789060482593""}"
True;5186423;2026-09-10 14:16:41.817000;2026-09-10 00:00:00;9801097;CREATEORDER;SDLC7DJY4HX;MG8G4BE/A;"{""orderDetailsResponses"":{""deviceEligibility"":{""secondaryDisplay"":""0"",""partDescription"":""AppleCare+ con robo y pérdida para iPhone 17 Pro"",""coverageDuration"":""2"",""productStatement"":""Tu AppleCare+ con robo y pérdida para iPhone 17 Pro amplía la cobertura de servicio y soporte técnico a 2 años desde la fecha de compra de AppleCare+ con robo y pérdida e incluye cobertura para una cantidad ilimitada de incidentes por daño accidental debido a la manipulación del producto o un máximo de dos incidentes de robo y pérdida cada 12 meses, cada uno de ellos sujeto a un cargo adicional de R$96000  por Otros daños accidentales o de R$28000  por los daños de la pantalla o la carcasa externa o de R$144000  por robo o pérdida. Lee todos los detalles en los Términos y condiciones de AppleCare+."",""deviceDateOfPurchase"":""10/09/2026"",""deviceId"":""SDLC7DJY4HX"",""registeredDevice"":""1"",""pocType"":""APOC"",""serialNumber"":""DLC7DJY4HX"",""partNumber"":""SX342ZX/A"",""partAlias"":""ACPTL"",""purchaseMode"":""C"",""productDescription"":""iPhone 17 Pro"",""tlDisclosure"":""La cobertura de robo y pérdida requiere que tengas la función Buscar habilitada en tu dispositivo antes de que se pierda o te lo roben. Durante el proceso de reclamación, te pediremos que uses la función Buscar para poner el dispositivo perdido o robado en modo Perdido, borrarlo y transferir la propiedad a Apple para que podamos asignarte un nuevo dispositivo. Para asegurarte de que puedas iniciar sesión en Buscar y acceder a esta función, es importante que recuerdes tu ID de Apple y contraseña, y que mantengas la información de tu cuenta actualizada. Si usas la autenticación de doble factor para el ID de Apple, te recomendamos que añadas un número de teléfono adicional de confianza a tu cuenta en el que puedas recibir el código de verificación de 6 dígitos que necesitas para iniciar sesión aunque no tengas tu iPhone. Para obtener más información, visita las páginas de Soporte técnico de Apple.""},""orderConfirmation"":{""agreementNumber"":""328419540160"",""coverageDurationStatement"":""Finaliza el 09/09/2028"",""termConditionURL"":""http://www.apple.com/legal/sales-support/"",""partNumber"":""SX342ZX/A"",""partAlias"":""ACPTL"",""partType"":""AC+TL"",""purchaseMode"":""C"",""appleCareSalesDate"":""10/09/2026"",""pocType"":""APOC"",""purchaseOrderNumber"":""9801097""}},""transactionId"":""84915a8f-d752-4121-a0a4-a0cb2670ae5b-1789060597023""}"
True;5175738;2026-09-10 14:56:57.533000;2026-09-10 00:00:00;11701102;VERIFYORDER;SLJ795F7C7R;MXP63AM/A;"{""orderDetailsResponses"":{""deviceEligibility"":{""secondaryDisplay"":""0"",""partDescription"":""AppleCare+ para AirPods"",""coverageDuration"":""2"",""productStatement"":""AppleCare+ para AirPods amplía la cobertura de servicio y soporte técnico a 2 años desde la fecha de compra de AppleCare+ e incluye cobertura para una cantidad ilimitada de incidentes por daño accidental debido a la manipulación del producto, cada uno de ellos sujeto a un cargo adicional de CLP28000 . Lee todos los detalles en los Términos y condiciones de AppleCare+."",""deviceDateOfPurchase"":""10/09/2026"",""deviceId"":""SLJ795F7C7R"",""registeredDevice"":""1"",""pocType"":""APOC"",""serialNumber"":""LJ795F7C7R"",""partNumber"":""S9066ZX/A"",""partAlias"":""ACP"",""purchaseMode"":""C"",""productDescription"":""AirPods 4""}},""transactionId"":""2d312e40-8193-4a58-bec6-7f91998ef0e5-1789063016422""}"
True;5175738;2026-09-10 15:01:44.557000;2026-09-10 00:00:00;11701102;CREATEORDER;SLJ795F7C7R;MXP63AM/A;"{""orderDetailsResponses"":{""deviceEligibility"":{""secondaryDisplay"":""0"",""partDescription"":""AppleCare+ para AirPods"",""coverageDuration"":""2"",""productStatement"":""AppleCare+ para AirPods amplía la cobertura de servicio y soporte técnico a 2 años desde la fecha de compra de AppleCare+ e incluye cobertura para una cantidad ilimitada de incidentes por daño accidental debido a la manipulación del producto, cada uno de ellos sujeto a un cargo adicional de CLP28000 . Lee todos los detalles en los Términos y condiciones de AppleCare+."",""deviceDateOfPurchase"":""10/09/2026"",""deviceId"":""SLJ795F7C7R"",""registeredDevice"":""1"",""pocType"":""APOC"",""serialNumber"":""LJ795F7C7R"",""partNumber"":""S9066ZX/A"",""partAlias"":""ACP"",""purchaseMode"":""C"",""productDescription"":""AirPods 4""},""orderConfirmation"":{""agreementNumber"":""328419502960"",""coverageDurationStatement"":""Finaliza el 09/09/2028"",""termConditionURL"":""http://www.apple.com/legal/sales-support/"",""partNumber"":""S9066ZX/A"",""partAlias"":""ACP"",""partType"":""AppleCare+"",""purchaseMode"":""C"",""appleCareSalesDate"":""10/09/2026"",""pocType"":""APOC"",""purchaseOrderNumber"":""11701102""}},""transactionId"":""2c343c17-0a90-4703-b9b4-c004fd28a461-1789063299475""}"
True;5124718;2026-09-10 15:05:40.373000;2026-09-10 00:00:00;63901084;VERIFYORDER;SM2KM75FCF0;MFYN4BE/A;"{""orderDetailsResponses"":{""deviceEligibility"":{""secondaryDisplay"":""0"",""partDescription"":""AppleCare+ con robo y pérdida para iPhone 17 Pro Max"",""coverageDuration"":""2"",""productStatement"":""Tu AppleCare+ con robo y pérdida para iPhone 17 Pro Max amplía la cobertura de servicio y soporte técnico a 2 años desde la fecha de compra de AppleCare+ con robo y pérdida e incluye cobertura para una cantidad ilimitada de incidentes por daño accidental debido a la manipulación del producto o un máximo de dos incidentes de robo y pérdida cada 12 meses, cada uno de ellos sujeto a un cargo adicional de R$96000  por Otros daños accidentales o de R$28000  por los daños de la pantalla o la carcasa externa o de R$144000  por robo o pérdida. Lee todos los detalles en los Términos y condiciones de AppleCare+."",""deviceDateOfPurchase"":""10/09/2026"",""deviceId"":""SM2KM75FCF0"",""registeredDevice"":""1"",""pocType"":""APOC"",""serialNumber"":""M2KM75FCF0"",""partNumber"":""SX382ZX/A"",""partAlias"":""ACPTL"",""purchaseMode"":""C"",""productDescription"":""iPhone 17 Pro Max"",""tlDisclosure"":""La cobertura de robo y pérdida requiere que tengas la función Buscar habilitada en tu dispositivo antes de que se pierda o te lo roben. Durante el proceso de reclamación, te pediremos que uses la función Buscar para poner el dispositivo perdido o robado en modo Perdido, borrarlo y transferir la propiedad a Apple para que podamos asignarte un nuevo dispositivo. Para asegurarte de que puedas iniciar sesión en Buscar y acceder a esta función, es importante que recuerdes tu ID de Apple y contraseña, y que mantengas la información de tu cuenta actualizada. Si usas la autenticación de doble factor para el ID de Apple, te recomendamos que añadas un número de teléfono adicional de confianza a tu cuenta en el que puedas recibir el código de verificación de 6 dígitos que necesitas para iniciar sesión aunque no tengas tu iPhone. Para obtener más información, visita las páginas de Soporte técnico de Apple.""}},""transactionId"":""f5cc0e16-a463-4b74-83df-ef5d31bbbd42-1789063539782""}"
True;5124718;2026-09-10 15:06:51.503000;2026-09-10 00:00:00;63901084;CREATEORDER;SM2KM75FCF0;MFYN4BE/A;"{""orderDetailsResponses"":{""deviceEligibility"":{""secondaryDisplay"":""0"",""partDescription"":""AppleCare+ con robo y pérdida para iPhone 17 Pro Max"",""coverageDuration"":""2"",""productStatement"":""Tu AppleCare+ con robo y pérdida para iPhone 17 Pro Max amplía la cobertura de servicio y soporte técnico a 2 años desde la fecha de compra de AppleCare+ con robo y pérdida e incluye cobertura para una cantidad ilimitada de incidentes por daño accidental debido a la manipulación del producto o un máximo de dos incidentes de robo y pérdida cada 12 meses, cada uno de ellos sujeto a un cargo adicional de R$96000  por Otros daños accidentales o de R$28000  por los daños de la pantalla o la carcasa externa o de R$144000  por robo o pérdida. Lee todos los detalles en los Términos y condiciones de AppleCare+."",""deviceDateOfPurchase"":""10/09/2026"",""deviceId"":""SM2KM75FCF0"",""registeredDevice"":""1"",""pocType"":""APOC"",""serialNumber"":""M2KM75FCF0"",""partNumber"":""SX382ZX/A"",""partAlias"":""ACPTL"",""purchaseMode"":""C"",""productDescription"":""iPhone 17 Pro Max"",""tlDisclosure"":""La cobertura de robo y pérdida requiere que tengas la función Buscar habilitada en tu dispositivo antes de que se pierda o te lo roben. Durante el proceso de reclamación, te pediremos que uses la función Buscar para poner el dispositivo perdido o robado en modo Perdido, borrarlo y transferir la propiedad a Apple para que podamos asignarte un nuevo dispositivo. Para asegurarte de que puedas iniciar sesión en Buscar y acceder a esta función, es importante que recuerdes tu ID de Apple y contraseña, y que mantengas la información de tu cuenta actualizada. Si usas la autenticación de doble factor para el ID de Apple, te recomendamos que añadas un número de teléfono adicional de confianza a tu cuenta en el que puedas recibir el código de verificación de 6 dígitos que necesitas para iniciar sesión aunque no tengas tu iPhone. Para obtener más información, visita las páginas de Soporte técnico de Apple.""},""orderConfirmation"":{""agreementNumber"":""328419540466"",""coverageDurationStatement"":""Finaliza el 09/09/2028"",""termConditionURL"":""http://www.apple.com/legal/sales-support/"",""partNumber"":""SX382ZX/A"",""partAlias"":""ACPTL"",""partType"":""AC+TL"",""purchaseMode"":""C"",""appleCareSalesDate"":""10/09/2026"",""pocType"":""APOC"",""purchaseOrderNumber"":""63901084""}},""transactionId"":""7fb438de-0d3d-4805-875d-9e5ea4084f33-1789063606820""}"
True;5172761;2026-09-10 15:24:11.503000;2026-09-10 00:00:00;101151;VERIFYORDER;D39GLWVGW3;MG8H4BE/A;"{""orderDetailsResponses"":{""deviceEligibility"":{""secondaryDisplay"":""0"",""partDescription"":""AppleCare+ con robo y pérdida para iPhone 17 Pro"",""coverageDuration"":""2"",""productStatement"":""Tu AppleCare+ con robo y pérdida para iPhone 17 Pro amplía la cobertura de servicio y soporte técnico a 2 años desde la fecha de compra de AppleCare+ con robo y pérdida e incluye cobertura para una cantidad ilimitada de incidentes por daño accidental debido a la manipulación del producto o un máximo de dos incidentes de robo y pérdida cada 12 meses, cada uno de ellos sujeto a un cargo adicional de R$96000  por Otros daños accidentales o de R$28000  por los daños de la pantalla o la carcasa externa o de R$144000  por robo o pérdida. Lee todos los detalles en los Términos y condiciones de AppleCare+."",""deviceDateOfPurchase"":""10/09/2026"",""deviceId"":""D39GLWVGW3"",""registeredDevice"":""1"",""pocType"":""APOC"",""serialNumber"":""D39GLWVGW3"",""partNumber"":""SX342ZX/A"",""partAlias"":""ACPTL"",""purchaseMode"":""C"",""productDescription"":""iPhone 17 Pro"",""tlDisclosure"":""La cobertura de robo y pérdida requiere que tengas la función Buscar habilitada en tu dispositivo antes de que se pierda o te lo roben. Durante el proceso de reclamación, te pediremos que uses la función Buscar para poner el dispositivo perdido o robado en modo Perdido, borrarlo y transferir la propiedad a Apple para que podamos asignarte un nuevo dispositivo. Para asegurarte de que puedas iniciar sesión en Buscar y acceder a esta función, es importante que recuerdes tu ID de Apple y contraseña, y que mantengas la información de tu cuenta actualizada. Si usas la autenticación de doble factor para el ID de Apple, te recomendamos que añadas un número de teléfono adicional de confianza a tu cuenta en el que puedas recibir el código de verificación de 6 dígitos que necesitas para iniciar sesión aunque no tengas tu iPhone. Para obtener más información, visita las páginas de Soporte técnico de Apple.""}},""transactionId"":""a9019975-1ddb-4f94-b0b5-4fdc68fdf6a6-1789064650862""}"
True;5172761;2026-09-10 15:31:56.737000;2026-09-10 00:00:00;101151;CREATEORDER;D39GLWVGW3;MG8H4BE/A;"{""orderDetailsResponses"":{""deviceEligibility"":{""secondaryDisplay"":""0"",""partDescription"":""AppleCare+ con robo y pérdida para iPhone 17 Pro"",""coverageDuration"":""2"",""productStatement"":""Tu AppleCare+ con robo y pérdida para iPhone 17 Pro amplía la cobertura de servicio y soporte técnico a 2 años desde la fecha de compra de AppleCare+ con robo y pérdida e incluye cobertura para una cantidad ilimitada de incidentes por daño accidental debido a la manipulación del producto o un máximo de dos incidentes de robo y pérdida cada 12 meses, cada uno de ellos sujeto a un cargo adicional de R$96000  por Otros daños accidentales o de R$28000  por los daños de la pantalla o la carcasa externa o de R$144000  por robo o pérdida. Lee todos los detalles en los Términos y condiciones de AppleCare+."",""deviceDateOfPurchase"":""10/09/2026"",""deviceId"":""D39GLWVGW3"",""registeredDevice"":""1"",""pocType"":""APOC"",""serialNumber"":""D39GLWVGW3"",""partNumber"":""SX342ZX/A"",""partAlias"":""ACPTL"",""purchaseMode"":""C"",""productDescription"":""iPhone 17 Pro"",""tlDisclosure"":""La cobertura de robo y pérdida requiere que tengas la función Buscar habilitada en tu dispositivo antes de que se pierda o te lo roben. Durante el proceso de reclamación, te pediremos que uses la función Buscar para poner el dispositivo perdido o robado en modo Perdido, borrarlo y transferir la propiedad a Apple para que podamos asignarte un nuevo dispositivo. Para asegurarte de que puedas iniciar sesión en Buscar y acceder a esta función, es importante que recuerdes tu ID de Apple y contraseña, y que mantengas la información de tu cuenta actualizada. Si usas la autenticación de doble factor para el ID de Apple, te recomendamos que añadas un número de teléfono adicional de confianza a tu cuenta en el que puedas recibir el código de verificación de 6 dígitos que necesitas para iniciar sesión aunque no tengas tu iPhone. Para obtener más información, visita las páginas de Soporte técnico de Apple.""},""orderConfirmation"":{""agreementNumber"":""328419542410"",""coverageDurationStatement"":""Finaliza el 09/09/2028"",""termConditionURL"":""http://www.apple.com/legal/sales-support/"",""partNumber"":""SX342ZX/A"",""partAlias"":""ACPTL"",""partType"":""AC+TL"",""purchaseMode"":""C"",""appleCareSalesDate"":""10/09/2026"",""pocType"":""APOC"",""purchaseOrderNumber"":""101151""}},""transactionId"":""73be032e-03fd-4d22-935f-ee14f0dd8623-1789065111822""}"
True;5163014;2026-09-10 15:34:19.823000;2026-09-10 00:00:00;47301033;VERIFYORDER;SDGM65GQ3X6;MFYN4BE/A;"{""orderDetailsResponses"":{""deviceEligibility"":{""secondaryDisplay"":""0"",""partDescription"":""AppleCare+ con robo y pérdida para iPhone 17 Pro Max"",""coverageDuration"":""2"",""productStatement"":""Tu AppleCare+ con robo y pérdida para iPhone 17 Pro Max amplía la cobertura de servicio y soporte técnico a 2 años desde la fecha de compra de AppleCare+ con robo y pérdida e incluye cobertura para una cantidad ilimitada de incidentes por daño accidental debido a la manipulación del producto o un máximo de dos incidentes de robo y pérdida cada 12 meses, cada uno de ellos sujeto a un cargo adicional de R$96000  por Otros daños accidentales o de R$28000  por los daños de la pantalla o la carcasa externa o de R$144000  por robo o pérdida. Lee todos los detalles en los Términos y condiciones de AppleCare+."",""deviceDateOfPurchase"":""10/09/2026"",""deviceId"":""SDGM65GQ3X6"",""registeredDevice"":""1"",""pocType"":""APOC"",""serialNumber"":""DGM65GQ3X6"",""partNumber"":""SX382ZX/A"",""partAlias"":""ACPTL"",""purchaseMode"":""C"",""productDescription"":""iPhone 17 Pro Max"",""tlDisclosure"":""La cobertura de robo y pérdida requiere que tengas la función Buscar habilitada en tu dispositivo antes de que se pierda o te lo roben. Durante el proceso de reclamación, te pediremos que uses la función Buscar para poner el dispositivo perdido o robado en modo Perdido, borrarlo y transferir la propiedad a Apple para que podamos asignarte un nuevo dispositivo. Para asegurarte de que puedas iniciar sesión en Buscar y acceder a esta función, es importante que recuerdes tu ID de Apple y contraseña, y que mantengas la información de tu cuenta actualizada. Si usas la autenticación de doble factor para el ID de Apple, te recomendamos que añadas un número de teléfono adicional de confianza a tu cuenta en el que puedas recibir el código de verificación de 6 dígitos que necesitas para iniciar sesión aunque no tengas tu iPhone. Para obtener más información, visita las páginas de Soporte técnico de Apple.""}},""transactionId"":""651c1f4e-d12d-4908-b48b-03c7f40a5d42-1789065259222""}"
True;5163014;2026-09-10 15:37:56.060000;2026-09-10 00:00:00;47301033;CREATEORDER;SDGM65GQ3X6;MFYN4BE/A;"{""orderDetailsResponses"":{""deviceEligibility"":{""secondaryDisplay"":""0"",""partDescription"":""AppleCare+ con robo y pérdida para iPhone 17 Pro Max"",""coverageDuration"":""2"",""productStatement"":""Tu AppleCare+ con robo y pérdida para iPhone 17 Pro Max amplía la cobertura de servicio y soporte técnico a 2 años desde la fecha de compra de AppleCare+ con robo y pérdida e incluye cobertura para una cantidad ilimitada de incidentes por daño accidental debido a la manipulación del producto o un máximo de dos incidentes de robo y pérdida cada 12 meses, cada uno de ellos sujeto a un cargo adicional de R$96000  por Otros daños accidentales o de R$28000  por los daños de la pantalla o la carcasa externa o de R$144000  por robo o pérdida. Lee todos los detalles en los Términos y condiciones de AppleCare+."",""deviceDateOfPurchase"":""10/09/2026"",""deviceId"":""SDGM65GQ3X6"",""registeredDevice"":""1"",""pocType"":""APOC"",""serialNumber"":""DGM65GQ3X6"",""partNumber"":""SX382ZX/A"",""partAlias"":""ACPTL"",""purchaseMode"":""C"",""productDescription"":""iPhone 17 Pro Max"",""tlDisclosure"":""La cobertura de robo y pérdida requiere que tengas la función Buscar habilitada en tu dispositivo antes de que se pierda o te lo roben. Durante el proceso de reclamación, te pediremos que uses la función Buscar para poner el dispositivo perdido o robado en modo Perdido, borrarlo y transferir la propiedad a Apple para que podamos asignarte un nuevo dispositivo. Para asegurarte de que puedas iniciar sesión en Buscar y acceder a esta función, es importante que recuerdes tu ID de Apple y contraseña, y que mantengas la información de tu cuenta actualizada. Si usas la autenticación de doble factor para el ID de Apple, te recomendamos que añadas un número de teléfono adicional de confianza a tu cuenta en el que puedas recibir el código de verificación de 6 dígitos que necesitas para iniciar sesión aunque no tengas tu iPhone. Para obtener más información, visita las páginas de Soporte técnico de Apple.""},""orderConfirmation"":{""agreementNumber"":""328419521566"",""coverageDurationStatement"":""Finaliza el 09/09/2028"",""termConditionURL"":""http://www.apple.com/legal/sales-support/"",""partNumber"":""SX382ZX/A"",""partAlias"":""ACPTL"",""partType"":""AC+TL"",""purchaseMode"":""C"",""appleCareSalesDate"":""10/09/2026"",""pocType"":""APOC"",""purchaseOrderNumber"":""47301033""}},""transactionId"":""03bce049-78c3-4d21-b95a-9f7cb9d30f1d-1789065470882""}"
True;1337861;2026-09-10 15:49:46.863000;2026-09-10 00:00:00;101155;VERIFYORDER;sj3yx63gqgc;MFHP4AM/A;"{""orderDetailsResponses"":{""deviceEligibility"":{""secondaryDisplay"":""0"",""partDescription"":""AppleCare+ para Headphones - AirPods Pro"",""coverageDuration"":""2"",""productStatement"":""AppleCare+ para Headphones - AirPods Pro amplía la cobertura de servicio y soporte técnico a 2 años desde la fecha de compra de AppleCare+ e incluye cobertura para una cantidad ilimitada de incidentes por daño accidental debido a la manipulación del producto, cada uno de ellos sujeto a un cargo adicional de R$28000 . Lee todos los detalles en los Términos y condiciones de AppleCare+."",""deviceDateOfPurchase"":""10/09/2026"",""deviceId"":""SJ3YX63GQGC"",""registeredDevice"":""1"",""pocType"":""APOC"",""serialNumber"":""J3YX63GQGC"",""partNumber"":""SYLW2ZX/A"",""partAlias"":""ACP"",""purchaseMode"":""C"",""productDescription"":""AirPods Pro 3""}},""transactionId"":""7d65894e-1b55-4fd7-8af0-e1b7762fa20d-1789066186332""}"
True;1337861;2026-09-10 15:51:19.637000;2026-09-10 00:00:00;101155;CREATEORDER;sj3yx63gqgc;MFHP4AM/A;"{""orderDetailsResponses"":{""deviceEligibility"":{""secondaryDisplay"":""0"",""partDescription"":""AppleCare+ para Headphones - AirPods Pro"",""coverageDuration"":""2"",""productStatement"":""AppleCare+ para Headphones - AirPods Pro amplía la cobertura de servicio y soporte técnico a 2 años desde la fecha de compra de AppleCare+ e incluye cobertura para una cantidad ilimitada de incidentes por daño accidental debido a la manipulación del producto, cada uno de ellos sujeto a un cargo adicional de R$28000 . Lee todos los detalles en los Términos y condiciones de AppleCare+."",""deviceDateOfPurchase"":""10/09/2026"",""deviceId"":""SJ3YX63GQGC"",""registeredDevice"":""1"",""pocType"":""APOC"",""serialNumber"":""J3YX63GQGC"",""partNumber"":""SYLW2ZX/A"",""partAlias"":""ACP"",""purchaseMode"":""C"",""productDescription"":""AirPods Pro 3""},""orderConfirmation"":{""agreementNumber"":""328419503918"",""coverageDurationStatement"":""Finaliza el 09/09/2028"",""termConditionURL"":""http://www.apple.com/legal/sales-support/"",""partNumber"":""SYLW2ZX/A"",""partAlias"":""ACP"",""partType"":""AppleCare+"",""purchaseMode"":""C"",""appleCareSalesDate"":""10/09/2026"",""pocType"":""APOC"",""purchaseOrderNumber"":""101155""}},""transactionId"":""c85856d3-f17b-4a46-924d-fd766c7c1304-1789066274840""}"
True;1333391;2026-09-10 16:22:15.710000;2026-09-10 00:00:00;601168;VERIFYORDER;SDRX7TTFK2T;MHFH4CI/A;"{""orderDetailsResponses"":{""deviceEligibility"":{""secondaryDisplay"":""0"",""partDescription"":""AppleCare+ para 13-inch MacBook Neo (A18PRO)"",""coverageDuration"":""3"",""productStatement"":""AppleCare+ para 13-inch MacBook Neo (A18PRO) amplía la cobertura de servicio y soporte técnico a 3 años desde la fecha de compra de AppleCare+ e incluye cobertura para una cantidad ilimitada de incidentes por daño accidental debido a la manipulación del producto, cada uno de ellos sujeto a un cargo adicional de R$51990  por daños en la pantalla o la carcasa externa o de R$156990  por Otros daños accidentales. Lee todos los detalles en los Términos y condiciones de AppleCare+."",""deviceDateOfPurchase"":""10/09/2026"",""deviceId"":""SDRX7TTFK2T"",""registeredDevice"":""1"",""pocType"":""APOC"",""serialNumber"":""DRX7TTFK2T"",""partNumber"":""SD0T3ZX/A"",""partAlias"":""ACP"",""purchaseMode"":""C"",""productDescription"":""MacBook Neo""}},""transactionId"":""0cfd4a3e-f06d-4bb3-ad92-0955ca66ca3c-1789068135021""}"
True;1333391;2026-09-10 16:26:49.317000;2026-09-10 00:00:00;601168;CREATEORDER;SDRX7TTFK2T;MHFH4CI/A;"{""orderDetailsResponses"":{""deviceEligibility"":{""secondaryDisplay"":""0"",""partDescription"":""AppleCare+ para 13-inch MacBook Neo (A18PRO)"",""coverageDuration"":""3"",""productStatement"":""AppleCare+ para 13-inch MacBook Neo (A18PRO) amplía la cobertura de servicio y soporte técnico a 3 años desde la fecha de compra de AppleCare+ e incluye cobertura para una cantidad ilimitada de incidentes por daño accidental debido a la manipulación del producto, cada uno de ellos sujeto a un cargo adicional de R$51990  por daños en la pantalla o la carcasa externa o de R$156990  por Otros daños accidentales. Lee todos los detalles en los Términos y condiciones de AppleCare+."",""deviceDateOfPurchase"":""10/09/2026"",""deviceId"":""SDRX7TTFK2T"",""registeredDevice"":""1"",""pocType"":""APOC"",""serialNumber"":""DRX7TTFK2T"",""partNumber"":""SD0T3ZX/A"",""partAlias"":""ACP"",""purchaseMode"":""C"",""productDescription"":""MacBook Neo""},""orderConfirmation"":{""agreementNumber"":""328419520725"",""coverageDurationStatement"":""Finaliza el 09/09/2029"",""termConditionURL"":""http://www.apple.com/legal/sales-support/"",""partNumber"":""SD0T3ZX/A"",""partAlias"":""ACP"",""partType"":""AppleCare+"",""purchaseMode"":""C"",""appleCareSalesDate"":""10/09/2026"",""pocType"":""APOC"",""purchaseOrderNumber"":""601168""}},""transactionId"":""c0b3a745-9051-4b43-b0c7-43d479623e5d-1789068404259""}"
True;1325729;2026-09-10 16:59:48.233000;2026-09-10 00:00:00;5501137;VERIFYORDER;SFJFQQC27MD;MH9H4CI/A;"{""orderDetailsResponses"":{""deviceEligibility"":{""secondaryDisplay"":""1"",""partDescription"":""AppleCare+ para iPad Air 13-inch (M4)"",""coverageDuration"":""2"",""productStatement"":""AppleCare+ para iPad Air 13-inch (M4) amplía la cobertura de servicio y soporte técnico a 2 años desde la fecha de compra de AppleCare+ e incluye cobertura para una cantidad ilimitada de incidentes por daño accidental debido a la manipulación del producto, cada uno de ellos sujeto a un cargo adicional de R$28000  por Apple Pencil / Keyboard o de R$28000  por Daños que afectan solo a la pantalla o de R$96000  por Otros daños accidentales. Lee todos los detalles en los Términos y condiciones de AppleCare+."",""deviceDateOfPurchase"":""10/09/2026"",""deviceId"":""SFJFQQC27MD"",""registeredDevice"":""1"",""pocType"":""APOC"",""serialNumber"":""FJFQQC27MD"",""partNumber"":""SCVD3ZX/A"",""partAlias"":""ACP"",""purchaseMode"":""C"",""productDescription"":""iPad Air 13-inch (M4) Wi-Fi + Cellular""}},""transactionId"":""7b693d5e-2e47-4292-a7a2-e774a688b4bf-1789070387730""}"
True;1333725;2026-09-10 17:01:34.043000;2026-09-10 00:00:00;57901087;VERIFYORDER;SFD99R9XCVX;MFHP4AM/A;"{""orderDetailsResponses"":{""deviceEligibility"":{""secondaryDisplay"":""0"",""partDescription"":""AppleCare+ para Headphones - AirPods Pro"",""coverageDuration"":""2"",""productStatement"":""AppleCare+ para Headphones - AirPods Pro amplía la cobertura de servicio y soporte técnico a 2 años desde la fecha de compra de AppleCare+ e incluye cobertura para una cantidad ilimitada de incidentes por daño accidental debido a la manipulación del producto, cada uno de ellos sujeto a un cargo adicional de R$28000 . Lee todos los detalles en los Términos y condiciones de AppleCare+."",""deviceDateOfPurchase"":""10/09/2026"",""deviceId"":""SFD99R9XCVX"",""registeredDevice"":""1"",""pocType"":""APOC"",""serialNumber"":""FD99R9XCVX"",""partNumber"":""SYLW2ZX/A"",""partAlias"":""ACP"",""purchaseMode"":""C"",""productDescription"":""AirPods Pro 3""}},""transactionId"":""4aa7044f-b396-48b1-b1f0-fadf6e35c2f4-1789070493417""}"
True;1325729;2026-09-10 17:02:36.087000;2026-09-10 00:00:00;5501137;CREATEORDER;SFJFQQC27MD;MH9H4CI/A;"{""orderDetailsResponses"":{""deviceEligibility"":{""secondaryDisplay"":""1"",""partDescription"":""AppleCare+ para iPad Air 13-inch (M4)"",""coverageDuration"":""2"",""productStatement"":""AppleCare+ para iPad Air 13-inch (M4) amplía la cobertura de servicio y soporte técnico a 2 años desde la fecha de compra de AppleCare+ e incluye cobertura para una cantidad ilimitada de incidentes por daño accidental debido a la manipulación del producto, cada uno de ellos sujeto a un cargo adicional de R$28000  por Apple Pencil / Keyboard o de R$28000  por Daños que afectan solo a la pantalla o de R$96000  por Otros daños accidentales. Lee todos los detalles en los Términos y condiciones de AppleCare+."",""deviceDateOfPurchase"":""10/09/2026"",""deviceId"":""SFJFQQC27MD"",""registeredDevice"":""1"",""pocType"":""APOC"",""serialNumber"":""FJFQQC27MD"",""partNumber"":""SCVD3ZX/A"",""partAlias"":""ACP"",""purchaseMode"":""C"",""productDescription"":""iPad Air 13-inch (M4) Wi-Fi + Cellular""},""orderConfirmation"":{""agreementNumber"":""328419541722"",""coverageDurationStatement"":""Finaliza el 09/09/2028"",""termConditionURL"":""http://www.apple.com/legal/sales-support/"",""partNumber"":""SCVD3ZX/A"",""partAlias"":""ACP"",""partType"":""AppleCare+"",""purchaseMode"":""C"",""appleCareSalesDate"":""10/09/2026"",""pocType"":""APOC"",""purchaseOrderNumber"":""5501137""}},""transactionId"":""9347bc7f-ef44-4d3e-9bac-83f0548ae27d-1789070551062""}"
True;5186901;2026-09-10 17:05:41.433000;2026-09-10 00:00:00;22401065;VERIFYORDER;SGNPC9X19JR;MDHG4CI/A;"{""orderDetailsResponses"":{""deviceEligibility"":{""secondaryDisplay"":""1"",""partDescription"":""AppleCare+ para 13-inch MacBook Air (M5)"",""coverageDuration"":""3"",""productStatement"":""AppleCare+ para 13-inch MacBook Air (M5) amplía la cobertura de servicio y soporte técnico a 3 años desde la fecha de compra de AppleCare+ e incluye cobertura para una cantidad ilimitada de incidentes por daño accidental debido a la manipulación del producto, cada uno de ellos sujeto a un cargo adicional de R$96000  por daños en la pantalla o la carcasa externa o de R$289000  por Otros daños accidentales. Lee todos los detalles en los Términos y condiciones de AppleCare+."",""deviceDateOfPurchase"":""10/09/2026"",""deviceId"":""SGNPC9X19JR"",""registeredDevice"":""1"",""pocType"":""APOC"",""serialNumber"":""GNPC9X19JR"",""partNumber"":""SCW83ZX/A"",""partAlias"":""ACP"",""purchaseMode"":""C"",""productDescription"":""MacBook Air (13-inch, M5)""}},""transactionId"":""be027ecf-ec15-4cf8-8934-de5e0c668147-1789070740908""}"
True;1333725;2026-09-10 17:11:03.193000;2026-09-10 00:00:00;57901087;CREATEORDER;SFD99R9XCVX;MFHP4AM/A;"{""orderDetailsResponses"":{""deviceEligibility"":{""secondaryDisplay"":""0"",""partDescription"":""AppleCare+ para Headphones - AirPods Pro"",""coverageDuration"":""2"",""productStatement"":""AppleCare+ para Headphones - AirPods Pro amplía la cobertura de servicio y soporte técnico a 2 años desde la fecha de compra de AppleCare+ e incluye cobertura para una cantidad ilimitada de incidentes por daño accidental debido a la manipulación del producto, cada uno de ellos sujeto a un cargo adicional de R$28000 . Lee todos los detalles en los Términos y condiciones de AppleCare+."",""deviceDateOfPurchase"":""10/09/2026"",""deviceId"":""SFD99R9XCVX"",""registeredDevice"":""1"",""pocType"":""APOC"",""serialNumber"":""FD99R9XCVX"",""partNumber"":""SYLW2ZX/A"",""partAlias"":""ACP"",""purchaseMode"":""C"",""productDescription"":""AirPods Pro 3""},""orderConfirmation"":{""agreementNumber"":""328419522919"",""coverageDurationStatement"":""Finaliza el 09/09/2028"",""termConditionURL"":""http://www.apple.com/legal/sales-support/"",""partNumber"":""SYLW2ZX/A"",""partAlias"":""ACP"",""partType"":""AppleCare+"",""purchaseMode"":""C"",""appleCareSalesDate"":""10/09/2026"",""pocType"":""APOC"",""purchaseOrderNumber"":""57901087""}},""transactionId"":""9faf8857-75d5-474e-8d3c-1a50c30d588a-1789071058071""}"
True;5186901;2026-09-10 17:15:13.717000;2026-09-10 00:00:00;22401065;CREATEORDER;SGNPC9X19JR;MDHG4CI/A;"{""orderDetailsResponses"":{""deviceEligibility"":{""secondaryDisplay"":""1"",""partDescription"":""AppleCare+ para 13-inch MacBook Air (M5)"",""coverageDuration"":""3"",""productStatement"":""AppleCare+ para 13-inch MacBook Air (M5) amplía la cobertura de servicio y soporte técnico a 3 años desde la fecha de compra de AppleCare+ e incluye cobertura para una cantidad ilimitada de incidentes por daño accidental debido a la manipulación del producto, cada uno de ellos sujeto a un cargo adicional de R$96000  por daños en la pantalla o la carcasa externa o de R$289000  por Otros daños accidentales. Lee todos los detalles en los Términos y condiciones de AppleCare+."",""deviceDateOfPurchase"":""10/09/2026"",""deviceId"":""SGNPC9X19JR"",""registeredDevice"":""1"",""pocType"":""APOC"",""serialNumber"":""GNPC9X19JR"",""partNumber"":""SCW83ZX/A"",""partAlias"":""ACP"",""purchaseMode"":""C"",""productDescription"":""MacBook Air (13-inch, M5)""},""orderConfirmation"":{""agreementNumber"":""328419541795"",""coverageDurationStatement"":""Finaliza el 09/09/2029"",""termConditionURL"":""http://www.apple.com/legal/sales-support/"",""partNumber"":""SCW83ZX/A"",""partAlias"":""ACP"",""partType"":""AppleCare+"",""purchaseMode"":""C"",""appleCareSalesDate"":""10/09/2026"",""pocType"":""APOC"",""purchaseOrderNumber"":""22401065""}},""transactionId"":""be4cab8f-2b91-4ee8-af0b-37245340a1cf-1789071311139""}"
True;5186597;2026-09-10 17:16:33.483000;2026-09-10 00:00:00;28401094;VERIFYORDER;CVFK3MPXYH;MFYX4BE/A;"{""orderDetailsResponses"":{""deviceEligibility"":{""secondaryDisplay"":""0"",""partDescription"":""AppleCare+ con robo y pérdida para iPhone 17 Pro Max"",""coverageDuration"":""2"",""productStatement"":""Tu AppleCare+ con robo y pérdida para iPhone 17 Pro Max amplía la cobertura de servicio y soporte técnico a 2 años desde la fecha de compra de AppleCare+ con robo y pérdida e incluye cobertura para una cantidad ilimitada de incidentes por daño accidental debido a la manipulación del producto o un máximo de dos incidentes de robo y pérdida cada 12 meses, cada uno de ellos sujeto a un cargo adicional de R$96000  por Otros daños accidentales o de R$28000  por los daños de la pantalla o la carcasa externa o de R$144000  por robo o pérdida. Lee todos los detalles en los Términos y condiciones de AppleCare+."",""deviceDateOfPurchase"":""16/08/2026"",""deviceId"":""CVFK3MPXYH"",""registeredDevice"":""0"",""pocType"":""APOC"",""serialNumber"":""CVFK3MPXYH"",""partNumber"":""SX382ZX/A"",""partAlias"":""ACPTL"",""purchaseMode"":""I"",""productDescription"":""iPhone 17 Pro Max"",""tlDisclosure"":""La cobertura de robo y pérdida requiere que tengas la función Buscar habilitada en tu dispositivo antes de que se pierda o te lo roben. Durante el proceso de reclamación, te pediremos que uses la función Buscar para poner el dispositivo perdido o robado en modo Perdido, borrarlo y transferir la propiedad a Apple para que podamos asignarte un nuevo dispositivo. Para asegurarte de que puedas iniciar sesión en Buscar y acceder a esta función, es importante que recuerdes tu ID de Apple y contraseña, y que mantengas la información de tu cuenta actualizada. Si usas la autenticación de doble factor para el ID de Apple, te recomendamos que añadas un número de teléfono adicional de confianza a tu cuenta en el que puedas recibir el código de verificación de 6 dígitos que necesitas para iniciar sesión aunque no tengas tu iPhone. Para obtener más información, visita las páginas de Soporte técnico de Apple.""}},""transactionId"":""d1ce21d2-6f75-4111-bf7f-690a79b390ef-1789071392964""}"
True;5186597;2026-09-10 17:17:53.873000;2026-09-10 00:00:00;28401094;CREATEORDER;CVFK3MPXYH;MFYX4BE/A;"{""orderDetailsResponses"":{""deviceEligibility"":{""secondaryDisplay"":""0"",""partDescription"":""AppleCare+ con robo y pérdida para iPhone 17 Pro Max"",""coverageDuration"":""2"",""productStatement"":""Tu AppleCare+ con robo y pérdida para iPhone 17 Pro Max amplía la cobertura de servicio y soporte técnico a 2 años desde la fecha de compra de AppleCare+ con robo y pérdida e incluye cobertura para una cantidad ilimitada de incidentes por daño accidental debido a la manipulación del producto o un máximo de dos incidentes de robo y pérdida cada 12 meses, cada uno de ellos sujeto a un cargo adicional de R$96000  por Otros daños accidentales o de R$28000  por los daños de la pantalla o la carcasa externa o de R$144000  por robo o pérdida. Lee todos los detalles en los Términos y condiciones de AppleCare+."",""deviceDateOfPurchase"":""16/08/2026"",""deviceId"":""CVFK3MPXYH"",""registeredDevice"":""0"",""pocType"":""APOC"",""serialNumber"":""CVFK3MPXYH"",""partNumber"":""SX382ZX/A"",""partAlias"":""ACPTL"",""purchaseMode"":""I"",""productDescription"":""iPhone 17 Pro Max"",""tlDisclosure"":""La cobertura de robo y pérdida requiere que tengas la función Buscar habilitada en tu dispositivo antes de que se pierda o te lo roben. Durante el proceso de reclamación, te pediremos que uses la función Buscar para poner el dispositivo perdido o robado en modo Perdido, borrarlo y transferir la propiedad a Apple para que podamos asignarte un nuevo dispositivo. Para asegurarte de que puedas iniciar sesión en Buscar y acceder a esta función, es importante que recuerdes tu ID de Apple y contraseña, y que mantengas la información de tu cuenta actualizada. Si usas la autenticación de doble factor para el ID de Apple, te recomendamos que añadas un número de teléfono adicional de confianza a tu cuenta en el que puedas recibir el código de verificación de 6 dígitos que necesitas para iniciar sesión aunque no tengas tu iPhone. Para obtener más información, visita las páginas de Soporte técnico de Apple.""},""orderConfirmation"":{""agreementNumber"":""328419560423"",""coverageDurationStatement"":""Finaliza el 09/09/2028"",""termConditionURL"":""http://www.apple.com/legal/sales-support/"",""partNumber"":""SX382ZX/A"",""partAlias"":""ACPTL"",""partType"":""AC+TL"",""purchaseMode"":""I"",""appleCareSalesDate"":""10/09/2026"",""pocType"":""APOC"",""purchaseOrderNumber"":""28401094""}},""transactionId"":""0bf3d3ec-a255-44f9-b744-7f2100abec58-1789071469069""}"
True;1326196;2026-09-10 17:33:08.073000;2026-09-10 00:00:00;11101101;VERIFYORDER;SD0HT2JV4TQ;MHFC4CI/A;"{""orderDetailsResponses"":{""deviceEligibility"":{""secondaryDisplay"":""0"",""partDescription"":""AppleCare+ para 13-inch MacBook Neo (A18PRO)"",""coverageDuration"":""3"",""productStatement"":""AppleCare+ para 13-inch MacBook Neo (A18PRO) amplía la cobertura de servicio y soporte técnico a 3 años desde la fecha de compra de AppleCare+ e incluye cobertura para una cantidad ilimitada de incidentes por daño accidental debido a la manipulación del producto, cada uno de ellos sujeto a un cargo adicional de R$51990  por daños en la pantalla o la carcasa externa o de R$156990  por Otros daños accidentales. Lee todos los detalles en los Términos y condiciones de AppleCare+."",""deviceDateOfPurchase"":""10/09/2026"",""deviceId"":""SD0HT2JV4TQ"",""registeredDevice"":""1"",""pocType"":""APOC"",""serialNumber"":""D0HT2JV4TQ"",""partNumber"":""SD0T3ZX/A"",""partAlias"":""ACP"",""purchaseMode"":""C"",""productDescription"":""MacBook Neo""}},""transactionId"":""a48eeefc-ab73-46f8-9407-4943f73c7ee8-1789072387463""}"
True;5145490;2026-09-10 17:33:29.703000;2026-09-10 00:00:00;23101111;VERIFYORDER;SGK9PW7KXTK;MG6M4BE/A;"{""orderDetailsResponses"":{""deviceEligibility"":{""secondaryDisplay"":""0"",""partDescription"":""AppleCare+ con robo y pérdida para iPhone 17"",""coverageDuration"":""2"",""productStatement"":""Tu AppleCare+ con robo y pérdida para iPhone 17 amplía la cobertura de servicio y soporte técnico a 2 años desde la fecha de compra de AppleCare+ con robo y pérdida e incluye cobertura para una cantidad ilimitada de incidentes por daño accidental debido a la manipulación del producto o un máximo de dos incidentes de robo y pérdida cada 12 meses, cada uno de ellos sujeto a un cargo adicional de R$96000  por Otros daños accidentales o de R$28000  por los daños de la pantalla o la carcasa externa o de R$144000  por robo o pérdida. Lee todos los detalles en los Términos y condiciones de AppleCare+."",""deviceDateOfPurchase"":""10/09/2026"",""deviceId"":""SGK9PW7KXTK"",""registeredDevice"":""1"",""pocType"":""APOC"",""serialNumber"":""GK9PW7KXTK"",""partNumber"":""SX2V2ZX/A"",""partAlias"":""ACPTL"",""purchaseMode"":""C"",""productDescription"":""iPhone 17"",""tlDisclosure"":""La cobertura de robo y pérdida requiere que tengas la función Buscar habilitada en tu dispositivo antes de que se pierda o te lo roben. Durante el proceso de reclamación, te pediremos que uses la función Buscar para poner el dispositivo perdido o robado en modo Perdido, borrarlo y transferir la propiedad a Apple para que podamos asignarte un nuevo dispositivo. Para asegurarte de que puedas iniciar sesión en Buscar y acceder a esta función, es importante que recuerdes tu ID de Apple y contraseña, y que mantengas la información de tu cuenta actualizada. Si usas la autenticación de doble factor para el ID de Apple, te recomendamos que añadas un número de teléfono adicional de confianza a tu cuenta en el que puedas recibir el código de verificación de 6 dígitos que necesitas para iniciar sesión aunque no tengas tu iPhone. Para obtener más información, visita las páginas de Soporte técnico de Apple.""}},""transactionId"":""aca55740-9cb1-4e5d-b42f-1f0b2f237e4c-1789072409079""}"
True;5145490;2026-09-10 17:35:00.557000;2026-09-10 00:00:00;23101111;CREATEORDER;SGK9PW7KXTK;MG6M4BE/A;"{""orderDetailsResponses"":{""deviceEligibility"":{""secondaryDisplay"":""0"",""partDescription"":""AppleCare+ con robo y pérdida para iPhone 17"",""coverageDuration"":""2"",""productStatement"":""Tu AppleCare+ con robo y pérdida para iPhone 17 amplía la cobertura de servicio y soporte técnico a 2 años desde la fecha de compra de AppleCare+ con robo y pérdida e incluye cobertura para una cantidad ilimitada de incidentes por daño accidental debido a la manipulación del producto o un máximo de dos incidentes de robo y pérdida cada 12 meses, cada uno de ellos sujeto a un cargo adicional de R$96000  por Otros daños accidentales o de R$28000  por los daños de la pantalla o la carcasa externa o de R$144000  por robo o pérdida. Lee todos los detalles en los Términos y condiciones de AppleCare+."",""deviceDateOfPurchase"":""10/09/2026"",""deviceId"":""SGK9PW7KXTK"",""registeredDevice"":""1"",""pocType"":""APOC"",""serialNumber"":""GK9PW7KXTK"",""partNumber"":""SX2V2ZX/A"",""partAlias"":""ACPTL"",""purchaseMode"":""C"",""productDescription"":""iPhone 17"",""tlDisclosure"":""La cobertura de robo y pérdida requiere que tengas la función Buscar habilitada en tu dispositivo antes de que se pierda o te lo roben. Durante el proceso de reclamación, te pediremos que uses la función Buscar para poner el dispositivo perdido o robado en modo Perdido, borrarlo y transferir la propiedad a Apple para que podamos asignarte un nuevo dispositivo. Para asegurarte de que puedas iniciar sesión en Buscar y acceder a esta función, es importante que recuerdes tu ID de Apple y contraseña, y que mantengas la información de tu cuenta actualizada. Si usas la autenticación de doble factor para el ID de Apple, te recomendamos que añadas un número de teléfono adicional de confianza a tu cuenta en el que puedas recibir el código de verificación de 6 dígitos que necesitas para iniciar sesión aunque no tengas tu iPhone. Para obtener más información, visita las páginas de Soporte técnico de Apple.""},""orderConfirmation"":{""agreementNumber"":""328419562495"",""coverageDurationStatement"":""Finaliza el 09/09/2028"",""termConditionURL"":""http://www.apple.com/legal/sales-support/"",""partNumber"":""SX2V2ZX/A"",""partAlias"":""ACPTL"",""partType"":""AC+TL"",""purchaseMode"":""C"",""appleCareSalesDate"":""10/09/2026"",""pocType"":""APOC"",""purchaseOrderNumber"":""23101111""}},""transactionId"":""3c3f6771-d477-4691-9c4d-e2fd70ca8122-1789072495838""}"
True;1326196;2026-09-10 17:38:20.910000;2026-09-10 00:00:00;11101101;CREATEORDER;SD0HT2JV4TQ;MHFC4CI/A;"{""orderDetailsResponses"":{""deviceEligibility"":{""secondaryDisplay"":""0"",""partDescription"":""AppleCare+ para 13-inch MacBook Neo (A18PRO)"",""coverageDuration"":""3"",""productStatement"":""AppleCare+ para 13-inch MacBook Neo (A18PRO) amplía la cobertura de servicio y soporte técnico a 3 años desde la fecha de compra de AppleCare+ e incluye cobertura para una cantidad ilimitada de incidentes por daño accidental debido a la manipulación del producto, cada uno de ellos sujeto a un cargo adicional de R$51990  por daños en la pantalla o la carcasa externa o de R$156990  por Otros daños accidentales. Lee todos los detalles en los Términos y condiciones de AppleCare+."",""deviceDateOfPurchase"":""10/09/2026"",""deviceId"":""SD0HT2JV4TQ"",""registeredDevice"":""1"",""pocType"":""APOC"",""serialNumber"":""D0HT2JV4TQ"",""partNumber"":""SD0T3ZX/A"",""partAlias"":""ACP"",""purchaseMode"":""C"",""productDescription"":""MacBook Neo""},""orderConfirmation"":{""agreementNumber"":""328419562513"",""coverageDurationStatement"":""Finaliza el 09/09/2029"",""termConditionURL"":""http://www.apple.com/legal/sales-support/"",""partNumber"":""SD0T3ZX/A"",""partAlias"":""ACP"",""partType"":""AppleCare+"",""purchaseMode"":""C"",""appleCareSalesDate"":""10/09/2026"",""pocType"":""APOC"",""purchaseOrderNumber"":""11101101""}},""transactionId"":""2defd78c-09b5-4941-98bb-04740920104a-1789072696306""}"
True;5168976;2026-09-10 17:55:36.593000;2026-09-10 00:00:00;801152;VERIFYORDER;SDD9YYY0HJR;MG6L4BE/A;"{""orderDetailsResponses"":{""deviceEligibility"":{""secondaryDisplay"":""0"",""partDescription"":""AppleCare+ para iPhone 17"",""coverageDuration"":""2"",""productStatement"":""AppleCare+ para iPhone 17 amplía la cobertura de servicio y soporte técnico a 2 años desde la fecha de compra de AppleCare+ e incluye cobertura para una cantidad ilimitada de incidentes por daño accidental debido a la manipulación del producto, cada uno de ellos sujeto a un cargo adicional de R$96000  por Otros daños accidentales o de R$28000  por los daños de la pantalla o la carcasa externa. Lee todos los detalles en los Términos y condiciones de AppleCare+."",""deviceDateOfPurchase"":""10/09/2026"",""deviceId"":""SDD9YYY0HJR"",""registeredDevice"":""1"",""pocType"":""APOC"",""serialNumber"":""DD9YYY0HJR"",""partNumber"":""SWXT2ZX/A"",""partAlias"":""ACP"",""purchaseMode"":""C"",""productDescription"":""iPhone 17""}},""transactionId"":""f3384ddb-aa2b-4795-92d4-3bea0c3424ad-1789073736080""}"
True;5047308;2026-09-10 17:56:41.690000;2026-09-10 00:00:00;32901075;VERIFYORDER;scyf7lm2fkv;MCNH4CI/A;"{""orderDetailsResponses"":{""deviceEligibility"":{""secondaryDisplay"":""1"",""partDescription"":""AppleCare+ para iPad Air 13-inch (M3)"",""coverageDuration"":""2"",""productStatement"":""AppleCare+ para iPad Air 13-inch (M3) amplía la cobertura de servicio y soporte técnico a 2 años desde la fecha de compra de AppleCare+ e incluye cobertura para una cantidad ilimitada de incidentes por daño accidental debido a la manipulación del producto, cada uno de ellos sujeto a un cargo adicional de R$28000  por Daños que afectan solo a la pantalla o de R$28000  por Apple Pencil / Keyboard o de R$96000  por Otros daños accidentales. Lee todos los detalles en los Términos y condiciones de AppleCare+."",""deviceDateOfPurchase"":""07/08/2026"",""deviceId"":""SCYF7LM2FKV"",""registeredDevice"":""0"",""pocType"":""APOC"",""serialNumber"":""CYF7LM2FKV"",""partNumber"":""SV172ZX/A"",""partAlias"":""ACP"",""purchaseMode"":""I"",""productDescription"":""iPad Air 13-inch (M3) Wi-Fi""}},""transactionId"":""a36d114c-d281-4552-a1cc-c6fb54246366-1789073801138""}"
True;5047308;2026-09-10 17:59:05.500000;2026-09-10 00:00:00;32901075;VERIFYORDER;scyf7lm2fkv;MCNH4CI/A;"{""orderDetailsResponses"":{""deviceEligibility"":{""secondaryDisplay"":""1"",""partDescription"":""AppleCare+ para iPad Air 13-inch (M3)"",""coverageDuration"":""2"",""productStatement"":""AppleCare+ para iPad Air 13-inch (M3) amplía la cobertura de servicio y soporte técnico a 2 años desde la fecha de compra de AppleCare+ e incluye cobertura para una cantidad ilimitada de incidentes por daño accidental debido a la manipulación del producto, cada uno de ellos sujeto a un cargo adicional de R$28000  por Daños que afectan solo a la pantalla o de R$28000  por Apple Pencil / Keyboard o de R$96000  por Otros daños accidentales. Lee todos los detalles en los Términos y condiciones de AppleCare+."",""deviceDateOfPurchase"":""07/08/2026"",""deviceId"":""SCYF7LM2FKV"",""registeredDevice"":""0"",""pocType"":""APOC"",""serialNumber"":""CYF7LM2FKV"",""partNumber"":""SV172ZX/A"",""partAlias"":""ACP"",""purchaseMode"":""I"",""productDescription"":""iPad Air 13-inch (M3) Wi-Fi""}},""transactionId"":""53acb1af-652b-4465-bdaa-087406898e85-1789073944984""}"
True;5047308;2026-09-10 18:00:16.113000;2026-09-10 00:00:00;32901075;CREATEORDER;scyf7lm2fkv;MCNH4CI/A;"{""orderDetailsResponses"":{""deviceEligibility"":{""secondaryDisplay"":""1"",""partDescription"":""AppleCare+ para iPad Air 13-inch (M3)"",""coverageDuration"":""2"",""productStatement"":""AppleCare+ para iPad Air 13-inch (M3) amplía la cobertura de servicio y soporte técnico a 2 años desde la fecha de compra de AppleCare+ e incluye cobertura para una cantidad ilimitada de incidentes por daño accidental debido a la manipulación del producto, cada uno de ellos sujeto a un cargo adicional de R$28000  por Daños que afectan solo a la pantalla o de R$28000  por Apple Pencil / Keyboard o de R$96000  por Otros daños accidentales. Lee todos los detalles en los Términos y condiciones de AppleCare+."",""deviceDateOfPurchase"":""07/08/2026"",""deviceId"":""SCYF7LM2FKV"",""registeredDevice"":""0"",""pocType"":""APOC"",""serialNumber"":""CYF7LM2FKV"",""partNumber"":""SV172ZX/A"",""partAlias"":""ACP"",""purchaseMode"":""I"",""productDescription"":""iPad Air 13-inch (M3) Wi-Fi""},""orderConfirmation"":{""agreementNumber"":""328419605032"",""coverageDurationStatement"":""Finaliza el 09/09/2028"",""termConditionURL"":""http://www.apple.com/legal/sales-support/"",""partNumber"":""SV172ZX/A"",""partAlias"":""ACP"",""partType"":""AppleCare+"",""purchaseMode"":""I"",""appleCareSalesDate"":""10/09/2026"",""pocType"":""APOC"",""purchaseOrderNumber"":""32901075""}},""transactionId"":""f24697aa-2835-4dc7-b443-a552c26e303d-1789074011443""}"
True;5092913;2026-09-10 18:00:28.430000;2026-09-10 00:00:00;12001129;VERIFYORDER;sg5g9l7w74g;MG8G4BE/A;"{""orderDetailsResponses"":{""deviceEligibility"":{""secondaryDisplay"":""0"",""partDescription"":""AppleCare+ con robo y pérdida para iPhone 17 Pro"",""coverageDuration"":""2"",""productStatement"":""Tu AppleCare+ con robo y pérdida para iPhone 17 Pro amplía la cobertura de servicio y soporte técnico a 2 años desde la fecha de compra de AppleCare+ con robo y pérdida e incluye cobertura para una cantidad ilimitada de incidentes por daño accidental debido a la manipulación del producto o un máximo de dos incidentes de robo y pérdida cada 12 meses, cada uno de ellos sujeto a un cargo adicional de R$96000  por Otros daños accidentales o de R$28000  por los daños de la pantalla o la carcasa externa o de R$144000  por robo o pérdida. Lee todos los detalles en los Términos y condiciones de AppleCare+."",""deviceDateOfPurchase"":""06/09/2026"",""deviceId"":""SG5G9L7W74G"",""registeredDevice"":""0"",""pocType"":""APOC"",""serialNumber"":""G5G9L7W74G"",""partNumber"":""SX342ZX/A"",""partAlias"":""ACPTL"",""purchaseMode"":""I"",""productDescription"":""iPhone 17 Pro"",""tlDisclosure"":""La cobertura de robo y pérdida requiere que tengas la función Buscar habilitada en tu dispositivo antes de que se pierda o te lo roben. Durante el proceso de reclamación, te pediremos que uses la función Buscar para poner el dispositivo perdido o robado en modo Perdido, borrarlo y transferir la propiedad a Apple para que podamos asignarte un nuevo dispositivo. Para asegurarte de que puedas iniciar sesión en Buscar y acceder a esta función, es importante que recuerdes tu ID de Apple y contraseña, y que mantengas la información de tu cuenta actualizada. Si usas la autenticación de doble factor para el ID de Apple, te recomendamos que añadas un número de teléfono adicional de confianza a tu cuenta en el que puedas recibir el código de verificación de 6 dígitos que necesitas para iniciar sesión aunque no tengas tu iPhone. Para obtener más información, visita las páginas de Soporte técnico de Apple.""}},""transactionId"":""d3d762c0-2f2e-42dd-8909-e1244aefcf38-1789074027899""}"
True;5092913;2026-09-10 18:02:20.027000;2026-09-10 00:00:00;12001129;VERIFYORDER;sg5g9l7w74g;MG8G4BE/A;"{""orderDetailsResponses"":{""deviceEligibility"":{""secondaryDisplay"":""0"",""partDescription"":""AppleCare+ con robo y pérdida para iPhone 17 Pro"",""coverageDuration"":""2"",""productStatement"":""Tu AppleCare+ con robo y pérdida para iPhone 17 Pro amplía la cobertura de servicio y soporte técnico a 2 años desde la fecha de compra de AppleCare+ con robo y pérdida e incluye cobertura para una cantidad ilimitada de incidentes por daño accidental debido a la manipulación del producto o un máximo de dos incidentes de robo y pérdida cada 12 meses, cada uno de ellos sujeto a un cargo adicional de R$96000  por Otros daños accidentales o de R$28000  por los daños de la pantalla o la carcasa externa o de R$144000  por robo o pérdida. Lee todos los detalles en los Términos y condiciones de AppleCare+."",""deviceDateOfPurchase"":""06/09/2026"",""deviceId"":""SG5G9L7W74G"",""registeredDevice"":""0"",""pocType"":""APOC"",""serialNumber"":""G5G9L7W74G"",""partNumber"":""SX342ZX/A"",""partAlias"":""ACPTL"",""purchaseMode"":""I"",""productDescription"":""iPhone 17 Pro"",""tlDisclosure"":""La cobertura de robo y pérdida requiere que tengas la función Buscar habilitada en tu dispositivo antes de que se pierda o te lo roben. Durante el proceso de reclamación, te pediremos que uses la función Buscar para poner el dispositivo perdido o robado en modo Perdido, borrarlo y transferir la propiedad a Apple para que podamos asignarte un nuevo dispositivo. Para asegurarte de que puedas iniciar sesión en Buscar y acceder a esta función, es importante que recuerdes tu ID de Apple y contraseña, y que mantengas la información de tu cuenta actualizada. Si usas la autenticación de doble factor para el ID de Apple, te recomendamos que añadas un número de teléfono adicional de confianza a tu cuenta en el que puedas recibir el código de verificación de 6 dígitos que necesitas para iniciar sesión aunque no tengas tu iPhone. Para obtener más información, visita las páginas de Soporte técnico de Apple.""}},""transactionId"":""e30f6ad8-54f1-4be3-9161-facb55af2157-1789074139514""}"
True;5168976;2026-09-10 18:02:42.817000;2026-09-10 00:00:00;801152;CREATEORDER;SDD9YYY0HJR;MG6L4BE/A;"{""orderDetailsResponses"":{""deviceEligibility"":{""secondaryDisplay"":""0"",""partDescription"":""AppleCare+ para iPhone 17"",""coverageDuration"":""2"",""productStatement"":""AppleCare+ para iPhone 17 amplía la cobertura de servicio y soporte técnico a 2 años desde la fecha de compra de AppleCare+ e incluye cobertura para una cantidad ilimitada de incidentes por daño accidental debido a la manipulación del producto, cada uno de ellos sujeto a un cargo adicional de R$96000  por Otros daños accidentales o de R$28000  por los daños de la pantalla o la carcasa externa. Lee todos los detalles en los Términos y condiciones de AppleCare+."",""deviceDateOfPurchase"":""10/09/2026"",""deviceId"":""SDD9YYY0HJR"",""registeredDevice"":""1"",""pocType"":""APOC"",""serialNumber"":""DD9YYY0HJR"",""partNumber"":""SWXT2ZX/A"",""partAlias"":""ACP"",""purchaseMode"":""C"",""productDescription"":""iPhone 17""},""orderConfirmation"":{""agreementNumber"":""328419602196"",""coverageDurationStatement"":""Finaliza el 09/09/2028"",""termConditionURL"":""http://www.apple.com/legal/sales-support/"",""partNumber"":""SWXT2ZX/A"",""partAlias"":""ACP"",""partType"":""AppleCare+"",""purchaseMode"":""C"",""appleCareSalesDate"":""10/09/2026"",""pocType"":""APOC"",""purchaseOrderNumber"":""801152""}},""transactionId"":""bc9fbfb3-eda8-4acc-9df0-b84c250f5357-1789074158045""}"
True;5092913;2026-09-10 18:05:14.813000;2026-09-10 00:00:00;12001129;CREATEORDER;sg5g9l7w74g;MG8G4BE/A;"{""orderDetailsResponses"":{""deviceEligibility"":{""secondaryDisplay"":""0"",""partDescription"":""AppleCare+ con robo y pérdida para iPhone 17 Pro"",""coverageDuration"":""2"",""productStatement"":""Tu AppleCare+ con robo y pérdida para iPhone 17 Pro amplía la cobertura de servicio y soporte técnico a 2 años desde la fecha de compra de AppleCare+ con robo y pérdida e incluye cobertura para una cantidad ilimitada de incidentes por daño accidental debido a la manipulación del producto o un máximo de dos incidentes de robo y pérdida cada 12 meses, cada uno de ellos sujeto a un cargo adicional de R$96000  por Otros daños accidentales o de R$28000  por los daños de la pantalla o la carcasa externa o de R$144000  por robo o pérdida. Lee todos los detalles en los Términos y condiciones de AppleCare+."",""deviceDateOfPurchase"":""06/09/2026"",""deviceId"":""SG5G9L7W74G"",""registeredDevice"":""0"",""pocType"":""APOC"",""serialNumber"":""G5G9L7W74G"",""partNumber"":""SX342ZX/A"",""partAlias"":""ACPTL"",""purchaseMode"":""I"",""productDescription"":""iPhone 17 Pro"",""tlDisclosure"":""La cobertura de robo y pérdida requiere que tengas la función Buscar habilitada en tu dispositivo antes de que se pierda o te lo roben. Durante el proceso de reclamación, te pediremos que uses la función Buscar para poner el dispositivo perdido o robado en modo Perdido, borrarlo y transferir la propiedad a Apple para que podamos asignarte un nuevo dispositivo. Para asegurarte de que puedas iniciar sesión en Buscar y acceder a esta función, es importante que recuerdes tu ID de Apple y contraseña, y que mantengas la información de tu cuenta actualizada. Si usas la autenticación de doble factor para el ID de Apple, te recomendamos que añadas un número de teléfono adicional de confianza a tu cuenta en el que puedas recibir el código de verificación de 6 dígitos que necesitas para iniciar sesión aunque no tengas tu iPhone. Para obtener más información, visita las páginas de Soporte técnico de Apple.""},""orderConfirmation"":{""agreementNumber"":""328419560687"",""coverageDurationStatement"":""Finaliza el 09/09/2028"",""termConditionURL"":""http://www.apple.com/legal/sales-support/"",""partNumber"":""SX342ZX/A"",""partAlias"":""ACPTL"",""partType"":""AC+TL"",""purchaseMode"":""I"",""appleCareSalesDate"":""10/09/2026"",""pocType"":""APOC"",""purchaseOrderNumber"":""12001129""}},""transactionId"":""f8bd4cfa-e1a2-4073-8c7a-0f33d0c6a411-1789074309535""}"
True;5163959;2026-09-10 18:39:02.377000;2026-09-10 00:00:00;1401167;VERIFYORDER;SLRFWDJQ6YD;MFYQ4BE/A;"{""orderDetailsResponses"":{""deviceEligibility"":{""secondaryDisplay"":""0"",""partDescription"":""AppleCare+ con robo y pérdida para iPhone 17 Pro Max"",""coverageDuration"":""2"",""productStatement"":""Tu AppleCare+ con robo y pérdida para iPhone 17 Pro Max amplía la cobertura de servicio y soporte técnico a 2 años desde la fecha de compra de AppleCare+ con robo y pérdida e incluye cobertura para una cantidad ilimitada de incidentes por daño accidental debido a la manipulación del producto o un máximo de dos incidentes de robo y pérdida cada 12 meses, cada uno de ellos sujeto a un cargo adicional de R$96000  por Otros daños accidentales o de R$28000  por los daños de la pantalla o la carcasa externa o de R$144000  por robo o pérdida. Lee todos los detalles en los Términos y condiciones de AppleCare+."",""deviceDateOfPurchase"":""06/09/2026"",""deviceId"":""SLRFWDJQ6YD"",""registeredDevice"":""0"",""pocType"":""APOC"",""serialNumber"":""LRFWDJQ6YD"",""partNumber"":""SX382ZX/A"",""partAlias"":""ACPTL"",""purchaseMode"":""I"",""productDescription"":""iPhone 17 Pro Max"",""tlDisclosure"":""La cobertura de robo y pérdida requiere que tengas la función Buscar habilitada en tu dispositivo antes de que se pierda o te lo roben. Durante el proceso de reclamación, te pediremos que uses la función Buscar para poner el dispositivo perdido o robado en modo Perdido, borrarlo y transferir la propiedad a Apple para que podamos asignarte un nuevo dispositivo. Para asegurarte de que puedas iniciar sesión en Buscar y acceder a esta función, es importante que recuerdes tu ID de Apple y contraseña, y que mantengas la información de tu cuenta actualizada. Si usas la autenticación de doble factor para el ID de Apple, te recomendamos que añadas un número de teléfono adicional de confianza a tu cuenta en el que puedas recibir el código de verificación de 6 dígitos que necesitas para iniciar sesión aunque no tengas tu iPhone. Para obtener más información, visita las páginas de Soporte técnico de Apple.""}},""transactionId"":""ed3ad167-9392-49d6-93af-729b8121b6fd-1789076341765""}"
True;5163959;2026-09-10 18:40:23.600000;2026-09-10 00:00:00;1401167;CREATEORDER;SLRFWDJQ6YD;MFYQ4BE/A;"{""orderDetailsResponses"":{""deviceEligibility"":{""secondaryDisplay"":""0"",""partDescription"":""AppleCare+ con robo y pérdida para iPhone 17 Pro Max"",""coverageDuration"":""2"",""productStatement"":""Tu AppleCare+ con robo y pérdida para iPhone 17 Pro Max amplía la cobertura de servicio y soporte técnico a 2 años desde la fecha de compra de AppleCare+ con robo y pérdida e incluye cobertura para una cantidad ilimitada de incidentes por daño accidental debido a la manipulación del producto o un máximo de dos incidentes de robo y pérdida cada 12 meses, cada uno de ellos sujeto a un cargo adicional de R$96000  por Otros daños accidentales o de R$28000  por los daños de la pantalla o la carcasa externa o de R$144000  por robo o pérdida. Lee todos los detalles en los Términos y condiciones de AppleCare+."",""deviceDateOfPurchase"":""06/09/2026"",""deviceId"":""SLRFWDJQ6YD"",""registeredDevice"":""0"",""pocType"":""APOC"",""serialNumber"":""LRFWDJQ6YD"",""partNumber"":""SX382ZX/A"",""partAlias"":""ACPTL"",""purchaseMode"":""I"",""productDescription"":""iPhone 17 Pro Max"",""tlDisclosure"":""La cobertura de robo y pérdida requiere que tengas la función Buscar habilitada en tu dispositivo antes de que se pierda o te lo roben. Durante el proceso de reclamación, te pediremos que uses la función Buscar para poner el dispositivo perdido o robado en modo Perdido, borrarlo y transferir la propiedad a Apple para que podamos asignarte un nuevo dispositivo. Para asegurarte de que puedas iniciar sesión en Buscar y acceder a esta función, es importante que recuerdes tu ID de Apple y contraseña, y que mantengas la información de tu cuenta actualizada. Si usas la autenticación de doble factor para el ID de Apple, te recomendamos que añadas un número de teléfono adicional de confianza a tu cuenta en el que puedas recibir el código de verificación de 6 dígitos que necesitas para iniciar sesión aunque no tengas tu iPhone. Para obtener más información, visita las páginas de Soporte técnico de Apple.""},""orderConfirmation"":{""agreementNumber"":""328419604130"",""coverageDurationStatement"":""Finaliza el 09/09/2028"",""termConditionURL"":""http://www.apple.com/legal/sales-support/"",""partNumber"":""SX382ZX/A"",""partAlias"":""ACPTL"",""partType"":""AC+TL"",""purchaseMode"":""I"",""appleCareSalesDate"":""10/09/2026"",""pocType"":""APOC"",""purchaseOrderNumber"":""1401167""}},""transactionId"":""b3f5054c-e0b9-4c72-8d2d-1857ccaeea64-1789076418805""}"
True;5132585;2026-09-10 18:56:14.763000;2026-09-10 00:00:00;21001133;VERIFYORDER;SGXY4GF27DD;MG6U4BE/A;"{""orderDetailsResponses"":{""deviceEligibility"":{""secondaryDisplay"":""0"",""partDescription"":""AppleCare+ con robo y pérdida para iPhone 17"",""coverageDuration"":""2"",""productStatement"":""Tu AppleCare+ con robo y pérdida para iPhone 17 amplía la cobertura de servicio y soporte técnico a 2 años desde la fecha de compra de AppleCare+ con robo y pérdida e incluye cobertura para una cantidad ilimitada de incidentes por daño accidental debido a la manipulación del producto o un máximo de dos incidentes de robo y pérdida cada 12 meses, cada uno de ellos sujeto a un cargo adicional de R$96000  por Otros daños accidentales o de R$28000  por los daños de la pantalla o la carcasa externa o de R$144000  por robo o pérdida. Lee todos los detalles en los Términos y condiciones de AppleCare+."",""deviceDateOfPurchase"":""10/09/2026"",""deviceId"":""SGXY4GF27DD"",""registeredDevice"":""1"",""pocType"":""APOC"",""serialNumber"":""GXY4GF27DD"",""partNumber"":""SX2V2ZX/A"",""partAlias"":""ACPTL"",""purchaseMode"":""C"",""productDescription"":""iPhone 17"",""tlDisclosure"":""La cobertura de robo y pérdida requiere que tengas la función Buscar habilitada en tu dispositivo antes de que se pierda o te lo roben. Durante el proceso de reclamación, te pediremos que uses la función Buscar para poner el dispositivo perdido o robado en modo Perdido, borrarlo y transferir la propiedad a Apple para que podamos asignarte un nuevo dispositivo. Para asegurarte de que puedas iniciar sesión en Buscar y acceder a esta función, es importante que recuerdes tu ID de Apple y contraseña, y que mantengas la información de tu cuenta actualizada. Si usas la autenticación de doble factor para el ID de Apple, te recomendamos que añadas un número de teléfono adicional de confianza a tu cuenta en el que puedas recibir el código de verificación de 6 dígitos que necesitas para iniciar sesión aunque no tengas tu iPhone. Para obtener más información, visita las páginas de Soporte técnico de Apple.""}},""transactionId"":""df2997db-79ca-4103-b862-c2f92afb0419-1789077374120""}"
True;5092915;2026-09-10 18:57:35.017000;2026-09-10 00:00:00;12101129;VERIFYORDER;sgn74h763lt;MG8G4BE/A;"{""orderDetailsResponses"":{""deviceEligibility"":{""secondaryDisplay"":""0"",""partDescription"":""AppleCare+ con robo y pérdida para iPhone 17 Pro"",""coverageDuration"":""2"",""productStatement"":""Tu AppleCare+ con robo y pérdida para iPhone 17 Pro amplía la cobertura de servicio y soporte técnico a 2 años desde la fecha de compra de AppleCare+ con robo y pérdida e incluye cobertura para una cantidad ilimitada de incidentes por daño accidental debido a la manipulación del producto o un máximo de dos incidentes de robo y pérdida cada 12 meses, cada uno de ellos sujeto a un cargo adicional de R$96000  por Otros daños accidentales o de R$28000  por los daños de la pantalla o la carcasa externa o de R$144000  por robo o pérdida. Lee todos los detalles en los Términos y condiciones de AppleCare+."",""deviceDateOfPurchase"":""10/09/2026"",""deviceId"":""SGN74H763LT"",""registeredDevice"":""1"",""pocType"":""APOC"",""serialNumber"":""GN74H763LT"",""partNumber"":""SX342ZX/A"",""partAlias"":""ACPTL"",""purchaseMode"":""C"",""productDescription"":""iPhone 17 Pro"",""tlDisclosure"":""La cobertura de robo y pérdida requiere que tengas la función Buscar habilitada en tu dispositivo antes de que se pierda o te lo roben. Durante el proceso de reclamación, te pediremos que uses la función Buscar para poner el dispositivo perdido o robado en modo Perdido, borrarlo y transferir la propiedad a Apple para que podamos asignarte un nuevo dispositivo. Para asegurarte de que puedas iniciar sesión en Buscar y acceder a esta función, es importante que recuerdes tu ID de Apple y contraseña, y que mantengas la información de tu cuenta actualizada. Si usas la autenticación de doble factor para el ID de Apple, te recomendamos que añadas un número de teléfono adicional de confianza a tu cuenta en el que puedas recibir el código de verificación de 6 dígitos que necesitas para iniciar sesión aunque no tengas tu iPhone. Para obtener más información, visita las páginas de Soporte técnico de Apple.""}},""transactionId"":""2b5c52c1-4fa5-4a96-8edf-eda8e3fbf6a0-1789077454355""}"
True;5092915;2026-09-10 18:58:48.253000;2026-09-10 00:00:00;12101129;CREATEORDER;sgn74h763lt;MG8G4BE/A;"{""orderDetailsResponses"":{""deviceEligibility"":{""secondaryDisplay"":""0"",""partDescription"":""AppleCare+ con robo y pérdida para iPhone 17 Pro"",""coverageDuration"":""2"",""productStatement"":""Tu AppleCare+ con robo y pérdida para iPhone 17 Pro amplía la cobertura de servicio y soporte técnico a 2 años desde la fecha de compra de AppleCare+ con robo y pérdida e incluye cobertura para una cantidad ilimitada de incidentes por daño accidental debido a la manipulación del producto o un máximo de dos incidentes de robo y pérdida cada 12 meses, cada uno de ellos sujeto a un cargo adicional de R$96000  por Otros daños accidentales o de R$28000  por los daños de la pantalla o la carcasa externa o de R$144000  por robo o pérdida. Lee todos los detalles en los Términos y condiciones de AppleCare+."",""deviceDateOfPurchase"":""10/09/2026"",""deviceId"":""SGN74H763LT"",""registeredDevice"":""1"",""pocType"":""APOC"",""serialNumber"":""GN74H763LT"",""partNumber"":""SX342ZX/A"",""partAlias"":""ACPTL"",""purchaseMode"":""C"",""productDescription"":""iPhone 17 Pro"",""tlDisclosure"":""La cobertura de robo y pérdida requiere que tengas la función Buscar habilitada en tu dispositivo antes de que se pierda o te lo roben. Durante el proceso de reclamación, te pediremos que uses la función Buscar para poner el dispositivo perdido o robado en modo Perdido, borrarlo y transferir la propiedad a Apple para que podamos asignarte un nuevo dispositivo. Para asegurarte de que puedas iniciar sesión en Buscar y acceder a esta función, es importante que recuerdes tu ID de Apple y contraseña, y que mantengas la información de tu cuenta actualizada. Si usas la autenticación de doble factor para el ID de Apple, te recomendamos que añadas un número de teléfono adicional de confianza a tu cuenta en el que puedas recibir el código de verificación de 6 dígitos que necesitas para iniciar sesión aunque no tengas tu iPhone. Para obtener más información, visita las páginas de Soporte técnico de Apple.""},""orderConfirmation"":{""agreementNumber"":""328419561809"",""coverageDurationStatement"":""Finaliza el 09/09/2028"",""termConditionURL"":""http://www.apple.com/legal/sales-support/"",""partNumber"":""SX342ZX/A"",""partAlias"":""ACPTL"",""partType"":""AC+TL"",""purchaseMode"":""C"",""appleCareSalesDate"":""10/09/2026"",""pocType"":""APOC"",""purchaseOrderNumber"":""12101129""}},""transactionId"":""d2a058d8-4860-4bc2-a7c1-b531d020d917-1789077523688""}"
True;5132585;2026-09-10 18:58:58.133000;2026-09-10 00:00:00;21001133;CREATEORDER;SGXY4GF27DD;MG6U4BE/A;"{""orderDetailsResponses"":{""deviceEligibility"":{""secondaryDisplay"":""0"",""partDescription"":""AppleCare+ con robo y pérdida para iPhone 17"",""coverageDuration"":""2"",""productStatement"":""Tu AppleCare+ con robo y pérdida para iPhone 17 amplía la cobertura de servicio y soporte técnico a 2 años desde la fecha de compra de AppleCare+ con robo y pérdida e incluye cobertura para una cantidad ilimitada de incidentes por daño accidental debido a la manipulación del producto o un máximo de dos incidentes de robo y pérdida cada 12 meses, cada uno de ellos sujeto a un cargo adicional de R$96000  por Otros daños accidentales o de R$28000  por los daños de la pantalla o la carcasa externa o de R$144000  por robo o pérdida. Lee todos los detalles en los Términos y condiciones de AppleCare+."",""deviceDateOfPurchase"":""10/09/2026"",""deviceId"":""SGXY4GF27DD"",""registeredDevice"":""1"",""pocType"":""APOC"",""serialNumber"":""GXY4GF27DD"",""partNumber"":""SX2V2ZX/A"",""partAlias"":""ACPTL"",""purchaseMode"":""C"",""productDescription"":""iPhone 17"",""tlDisclosure"":""La cobertura de robo y pérdida requiere que tengas la función Buscar habilitada en tu dispositivo antes de que se pierda o te lo roben. Durante el proceso de reclamación, te pediremos que uses la función Buscar para poner el dispositivo perdido o robado en modo Perdido, borrarlo y transferir la propiedad a Apple para que podamos asignarte un nuevo dispositivo. Para asegurarte de que puedas iniciar sesión en Buscar y acceder a esta función, es importante que recuerdes tu ID de Apple y contraseña, y que mantengas la información de tu cuenta actualizada. Si usas la autenticación de doble factor para el ID de Apple, te recomendamos que añadas un número de teléfono adicional de confianza a tu cuenta en el que puedas recibir el código de verificación de 6 dígitos que necesitas para iniciar sesión aunque no tengas tu iPhone. Para obtener más información, visita las páginas de Soporte técnico de Apple.""},""orderConfirmation"":{""agreementNumber"":""328419562780"",""coverageDurationStatement"":""Finaliza el 09/09/2028"",""termConditionURL"":""http://www.apple.com/legal/sales-support/"",""partNumber"":""SX2V2ZX/A"",""partAlias"":""ACPTL"",""partType"":""AC+TL"",""purchaseMode"":""C"",""appleCareSalesDate"":""10/09/2026"",""pocType"":""APOC"",""purchaseOrderNumber"":""21001133""}},""transactionId"":""caaf2493-4e56-4140-bf95-a9b9fa54a534-1789077533440""}"
True;5137786;2026-09-10 19:39:28.547000;2026-09-10 00:00:00;58101087;VERIFYORDER;SGF4DJV7X7K;MCG74CI/A;"{""orderDetailsResponses"":{""deviceEligibility"":{""secondaryDisplay"":""1"",""partDescription"":""AppleCare+ para iPad Air 11-inch (M3)"",""coverageDuration"":""2"",""productStatement"":""AppleCare+ para iPad Air 11-inch (M3) amplía la cobertura de servicio y soporte técnico a 2 años desde la fecha de compra de AppleCare+ e incluye cobertura para una cantidad ilimitada de incidentes por daño accidental debido a la manipulación del producto, cada uno de ellos sujeto a un cargo adicional de R$96000  por Otros daños accidentales o de R$28000  por Daños que afectan solo a la pantalla o de R$28000  por Apple Pencil / Keyboard. Lee todos los detalles en los Términos y condiciones de AppleCare+."",""deviceDateOfPurchase"":""10/09/2026"",""deviceId"":""SGF4DJV7X7K"",""registeredDevice"":""1"",""pocType"":""APOC"",""serialNumber"":""GF4DJV7X7K"",""partNumber"":""SV072ZX/A"",""partAlias"":""ACP"",""purchaseMode"":""C"",""productDescription"":""iPad Air 11-inch (M3) Wi-Fi + Cellular""}},""transactionId"":""0647a04a-7cb2-4052-824e-2ff27318c1cf-1789079968009""}"
True;5137786;2026-09-10 19:40:40.637000;2026-09-10 00:00:00;58101087;CREATEORDER;SGF4DJV7X7K;MCG74CI/A;"{""orderDetailsResponses"":{""deviceEligibility"":{""secondaryDisplay"":""1"",""partDescription"":""AppleCare+ para iPad Air 11-inch (M3)"",""coverageDuration"":""2"",""productStatement"":""AppleCare+ para iPad Air 11-inch (M3) amplía la cobertura de servicio y soporte técnico a 2 años desde la fecha de compra de AppleCare+ e incluye cobertura para una cantidad ilimitada de incidentes por daño accidental debido a la manipulación del producto, cada uno de ellos sujeto a un cargo adicional de R$96000  por Otros daños accidentales o de R$28000  por Daños que afectan solo a la pantalla o de R$28000  por Apple Pencil / Keyboard. Lee todos los detalles en los Términos y condiciones de AppleCare+."",""deviceDateOfPurchase"":""10/09/2026"",""deviceId"":""SGF4DJV7X7K"",""registeredDevice"":""1"",""pocType"":""APOC"",""serialNumber"":""GF4DJV7X7K"",""partNumber"":""SV072ZX/A"",""partAlias"":""ACP"",""purchaseMode"":""C"",""productDescription"":""iPad Air 11-inch (M3) Wi-Fi + Cellular""},""orderConfirmation"":{""agreementNumber"":""328419601395"",""coverageDurationStatement"":""Finaliza el 09/09/2028"",""termConditionURL"":""http://www.apple.com/legal/sales-support/"",""partNumber"":""SV072ZX/A"",""partAlias"":""ACP"",""partType"":""AppleCare+"",""purchaseMode"":""C"",""appleCareSalesDate"":""10/09/2026"",""pocType"":""APOC"",""purchaseOrderNumber"":""58101087""}},""transactionId"":""1c2cd8ec-1e93-4b3e-8f57-2541749ecad2-1789080035773""}"
