flag_success;folio;date_log;creation_date;purchase_order_number;action;serie;item_code;response
False;5181555;2026-09-17 02:02:10.553000;2026-09-15 00:00:00;401156;CREATEORDER;SJN41CQ44NY;MHFF4CI/A;"{""orderDetailsResponses"":{""deviceEligibility"":{""secondaryDisplay"":""0"",""deviceDateOfPurchase"":""15/09/2026"",""deviceId"":""SJN41CQ44NY"",""registeredDevice"":""0"",""deviceErrorResponse"":{""errorCode"":""GRX-20024"",""errorMessage"":""Ya existe un AppleCare Plan para el dispositivo SJN41CQ44NY o está pendiente. Comprueba los detalles del pedido en la búsqueda 360 y ponte en contacto con el Soporte técnico de AppleCare Connect si necesitas más información.""},""pocType"":""APOC"",""serialNumber"":""JN41CQ44NY"",""partNumber"":""SD0T3ZX/A"",""partAlias"":""ACP"",""productDescription"":""MacBook Neo""}},""transactionId"":""ae36414b-12c1-4760-a12b-240854693dbf-1789621329774""}"
False;5181555;2026-09-17 02:02:34.953000;2026-09-15 00:00:00;401156;CREATEORDER;SJN41CQ44NY;MHFF4CI/A;"{""orderDetailsResponses"":{""deviceEligibility"":{""secondaryDisplay"":""0"",""deviceDateOfPurchase"":""15/09/2026"",""deviceId"":""SJN41CQ44NY"",""registeredDevice"":""0"",""deviceErrorResponse"":{""errorCode"":""GRX-20024"",""errorMessage"":""Ya existe un AppleCare Plan para el dispositivo SJN41CQ44NY o está pendiente. Comprueba los detalles del pedido en la búsqueda 360 y ponte en contacto con el Soporte técnico de AppleCare Connect si necesitas más información.""},""pocType"":""APOC"",""serialNumber"":""JN41CQ44NY"",""partNumber"":""SD0T3ZX/A"",""partAlias"":""ACP"",""productDescription"":""MacBook Neo""}},""transactionId"":""5c35504a-9bf9-414f-b354-dd88c10ecd11-1789621354156""}"
False;5181555;2026-09-17 02:07:17.663000;2026-09-15 00:00:00;401156;CREATEORDER;SJN41CQ44NY;MHFF4CI/A;"{""orderDetailsResponses"":{""deviceEligibility"":{""secondaryDisplay"":""0"",""deviceDateOfPurchase"":""15/09/2026"",""deviceId"":""SJN41CQ44NY"",""registeredDevice"":""0"",""deviceErrorResponse"":{""errorCode"":""GRX-20024"",""errorMessage"":""Ya existe un AppleCare Plan para el dispositivo SJN41CQ44NY o está pendiente. Comprueba los detalles del pedido en la búsqueda 360 y ponte en contacto con el Soporte técnico de AppleCare Connect si necesitas más información.""},""pocType"":""APOC"",""serialNumber"":""JN41CQ44NY"",""partNumber"":""SD0T3ZX/A"",""partAlias"":""ACP"",""productDescription"":""MacBook Neo""}},""transactionId"":""88b8583f-45ce-4dd7-9273-b2116e7f4600-1789621636808""}"
False;5181555;2026-09-17 02:07:43.173000;2026-09-15 00:00:00;401156;CREATEORDER;SJN41CQ44NY;MHFF4CI/A;"{""orderDetailsResponses"":{""deviceEligibility"":{""secondaryDisplay"":""0"",""deviceDateOfPurchase"":""15/09/2026"",""deviceId"":""SJN41CQ44NY"",""registeredDevice"":""0"",""deviceErrorResponse"":{""errorCode"":""GRX-20024"",""errorMessage"":""Ya existe un AppleCare Plan para el dispositivo SJN41CQ44NY o está pendiente. Comprueba los detalles del pedido en la búsqueda 360 y ponte en contacto con el Soporte técnico de AppleCare Connect si necesitas más información.""},""pocType"":""APOC"",""serialNumber"":""JN41CQ44NY"",""partNumber"":""SD0T3ZX/A"",""partAlias"":""ACP"",""productDescription"":""MacBook Neo""}},""transactionId"":""580e2324-b1e9-4823-8a2a-fa294d0ebeec-1789621662370""}"
False;5181555;2026-09-17 02:12:14.487000;2026-09-15 00:00:00;401156;CREATEORDER;SJN41CQ44NY;MHFF4CI/A;"{""orderDetailsResponses"":{""deviceEligibility"":{""secondaryDisplay"":""0"",""deviceDateOfPurchase"":""15/09/2026"",""deviceId"":""SJN41CQ44NY"",""registeredDevice"":""0"",""deviceErrorResponse"":{""errorCode"":""GRX-20024"",""errorMessage"":""Ya existe un AppleCare Plan para el dispositivo SJN41CQ44NY o está pendiente. Comprueba los detalles del pedido en la búsqueda 360 y ponte en contacto con el Soporte técnico de AppleCare Connect si necesitas más información.""},""pocType"":""APOC"",""serialNumber"":""JN41CQ44NY"",""partNumber"":""SD0T3ZX/A"",""partAlias"":""ACP"",""productDescription"":""MacBook Neo""}},""transactionId"":""0f434443-dd3d-444e-b13d-7ee881c777e8-1789621933751""}"
False;5181555;2026-09-17 02:12:39.937000;2026-09-15 00:00:00;401156;CREATEORDER;SJN41CQ44NY;MHFF4CI/A;"{""orderDetailsResponses"":{""deviceEligibility"":{""secondaryDisplay"":""0"",""deviceDateOfPurchase"":""15/09/2026"",""deviceId"":""SJN41CQ44NY"",""registeredDevice"":""0"",""deviceErrorResponse"":{""errorCode"":""GRX-20024"",""errorMessage"":""Ya existe un AppleCare Plan para el dispositivo SJN41CQ44NY o está pendiente. Comprueba los detalles del pedido en la búsqueda 360 y ponte en contacto con el Soporte técnico de AppleCare Connect si necesitas más información.""},""pocType"":""APOC"",""serialNumber"":""JN41CQ44NY"",""partNumber"":""SD0T3ZX/A"",""partAlias"":""ACP"",""productDescription"":""MacBook Neo""}},""transactionId"":""3eb83dab-8641-449f-acbd-711b26da4226-1789621959190""}"
False;5181555;2026-09-17 02:17:20.187000;2026-09-15 00:00:00;401156;CREATEORDER;SJN41CQ44NY;MHFF4CI/A;"{""orderDetailsResponses"":{""deviceEligibility"":{""secondaryDisplay"":""0"",""deviceDateOfPurchase"":""15/09/2026"",""deviceId"":""SJN41CQ44NY"",""registeredDevice"":""0"",""deviceErrorResponse"":{""errorCode"":""GRX-20024"",""errorMessage"":""Ya existe un AppleCare Plan para el dispositivo SJN41CQ44NY o está pendiente. Comprueba los detalles del pedido en la búsqueda 360 y ponte en contacto con el Soporte técnico de AppleCare Connect si necesitas más información.""},""pocType"":""APOC"",""serialNumber"":""JN41CQ44NY"",""partNumber"":""SD0T3ZX/A"",""partAlias"":""ACP"",""productDescription"":""MacBook Neo""}},""transactionId"":""164e5541-22e7-48e3-9506-221e7a8badf3-1789622239443""}"
False;5181555;2026-09-17 02:17:45.767000;2026-09-15 00:00:00;401156;CREATEORDER;SJN41CQ44NY;MHFF4CI/A;"{""orderDetailsResponses"":{""deviceEligibility"":{""secondaryDisplay"":""0"",""deviceDateOfPurchase"":""15/09/2026"",""deviceId"":""SJN41CQ44NY"",""registeredDevice"":""0"",""deviceErrorResponse"":{""errorCode"":""GRX-20024"",""errorMessage"":""Ya existe un AppleCare Plan para el dispositivo SJN41CQ44NY o está pendiente. Comprueba los detalles del pedido en la búsqueda 360 y ponte en contacto con el Soporte técnico de AppleCare Connect si necesitas más información.""},""pocType"":""APOC"",""serialNumber"":""JN41CQ44NY"",""partNumber"":""SD0T3ZX/A"",""partAlias"":""ACP"",""productDescription"":""MacBook Neo""}},""transactionId"":""f8f7ab37-daa3-46c6-97ff-4a6ee816dbac-1789622264942""}"
False;5181555;2026-09-17 02:22:13.370000;2026-09-15 00:00:00;401156;CREATEORDER;SJN41CQ44NY;MHFF4CI/A;"{""orderDetailsResponses"":{""deviceEligibility"":{""secondaryDisplay"":""0"",""deviceDateOfPurchase"":""15/09/2026"",""deviceId"":""SJN41CQ44NY"",""registeredDevice"":""0"",""deviceErrorResponse"":{""errorCode"":""GRX-20024"",""errorMessage"":""Ya existe un AppleCare Plan para el dispositivo SJN41CQ44NY o está pendiente. Comprueba los detalles del pedido en la búsqueda 360 y ponte en contacto con el Soporte técnico de AppleCare Connect si necesitas más información.""},""pocType"":""APOC"",""serialNumber"":""JN41CQ44NY"",""partNumber"":""SD0T3ZX/A"",""partAlias"":""ACP"",""productDescription"":""MacBook Neo""}},""transactionId"":""02ab4eb1-f10a-4d66-83d5-5a289b744edf-1789622532581""}"
False;5181555;2026-09-17 02:22:38.813000;2026-09-15 00:00:00;401156;CREATEORDER;SJN41CQ44NY;MHFF4CI/A;"{""orderDetailsResponses"":{""deviceEligibility"":{""secondaryDisplay"":""0"",""deviceDateOfPurchase"":""15/09/2026"",""deviceId"":""SJN41CQ44NY"",""registeredDevice"":""0"",""deviceErrorResponse"":{""errorCode"":""GRX-20024"",""errorMessage"":""Ya existe un AppleCare Plan para el dispositivo SJN41CQ44NY o está pendiente. Comprueba los detalles del pedido en la búsqueda 360 y ponte en contacto con el Soporte técnico de AppleCare Connect si necesitas más información.""},""pocType"":""APOC"",""serialNumber"":""JN41CQ44NY"",""partNumber"":""SD0T3ZX/A"",""partAlias"":""ACP"",""productDescription"":""MacBook Neo""}},""transactionId"":""4a6ee6da-2965-4ad5-b350-c0ba9a97127d-1789622558038""}"
False;5181555;2026-09-17 02:27:16.057000;2026-09-15 00:00:00;401156;CREATEORDER;SJN41CQ44NY;MHFF4CI/A;"{""orderDetailsResponses"":{""deviceEligibility"":{""secondaryDisplay"":""0"",""deviceDateOfPurchase"":""15/09/2026"",""deviceId"":""SJN41CQ44NY"",""registeredDevice"":""0"",""deviceErrorResponse"":{""errorCode"":""GRX-20024"",""errorMessage"":""Ya existe un AppleCare Plan para el dispositivo SJN41CQ44NY o está pendiente. Comprueba los detalles del pedido en la búsqueda 360 y ponte en contacto con el Soporte técnico de AppleCare Connect si necesitas más información.""},""pocType"":""APOC"",""serialNumber"":""JN41CQ44NY"",""partNumber"":""SD0T3ZX/A"",""partAlias"":""ACP"",""productDescription"":""MacBook Neo""}},""transactionId"":""db77bdf4-4fcc-4f27-afe8-27498a7aef20-1789622835261""}"
False;5181555;2026-09-17 02:27:40.313000;2026-09-15 00:00:00;401156;CREATEORDER;SJN41CQ44NY;MHFF4CI/A;"{""orderDetailsResponses"":{""deviceEligibility"":{""secondaryDisplay"":""0"",""deviceDateOfPurchase"":""15/09/2026"",""deviceId"":""SJN41CQ44NY"",""registeredDevice"":""0"",""deviceErrorResponse"":{""errorCode"":""GRX-20024"",""errorMessage"":""Ya existe un AppleCare Plan para el dispositivo SJN41CQ44NY o está pendiente. Comprueba los detalles del pedido en la búsqueda 360 y ponte en contacto con el Soporte técnico de AppleCare Connect si necesitas más información.""},""pocType"":""APOC"",""serialNumber"":""JN41CQ44NY"",""partNumber"":""SD0T3ZX/A"",""partAlias"":""ACP"",""productDescription"":""MacBook Neo""}},""transactionId"":""c0cf47a9-1fb0-45db-927c-b672489f3eab-1789622859555""}"
False;5181555;2026-09-17 02:32:17.333000;2026-09-15 00:00:00;401156;CREATEORDER;SJN41CQ44NY;MHFF4CI/A;"{""orderDetailsResponses"":{""deviceEligibility"":{""secondaryDisplay"":""0"",""deviceDateOfPurchase"":""15/09/2026"",""deviceId"":""SJN41CQ44NY"",""registeredDevice"":""0"",""deviceErrorResponse"":{""errorCode"":""GRX-20024"",""errorMessage"":""Ya existe un AppleCare Plan para el dispositivo SJN41CQ44NY o está pendiente. Comprueba los detalles del pedido en la búsqueda 360 y ponte en contacto con el Soporte técnico de AppleCare Connect si necesitas más información.""},""pocType"":""APOC"",""serialNumber"":""JN41CQ44NY"",""partNumber"":""SD0T3ZX/A"",""partAlias"":""ACP"",""productDescription"":""MacBook Neo""}},""transactionId"":""f913f5d8-e674-488e-8c81-71c2e06ba891-1789623136580""}"
False;5181555;2026-09-17 02:32:40.290000;2026-09-15 00:00:00;401156;CREATEORDER;SJN41CQ44NY;MHFF4CI/A;"{""orderDetailsResponses"":{""deviceEligibility"":{""secondaryDisplay"":""0"",""deviceDateOfPurchase"":""15/09/2026"",""deviceId"":""SJN41CQ44NY"",""registeredDevice"":""0"",""deviceErrorResponse"":{""errorCode"":""GRX-20024"",""errorMessage"":""Ya existe un AppleCare Plan para el dispositivo SJN41CQ44NY o está pendiente. Comprueba los detalles del pedido en la búsqueda 360 y ponte en contacto con el Soporte técnico de AppleCare Connect si necesitas más información.""},""pocType"":""APOC"",""serialNumber"":""JN41CQ44NY"",""partNumber"":""SD0T3ZX/A"",""partAlias"":""ACP"",""productDescription"":""MacBook Neo""}},""transactionId"":""a6654e60-a10a-4169-b50d-c5d0c5cc8532-1789623159504""}"
False;5181555;2026-09-17 02:37:23.400000;2026-09-15 00:00:00;401156;CREATEORDER;SJN41CQ44NY;MHFF4CI/A;"{""orderDetailsResponses"":{""deviceEligibility"":{""secondaryDisplay"":""0"",""deviceDateOfPurchase"":""15/09/2026"",""deviceId"":""SJN41CQ44NY"",""registeredDevice"":""0"",""deviceErrorResponse"":{""errorCode"":""GRX-20024"",""errorMessage"":""Ya existe un AppleCare Plan para el dispositivo SJN41CQ44NY o está pendiente. Comprueba los detalles del pedido en la búsqueda 360 y ponte en contacto con el Soporte técnico de AppleCare Connect si necesitas más información.""},""pocType"":""APOC"",""serialNumber"":""JN41CQ44NY"",""partNumber"":""SD0T3ZX/A"",""partAlias"":""ACP"",""productDescription"":""MacBook Neo""}},""transactionId"":""868bcf97-00f3-4e28-a951-3cd46e37bc8f-1789623442443""}"
False;5181555;2026-09-17 02:37:52.240000;2026-09-15 00:00:00;401156;CREATEORDER;SJN41CQ44NY;MHFF4CI/A;"{""orderDetailsResponses"":{""deviceEligibility"":{""secondaryDisplay"":""0"",""deviceDateOfPurchase"":""15/09/2026"",""deviceId"":""SJN41CQ44NY"",""registeredDevice"":""0"",""deviceErrorResponse"":{""errorCode"":""GRX-20024"",""errorMessage"":""Ya existe un AppleCare Plan para el dispositivo SJN41CQ44NY o está pendiente. Comprueba los detalles del pedido en la búsqueda 360 y ponte en contacto con el Soporte técnico de AppleCare Connect si necesitas más información.""},""pocType"":""APOC"",""serialNumber"":""JN41CQ44NY"",""partNumber"":""SD0T3ZX/A"",""partAlias"":""ACP"",""productDescription"":""MacBook Neo""}},""transactionId"":""fce0df56-f685-4e19-9c93-0641b1c0da59-1789623471447""}"
False;5181555;2026-09-17 02:42:16.137000;2026-09-15 00:00:00;401156;CREATEORDER;SJN41CQ44NY;MHFF4CI/A;"{""orderDetailsResponses"":{""deviceEligibility"":{""secondaryDisplay"":""0"",""deviceDateOfPurchase"":""15/09/2026"",""deviceId"":""SJN41CQ44NY"",""registeredDevice"":""0"",""deviceErrorResponse"":{""errorCode"":""GRX-20024"",""errorMessage"":""Ya existe un AppleCare Plan para el dispositivo SJN41CQ44NY o está pendiente. Comprueba los detalles del pedido en la búsqueda 360 y ponte en contacto con el Soporte técnico de AppleCare Connect si necesitas más información.""},""pocType"":""APOC"",""serialNumber"":""JN41CQ44NY"",""partNumber"":""SD0T3ZX/A"",""partAlias"":""ACP"",""productDescription"":""MacBook Neo""}},""transactionId"":""d13ba90a-4462-46f3-84bb-b9847d5158f1-1789623735280""}"
False;5181555;2026-09-17 02:42:40.330000;2026-09-15 00:00:00;401156;CREATEORDER;SJN41CQ44NY;MHFF4CI/A;"{""orderDetailsResponses"":{""deviceEligibility"":{""secondaryDisplay"":""0"",""deviceDateOfPurchase"":""15/09/2026"",""deviceId"":""SJN41CQ44NY"",""registeredDevice"":""0"",""deviceErrorResponse"":{""errorCode"":""GRX-20024"",""errorMessage"":""Ya existe un AppleCare Plan para el dispositivo SJN41CQ44NY o está pendiente. Comprueba los detalles del pedido en la búsqueda 360 y ponte en contacto con el Soporte técnico de AppleCare Connect si necesitas más información.""},""pocType"":""APOC"",""serialNumber"":""JN41CQ44NY"",""partNumber"":""SD0T3ZX/A"",""partAlias"":""ACP"",""productDescription"":""MacBook Neo""}},""transactionId"":""1a2639d3-ba71-4aaf-9eaf-71c9ae8de5dd-1789623759548""}"
False;5181555;2026-09-17 02:47:19.367000;2026-09-15 00:00:00;401156;CREATEORDER;SJN41CQ44NY;MHFF4CI/A;"{""orderDetailsResponses"":{""deviceEligibility"":{""secondaryDisplay"":""0"",""deviceDateOfPurchase"":""15/09/2026"",""deviceId"":""SJN41CQ44NY"",""registeredDevice"":""0"",""deviceErrorResponse"":{""errorCode"":""GRX-20024"",""errorMessage"":""Ya existe un AppleCare Plan para el dispositivo SJN41CQ44NY o está pendiente. Comprueba los detalles del pedido en la búsqueda 360 y ponte en contacto con el Soporte técnico de AppleCare Connect si necesitas más información.""},""pocType"":""APOC"",""serialNumber"":""JN41CQ44NY"",""partNumber"":""SD0T3ZX/A"",""partAlias"":""ACP"",""productDescription"":""MacBook Neo""}},""transactionId"":""e81cb38d-172e-4ad9-a376-b7e1c77d6ed2-1789624038623""}"
False;5181555;2026-09-17 02:47:44.637000;2026-09-15 00:00:00;401156;CREATEORDER;SJN41CQ44NY;MHFF4CI/A;"{""orderDetailsResponses"":{""deviceEligibility"":{""secondaryDisplay"":""0"",""deviceDateOfPurchase"":""15/09/2026"",""deviceId"":""SJN41CQ44NY"",""registeredDevice"":""0"",""deviceErrorResponse"":{""errorCode"":""GRX-20024"",""errorMessage"":""Ya existe un AppleCare Plan para el dispositivo SJN41CQ44NY o está pendiente. Comprueba los detalles del pedido en la búsqueda 360 y ponte en contacto con el Soporte técnico de AppleCare Connect si necesitas más información.""},""pocType"":""APOC"",""serialNumber"":""JN41CQ44NY"",""partNumber"":""SD0T3ZX/A"",""partAlias"":""ACP"",""productDescription"":""MacBook Neo""}},""transactionId"":""0d7ede63-46a4-47e3-a235-6dc0cb0cdc3c-1789624063649""}"
False;5181555;2026-09-17 02:52:16.710000;2026-09-15 00:00:00;401156;CREATEORDER;SJN41CQ44NY;MHFF4CI/A;"{""orderDetailsResponses"":{""deviceEligibility"":{""secondaryDisplay"":""0"",""deviceDateOfPurchase"":""15/09/2026"",""deviceId"":""SJN41CQ44NY"",""registeredDevice"":""0"",""deviceErrorResponse"":{""errorCode"":""GRX-20024"",""errorMessage"":""Ya existe un AppleCare Plan para el dispositivo SJN41CQ44NY o está pendiente. Comprueba los detalles del pedido en la búsqueda 360 y ponte en contacto con el Soporte técnico de AppleCare Connect si necesitas más información.""},""pocType"":""APOC"",""serialNumber"":""JN41CQ44NY"",""partNumber"":""SD0T3ZX/A"",""partAlias"":""ACP"",""productDescription"":""MacBook Neo""}},""transactionId"":""b9e7115f-a678-49a7-87c2-451098b1c353-1789624335949""}"
False;5181555;2026-09-17 02:52:43.237000;2026-09-15 00:00:00;401156;CREATEORDER;SJN41CQ44NY;MHFF4CI/A;"{""orderDetailsResponses"":{""deviceEligibility"":{""secondaryDisplay"":""0"",""deviceDateOfPurchase"":""15/09/2026"",""deviceId"":""SJN41CQ44NY"",""registeredDevice"":""0"",""deviceErrorResponse"":{""errorCode"":""GRX-20024"",""errorMessage"":""Ya existe un AppleCare Plan para el dispositivo SJN41CQ44NY o está pendiente. Comprueba los detalles del pedido en la búsqueda 360 y ponte en contacto con el Soporte técnico de AppleCare Connect si necesitas más información.""},""pocType"":""APOC"",""serialNumber"":""JN41CQ44NY"",""partNumber"":""SD0T3ZX/A"",""partAlias"":""ACP"",""productDescription"":""MacBook Neo""}},""transactionId"":""6d595e77-6f7d-452e-b328-55e137656647-1789624362480""}"
False;5181555;2026-09-17 02:57:04.743000;2026-09-15 00:00:00;401156;CREATEORDER;SJN41CQ44NY;MHFF4CI/A;"{""orderDetailsResponses"":{""deviceEligibility"":{""secondaryDisplay"":""0"",""deviceDateOfPurchase"":""15/09/2026"",""deviceId"":""SJN41CQ44NY"",""registeredDevice"":""0"",""deviceErrorResponse"":{""errorCode"":""GRX-20024"",""errorMessage"":""Ya existe un AppleCare Plan para el dispositivo SJN41CQ44NY o está pendiente. Comprueba los detalles del pedido en la búsqueda 360 y ponte en contacto con el Soporte técnico de AppleCare Connect si necesitas más información.""},""pocType"":""APOC"",""serialNumber"":""JN41CQ44NY"",""partNumber"":""SD0T3ZX/A"",""partAlias"":""ACP"",""productDescription"":""MacBook Neo""}},""transactionId"":""717ff066-af52-46d3-99ee-e4a7cde28860-1789624623976""}"
False;5181555;2026-09-17 02:57:26.703000;2026-09-15 00:00:00;401156;CREATEORDER;SJN41CQ44NY;MHFF4CI/A;"{""orderDetailsResponses"":{""deviceEligibility"":{""secondaryDisplay"":""0"",""deviceDateOfPurchase"":""15/09/2026"",""deviceId"":""SJN41CQ44NY"",""registeredDevice"":""0"",""deviceErrorResponse"":{""errorCode"":""GRX-20024"",""errorMessage"":""Ya existe un AppleCare Plan para el dispositivo SJN41CQ44NY o está pendiente. Comprueba los detalles del pedido en la búsqueda 360 y ponte en contacto con el Soporte técnico de AppleCare Connect si necesitas más información.""},""pocType"":""APOC"",""serialNumber"":""JN41CQ44NY"",""partNumber"":""SD0T3ZX/A"",""partAlias"":""ACP"",""productDescription"":""MacBook Neo""}},""transactionId"":""cadced1d-25b5-4446-8e90-22505309030c-1789624645952""}"
False;5181555;2026-09-17 03:02:15.480000;2026-09-15 00:00:00;401156;CREATEORDER;SJN41CQ44NY;MHFF4CI/A;"{""orderDetailsResponses"":{""deviceEligibility"":{""secondaryDisplay"":""0"",""deviceDateOfPurchase"":""15/09/2026"",""deviceId"":""SJN41CQ44NY"",""registeredDevice"":""0"",""deviceErrorResponse"":{""errorCode"":""GRX-20024"",""errorMessage"":""Ya existe un AppleCare Plan para el dispositivo SJN41CQ44NY o está pendiente. Comprueba los detalles del pedido en la búsqueda 360 y ponte en contacto con el Soporte técnico de AppleCare Connect si necesitas más información.""},""pocType"":""APOC"",""serialNumber"":""JN41CQ44NY"",""partNumber"":""SD0T3ZX/A"",""partAlias"":""ACP"",""productDescription"":""MacBook Neo""}},""transactionId"":""60d1933e-0533-4af8-94d5-155206016090-1789624934637""}"
False;5181555;2026-09-17 03:02:38.290000;2026-09-15 00:00:00;401156;CREATEORDER;SJN41CQ44NY;MHFF4CI/A;"{""orderDetailsResponses"":{""deviceEligibility"":{""secondaryDisplay"":""0"",""deviceDateOfPurchase"":""15/09/2026"",""deviceId"":""SJN41CQ44NY"",""registeredDevice"":""0"",""deviceErrorResponse"":{""errorCode"":""GRX-20024"",""errorMessage"":""Ya existe un AppleCare Plan para el dispositivo SJN41CQ44NY o está pendiente. Comprueba los detalles del pedido en la búsqueda 360 y ponte en contacto con el Soporte técnico de AppleCare Connect si necesitas más información.""},""pocType"":""APOC"",""serialNumber"":""JN41CQ44NY"",""partNumber"":""SD0T3ZX/A"",""partAlias"":""ACP"",""productDescription"":""MacBook Neo""}},""transactionId"":""e9abdb0b-a199-4ad8-930c-89b147a45aea-1789624957572""}"
False;5181555;2026-09-17 03:07:19.750000;2026-09-15 00:00:00;401156;CREATEORDER;SJN41CQ44NY;MHFF4CI/A;"{""orderDetailsResponses"":{""deviceEligibility"":{""secondaryDisplay"":""0"",""deviceDateOfPurchase"":""15/09/2026"",""deviceId"":""SJN41CQ44NY"",""registeredDevice"":""0"",""deviceErrorResponse"":{""errorCode"":""GRX-20024"",""errorMessage"":""Ya existe un AppleCare Plan para el dispositivo SJN41CQ44NY o está pendiente. Comprueba los detalles del pedido en la búsqueda 360 y ponte en contacto con el Soporte técnico de AppleCare Connect si necesitas más información.""},""pocType"":""APOC"",""serialNumber"":""JN41CQ44NY"",""partNumber"":""SD0T3ZX/A"",""partAlias"":""ACP"",""productDescription"":""MacBook Neo""}},""transactionId"":""73d43cf0-301c-4d59-91b2-e275d1acd572-1789625238924""}"
False;5181555;2026-09-17 03:07:45.407000;2026-09-15 00:00:00;401156;CREATEORDER;SJN41CQ44NY;MHFF4CI/A;"{""orderDetailsResponses"":{""deviceEligibility"":{""secondaryDisplay"":""0"",""deviceDateOfPurchase"":""15/09/2026"",""deviceId"":""SJN41CQ44NY"",""registeredDevice"":""0"",""deviceErrorResponse"":{""errorCode"":""GRX-20024"",""errorMessage"":""Ya existe un AppleCare Plan para el dispositivo SJN41CQ44NY o está pendiente. Comprueba los detalles del pedido en la búsqueda 360 y ponte en contacto con el Soporte técnico de AppleCare Connect si necesitas más información.""},""pocType"":""APOC"",""serialNumber"":""JN41CQ44NY"",""partNumber"":""SD0T3ZX/A"",""partAlias"":""ACP"",""productDescription"":""MacBook Neo""}},""transactionId"":""5672426d-4b3d-4797-9138-c00553f5e1c3-1789625264633""}"
False;5181555;2026-09-17 03:12:18.097000;2026-09-15 00:00:00;401156;CREATEORDER;SJN41CQ44NY;MHFF4CI/A;"{""orderDetailsResponses"":{""deviceEligibility"":{""secondaryDisplay"":""0"",""deviceDateOfPurchase"":""15/09/2026"",""deviceId"":""SJN41CQ44NY"",""registeredDevice"":""0"",""deviceErrorResponse"":{""errorCode"":""GRX-20024"",""errorMessage"":""Ya existe un AppleCare Plan para el dispositivo SJN41CQ44NY o está pendiente. Comprueba los detalles del pedido en la búsqueda 360 y ponte en contacto con el Soporte técnico de AppleCare Connect si necesitas más información.""},""pocType"":""APOC"",""serialNumber"":""JN41CQ44NY"",""partNumber"":""SD0T3ZX/A"",""partAlias"":""ACP"",""productDescription"":""MacBook Neo""}},""transactionId"":""d5179b2e-9ce6-4248-83af-4dfe624fce58-1789625537311""}"
False;5181555;2026-09-17 03:12:44.130000;2026-09-15 00:00:00;401156;CREATEORDER;SJN41CQ44NY;MHFF4CI/A;"{""orderDetailsResponses"":{""deviceEligibility"":{""secondaryDisplay"":""0"",""deviceDateOfPurchase"":""15/09/2026"",""deviceId"":""SJN41CQ44NY"",""registeredDevice"":""0"",""deviceErrorResponse"":{""errorCode"":""GRX-20024"",""errorMessage"":""Ya existe un AppleCare Plan para el dispositivo SJN41CQ44NY o está pendiente. Comprueba los detalles del pedido en la búsqueda 360 y ponte en contacto con el Soporte técnico de AppleCare Connect si necesitas más información.""},""pocType"":""APOC"",""serialNumber"":""JN41CQ44NY"",""partNumber"":""SD0T3ZX/A"",""partAlias"":""ACP"",""productDescription"":""MacBook Neo""}},""transactionId"":""184b3ef8-f011-4c3b-84c8-d61e7d2a6e5b-1789625563369""}"
False;5181555;2026-09-17 03:17:10.647000;2026-09-15 00:00:00;401156;CREATEORDER;SJN41CQ44NY;MHFF4CI/A;"{""orderDetailsResponses"":{""deviceEligibility"":{""secondaryDisplay"":""0"",""deviceDateOfPurchase"":""15/09/2026"",""deviceId"":""SJN41CQ44NY"",""registeredDevice"":""0"",""deviceErrorResponse"":{""errorCode"":""GRX-20024"",""errorMessage"":""Ya existe un AppleCare Plan para el dispositivo SJN41CQ44NY o está pendiente. Comprueba los detalles del pedido en la búsqueda 360 y ponte en contacto con el Soporte técnico de AppleCare Connect si necesitas más información.""},""pocType"":""APOC"",""serialNumber"":""JN41CQ44NY"",""partNumber"":""SD0T3ZX/A"",""partAlias"":""ACP"",""productDescription"":""MacBook Neo""}},""transactionId"":""733d0681-22d0-4476-b227-3ddec929e55d-1789625829909""}"
False;5181555;2026-09-17 03:17:35.693000;2026-09-15 00:00:00;401156;CREATEORDER;SJN41CQ44NY;MHFF4CI/A;"{""orderDetailsResponses"":{""deviceEligibility"":{""secondaryDisplay"":""0"",""deviceDateOfPurchase"":""15/09/2026"",""deviceId"":""SJN41CQ44NY"",""registeredDevice"":""0"",""deviceErrorResponse"":{""errorCode"":""GRX-20024"",""errorMessage"":""Ya existe un AppleCare Plan para el dispositivo SJN41CQ44NY o está pendiente. Comprueba los detalles del pedido en la búsqueda 360 y ponte en contacto con el Soporte técnico de AppleCare Connect si necesitas más información.""},""pocType"":""APOC"",""serialNumber"":""JN41CQ44NY"",""partNumber"":""SD0T3ZX/A"",""partAlias"":""ACP"",""productDescription"":""MacBook Neo""}},""transactionId"":""e449626d-5f5d-4020-8b8b-1f9053f23f76-1789625854906""}"
False;5181555;2026-09-17 03:22:21.977000;2026-09-15 00:00:00;401156;CREATEORDER;SJN41CQ44NY;MHFF4CI/A;"{""orderDetailsResponses"":{""deviceEligibility"":{""secondaryDisplay"":""0"",""deviceDateOfPurchase"":""15/09/2026"",""deviceId"":""SJN41CQ44NY"",""registeredDevice"":""0"",""deviceErrorResponse"":{""errorCode"":""GRX-20024"",""errorMessage"":""Ya existe un AppleCare Plan para el dispositivo SJN41CQ44NY o está pendiente. Comprueba los detalles del pedido en la búsqueda 360 y ponte en contacto con el Soporte técnico de AppleCare Connect si necesitas más información.""},""pocType"":""APOC"",""serialNumber"":""JN41CQ44NY"",""partNumber"":""SD0T3ZX/A"",""partAlias"":""ACP"",""productDescription"":""MacBook Neo""}},""transactionId"":""ec2f2f40-0ad3-4978-8b34-656dfb7073de-1789626141193""}"
False;5181555;2026-09-17 03:22:52.957000;2026-09-15 00:00:00;401156;CREATEORDER;SJN41CQ44NY;MHFF4CI/A;"{""orderDetailsResponses"":{""deviceEligibility"":{""secondaryDisplay"":""0"",""deviceDateOfPurchase"":""15/09/2026"",""deviceId"":""SJN41CQ44NY"",""registeredDevice"":""0"",""deviceErrorResponse"":{""errorCode"":""GRX-20024"",""errorMessage"":""Ya existe un AppleCare Plan para el dispositivo SJN41CQ44NY o está pendiente. Comprueba los detalles del pedido en la búsqueda 360 y ponte en contacto con el Soporte técnico de AppleCare Connect si necesitas más información.""},""pocType"":""APOC"",""serialNumber"":""JN41CQ44NY"",""partNumber"":""SD0T3ZX/A"",""partAlias"":""ACP"",""productDescription"":""MacBook Neo""}},""transactionId"":""647151ee-483e-4fd2-9d46-96f8577d3b90-1789626172246""}"
False;5181555;2026-09-17 03:27:16.907000;2026-09-15 00:00:00;401156;CREATEORDER;SJN41CQ44NY;MHFF4CI/A;"{""orderDetailsResponses"":{""deviceEligibility"":{""secondaryDisplay"":""0"",""deviceDateOfPurchase"":""15/09/2026"",""deviceId"":""SJN41CQ44NY"",""registeredDevice"":""0"",""deviceErrorResponse"":{""errorCode"":""GRX-20024"",""errorMessage"":""Ya existe un AppleCare Plan para el dispositivo SJN41CQ44NY o está pendiente. Comprueba los detalles del pedido en la búsqueda 360 y ponte en contacto con el Soporte técnico de AppleCare Connect si necesitas más información.""},""pocType"":""APOC"",""serialNumber"":""JN41CQ44NY"",""partNumber"":""SD0T3ZX/A"",""partAlias"":""ACP"",""productDescription"":""MacBook Neo""}},""transactionId"":""b3b21815-0b3f-46ef-9e31-8ef2fba6baf8-1789626436165""}"
False;5181555;2026-09-17 03:27:40.623000;2026-09-15 00:00:00;401156;CREATEORDER;SJN41CQ44NY;MHFF4CI/A;"{""orderDetailsResponses"":{""deviceEligibility"":{""secondaryDisplay"":""0"",""deviceDateOfPurchase"":""15/09/2026"",""deviceId"":""SJN41CQ44NY"",""registeredDevice"":""0"",""deviceErrorResponse"":{""errorCode"":""GRX-20024"",""errorMessage"":""Ya existe un AppleCare Plan para el dispositivo SJN41CQ44NY o está pendiente. Comprueba los detalles del pedido en la búsqueda 360 y ponte en contacto con el Soporte técnico de AppleCare Connect si necesitas más información.""},""pocType"":""APOC"",""serialNumber"":""JN41CQ44NY"",""partNumber"":""SD0T3ZX/A"",""partAlias"":""ACP"",""productDescription"":""MacBook Neo""}},""transactionId"":""617abcdb-afa6-4af4-919a-71c744b2bee3-1789626459872""}"
False;5181555;2026-09-17 03:32:08.220000;2026-09-15 00:00:00;401156;CREATEORDER;SJN41CQ44NY;MHFF4CI/A;"{""orderDetailsResponses"":{""deviceEligibility"":{""secondaryDisplay"":""0"",""deviceDateOfPurchase"":""15/09/2026"",""deviceId"":""SJN41CQ44NY"",""registeredDevice"":""0"",""deviceErrorResponse"":{""errorCode"":""GRX-20024"",""errorMessage"":""Ya existe un AppleCare Plan para el dispositivo SJN41CQ44NY o está pendiente. Comprueba los detalles del pedido en la búsqueda 360 y ponte en contacto con el Soporte técnico de AppleCare Connect si necesitas más información.""},""pocType"":""APOC"",""serialNumber"":""JN41CQ44NY"",""partNumber"":""SD0T3ZX/A"",""partAlias"":""ACP"",""productDescription"":""MacBook Neo""}},""transactionId"":""29b21bcc-b076-4a94-8f9a-d77f2cbc4ebc-1789626727459""}"
False;5181555;2026-09-17 03:32:30.493000;2026-09-15 00:00:00;401156;CREATEORDER;SJN41CQ44NY;MHFF4CI/A;"{""orderDetailsResponses"":{""deviceEligibility"":{""secondaryDisplay"":""0"",""deviceDateOfPurchase"":""15/09/2026"",""deviceId"":""SJN41CQ44NY"",""registeredDevice"":""0"",""deviceErrorResponse"":{""errorCode"":""GRX-20024"",""errorMessage"":""Ya existe un AppleCare Plan para el dispositivo SJN41CQ44NY o está pendiente. Comprueba los detalles del pedido en la búsqueda 360 y ponte en contacto con el Soporte técnico de AppleCare Connect si necesitas más información.""},""pocType"":""APOC"",""serialNumber"":""JN41CQ44NY"",""partNumber"":""SD0T3ZX/A"",""partAlias"":""ACP"",""productDescription"":""MacBook Neo""}},""transactionId"":""8a715579-6f91-46d2-9696-0e2d9f4eefd6-1789626749775""}"
False;5181555;2026-09-17 03:37:25.530000;2026-09-15 00:00:00;401156;CREATEORDER;SJN41CQ44NY;MHFF4CI/A;"{""orderDetailsResponses"":{""deviceEligibility"":{""secondaryDisplay"":""0"",""deviceDateOfPurchase"":""15/09/2026"",""deviceId"":""SJN41CQ44NY"",""registeredDevice"":""0"",""deviceErrorResponse"":{""errorCode"":""GRX-20024"",""errorMessage"":""Ya existe un AppleCare Plan para el dispositivo SJN41CQ44NY o está pendiente. Comprueba los detalles del pedido en la búsqueda 360 y ponte en contacto con el Soporte técnico de AppleCare Connect si necesitas más información.""},""pocType"":""APOC"",""serialNumber"":""JN41CQ44NY"",""partNumber"":""SD0T3ZX/A"",""partAlias"":""ACP"",""productDescription"":""MacBook Neo""}},""transactionId"":""80c67f76-35f3-4eae-9695-00096848ae64-1789627044682""}"
False;5181555;2026-09-17 03:37:53.507000;2026-09-15 00:00:00;401156;CREATEORDER;SJN41CQ44NY;MHFF4CI/A;"{""orderDetailsResponses"":{""deviceEligibility"":{""secondaryDisplay"":""0"",""deviceDateOfPurchase"":""15/09/2026"",""deviceId"":""SJN41CQ44NY"",""registeredDevice"":""0"",""deviceErrorResponse"":{""errorCode"":""GRX-20024"",""errorMessage"":""Ya existe un AppleCare Plan para el dispositivo SJN41CQ44NY o está pendiente. Comprueba los detalles del pedido en la búsqueda 360 y ponte en contacto con el Soporte técnico de AppleCare Connect si necesitas más información.""},""pocType"":""APOC"",""serialNumber"":""JN41CQ44NY"",""partNumber"":""SD0T3ZX/A"",""partAlias"":""ACP"",""productDescription"":""MacBook Neo""}},""transactionId"":""43cad347-2a5e-4c84-a372-03ca45b690db-1789627072681""}"
False;5181555;2026-09-17 03:42:18.677000;2026-09-15 00:00:00;401156;CREATEORDER;SJN41CQ44NY;MHFF4CI/A;"{""orderDetailsResponses"":{""deviceEligibility"":{""secondaryDisplay"":""0"",""deviceDateOfPurchase"":""15/09/2026"",""deviceId"":""SJN41CQ44NY"",""registeredDevice"":""0"",""deviceErrorResponse"":{""errorCode"":""GRX-20024"",""errorMessage"":""Ya existe un AppleCare Plan para el dispositivo SJN41CQ44NY o está pendiente. Comprueba los detalles del pedido en la búsqueda 360 y ponte en contacto con el Soporte técnico de AppleCare Connect si necesitas más información.""},""pocType"":""APOC"",""serialNumber"":""JN41CQ44NY"",""partNumber"":""SD0T3ZX/A"",""partAlias"":""ACP"",""productDescription"":""MacBook Neo""}},""transactionId"":""e13a8c91-713f-4020-9221-a907deb4199f-1789627337889""}"
False;5181555;2026-09-17 03:42:42.700000;2026-09-15 00:00:00;401156;CREATEORDER;SJN41CQ44NY;MHFF4CI/A;"{""orderDetailsResponses"":{""deviceEligibility"":{""secondaryDisplay"":""0"",""deviceDateOfPurchase"":""15/09/2026"",""deviceId"":""SJN41CQ44NY"",""registeredDevice"":""0"",""deviceErrorResponse"":{""errorCode"":""GRX-20024"",""errorMessage"":""Ya existe un AppleCare Plan para el dispositivo SJN41CQ44NY o está pendiente. Comprueba los detalles del pedido en la búsqueda 360 y ponte en contacto con el Soporte técnico de AppleCare Connect si necesitas más información.""},""pocType"":""APOC"",""serialNumber"":""JN41CQ44NY"",""partNumber"":""SD0T3ZX/A"",""partAlias"":""ACP"",""productDescription"":""MacBook Neo""}},""transactionId"":""1ffed27a-9795-407b-bf57-c696ba8c4896-1789627361945""}"
False;5181555;2026-09-17 03:47:23.810000;2026-09-15 00:00:00;401156;CREATEORDER;SJN41CQ44NY;MHFF4CI/A;"{""orderDetailsResponses"":{""deviceEligibility"":{""secondaryDisplay"":""0"",""deviceDateOfPurchase"":""15/09/2026"",""deviceId"":""SJN41CQ44NY"",""registeredDevice"":""0"",""deviceErrorResponse"":{""errorCode"":""GRX-20024"",""errorMessage"":""Ya existe un AppleCare Plan para el dispositivo SJN41CQ44NY o está pendiente. Comprueba los detalles del pedido en la búsqueda 360 y ponte en contacto con el Soporte técnico de AppleCare Connect si necesitas más información.""},""pocType"":""APOC"",""serialNumber"":""JN41CQ44NY"",""partNumber"":""SD0T3ZX/A"",""partAlias"":""ACP"",""productDescription"":""MacBook Neo""}},""transactionId"":""8f36e3af-c3b8-4076-845c-67b461428356-1789627643038""}"
False;5181555;2026-09-17 03:47:49.523000;2026-09-15 00:00:00;401156;CREATEORDER;SJN41CQ44NY;MHFF4CI/A;"{""orderDetailsResponses"":{""deviceEligibility"":{""secondaryDisplay"":""0"",""deviceDateOfPurchase"":""15/09/2026"",""deviceId"":""SJN41CQ44NY"",""registeredDevice"":""0"",""deviceErrorResponse"":{""errorCode"":""GRX-20024"",""errorMessage"":""Ya existe un AppleCare Plan para el dispositivo SJN41CQ44NY o está pendiente. Comprueba los detalles del pedido en la búsqueda 360 y ponte en contacto con el Soporte técnico de AppleCare Connect si necesitas más información.""},""pocType"":""APOC"",""serialNumber"":""JN41CQ44NY"",""partNumber"":""SD0T3ZX/A"",""partAlias"":""ACP"",""productDescription"":""MacBook Neo""}},""transactionId"":""504ef522-f1fe-45d0-8756-e578c63466c6-1789627668798""}"
False;5181555;2026-09-17 03:52:07.307000;2026-09-15 00:00:00;401156;CREATEORDER;SJN41CQ44NY;MHFF4CI/A;"{""orderDetailsResponses"":{""deviceEligibility"":{""secondaryDisplay"":""0"",""deviceDateOfPurchase"":""15/09/2026"",""deviceId"":""SJN41CQ44NY"",""registeredDevice"":""0"",""deviceErrorResponse"":{""errorCode"":""GRX-20024"",""errorMessage"":""Ya existe un AppleCare Plan para el dispositivo SJN41CQ44NY o está pendiente. Comprueba los detalles del pedido en la búsqueda 360 y ponte en contacto con el Soporte técnico de AppleCare Connect si necesitas más información.""},""pocType"":""APOC"",""serialNumber"":""JN41CQ44NY"",""partNumber"":""SD0T3ZX/A"",""partAlias"":""ACP"",""productDescription"":""MacBook Neo""}},""transactionId"":""b537bcec-b1ab-4c6b-85e2-5b0201006f9d-1789627926276""}"
False;5181555;2026-09-17 03:52:35.380000;2026-09-15 00:00:00;401156;CREATEORDER;SJN41CQ44NY;MHFF4CI/A;"{""orderDetailsResponses"":{""deviceEligibility"":{""secondaryDisplay"":""0"",""deviceDateOfPurchase"":""15/09/2026"",""deviceId"":""SJN41CQ44NY"",""registeredDevice"":""0"",""deviceErrorResponse"":{""errorCode"":""GRX-20024"",""errorMessage"":""Ya existe un AppleCare Plan para el dispositivo SJN41CQ44NY o está pendiente. Comprueba los detalles del pedido en la búsqueda 360 y ponte en contacto con el Soporte técnico de AppleCare Connect si necesitas más información.""},""pocType"":""APOC"",""serialNumber"":""JN41CQ44NY"",""partNumber"":""SD0T3ZX/A"",""partAlias"":""ACP"",""productDescription"":""MacBook Neo""}},""transactionId"":""c647f610-44f6-4ea5-9efc-0429c46cc315-1789627954451""}"
False;5181555;2026-09-17 03:57:15.477000;2026-09-15 00:00:00;401156;CREATEORDER;SJN41CQ44NY;MHFF4CI/A;"{""orderDetailsResponses"":{""deviceEligibility"":{""secondaryDisplay"":""0"",""deviceDateOfPurchase"":""15/09/2026"",""deviceId"":""SJN41CQ44NY"",""registeredDevice"":""0"",""deviceErrorResponse"":{""errorCode"":""GRX-20024"",""errorMessage"":""Ya existe un AppleCare Plan para el dispositivo SJN41CQ44NY o está pendiente. Comprueba los detalles del pedido en la búsqueda 360 y ponte en contacto con el Soporte técnico de AppleCare Connect si necesitas más información.""},""pocType"":""APOC"",""serialNumber"":""JN41CQ44NY"",""partNumber"":""SD0T3ZX/A"",""partAlias"":""ACP"",""productDescription"":""MacBook Neo""}},""transactionId"":""69f6f3ea-843e-4fe3-b153-63186e48d8b3-1789628234674""}"
False;5181555;2026-09-17 03:57:39.310000;2026-09-15 00:00:00;401156;CREATEORDER;SJN41CQ44NY;MHFF4CI/A;"{""orderDetailsResponses"":{""deviceEligibility"":{""secondaryDisplay"":""0"",""deviceDateOfPurchase"":""15/09/2026"",""deviceId"":""SJN41CQ44NY"",""registeredDevice"":""0"",""deviceErrorResponse"":{""errorCode"":""GRX-20024"",""errorMessage"":""Ya existe un AppleCare Plan para el dispositivo SJN41CQ44NY o está pendiente. Comprueba los detalles del pedido en la búsqueda 360 y ponte en contacto con el Soporte técnico de AppleCare Connect si necesitas más información.""},""pocType"":""APOC"",""serialNumber"":""JN41CQ44NY"",""partNumber"":""SD0T3ZX/A"",""partAlias"":""ACP"",""productDescription"":""MacBook Neo""}},""transactionId"":""daf14973-003b-499e-a549-5de36a63ba30-1789628258546""}"
False;5181555;2026-09-17 04:02:29.940000;2026-09-15 00:00:00;401156;CREATEORDER;SJN41CQ44NY;MHFF4CI/A;"{""orderDetailsResponses"":{""deviceEligibility"":{""secondaryDisplay"":""0"",""deviceDateOfPurchase"":""15/09/2026"",""deviceId"":""SJN41CQ44NY"",""registeredDevice"":""0"",""deviceErrorResponse"":{""errorCode"":""GRX-20024"",""errorMessage"":""Ya existe un AppleCare Plan para el dispositivo SJN41CQ44NY o está pendiente. Comprueba los detalles del pedido en la búsqueda 360 y ponte en contacto con el Soporte técnico de AppleCare Connect si necesitas más información.""},""pocType"":""APOC"",""serialNumber"":""JN41CQ44NY"",""partNumber"":""SD0T3ZX/A"",""partAlias"":""ACP"",""productDescription"":""MacBook Neo""}},""transactionId"":""678cae95-4438-4bc2-abc2-0359ea4bb9f1-1789628549198""}"
False;5181555;2026-09-17 04:02:56.020000;2026-09-15 00:00:00;401156;CREATEORDER;SJN41CQ44NY;MHFF4CI/A;"{""orderDetailsResponses"":{""deviceEligibility"":{""secondaryDisplay"":""0"",""deviceDateOfPurchase"":""15/09/2026"",""deviceId"":""SJN41CQ44NY"",""registeredDevice"":""0"",""deviceErrorResponse"":{""errorCode"":""GRX-20024"",""errorMessage"":""Ya existe un AppleCare Plan para el dispositivo SJN41CQ44NY o está pendiente. Comprueba los detalles del pedido en la búsqueda 360 y ponte en contacto con el Soporte técnico de AppleCare Connect si necesitas más información.""},""pocType"":""APOC"",""serialNumber"":""JN41CQ44NY"",""partNumber"":""SD0T3ZX/A"",""partAlias"":""ACP"",""productDescription"":""MacBook Neo""}},""transactionId"":""b18c2e56-a030-44e3-b8b3-37b123e2e9ee-1789628575228""}"
False;5181555;2026-09-17 04:12:18.130000;2026-09-15 00:00:00;401156;CREATEORDER;SJN41CQ44NY;MHFF4CI/A;"{""orderDetailsResponses"":{""deviceEligibility"":{""secondaryDisplay"":""0"",""deviceDateOfPurchase"":""15/09/2026"",""deviceId"":""SJN41CQ44NY"",""registeredDevice"":""0"",""deviceErrorResponse"":{""errorCode"":""GRX-20024"",""errorMessage"":""Ya existe un AppleCare Plan para el dispositivo SJN41CQ44NY o está pendiente. Comprueba los detalles del pedido en la búsqueda 360 y ponte en contacto con el Soporte técnico de AppleCare Connect si necesitas más información.""},""pocType"":""APOC"",""serialNumber"":""JN41CQ44NY"",""partNumber"":""SD0T3ZX/A"",""partAlias"":""ACP"",""productDescription"":""MacBook Neo""}},""transactionId"":""a79a592f-e225-4bd7-8901-cffb60de861d-1789629137287""}"
False;5181555;2026-09-17 04:12:43.537000;2026-09-15 00:00:00;401156;CREATEORDER;SJN41CQ44NY;MHFF4CI/A;"{""orderDetailsResponses"":{""deviceEligibility"":{""secondaryDisplay"":""0"",""deviceDateOfPurchase"":""15/09/2026"",""deviceId"":""SJN41CQ44NY"",""registeredDevice"":""0"",""deviceErrorResponse"":{""errorCode"":""GRX-20024"",""errorMessage"":""Ya existe un AppleCare Plan para el dispositivo SJN41CQ44NY o está pendiente. Comprueba los detalles del pedido en la búsqueda 360 y ponte en contacto con el Soporte técnico de AppleCare Connect si necesitas más información.""},""pocType"":""APOC"",""serialNumber"":""JN41CQ44NY"",""partNumber"":""SD0T3ZX/A"",""partAlias"":""ACP"",""productDescription"":""MacBook Neo""}},""transactionId"":""f30d0a18-91e3-44bf-af78-1485448a8002-1789629162710""}"
False;5181555;2026-09-17 04:17:23.600000;2026-09-15 00:00:00;401156;CREATEORDER;SJN41CQ44NY;MHFF4CI/A;"{""orderDetailsResponses"":{""deviceEligibility"":{""secondaryDisplay"":""0"",""deviceDateOfPurchase"":""15/09/2026"",""deviceId"":""SJN41CQ44NY"",""registeredDevice"":""0"",""deviceErrorResponse"":{""errorCode"":""GRX-20024"",""errorMessage"":""Ya existe un AppleCare Plan para el dispositivo SJN41CQ44NY o está pendiente. Comprueba los detalles del pedido en la búsqueda 360 y ponte en contacto con el Soporte técnico de AppleCare Connect si necesitas más información.""},""pocType"":""APOC"",""serialNumber"":""JN41CQ44NY"",""partNumber"":""SD0T3ZX/A"",""partAlias"":""ACP"",""productDescription"":""MacBook Neo""}},""transactionId"":""a4d155ba-92b2-412a-a036-417f4125860c-1789629442830""}"
False;5181555;2026-09-17 04:17:53.323000;2026-09-15 00:00:00;401156;CREATEORDER;SJN41CQ44NY;MHFF4CI/A;"{""orderDetailsResponses"":{""deviceEligibility"":{""secondaryDisplay"":""0"",""deviceDateOfPurchase"":""15/09/2026"",""deviceId"":""SJN41CQ44NY"",""registeredDevice"":""0"",""deviceErrorResponse"":{""errorCode"":""GRX-20024"",""errorMessage"":""Ya existe un AppleCare Plan para el dispositivo SJN41CQ44NY o está pendiente. Comprueba los detalles del pedido en la búsqueda 360 y ponte en contacto con el Soporte técnico de AppleCare Connect si necesitas más información.""},""pocType"":""APOC"",""serialNumber"":""JN41CQ44NY"",""partNumber"":""SD0T3ZX/A"",""partAlias"":""ACP"",""productDescription"":""MacBook Neo""}},""transactionId"":""df9b82c8-1fff-4916-b904-d7ce1a6c85a8-1789629472568""}"
False;5181555;2026-09-17 04:22:27.937000;2026-09-15 00:00:00;401156;CREATEORDER;SJN41CQ44NY;MHFF4CI/A;"{""orderDetailsResponses"":{""deviceEligibility"":{""secondaryDisplay"":""0"",""deviceDateOfPurchase"":""15/09/2026"",""deviceId"":""SJN41CQ44NY"",""registeredDevice"":""0"",""deviceErrorResponse"":{""errorCode"":""GRX-20024"",""errorMessage"":""Ya existe un AppleCare Plan para el dispositivo SJN41CQ44NY o está pendiente. Comprueba los detalles del pedido en la búsqueda 360 y ponte en contacto con el Soporte técnico de AppleCare Connect si necesitas más información.""},""pocType"":""APOC"",""serialNumber"":""JN41CQ44NY"",""partNumber"":""SD0T3ZX/A"",""partAlias"":""ACP"",""productDescription"":""MacBook Neo""}},""transactionId"":""341c7122-36a1-457f-ae10-37633b6a79a4-1789629747202""}"
False;5181555;2026-09-17 04:22:57.870000;2026-09-15 00:00:00;401156;CREATEORDER;SJN41CQ44NY;MHFF4CI/A;"{""orderDetailsResponses"":{""deviceEligibility"":{""secondaryDisplay"":""0"",""deviceDateOfPurchase"":""15/09/2026"",""deviceId"":""SJN41CQ44NY"",""registeredDevice"":""0"",""deviceErrorResponse"":{""errorCode"":""GRX-20024"",""errorMessage"":""Ya existe un AppleCare Plan para el dispositivo SJN41CQ44NY o está pendiente. Comprueba los detalles del pedido en la búsqueda 360 y ponte en contacto con el Soporte técnico de AppleCare Connect si necesitas más información.""},""pocType"":""APOC"",""serialNumber"":""JN41CQ44NY"",""partNumber"":""SD0T3ZX/A"",""partAlias"":""ACP"",""productDescription"":""MacBook Neo""}},""transactionId"":""250d3e56-0b36-4ee6-b0b4-0ff385c585aa-1789629776956""}"
False;5181555;2026-09-17 04:32:20.493000;2026-09-15 00:00:00;401156;CREATEORDER;SJN41CQ44NY;MHFF4CI/A;"{""orderDetailsResponses"":{""deviceEligibility"":{""secondaryDisplay"":""0"",""deviceDateOfPurchase"":""15/09/2026"",""deviceId"":""SJN41CQ44NY"",""registeredDevice"":""0"",""deviceErrorResponse"":{""errorCode"":""GRX-20024"",""errorMessage"":""Ya existe un AppleCare Plan para el dispositivo SJN41CQ44NY o está pendiente. Comprueba los detalles del pedido en la búsqueda 360 y ponte en contacto con el Soporte técnico de AppleCare Connect si necesitas más información.""},""pocType"":""APOC"",""serialNumber"":""JN41CQ44NY"",""partNumber"":""SD0T3ZX/A"",""partAlias"":""ACP"",""productDescription"":""MacBook Neo""}},""transactionId"":""28d77d17-8333-420e-ad40-bc2465e41742-1789630339667""}"
False;5181555;2026-09-17 04:32:44.197000;2026-09-15 00:00:00;401156;CREATEORDER;SJN41CQ44NY;MHFF4CI/A;"{""orderDetailsResponses"":{""deviceEligibility"":{""secondaryDisplay"":""0"",""deviceDateOfPurchase"":""15/09/2026"",""deviceId"":""SJN41CQ44NY"",""registeredDevice"":""0"",""deviceErrorResponse"":{""errorCode"":""GRX-20024"",""errorMessage"":""Ya existe un AppleCare Plan para el dispositivo SJN41CQ44NY o está pendiente. Comprueba los detalles del pedido en la búsqueda 360 y ponte en contacto con el Soporte técnico de AppleCare Connect si necesitas más información.""},""pocType"":""APOC"",""serialNumber"":""JN41CQ44NY"",""partNumber"":""SD0T3ZX/A"",""partAlias"":""ACP"",""productDescription"":""MacBook Neo""}},""transactionId"":""d5f9e542-fca6-4598-ba9e-0ab8ba23fe2b-1789630363480""}"
False;5181555;2026-09-17 04:37:22.283000;2026-09-15 00:00:00;401156;CREATEORDER;SJN41CQ44NY;MHFF4CI/A;"{""orderDetailsResponses"":{""deviceEligibility"":{""secondaryDisplay"":""0"",""deviceDateOfPurchase"":""15/09/2026"",""deviceId"":""SJN41CQ44NY"",""registeredDevice"":""0"",""deviceErrorResponse"":{""errorCode"":""GRX-20024"",""errorMessage"":""Ya existe un AppleCare Plan para el dispositivo SJN41CQ44NY o está pendiente. Comprueba los detalles del pedido en la búsqueda 360 y ponte en contacto con el Soporte técnico de AppleCare Connect si necesitas más información.""},""pocType"":""APOC"",""serialNumber"":""JN41CQ44NY"",""partNumber"":""SD0T3ZX/A"",""partAlias"":""ACP"",""productDescription"":""MacBook Neo""}},""transactionId"":""ad10c456-f7c7-4485-a169-b7af99e00c4a-1789630641525""}"
False;5181555;2026-09-17 04:37:47.110000;2026-09-15 00:00:00;401156;CREATEORDER;SJN41CQ44NY;MHFF4CI/A;"{""orderDetailsResponses"":{""deviceEligibility"":{""secondaryDisplay"":""0"",""deviceDateOfPurchase"":""15/09/2026"",""deviceId"":""SJN41CQ44NY"",""registeredDevice"":""0"",""deviceErrorResponse"":{""errorCode"":""GRX-20024"",""errorMessage"":""Ya existe un AppleCare Plan para el dispositivo SJN41CQ44NY o está pendiente. Comprueba los detalles del pedido en la búsqueda 360 y ponte en contacto con el Soporte técnico de AppleCare Connect si necesitas más información.""},""pocType"":""APOC"",""serialNumber"":""JN41CQ44NY"",""partNumber"":""SD0T3ZX/A"",""partAlias"":""ACP"",""productDescription"":""MacBook Neo""}},""transactionId"":""6eeb7cfc-9c91-4828-b549-0cc03b442698-1789630666269""}"
False;5181555;2026-09-17 04:42:19.840000;2026-09-15 00:00:00;401156;CREATEORDER;SJN41CQ44NY;MHFF4CI/A;"{""orderDetailsResponses"":{""deviceEligibility"":{""secondaryDisplay"":""0"",""deviceDateOfPurchase"":""15/09/2026"",""deviceId"":""SJN41CQ44NY"",""registeredDevice"":""0"",""deviceErrorResponse"":{""errorCode"":""GRX-20024"",""errorMessage"":""Ya existe un AppleCare Plan para el dispositivo SJN41CQ44NY o está pendiente. Comprueba los detalles del pedido en la búsqueda 360 y ponte en contacto con el Soporte técnico de AppleCare Connect si necesitas más información.""},""pocType"":""APOC"",""serialNumber"":""JN41CQ44NY"",""partNumber"":""SD0T3ZX/A"",""partAlias"":""ACP"",""productDescription"":""MacBook Neo""}},""transactionId"":""40d1b1e6-61c4-4bd9-984b-d5a33ecc5ea5-1789630938973""}"
False;5181555;2026-09-17 04:42:43.957000;2026-09-15 00:00:00;401156;CREATEORDER;SJN41CQ44NY;MHFF4CI/A;"{""orderDetailsResponses"":{""deviceEligibility"":{""secondaryDisplay"":""0"",""deviceDateOfPurchase"":""15/09/2026"",""deviceId"":""SJN41CQ44NY"",""registeredDevice"":""0"",""deviceErrorResponse"":{""errorCode"":""GRX-20024"",""errorMessage"":""Ya existe un AppleCare Plan para el dispositivo SJN41CQ44NY o está pendiente. Comprueba los detalles del pedido en la búsqueda 360 y ponte en contacto con el Soporte técnico de AppleCare Connect si necesitas más información.""},""pocType"":""APOC"",""serialNumber"":""JN41CQ44NY"",""partNumber"":""SD0T3ZX/A"",""partAlias"":""ACP"",""productDescription"":""MacBook Neo""}},""transactionId"":""11f5b29d-9c56-4bf3-8ade-00093bc65a62-1789630963171""}"
False;5181555;2026-09-17 04:47:11.813000;2026-09-15 00:00:00;401156;CREATEORDER;SJN41CQ44NY;MHFF4CI/A;"{""orderDetailsResponses"":{""deviceEligibility"":{""secondaryDisplay"":""0"",""deviceDateOfPurchase"":""15/09/2026"",""deviceId"":""SJN41CQ44NY"",""registeredDevice"":""0"",""deviceErrorResponse"":{""errorCode"":""GRX-20024"",""errorMessage"":""Ya existe un AppleCare Plan para el dispositivo SJN41CQ44NY o está pendiente. Comprueba los detalles del pedido en la búsqueda 360 y ponte en contacto con el Soporte técnico de AppleCare Connect si necesitas más información.""},""pocType"":""APOC"",""serialNumber"":""JN41CQ44NY"",""partNumber"":""SD0T3ZX/A"",""partAlias"":""ACP"",""productDescription"":""MacBook Neo""}},""transactionId"":""3e89ba57-898a-4f96-8152-a7923e0ce680-1789631230992""}"
False;5181555;2026-09-17 04:47:36.320000;2026-09-15 00:00:00;401156;CREATEORDER;SJN41CQ44NY;MHFF4CI/A;"{""orderDetailsResponses"":{""deviceEligibility"":{""secondaryDisplay"":""0"",""deviceDateOfPurchase"":""15/09/2026"",""deviceId"":""SJN41CQ44NY"",""registeredDevice"":""0"",""deviceErrorResponse"":{""errorCode"":""GRX-20024"",""errorMessage"":""Ya existe un AppleCare Plan para el dispositivo SJN41CQ44NY o está pendiente. Comprueba los detalles del pedido en la búsqueda 360 y ponte en contacto con el Soporte técnico de AppleCare Connect si necesitas más información.""},""pocType"":""APOC"",""serialNumber"":""JN41CQ44NY"",""partNumber"":""SD0T3ZX/A"",""partAlias"":""ACP"",""productDescription"":""MacBook Neo""}},""transactionId"":""dfb279cc-911d-4a16-aacf-d710a9d705db-1789631255528""}"
False;5181555;2026-09-17 04:52:21.223000;2026-09-15 00:00:00;401156;CREATEORDER;SJN41CQ44NY;MHFF4CI/A;"{""orderDetailsResponses"":{""deviceEligibility"":{""secondaryDisplay"":""0"",""deviceDateOfPurchase"":""15/09/2026"",""deviceId"":""SJN41CQ44NY"",""registeredDevice"":""0"",""deviceErrorResponse"":{""errorCode"":""GRX-20024"",""errorMessage"":""Ya existe un AppleCare Plan para el dispositivo SJN41CQ44NY o está pendiente. Comprueba los detalles del pedido en la búsqueda 360 y ponte en contacto con el Soporte técnico de AppleCare Connect si necesitas más información.""},""pocType"":""APOC"",""serialNumber"":""JN41CQ44NY"",""partNumber"":""SD0T3ZX/A"",""partAlias"":""ACP"",""productDescription"":""MacBook Neo""}},""transactionId"":""8abed5f3-ff1f-4efe-be06-aef7ea2d08d1-1789631540510""}"
False;5181555;2026-09-17 04:52:47.330000;2026-09-15 00:00:00;401156;CREATEORDER;SJN41CQ44NY;MHFF4CI/A;"{""orderDetailsResponses"":{""deviceEligibility"":{""secondaryDisplay"":""0"",""deviceDateOfPurchase"":""15/09/2026"",""deviceId"":""SJN41CQ44NY"",""registeredDevice"":""0"",""deviceErrorResponse"":{""errorCode"":""GRX-20024"",""errorMessage"":""Ya existe un AppleCare Plan para el dispositivo SJN41CQ44NY o está pendiente. Comprueba los detalles del pedido en la búsqueda 360 y ponte en contacto con el Soporte técnico de AppleCare Connect si necesitas más información.""},""pocType"":""APOC"",""serialNumber"":""JN41CQ44NY"",""partNumber"":""SD0T3ZX/A"",""partAlias"":""ACP"",""productDescription"":""MacBook Neo""}},""transactionId"":""e4dd3b30-8ad9-4759-af7f-fae764624afa-1789631566496""}"
False;5181555;2026-09-17 04:57:25.383000;2026-09-15 00:00:00;401156;CREATEORDER;SJN41CQ44NY;MHFF4CI/A;"{""orderDetailsResponses"":{""deviceEligibility"":{""secondaryDisplay"":""0"",""deviceDateOfPurchase"":""15/09/2026"",""deviceId"":""SJN41CQ44NY"",""registeredDevice"":""0"",""deviceErrorResponse"":{""errorCode"":""GRX-20024"",""errorMessage"":""Ya existe un AppleCare Plan para el dispositivo SJN41CQ44NY o está pendiente. Comprueba los detalles del pedido en la búsqueda 360 y ponte en contacto con el Soporte técnico de AppleCare Connect si necesitas más información.""},""pocType"":""APOC"",""serialNumber"":""JN41CQ44NY"",""partNumber"":""SD0T3ZX/A"",""partAlias"":""ACP"",""productDescription"":""MacBook Neo""}},""transactionId"":""f41bb50e-8fd5-4c2c-9c4d-aa3894da19e2-1789631844203""}"
False;5181555;2026-09-17 04:57:49.350000;2026-09-15 00:00:00;401156;CREATEORDER;SJN41CQ44NY;MHFF4CI/A;"{""orderDetailsResponses"":{""deviceEligibility"":{""secondaryDisplay"":""0"",""deviceDateOfPurchase"":""15/09/2026"",""deviceId"":""SJN41CQ44NY"",""registeredDevice"":""0"",""deviceErrorResponse"":{""errorCode"":""GRX-20024"",""errorMessage"":""Ya existe un AppleCare Plan para el dispositivo SJN41CQ44NY o está pendiente. Comprueba los detalles del pedido en la búsqueda 360 y ponte en contacto con el Soporte técnico de AppleCare Connect si necesitas más información.""},""pocType"":""APOC"",""serialNumber"":""JN41CQ44NY"",""partNumber"":""SD0T3ZX/A"",""partAlias"":""ACP"",""productDescription"":""MacBook Neo""}},""transactionId"":""c8651482-7d54-4033-a985-b51fbc4d90c4-1789631868585""}"
False;5181555;2026-09-17 05:02:10.777000;2026-09-15 00:00:00;401156;CREATEORDER;SJN41CQ44NY;MHFF4CI/A;"{""orderDetailsResponses"":{""deviceEligibility"":{""secondaryDisplay"":""0"",""deviceDateOfPurchase"":""15/09/2026"",""deviceId"":""SJN41CQ44NY"",""registeredDevice"":""0"",""deviceErrorResponse"":{""errorCode"":""GRX-20024"",""errorMessage"":""Ya existe un AppleCare Plan para el dispositivo SJN41CQ44NY o está pendiente. Comprueba los detalles del pedido en la búsqueda 360 y ponte en contacto con el Soporte técnico de AppleCare Connect si necesitas más información.""},""pocType"":""APOC"",""serialNumber"":""JN41CQ44NY"",""partNumber"":""SD0T3ZX/A"",""partAlias"":""ACP"",""productDescription"":""MacBook Neo""}},""transactionId"":""4e184ed7-0ac9-4d05-a0d5-3489ac500a87-1789632129937""}"
False;5181555;2026-09-17 05:02:32.633000;2026-09-15 00:00:00;401156;CREATEORDER;SJN41CQ44NY;MHFF4CI/A;"{""orderDetailsResponses"":{""deviceEligibility"":{""secondaryDisplay"":""0"",""deviceDateOfPurchase"":""15/09/2026"",""deviceId"":""SJN41CQ44NY"",""registeredDevice"":""0"",""deviceErrorResponse"":{""errorCode"":""GRX-20024"",""errorMessage"":""Ya existe un AppleCare Plan para el dispositivo SJN41CQ44NY o está pendiente. Comprueba los detalles del pedido en la búsqueda 360 y ponte en contacto con el Soporte técnico de AppleCare Connect si necesitas más información.""},""pocType"":""APOC"",""serialNumber"":""JN41CQ44NY"",""partNumber"":""SD0T3ZX/A"",""partAlias"":""ACP"",""productDescription"":""MacBook Neo""}},""transactionId"":""14493eac-3c44-4e21-8d52-0feb1bb528cb-1789632151882""}"
False;5181555;2026-09-17 05:07:19.043000;2026-09-15 00:00:00;401156;CREATEORDER;SJN41CQ44NY;MHFF4CI/A;"{""orderDetailsResponses"":{""deviceEligibility"":{""secondaryDisplay"":""0"",""deviceDateOfPurchase"":""15/09/2026"",""deviceId"":""SJN41CQ44NY"",""registeredDevice"":""0"",""deviceErrorResponse"":{""errorCode"":""GRX-20024"",""errorMessage"":""Ya existe un AppleCare Plan para el dispositivo SJN41CQ44NY o está pendiente. Comprueba los detalles del pedido en la búsqueda 360 y ponte en contacto con el Soporte técnico de AppleCare Connect si necesitas más información.""},""pocType"":""APOC"",""serialNumber"":""JN41CQ44NY"",""partNumber"":""SD0T3ZX/A"",""partAlias"":""ACP"",""productDescription"":""MacBook Neo""}},""transactionId"":""2f63ca8c-08af-409c-b00b-9c3ccc14319b-1789632438294""}"
False;5181555;2026-09-17 05:07:43.717000;2026-09-15 00:00:00;401156;CREATEORDER;SJN41CQ44NY;MHFF4CI/A;"{""orderDetailsResponses"":{""deviceEligibility"":{""secondaryDisplay"":""0"",""deviceDateOfPurchase"":""15/09/2026"",""deviceId"":""SJN41CQ44NY"",""registeredDevice"":""0"",""deviceErrorResponse"":{""errorCode"":""GRX-20024"",""errorMessage"":""Ya existe un AppleCare Plan para el dispositivo SJN41CQ44NY o está pendiente. Comprueba los detalles del pedido en la búsqueda 360 y ponte en contacto con el Soporte técnico de AppleCare Connect si necesitas más información.""},""pocType"":""APOC"",""serialNumber"":""JN41CQ44NY"",""partNumber"":""SD0T3ZX/A"",""partAlias"":""ACP"",""productDescription"":""MacBook Neo""}},""transactionId"":""c5582534-6098-4d8d-af16-fe1d412af4b2-1789632462838""}"
False;5181555;2026-09-17 05:12:17.550000;2026-09-15 00:00:00;401156;CREATEORDER;SJN41CQ44NY;MHFF4CI/A;"{""orderDetailsResponses"":{""deviceEligibility"":{""secondaryDisplay"":""0"",""deviceDateOfPurchase"":""15/09/2026"",""deviceId"":""SJN41CQ44NY"",""registeredDevice"":""0"",""deviceErrorResponse"":{""errorCode"":""GRX-20024"",""errorMessage"":""Ya existe un AppleCare Plan para el dispositivo SJN41CQ44NY o está pendiente. Comprueba los detalles del pedido en la búsqueda 360 y ponte en contacto con el Soporte técnico de AppleCare Connect si necesitas más información.""},""pocType"":""APOC"",""serialNumber"":""JN41CQ44NY"",""partNumber"":""SD0T3ZX/A"",""partAlias"":""ACP"",""productDescription"":""MacBook Neo""}},""transactionId"":""ab339116-9c05-4714-b745-7f73eba0b441-1789632736800""}"
False;5181555;2026-09-17 05:12:43.260000;2026-09-15 00:00:00;401156;CREATEORDER;SJN41CQ44NY;MHFF4CI/A;"{""orderDetailsResponses"":{""deviceEligibility"":{""secondaryDisplay"":""0"",""deviceDateOfPurchase"":""15/09/2026"",""deviceId"":""SJN41CQ44NY"",""registeredDevice"":""0"",""deviceErrorResponse"":{""errorCode"":""GRX-20024"",""errorMessage"":""Ya existe un AppleCare Plan para el dispositivo SJN41CQ44NY o está pendiente. Comprueba los detalles del pedido en la búsqueda 360 y ponte en contacto con el Soporte técnico de AppleCare Connect si necesitas más información.""},""pocType"":""APOC"",""serialNumber"":""JN41CQ44NY"",""partNumber"":""SD0T3ZX/A"",""partAlias"":""ACP"",""productDescription"":""MacBook Neo""}},""transactionId"":""6819314c-703d-4432-9f4e-fbf7c8cd829c-1789632762421""}"
False;5181555;2026-09-17 05:17:18.660000;2026-09-15 00:00:00;401156;CREATEORDER;SJN41CQ44NY;MHFF4CI/A;"{""orderDetailsResponses"":{""deviceEligibility"":{""secondaryDisplay"":""0"",""deviceDateOfPurchase"":""15/09/2026"",""deviceId"":""SJN41CQ44NY"",""registeredDevice"":""0"",""deviceErrorResponse"":{""errorCode"":""GRX-20024"",""errorMessage"":""Ya existe un AppleCare Plan para el dispositivo SJN41CQ44NY o está pendiente. Comprueba los detalles del pedido en la búsqueda 360 y ponte en contacto con el Soporte técnico de AppleCare Connect si necesitas más información.""},""pocType"":""APOC"",""serialNumber"":""JN41CQ44NY"",""partNumber"":""SD0T3ZX/A"",""partAlias"":""ACP"",""productDescription"":""MacBook Neo""}},""transactionId"":""64a108a6-7f24-4394-8b09-3af672f530e9-1789633037810""}"
False;5181555;2026-09-17 05:17:43.067000;2026-09-15 00:00:00;401156;CREATEORDER;SJN41CQ44NY;MHFF4CI/A;"{""orderDetailsResponses"":{""deviceEligibility"":{""secondaryDisplay"":""0"",""deviceDateOfPurchase"":""15/09/2026"",""deviceId"":""SJN41CQ44NY"",""registeredDevice"":""0"",""deviceErrorResponse"":{""errorCode"":""GRX-20024"",""errorMessage"":""Ya existe un AppleCare Plan para el dispositivo SJN41CQ44NY o está pendiente. Comprueba los detalles del pedido en la búsqueda 360 y ponte en contacto con el Soporte técnico de AppleCare Connect si necesitas más información.""},""pocType"":""APOC"",""serialNumber"":""JN41CQ44NY"",""partNumber"":""SD0T3ZX/A"",""partAlias"":""ACP"",""productDescription"":""MacBook Neo""}},""transactionId"":""34fb3c68-aa41-4f09-bc5b-9074a1b2e6ee-1789633062340""}"
False;5181555;2026-09-17 05:22:06.787000;2026-09-15 00:00:00;401156;CREATEORDER;SJN41CQ44NY;MHFF4CI/A;"{""orderDetailsResponses"":{""deviceEligibility"":{""secondaryDisplay"":""0"",""deviceDateOfPurchase"":""15/09/2026"",""deviceId"":""SJN41CQ44NY"",""registeredDevice"":""0"",""deviceErrorResponse"":{""errorCode"":""GRX-20024"",""errorMessage"":""Ya existe un AppleCare Plan para el dispositivo SJN41CQ44NY o está pendiente. Comprueba los detalles del pedido en la búsqueda 360 y ponte en contacto con el Soporte técnico de AppleCare Connect si necesitas más información.""},""pocType"":""APOC"",""serialNumber"":""JN41CQ44NY"",""partNumber"":""SD0T3ZX/A"",""partAlias"":""ACP"",""productDescription"":""MacBook Neo""}},""transactionId"":""375d897c-d77b-45a6-8539-c232043e51a3-1789633326046""}"
False;5181555;2026-09-17 05:22:36.580000;2026-09-15 00:00:00;401156;CREATEORDER;SJN41CQ44NY;MHFF4CI/A;"{""orderDetailsResponses"":{""deviceEligibility"":{""secondaryDisplay"":""0"",""deviceDateOfPurchase"":""15/09/2026"",""deviceId"":""SJN41CQ44NY"",""registeredDevice"":""0"",""deviceErrorResponse"":{""errorCode"":""GRX-20024"",""errorMessage"":""Ya existe un AppleCare Plan para el dispositivo SJN41CQ44NY o está pendiente. Comprueba los detalles del pedido en la búsqueda 360 y ponte en contacto con el Soporte técnico de AppleCare Connect si necesitas más información.""},""pocType"":""APOC"",""serialNumber"":""JN41CQ44NY"",""partNumber"":""SD0T3ZX/A"",""partAlias"":""ACP"",""productDescription"":""MacBook Neo""}},""transactionId"":""b1ef5a47-a61c-44f0-a3ec-47ebbdaf563b-1789633355790""}"
False;5181555;2026-09-17 05:27:19.063000;2026-09-15 00:00:00;401156;CREATEORDER;SJN41CQ44NY;MHFF4CI/A;"{""orderDetailsResponses"":{""deviceEligibility"":{""secondaryDisplay"":""0"",""deviceDateOfPurchase"":""15/09/2026"",""deviceId"":""SJN41CQ44NY"",""registeredDevice"":""0"",""deviceErrorResponse"":{""errorCode"":""GRX-20024"",""errorMessage"":""Ya existe un AppleCare Plan para el dispositivo SJN41CQ44NY o está pendiente. Comprueba los detalles del pedido en la búsqueda 360 y ponte en contacto con el Soporte técnico de AppleCare Connect si necesitas más información.""},""pocType"":""APOC"",""serialNumber"":""JN41CQ44NY"",""partNumber"":""SD0T3ZX/A"",""partAlias"":""ACP"",""productDescription"":""MacBook Neo""}},""transactionId"":""a1336012-21e2-4f9e-b95e-100b2ed242a7-1789633638337""}"
False;5181555;2026-09-17 05:27:43.040000;2026-09-15 00:00:00;401156;CREATEORDER;SJN41CQ44NY;MHFF4CI/A;"{""orderDetailsResponses"":{""deviceEligibility"":{""secondaryDisplay"":""0"",""deviceDateOfPurchase"":""15/09/2026"",""deviceId"":""SJN41CQ44NY"",""registeredDevice"":""0"",""deviceErrorResponse"":{""errorCode"":""GRX-20024"",""errorMessage"":""Ya existe un AppleCare Plan para el dispositivo SJN41CQ44NY o está pendiente. Comprueba los detalles del pedido en la búsqueda 360 y ponte en contacto con el Soporte técnico de AppleCare Connect si necesitas más información.""},""pocType"":""APOC"",""serialNumber"":""JN41CQ44NY"",""partNumber"":""SD0T3ZX/A"",""partAlias"":""ACP"",""productDescription"":""MacBook Neo""}},""transactionId"":""b4ec45a2-665c-420c-b8f7-9f3b5dfecbfe-1789633662265""}"
False;5181555;2026-09-17 05:32:19.410000;2026-09-15 00:00:00;401156;CREATEORDER;SJN41CQ44NY;MHFF4CI/A;"{""orderDetailsResponses"":{""deviceEligibility"":{""secondaryDisplay"":""0"",""deviceDateOfPurchase"":""15/09/2026"",""deviceId"":""SJN41CQ44NY"",""registeredDevice"":""0"",""deviceErrorResponse"":{""errorCode"":""GRX-20024"",""errorMessage"":""Ya existe un AppleCare Plan para el dispositivo SJN41CQ44NY o está pendiente. Comprueba los detalles del pedido en la búsqueda 360 y ponte en contacto con el Soporte técnico de AppleCare Connect si necesitas más información.""},""pocType"":""APOC"",""serialNumber"":""JN41CQ44NY"",""partNumber"":""SD0T3ZX/A"",""partAlias"":""ACP"",""productDescription"":""MacBook Neo""}},""transactionId"":""4c05254c-2412-4aee-94b6-d00d9cce1436-1789633938654""}"
False;5181555;2026-09-17 05:32:43.220000;2026-09-15 00:00:00;401156;CREATEORDER;SJN41CQ44NY;MHFF4CI/A;"{""orderDetailsResponses"":{""deviceEligibility"":{""secondaryDisplay"":""0"",""deviceDateOfPurchase"":""15/09/2026"",""deviceId"":""SJN41CQ44NY"",""registeredDevice"":""0"",""deviceErrorResponse"":{""errorCode"":""GRX-20024"",""errorMessage"":""Ya existe un AppleCare Plan para el dispositivo SJN41CQ44NY o está pendiente. Comprueba los detalles del pedido en la búsqueda 360 y ponte en contacto con el Soporte técnico de AppleCare Connect si necesitas más información.""},""pocType"":""APOC"",""serialNumber"":""JN41CQ44NY"",""partNumber"":""SD0T3ZX/A"",""partAlias"":""ACP"",""productDescription"":""MacBook Neo""}},""transactionId"":""7ab6a7f0-6908-4b00-a869-5829dda7b9d7-1789633962368""}"
False;5181555;2026-09-17 05:37:20.083000;2026-09-15 00:00:00;401156;CREATEORDER;SJN41CQ44NY;MHFF4CI/A;"{""orderDetailsResponses"":{""deviceEligibility"":{""secondaryDisplay"":""0"",""deviceDateOfPurchase"":""15/09/2026"",""deviceId"":""SJN41CQ44NY"",""registeredDevice"":""0"",""deviceErrorResponse"":{""errorCode"":""GRX-20024"",""errorMessage"":""Ya existe un AppleCare Plan para el dispositivo SJN41CQ44NY o está pendiente. Comprueba los detalles del pedido en la búsqueda 360 y ponte en contacto con el Soporte técnico de AppleCare Connect si necesitas más información.""},""pocType"":""APOC"",""serialNumber"":""JN41CQ44NY"",""partNumber"":""SD0T3ZX/A"",""partAlias"":""ACP"",""productDescription"":""MacBook Neo""}},""transactionId"":""577a0618-e146-4703-95b9-94dab0a0ae42-1789634239298""}"
False;5181555;2026-09-17 05:37:44.040000;2026-09-15 00:00:00;401156;CREATEORDER;SJN41CQ44NY;MHFF4CI/A;"{""orderDetailsResponses"":{""deviceEligibility"":{""secondaryDisplay"":""0"",""deviceDateOfPurchase"":""15/09/2026"",""deviceId"":""SJN41CQ44NY"",""registeredDevice"":""0"",""deviceErrorResponse"":{""errorCode"":""GRX-20024"",""errorMessage"":""Ya existe un AppleCare Plan para el dispositivo SJN41CQ44NY o está pendiente. Comprueba los detalles del pedido en la búsqueda 360 y ponte en contacto con el Soporte técnico de AppleCare Connect si necesitas más información.""},""pocType"":""APOC"",""serialNumber"":""JN41CQ44NY"",""partNumber"":""SD0T3ZX/A"",""partAlias"":""ACP"",""productDescription"":""MacBook Neo""}},""transactionId"":""8eb49e57-d8d2-4cba-9182-6be2da6d2869-1789634263225""}"
False;5181555;2026-09-17 05:42:24.070000;2026-09-15 00:00:00;401156;CREATEORDER;SJN41CQ44NY;MHFF4CI/A;"{""orderDetailsResponses"":{""deviceEligibility"":{""secondaryDisplay"":""0"",""deviceDateOfPurchase"":""15/09/2026"",""deviceId"":""SJN41CQ44NY"",""registeredDevice"":""0"",""deviceErrorResponse"":{""errorCode"":""GRX-20024"",""errorMessage"":""Ya existe un AppleCare Plan para el dispositivo SJN41CQ44NY o está pendiente. Comprueba los detalles del pedido en la búsqueda 360 y ponte en contacto con el Soporte técnico de AppleCare Connect si necesitas más información.""},""pocType"":""APOC"",""serialNumber"":""JN41CQ44NY"",""partNumber"":""SD0T3ZX/A"",""partAlias"":""ACP"",""productDescription"":""MacBook Neo""}},""transactionId"":""fb2f1fe1-09eb-46bf-8236-85f4c3328edc-1789634543347""}"
False;5181555;2026-09-17 05:42:48.040000;2026-09-15 00:00:00;401156;CREATEORDER;SJN41CQ44NY;MHFF4CI/A;"{""orderDetailsResponses"":{""deviceEligibility"":{""secondaryDisplay"":""0"",""deviceDateOfPurchase"":""15/09/2026"",""deviceId"":""SJN41CQ44NY"",""registeredDevice"":""0"",""deviceErrorResponse"":{""errorCode"":""GRX-20024"",""errorMessage"":""Ya existe un AppleCare Plan para el dispositivo SJN41CQ44NY o está pendiente. Comprueba los detalles del pedido en la búsqueda 360 y ponte en contacto con el Soporte técnico de AppleCare Connect si necesitas más información.""},""pocType"":""APOC"",""serialNumber"":""JN41CQ44NY"",""partNumber"":""SD0T3ZX/A"",""partAlias"":""ACP"",""productDescription"":""MacBook Neo""}},""transactionId"":""085730e0-9e7e-41c7-937c-ba659d68fb36-1789634567321""}"
False;5181555;2026-09-17 05:47:17.217000;2026-09-15 00:00:00;401156;CREATEORDER;SJN41CQ44NY;MHFF4CI/A;"{""orderDetailsResponses"":{""deviceEligibility"":{""secondaryDisplay"":""0"",""deviceDateOfPurchase"":""15/09/2026"",""deviceId"":""SJN41CQ44NY"",""registeredDevice"":""0"",""deviceErrorResponse"":{""errorCode"":""GRX-20024"",""errorMessage"":""Ya existe un AppleCare Plan para el dispositivo SJN41CQ44NY o está pendiente. Comprueba los detalles del pedido en la búsqueda 360 y ponte en contacto con el Soporte técnico de AppleCare Connect si necesitas más información.""},""pocType"":""APOC"",""serialNumber"":""JN41CQ44NY"",""partNumber"":""SD0T3ZX/A"",""partAlias"":""ACP"",""productDescription"":""MacBook Neo""}},""transactionId"":""2147e6d4-d357-4b04-af96-3b8506849c00-1789634836407""}"
False;5181555;2026-09-17 05:47:41.360000;2026-09-15 00:00:00;401156;CREATEORDER;SJN41CQ44NY;MHFF4CI/A;"{""orderDetailsResponses"":{""deviceEligibility"":{""secondaryDisplay"":""0"",""deviceDateOfPurchase"":""15/09/2026"",""deviceId"":""SJN41CQ44NY"",""registeredDevice"":""0"",""deviceErrorResponse"":{""errorCode"":""GRX-20024"",""errorMessage"":""Ya existe un AppleCare Plan para el dispositivo SJN41CQ44NY o está pendiente. Comprueba los detalles del pedido en la búsqueda 360 y ponte en contacto con el Soporte técnico de AppleCare Connect si necesitas más información.""},""pocType"":""APOC"",""serialNumber"":""JN41CQ44NY"",""partNumber"":""SD0T3ZX/A"",""partAlias"":""ACP"",""productDescription"":""MacBook Neo""}},""transactionId"":""803f8bc0-af73-4410-92cf-a5aba22da5ea-1789634860581""}"
False;5181555;2026-09-17 05:52:22.700000;2026-09-15 00:00:00;401156;CREATEORDER;SJN41CQ44NY;MHFF4CI/A;"{""orderDetailsResponses"":{""deviceEligibility"":{""secondaryDisplay"":""0"",""deviceDateOfPurchase"":""15/09/2026"",""deviceId"":""SJN41CQ44NY"",""registeredDevice"":""0"",""deviceErrorResponse"":{""errorCode"":""GRX-20024"",""errorMessage"":""Ya existe un AppleCare Plan para el dispositivo SJN41CQ44NY o está pendiente. Comprueba los detalles del pedido en la búsqueda 360 y ponte en contacto con el Soporte técnico de AppleCare Connect si necesitas más información.""},""pocType"":""APOC"",""serialNumber"":""JN41CQ44NY"",""partNumber"":""SD0T3ZX/A"",""partAlias"":""ACP"",""productDescription"":""MacBook Neo""}},""transactionId"":""3f742d0f-33b7-4998-8772-edd191fe3971-1789635141875""}"
False;5181555;2026-09-17 05:52:48.543000;2026-09-15 00:00:00;401156;CREATEORDER;SJN41CQ44NY;MHFF4CI/A;"{""orderDetailsResponses"":{""deviceEligibility"":{""secondaryDisplay"":""0"",""deviceDateOfPurchase"":""15/09/2026"",""deviceId"":""SJN41CQ44NY"",""registeredDevice"":""0"",""deviceErrorResponse"":{""errorCode"":""GRX-20024"",""errorMessage"":""Ya existe un AppleCare Plan para el dispositivo SJN41CQ44NY o está pendiente. Comprueba los detalles del pedido en la búsqueda 360 y ponte en contacto con el Soporte técnico de AppleCare Connect si necesitas más información.""},""pocType"":""APOC"",""serialNumber"":""JN41CQ44NY"",""partNumber"":""SD0T3ZX/A"",""partAlias"":""ACP"",""productDescription"":""MacBook Neo""}},""transactionId"":""25271b23-2042-4227-8189-54e57736e3d2-1789635167808""}"
False;5181555;2026-09-17 05:57:05.023000;2026-09-15 00:00:00;401156;CREATEORDER;SJN41CQ44NY;MHFF4CI/A;"{""orderDetailsResponses"":{""deviceEligibility"":{""secondaryDisplay"":""0"",""deviceDateOfPurchase"":""15/09/2026"",""deviceId"":""SJN41CQ44NY"",""registeredDevice"":""0"",""deviceErrorResponse"":{""errorCode"":""GRX-20024"",""errorMessage"":""Ya existe un AppleCare Plan para el dispositivo SJN41CQ44NY o está pendiente. Comprueba los detalles del pedido en la búsqueda 360 y ponte en contacto con el Soporte técnico de AppleCare Connect si necesitas más información.""},""pocType"":""APOC"",""serialNumber"":""JN41CQ44NY"",""partNumber"":""SD0T3ZX/A"",""partAlias"":""ACP"",""productDescription"":""MacBook Neo""}},""transactionId"":""8ce2c600-b344-4ad6-9ea3-c774d9a54586-1789635424222""}"
False;5181555;2026-09-17 05:57:26.760000;2026-09-15 00:00:00;401156;CREATEORDER;SJN41CQ44NY;MHFF4CI/A;"{""orderDetailsResponses"":{""deviceEligibility"":{""secondaryDisplay"":""0"",""deviceDateOfPurchase"":""15/09/2026"",""deviceId"":""SJN41CQ44NY"",""registeredDevice"":""0"",""deviceErrorResponse"":{""errorCode"":""GRX-20024"",""errorMessage"":""Ya existe un AppleCare Plan para el dispositivo SJN41CQ44NY o está pendiente. Comprueba los detalles del pedido en la búsqueda 360 y ponte en contacto con el Soporte técnico de AppleCare Connect si necesitas más información.""},""pocType"":""APOC"",""serialNumber"":""JN41CQ44NY"",""partNumber"":""SD0T3ZX/A"",""partAlias"":""ACP"",""productDescription"":""MacBook Neo""}},""transactionId"":""c68fe6b0-31a8-4e99-8084-5633bc87b7df-1789635445994""}"
False;5181555;2026-09-17 06:02:23.667000;2026-09-15 00:00:00;401156;CREATEORDER;SJN41CQ44NY;MHFF4CI/A;"{""orderDetailsResponses"":{""deviceEligibility"":{""secondaryDisplay"":""0"",""deviceDateOfPurchase"":""15/09/2026"",""deviceId"":""SJN41CQ44NY"",""registeredDevice"":""0"",""deviceErrorResponse"":{""errorCode"":""GRX-20024"",""errorMessage"":""Ya existe un AppleCare Plan para el dispositivo SJN41CQ44NY o está pendiente. Comprueba los detalles del pedido en la búsqueda 360 y ponte en contacto con el Soporte técnico de AppleCare Connect si necesitas más información.""},""pocType"":""APOC"",""serialNumber"":""JN41CQ44NY"",""partNumber"":""SD0T3ZX/A"",""partAlias"":""ACP"",""productDescription"":""MacBook Neo""}},""transactionId"":""82a0234b-38fa-49ff-b90f-944cd8815fae-1789635742477""}"
False;5181555;2026-09-17 06:02:48.413000;2026-09-15 00:00:00;401156;CREATEORDER;SJN41CQ44NY;MHFF4CI/A;"{""orderDetailsResponses"":{""deviceEligibility"":{""secondaryDisplay"":""0"",""deviceDateOfPurchase"":""15/09/2026"",""deviceId"":""SJN41CQ44NY"",""registeredDevice"":""0"",""deviceErrorResponse"":{""errorCode"":""GRX-20024"",""errorMessage"":""Ya existe un AppleCare Plan para el dispositivo SJN41CQ44NY o está pendiente. Comprueba los detalles del pedido en la búsqueda 360 y ponte en contacto con el Soporte técnico de AppleCare Connect si necesitas más información.""},""pocType"":""APOC"",""serialNumber"":""JN41CQ44NY"",""partNumber"":""SD0T3ZX/A"",""partAlias"":""ACP"",""productDescription"":""MacBook Neo""}},""transactionId"":""1b4b7afb-b767-4139-a17b-8c525dfaf0dc-1789635767535""}"
False;5181555;2026-09-17 06:07:19.397000;2026-09-15 00:00:00;401156;CREATEORDER;SJN41CQ44NY;MHFF4CI/A;"{""orderDetailsResponses"":{""deviceEligibility"":{""secondaryDisplay"":""0"",""deviceDateOfPurchase"":""15/09/2026"",""deviceId"":""SJN41CQ44NY"",""registeredDevice"":""0"",""deviceErrorResponse"":{""errorCode"":""GRX-20024"",""errorMessage"":""Ya existe un AppleCare Plan para el dispositivo SJN41CQ44NY o está pendiente. Comprueba los detalles del pedido en la búsqueda 360 y ponte en contacto con el Soporte técnico de AppleCare Connect si necesitas más información.""},""pocType"":""APOC"",""serialNumber"":""JN41CQ44NY"",""partNumber"":""SD0T3ZX/A"",""partAlias"":""ACP"",""productDescription"":""MacBook Neo""}},""transactionId"":""3116be36-cf40-4611-9523-434b69e8f32f-1789636038501""}"
False;5181555;2026-09-17 06:07:45.780000;2026-09-15 00:00:00;401156;CREATEORDER;SJN41CQ44NY;MHFF4CI/A;"{""orderDetailsResponses"":{""deviceEligibility"":{""secondaryDisplay"":""0"",""deviceDateOfPurchase"":""15/09/2026"",""deviceId"":""SJN41CQ44NY"",""registeredDevice"":""0"",""deviceErrorResponse"":{""errorCode"":""GRX-20024"",""errorMessage"":""Ya existe un AppleCare Plan para el dispositivo SJN41CQ44NY o está pendiente. Comprueba los detalles del pedido en la búsqueda 360 y ponte en contacto con el Soporte técnico de AppleCare Connect si necesitas más información.""},""pocType"":""APOC"",""serialNumber"":""JN41CQ44NY"",""partNumber"":""SD0T3ZX/A"",""partAlias"":""ACP"",""productDescription"":""MacBook Neo""}},""transactionId"":""31017244-ff9e-470d-9f21-66dd0d455472-1789636064924""}"
False;5181555;2026-09-17 06:12:18.750000;2026-09-15 00:00:00;401156;CREATEORDER;SJN41CQ44NY;MHFF4CI/A;"{""orderDetailsResponses"":{""deviceEligibility"":{""secondaryDisplay"":""0"",""deviceDateOfPurchase"":""15/09/2026"",""deviceId"":""SJN41CQ44NY"",""registeredDevice"":""0"",""deviceErrorResponse"":{""errorCode"":""GRX-20024"",""errorMessage"":""Ya existe un AppleCare Plan para el dispositivo SJN41CQ44NY o está pendiente. Comprueba los detalles del pedido en la búsqueda 360 y ponte en contacto con el Soporte técnico de AppleCare Connect si necesitas más información.""},""pocType"":""APOC"",""serialNumber"":""JN41CQ44NY"",""partNumber"":""SD0T3ZX/A"",""partAlias"":""ACP"",""productDescription"":""MacBook Neo""}},""transactionId"":""9610b17d-9356-4aad-bc19-953fd45f8c71-1789636337976""}"
False;5181555;2026-09-17 06:12:44.660000;2026-09-15 00:00:00;401156;CREATEORDER;SJN41CQ44NY;MHFF4CI/A;"{""orderDetailsResponses"":{""deviceEligibility"":{""secondaryDisplay"":""0"",""deviceDateOfPurchase"":""15/09/2026"",""deviceId"":""SJN41CQ44NY"",""registeredDevice"":""0"",""deviceErrorResponse"":{""errorCode"":""GRX-20024"",""errorMessage"":""Ya existe un AppleCare Plan para el dispositivo SJN41CQ44NY o está pendiente. Comprueba los detalles del pedido en la búsqueda 360 y ponte en contacto con el Soporte técnico de AppleCare Connect si necesitas más información.""},""pocType"":""APOC"",""serialNumber"":""JN41CQ44NY"",""partNumber"":""SD0T3ZX/A"",""partAlias"":""ACP"",""productDescription"":""MacBook Neo""}},""transactionId"":""bf0e6277-3a02-4a36-b000-0c1a6dd54c32-1789636363727""}"
False;5181555;2026-09-17 06:17:12.860000;2026-09-15 00:00:00;401156;CREATEORDER;SJN41CQ44NY;MHFF4CI/A;"{""orderDetailsResponses"":{""deviceEligibility"":{""secondaryDisplay"":""0"",""deviceDateOfPurchase"":""15/09/2026"",""deviceId"":""SJN41CQ44NY"",""registeredDevice"":""0"",""deviceErrorResponse"":{""errorCode"":""GRX-20024"",""errorMessage"":""Ya existe un AppleCare Plan para el dispositivo SJN41CQ44NY o está pendiente. Comprueba los detalles del pedido en la búsqueda 360 y ponte en contacto con el Soporte técnico de AppleCare Connect si necesitas más información.""},""pocType"":""APOC"",""serialNumber"":""JN41CQ44NY"",""partNumber"":""SD0T3ZX/A"",""partAlias"":""ACP"",""productDescription"":""MacBook Neo""}},""transactionId"":""dbb4eec5-abcb-42e8-ab82-c8cd00863ad1-1789636632082""}"
False;5181555;2026-09-17 06:17:38.260000;2026-09-15 00:00:00;401156;CREATEORDER;SJN41CQ44NY;MHFF4CI/A;"{""orderDetailsResponses"":{""deviceEligibility"":{""secondaryDisplay"":""0"",""deviceDateOfPurchase"":""15/09/2026"",""deviceId"":""SJN41CQ44NY"",""registeredDevice"":""0"",""deviceErrorResponse"":{""errorCode"":""GRX-20024"",""errorMessage"":""Ya existe un AppleCare Plan para el dispositivo SJN41CQ44NY o está pendiente. Comprueba los detalles del pedido en la búsqueda 360 y ponte en contacto con el Soporte técnico de AppleCare Connect si necesitas más información.""},""pocType"":""APOC"",""serialNumber"":""JN41CQ44NY"",""partNumber"":""SD0T3ZX/A"",""partAlias"":""ACP"",""productDescription"":""MacBook Neo""}},""transactionId"":""212f86bc-481d-498b-97f0-9cacc3811884-1789636657511""}"
False;5181555;2026-09-17 06:22:21.480000;2026-09-15 00:00:00;401156;CREATEORDER;SJN41CQ44NY;MHFF4CI/A;"{""orderDetailsResponses"":{""deviceEligibility"":{""secondaryDisplay"":""0"",""deviceDateOfPurchase"":""15/09/2026"",""deviceId"":""SJN41CQ44NY"",""registeredDevice"":""0"",""deviceErrorResponse"":{""errorCode"":""GRX-20024"",""errorMessage"":""Ya existe un AppleCare Plan para el dispositivo SJN41CQ44NY o está pendiente. Comprueba los detalles del pedido en la búsqueda 360 y ponte en contacto con el Soporte técnico de AppleCare Connect si necesitas más información.""},""pocType"":""APOC"",""serialNumber"":""JN41CQ44NY"",""partNumber"":""SD0T3ZX/A"",""partAlias"":""ACP"",""productDescription"":""MacBook Neo""}},""transactionId"":""6a43d2d7-b710-42f3-b164-d4b65fc1d8ae-1789636940719""}"
False;5181555;2026-09-17 06:22:47.130000;2026-09-15 00:00:00;401156;CREATEORDER;SJN41CQ44NY;MHFF4CI/A;"{""orderDetailsResponses"":{""deviceEligibility"":{""secondaryDisplay"":""0"",""deviceDateOfPurchase"":""15/09/2026"",""deviceId"":""SJN41CQ44NY"",""registeredDevice"":""0"",""deviceErrorResponse"":{""errorCode"":""GRX-20024"",""errorMessage"":""Ya existe un AppleCare Plan para el dispositivo SJN41CQ44NY o está pendiente. Comprueba los detalles del pedido en la búsqueda 360 y ponte en contacto con el Soporte técnico de AppleCare Connect si necesitas más información.""},""pocType"":""APOC"",""serialNumber"":""JN41CQ44NY"",""partNumber"":""SD0T3ZX/A"",""partAlias"":""ACP"",""productDescription"":""MacBook Neo""}},""transactionId"":""16544615-f3a9-4165-8ede-172ef3d8dc14-1789636966335""}"
False;5181555;2026-09-17 06:27:19.823000;2026-09-15 00:00:00;401156;CREATEORDER;SJN41CQ44NY;MHFF4CI/A;"{""orderDetailsResponses"":{""deviceEligibility"":{""secondaryDisplay"":""0"",""deviceDateOfPurchase"":""15/09/2026"",""deviceId"":""SJN41CQ44NY"",""registeredDevice"":""0"",""deviceErrorResponse"":{""errorCode"":""GRX-20024"",""errorMessage"":""Ya existe un AppleCare Plan para el dispositivo SJN41CQ44NY o está pendiente. Comprueba los detalles del pedido en la búsqueda 360 y ponte en contacto con el Soporte técnico de AppleCare Connect si necesitas más información.""},""pocType"":""APOC"",""serialNumber"":""JN41CQ44NY"",""partNumber"":""SD0T3ZX/A"",""partAlias"":""ACP"",""productDescription"":""MacBook Neo""}},""transactionId"":""3b43ea2c-643a-4302-b5a0-a0dc611a85e0-1789637239081""}"
False;5181555;2026-09-17 06:27:43.867000;2026-09-15 00:00:00;401156;CREATEORDER;SJN41CQ44NY;MHFF4CI/A;"{""orderDetailsResponses"":{""deviceEligibility"":{""secondaryDisplay"":""0"",""deviceDateOfPurchase"":""15/09/2026"",""deviceId"":""SJN41CQ44NY"",""registeredDevice"":""0"",""deviceErrorResponse"":{""errorCode"":""GRX-20024"",""errorMessage"":""Ya existe un AppleCare Plan para el dispositivo SJN41CQ44NY o está pendiente. Comprueba los detalles del pedido en la búsqueda 360 y ponte en contacto con el Soporte técnico de AppleCare Connect si necesitas más información.""},""pocType"":""APOC"",""serialNumber"":""JN41CQ44NY"",""partNumber"":""SD0T3ZX/A"",""partAlias"":""ACP"",""productDescription"":""MacBook Neo""}},""transactionId"":""445196ab-d208-47f0-ae4a-d05bc28cb3c3-1789637263138""}"
False;5181555;2026-09-17 06:32:10.337000;2026-09-15 00:00:00;401156;CREATEORDER;SJN41CQ44NY;MHFF4CI/A;"{""orderDetailsResponses"":{""deviceEligibility"":{""secondaryDisplay"":""0"",""deviceDateOfPurchase"":""15/09/2026"",""deviceId"":""SJN41CQ44NY"",""registeredDevice"":""0"",""deviceErrorResponse"":{""errorCode"":""GRX-20024"",""errorMessage"":""Ya existe un AppleCare Plan para el dispositivo SJN41CQ44NY o está pendiente. Comprueba los detalles del pedido en la búsqueda 360 y ponte en contacto con el Soporte técnico de AppleCare Connect si necesitas más información.""},""pocType"":""APOC"",""serialNumber"":""JN41CQ44NY"",""partNumber"":""SD0T3ZX/A"",""partAlias"":""ACP"",""productDescription"":""MacBook Neo""}},""transactionId"":""0f7ca6b7-9d43-4726-a82f-9ac815bb3871-1789637529608""}"
False;5181555;2026-09-17 06:32:32.260000;2026-09-15 00:00:00;401156;CREATEORDER;SJN41CQ44NY;MHFF4CI/A;"{""orderDetailsResponses"":{""deviceEligibility"":{""secondaryDisplay"":""0"",""deviceDateOfPurchase"":""15/09/2026"",""deviceId"":""SJN41CQ44NY"",""registeredDevice"":""0"",""deviceErrorResponse"":{""errorCode"":""GRX-20024"",""errorMessage"":""Ya existe un AppleCare Plan para el dispositivo SJN41CQ44NY o está pendiente. Comprueba los detalles del pedido en la búsqueda 360 y ponte en contacto con el Soporte técnico de AppleCare Connect si necesitas más información.""},""pocType"":""APOC"",""serialNumber"":""JN41CQ44NY"",""partNumber"":""SD0T3ZX/A"",""partAlias"":""ACP"",""productDescription"":""MacBook Neo""}},""transactionId"":""382e2aa0-1982-47fd-8813-5ba29b944ae8-1789637551323""}"
False;5181555;2026-09-17 06:37:19.803000;2026-09-15 00:00:00;401156;CREATEORDER;SJN41CQ44NY;MHFF4CI/A;"{""orderDetailsResponses"":{""deviceEligibility"":{""secondaryDisplay"":""0"",""deviceDateOfPurchase"":""15/09/2026"",""deviceId"":""SJN41CQ44NY"",""registeredDevice"":""0"",""deviceErrorResponse"":{""errorCode"":""GRX-20024"",""errorMessage"":""Ya existe un AppleCare Plan para el dispositivo SJN41CQ44NY o está pendiente. Comprueba los detalles del pedido en la búsqueda 360 y ponte en contacto con el Soporte técnico de AppleCare Connect si necesitas más información.""},""pocType"":""APOC"",""serialNumber"":""JN41CQ44NY"",""partNumber"":""SD0T3ZX/A"",""partAlias"":""ACP"",""productDescription"":""MacBook Neo""}},""transactionId"":""07d52945-0e04-4885-b157-ad393bd32b98-1789637839065""}"
False;5181555;2026-09-17 06:37:45.567000;2026-09-15 00:00:00;401156;CREATEORDER;SJN41CQ44NY;MHFF4CI/A;"{""orderDetailsResponses"":{""deviceEligibility"":{""secondaryDisplay"":""0"",""deviceDateOfPurchase"":""15/09/2026"",""deviceId"":""SJN41CQ44NY"",""registeredDevice"":""0"",""deviceErrorResponse"":{""errorCode"":""GRX-20024"",""errorMessage"":""Ya existe un AppleCare Plan para el dispositivo SJN41CQ44NY o está pendiente. Comprueba los detalles del pedido en la búsqueda 360 y ponte en contacto con el Soporte técnico de AppleCare Connect si necesitas más información.""},""pocType"":""APOC"",""serialNumber"":""JN41CQ44NY"",""partNumber"":""SD0T3ZX/A"",""partAlias"":""ACP"",""productDescription"":""MacBook Neo""}},""transactionId"":""dd5d3533-305b-4952-ac8c-2984aed74402-1789637864782""}"
False;5181555;2026-09-17 06:42:17.993000;2026-09-15 00:00:00;401156;CREATEORDER;SJN41CQ44NY;MHFF4CI/A;"{""orderDetailsResponses"":{""deviceEligibility"":{""secondaryDisplay"":""0"",""deviceDateOfPurchase"":""15/09/2026"",""deviceId"":""SJN41CQ44NY"",""registeredDevice"":""0"",""deviceErrorResponse"":{""errorCode"":""GRX-20024"",""errorMessage"":""Ya existe un AppleCare Plan para el dispositivo SJN41CQ44NY o está pendiente. Comprueba los detalles del pedido en la búsqueda 360 y ponte en contacto con el Soporte técnico de AppleCare Connect si necesitas más información.""},""pocType"":""APOC"",""serialNumber"":""JN41CQ44NY"",""partNumber"":""SD0T3ZX/A"",""partAlias"":""ACP"",""productDescription"":""MacBook Neo""}},""transactionId"":""a4e5c309-3f59-4f66-a352-b1ff2c8e5afc-1789638137271""}"
False;5181555;2026-09-17 06:42:41.900000;2026-09-15 00:00:00;401156;CREATEORDER;SJN41CQ44NY;MHFF4CI/A;"{""orderDetailsResponses"":{""deviceEligibility"":{""secondaryDisplay"":""0"",""deviceDateOfPurchase"":""15/09/2026"",""deviceId"":""SJN41CQ44NY"",""registeredDevice"":""0"",""deviceErrorResponse"":{""errorCode"":""GRX-20024"",""errorMessage"":""Ya existe un AppleCare Plan para el dispositivo SJN41CQ44NY o está pendiente. Comprueba los detalles del pedido en la búsqueda 360 y ponte en contacto con el Soporte técnico de AppleCare Connect si necesitas más información.""},""pocType"":""APOC"",""serialNumber"":""JN41CQ44NY"",""partNumber"":""SD0T3ZX/A"",""partAlias"":""ACP"",""productDescription"":""MacBook Neo""}},""transactionId"":""eddc6222-a010-4dfa-addf-ddf76eadec61-1789638161180""}"
False;5181555;2026-09-17 06:47:20.233000;2026-09-15 00:00:00;401156;CREATEORDER;SJN41CQ44NY;MHFF4CI/A;"{""orderDetailsResponses"":{""deviceEligibility"":{""secondaryDisplay"":""0"",""deviceDateOfPurchase"":""15/09/2026"",""deviceId"":""SJN41CQ44NY"",""registeredDevice"":""0"",""deviceErrorResponse"":{""errorCode"":""GRX-20024"",""errorMessage"":""Ya existe un AppleCare Plan para el dispositivo SJN41CQ44NY o está pendiente. Comprueba los detalles del pedido en la búsqueda 360 y ponte en contacto con el Soporte técnico de AppleCare Connect si necesitas más información.""},""pocType"":""APOC"",""serialNumber"":""JN41CQ44NY"",""partNumber"":""SD0T3ZX/A"",""partAlias"":""ACP"",""productDescription"":""MacBook Neo""}},""transactionId"":""9af8dfb9-a7cf-4909-9c68-1d9788c492a0-1789638439474""}"
False;5181555;2026-09-17 06:47:45.543000;2026-09-15 00:00:00;401156;CREATEORDER;SJN41CQ44NY;MHFF4CI/A;"{""orderDetailsResponses"":{""deviceEligibility"":{""secondaryDisplay"":""0"",""deviceDateOfPurchase"":""15/09/2026"",""deviceId"":""SJN41CQ44NY"",""registeredDevice"":""0"",""deviceErrorResponse"":{""errorCode"":""GRX-20024"",""errorMessage"":""Ya existe un AppleCare Plan para el dispositivo SJN41CQ44NY o está pendiente. Comprueba los detalles del pedido en la búsqueda 360 y ponte en contacto con el Soporte técnico de AppleCare Connect si necesitas más información.""},""pocType"":""APOC"",""serialNumber"":""JN41CQ44NY"",""partNumber"":""SD0T3ZX/A"",""partAlias"":""ACP"",""productDescription"":""MacBook Neo""}},""transactionId"":""661bc584-4ad6-4c64-81d6-c6abf644c7a7-1789638464699""}"
False;5181555;2026-09-17 06:52:08.180000;2026-09-15 00:00:00;401156;CREATEORDER;SJN41CQ44NY;MHFF4CI/A;"{""orderDetailsResponses"":{""deviceEligibility"":{""secondaryDisplay"":""0"",""deviceDateOfPurchase"":""15/09/2026"",""deviceId"":""SJN41CQ44NY"",""registeredDevice"":""0"",""deviceErrorResponse"":{""errorCode"":""GRX-20024"",""errorMessage"":""Ya existe un AppleCare Plan para el dispositivo SJN41CQ44NY o está pendiente. Comprueba los detalles del pedido en la búsqueda 360 y ponte en contacto con el Soporte técnico de AppleCare Connect si necesitas más información.""},""pocType"":""APOC"",""serialNumber"":""JN41CQ44NY"",""partNumber"":""SD0T3ZX/A"",""partAlias"":""ACP"",""productDescription"":""MacBook Neo""}},""transactionId"":""a230e1b5-f3eb-4f32-b69e-c99e4b00a9ec-1789638727461""}"
False;5181555;2026-09-17 06:52:37.140000;2026-09-15 00:00:00;401156;CREATEORDER;SJN41CQ44NY;MHFF4CI/A;"{""orderDetailsResponses"":{""deviceEligibility"":{""secondaryDisplay"":""0"",""deviceDateOfPurchase"":""15/09/2026"",""deviceId"":""SJN41CQ44NY"",""registeredDevice"":""0"",""deviceErrorResponse"":{""errorCode"":""GRX-20024"",""errorMessage"":""Ya existe un AppleCare Plan para el dispositivo SJN41CQ44NY o está pendiente. Comprueba los detalles del pedido en la búsqueda 360 y ponte en contacto con el Soporte técnico de AppleCare Connect si necesitas más información.""},""pocType"":""APOC"",""serialNumber"":""JN41CQ44NY"",""partNumber"":""SD0T3ZX/A"",""partAlias"":""ACP"",""productDescription"":""MacBook Neo""}},""transactionId"":""d98c57d3-24f3-4404-88f8-a9f6d6cbcc84-1789638756365""}"
False;5181555;2026-09-17 06:57:25.457000;2026-09-15 00:00:00;401156;CREATEORDER;SJN41CQ44NY;MHFF4CI/A;"{""orderDetailsResponses"":{""deviceEligibility"":{""secondaryDisplay"":""0"",""deviceDateOfPurchase"":""15/09/2026"",""deviceId"":""SJN41CQ44NY"",""registeredDevice"":""0"",""deviceErrorResponse"":{""errorCode"":""GRX-20024"",""errorMessage"":""Ya existe un AppleCare Plan para el dispositivo SJN41CQ44NY o está pendiente. Comprueba los detalles del pedido en la búsqueda 360 y ponte en contacto con el Soporte técnico de AppleCare Connect si necesitas más información.""},""pocType"":""APOC"",""serialNumber"":""JN41CQ44NY"",""partNumber"":""SD0T3ZX/A"",""partAlias"":""ACP"",""productDescription"":""MacBook Neo""}},""transactionId"":""6e547587-8b46-4c8d-9023-5f8e6f878050-1789639044642""}"
False;5181555;2026-09-17 06:57:48.397000;2026-09-15 00:00:00;401156;CREATEORDER;SJN41CQ44NY;MHFF4CI/A;"{""orderDetailsResponses"":{""deviceEligibility"":{""secondaryDisplay"":""0"",""deviceDateOfPurchase"":""15/09/2026"",""deviceId"":""SJN41CQ44NY"",""registeredDevice"":""0"",""deviceErrorResponse"":{""errorCode"":""GRX-20024"",""errorMessage"":""Ya existe un AppleCare Plan para el dispositivo SJN41CQ44NY o está pendiente. Comprueba los detalles del pedido en la búsqueda 360 y ponte en contacto con el Soporte técnico de AppleCare Connect si necesitas más información.""},""pocType"":""APOC"",""serialNumber"":""JN41CQ44NY"",""partNumber"":""SD0T3ZX/A"",""partAlias"":""ACP"",""productDescription"":""MacBook Neo""}},""transactionId"":""8edd46bf-e55a-4726-97c9-bb3ff7d1f74d-1789639067673""}"
False;5181555;2026-09-17 07:02:20.507000;2026-09-15 00:00:00;401156;CREATEORDER;SJN41CQ44NY;MHFF4CI/A;"{""orderDetailsResponses"":{""deviceEligibility"":{""secondaryDisplay"":""0"",""deviceDateOfPurchase"":""15/09/2026"",""deviceId"":""SJN41CQ44NY"",""registeredDevice"":""0"",""deviceErrorResponse"":{""errorCode"":""GRX-20024"",""errorMessage"":""Ya existe un AppleCare Plan para el dispositivo SJN41CQ44NY o está pendiente. Comprueba los detalles del pedido en la búsqueda 360 y ponte en contacto con el Soporte técnico de AppleCare Connect si necesitas más información.""},""pocType"":""APOC"",""serialNumber"":""JN41CQ44NY"",""partNumber"":""SD0T3ZX/A"",""partAlias"":""ACP"",""productDescription"":""MacBook Neo""}},""transactionId"":""5299d5da-686f-4cea-a810-8f04a3576b6d-1789639339747""}"
False;5181555;2026-09-17 07:02:46.340000;2026-09-15 00:00:00;401156;CREATEORDER;SJN41CQ44NY;MHFF4CI/A;"{""orderDetailsResponses"":{""deviceEligibility"":{""secondaryDisplay"":""0"",""deviceDateOfPurchase"":""15/09/2026"",""deviceId"":""SJN41CQ44NY"",""registeredDevice"":""0"",""deviceErrorResponse"":{""errorCode"":""GRX-20024"",""errorMessage"":""Ya existe un AppleCare Plan para el dispositivo SJN41CQ44NY o está pendiente. Comprueba los detalles del pedido en la búsqueda 360 y ponte en contacto con el Soporte técnico de AppleCare Connect si necesitas más información.""},""pocType"":""APOC"",""serialNumber"":""JN41CQ44NY"",""partNumber"":""SD0T3ZX/A"",""partAlias"":""ACP"",""productDescription"":""MacBook Neo""}},""transactionId"":""b5502e94-c6d9-4431-9c10-f9fb8a6135c4-1789639365299""}"
False;5181555;2026-09-17 07:07:21.430000;2026-09-15 00:00:00;401156;CREATEORDER;SJN41CQ44NY;MHFF4CI/A;"{""orderDetailsResponses"":{""deviceEligibility"":{""secondaryDisplay"":""0"",""deviceDateOfPurchase"":""15/09/2026"",""deviceId"":""SJN41CQ44NY"",""registeredDevice"":""0"",""deviceErrorResponse"":{""errorCode"":""GRX-20024"",""errorMessage"":""Ya existe un AppleCare Plan para el dispositivo SJN41CQ44NY o está pendiente. Comprueba los detalles del pedido en la búsqueda 360 y ponte en contacto con el Soporte técnico de AppleCare Connect si necesitas más información.""},""pocType"":""APOC"",""serialNumber"":""JN41CQ44NY"",""partNumber"":""SD0T3ZX/A"",""partAlias"":""ACP"",""productDescription"":""MacBook Neo""}},""transactionId"":""70e24b4f-086b-4ba8-a86c-6ff4ce0806da-1789639640703""}"
False;5181555;2026-09-17 07:07:45.247000;2026-09-15 00:00:00;401156;CREATEORDER;SJN41CQ44NY;MHFF4CI/A;"{""orderDetailsResponses"":{""deviceEligibility"":{""secondaryDisplay"":""0"",""deviceDateOfPurchase"":""15/09/2026"",""deviceId"":""SJN41CQ44NY"",""registeredDevice"":""0"",""deviceErrorResponse"":{""errorCode"":""GRX-20024"",""errorMessage"":""Ya existe un AppleCare Plan para el dispositivo SJN41CQ44NY o está pendiente. Comprueba los detalles del pedido en la búsqueda 360 y ponte en contacto con el Soporte técnico de AppleCare Connect si necesitas más información.""},""pocType"":""APOC"",""serialNumber"":""JN41CQ44NY"",""partNumber"":""SD0T3ZX/A"",""partAlias"":""ACP"",""productDescription"":""MacBook Neo""}},""transactionId"":""8813866f-8f79-47d5-8e51-c51ed3a2cd68-1789639664438""}"
False;5181555;2026-09-17 07:12:13.640000;2026-09-15 00:00:00;401156;CREATEORDER;SJN41CQ44NY;MHFF4CI/A;"{""orderDetailsResponses"":{""deviceEligibility"":{""secondaryDisplay"":""0"",""deviceDateOfPurchase"":""15/09/2026"",""deviceId"":""SJN41CQ44NY"",""registeredDevice"":""0"",""deviceErrorResponse"":{""errorCode"":""GRX-20024"",""errorMessage"":""Ya existe un AppleCare Plan para el dispositivo SJN41CQ44NY o está pendiente. Comprueba los detalles del pedido en la búsqueda 360 y ponte en contacto con el Soporte técnico de AppleCare Connect si necesitas más información.""},""pocType"":""APOC"",""serialNumber"":""JN41CQ44NY"",""partNumber"":""SD0T3ZX/A"",""partAlias"":""ACP"",""productDescription"":""MacBook Neo""}},""transactionId"":""c81af98b-f28b-482f-917c-61f0512d42c9-1789639932884""}"
False;5181555;2026-09-17 07:12:39.340000;2026-09-15 00:00:00;401156;CREATEORDER;SJN41CQ44NY;MHFF4CI/A;"{""orderDetailsResponses"":{""deviceEligibility"":{""secondaryDisplay"":""0"",""deviceDateOfPurchase"":""15/09/2026"",""deviceId"":""SJN41CQ44NY"",""registeredDevice"":""0"",""deviceErrorResponse"":{""errorCode"":""GRX-20024"",""errorMessage"":""Ya existe un AppleCare Plan para el dispositivo SJN41CQ44NY o está pendiente. Comprueba los detalles del pedido en la búsqueda 360 y ponte en contacto con el Soporte técnico de AppleCare Connect si necesitas más información.""},""pocType"":""APOC"",""serialNumber"":""JN41CQ44NY"",""partNumber"":""SD0T3ZX/A"",""partAlias"":""ACP"",""productDescription"":""MacBook Neo""}},""transactionId"":""99f3772a-e0da-4875-81c4-dddcd3ec11a3-1789639958586""}"
False;5181555;2026-09-17 07:17:22;2026-09-15 00:00:00;401156;CREATEORDER;SJN41CQ44NY;MHFF4CI/A;"{""orderDetailsResponses"":{""deviceEligibility"":{""secondaryDisplay"":""0"",""deviceDateOfPurchase"":""15/09/2026"",""deviceId"":""SJN41CQ44NY"",""registeredDevice"":""0"",""deviceErrorResponse"":{""errorCode"":""GRX-20024"",""errorMessage"":""Ya existe un AppleCare Plan para el dispositivo SJN41CQ44NY o está pendiente. Comprueba los detalles del pedido en la búsqueda 360 y ponte en contacto con el Soporte técnico de AppleCare Connect si necesitas más información.""},""pocType"":""APOC"",""serialNumber"":""JN41CQ44NY"",""partNumber"":""SD0T3ZX/A"",""partAlias"":""ACP"",""productDescription"":""MacBook Neo""}},""transactionId"":""1423868e-25d9-437e-8156-cb98c2671bbf-1789640241170""}"
False;5181555;2026-09-17 07:17:47.607000;2026-09-15 00:00:00;401156;CREATEORDER;SJN41CQ44NY;MHFF4CI/A;"{""orderDetailsResponses"":{""deviceEligibility"":{""secondaryDisplay"":""0"",""deviceDateOfPurchase"":""15/09/2026"",""deviceId"":""SJN41CQ44NY"",""registeredDevice"":""0"",""deviceErrorResponse"":{""errorCode"":""GRX-20024"",""errorMessage"":""Ya existe un AppleCare Plan para el dispositivo SJN41CQ44NY o está pendiente. Comprueba los detalles del pedido en la búsqueda 360 y ponte en contacto con el Soporte técnico de AppleCare Connect si necesitas más información.""},""pocType"":""APOC"",""serialNumber"":""JN41CQ44NY"",""partNumber"":""SD0T3ZX/A"",""partAlias"":""ACP"",""productDescription"":""MacBook Neo""}},""transactionId"":""2fdda192-05de-4b3a-95f4-59afc2ba118c-1789640266787""}"
False;5181555;2026-09-17 07:22:51.077000;2026-09-15 00:00:00;401156;CREATEORDER;SJN41CQ44NY;MHFF4CI/A;"{""orderDetailsResponses"":{""deviceEligibility"":{""secondaryDisplay"":""0"",""deviceDateOfPurchase"":""15/09/2026"",""deviceId"":""SJN41CQ44NY"",""registeredDevice"":""0"",""deviceErrorResponse"":{""errorCode"":""GRX-20024"",""errorMessage"":""Ya existe un AppleCare Plan para el dispositivo SJN41CQ44NY o está pendiente. Comprueba los detalles del pedido en la búsqueda 360 y ponte en contacto con el Soporte técnico de AppleCare Connect si necesitas más información.""},""pocType"":""APOC"",""serialNumber"":""JN41CQ44NY"",""partNumber"":""SD0T3ZX/A"",""partAlias"":""ACP"",""productDescription"":""MacBook Neo""}},""transactionId"":""9d07e680-0128-4e17-a833-4d86399d0aab-1789640570291""}"
False;5181555;2026-09-17 07:23:35.213000;2026-09-15 00:00:00;401156;CREATEORDER;SJN41CQ44NY;MHFF4CI/A;"{""orderDetailsResponses"":{""deviceEligibility"":{""secondaryDisplay"":""0"",""deviceDateOfPurchase"":""15/09/2026"",""deviceId"":""SJN41CQ44NY"",""registeredDevice"":""0"",""deviceErrorResponse"":{""errorCode"":""GRX-20024"",""errorMessage"":""Ya existe un AppleCare Plan para el dispositivo SJN41CQ44NY o está pendiente. Comprueba los detalles del pedido en la búsqueda 360 y ponte en contacto con el Soporte técnico de AppleCare Connect si necesitas más información.""},""pocType"":""APOC"",""serialNumber"":""JN41CQ44NY"",""partNumber"":""SD0T3ZX/A"",""partAlias"":""ACP"",""productDescription"":""MacBook Neo""}},""transactionId"":""95698879-4d4b-4e5d-aa0a-6a637319b51e-1789640614347""}"
False;5181555;2026-09-17 07:32:19.920000;2026-09-15 00:00:00;401156;CREATEORDER;SJN41CQ44NY;MHFF4CI/A;"{""orderDetailsResponses"":{""deviceEligibility"":{""secondaryDisplay"":""0"",""deviceDateOfPurchase"":""15/09/2026"",""deviceId"":""SJN41CQ44NY"",""registeredDevice"":""0"",""deviceErrorResponse"":{""errorCode"":""GRX-20024"",""errorMessage"":""Ya existe un AppleCare Plan para el dispositivo SJN41CQ44NY o está pendiente. Comprueba los detalles del pedido en la búsqueda 360 y ponte en contacto con el Soporte técnico de AppleCare Connect si necesitas más información.""},""pocType"":""APOC"",""serialNumber"":""JN41CQ44NY"",""partNumber"":""SD0T3ZX/A"",""partAlias"":""ACP"",""productDescription"":""MacBook Neo""}},""transactionId"":""97641567-75dc-4022-b2ff-5007c6a7f203-1789641139101""}"
False;5181555;2026-09-17 07:32:45.913000;2026-09-15 00:00:00;401156;CREATEORDER;SJN41CQ44NY;MHFF4CI/A;"{""orderDetailsResponses"":{""deviceEligibility"":{""secondaryDisplay"":""0"",""deviceDateOfPurchase"":""15/09/2026"",""deviceId"":""SJN41CQ44NY"",""registeredDevice"":""0"",""deviceErrorResponse"":{""errorCode"":""GRX-20024"",""errorMessage"":""Ya existe un AppleCare Plan para el dispositivo SJN41CQ44NY o está pendiente. Comprueba los detalles del pedido en la búsqueda 360 y ponte en contacto con el Soporte técnico de AppleCare Connect si necesitas más información.""},""pocType"":""APOC"",""serialNumber"":""JN41CQ44NY"",""partNumber"":""SD0T3ZX/A"",""partAlias"":""ACP"",""productDescription"":""MacBook Neo""}},""transactionId"":""fbacff41-4c61-4bdb-85f2-922805104362-1789641165159""}"
False;5181555;2026-09-17 07:37:21.270000;2026-09-15 00:00:00;401156;CREATEORDER;SJN41CQ44NY;MHFF4CI/A;"{""orderDetailsResponses"":{""deviceEligibility"":{""secondaryDisplay"":""0"",""deviceDateOfPurchase"":""15/09/2026"",""deviceId"":""SJN41CQ44NY"",""registeredDevice"":""0"",""deviceErrorResponse"":{""errorCode"":""GRX-20024"",""errorMessage"":""Ya existe un AppleCare Plan para el dispositivo SJN41CQ44NY o está pendiente. Comprueba los detalles del pedido en la búsqueda 360 y ponte en contacto con el Soporte técnico de AppleCare Connect si necesitas más información.""},""pocType"":""APOC"",""serialNumber"":""JN41CQ44NY"",""partNumber"":""SD0T3ZX/A"",""partAlias"":""ACP"",""productDescription"":""MacBook Neo""}},""transactionId"":""a2120f3c-f900-4dfb-b6e2-4684f9ddcfec-1789641440492""}"
False;5181555;2026-09-17 07:37:46.917000;2026-09-15 00:00:00;401156;CREATEORDER;SJN41CQ44NY;MHFF4CI/A;"{""orderDetailsResponses"":{""deviceEligibility"":{""secondaryDisplay"":""0"",""deviceDateOfPurchase"":""15/09/2026"",""deviceId"":""SJN41CQ44NY"",""registeredDevice"":""0"",""deviceErrorResponse"":{""errorCode"":""GRX-20024"",""errorMessage"":""Ya existe un AppleCare Plan para el dispositivo SJN41CQ44NY o está pendiente. Comprueba los detalles del pedido en la búsqueda 360 y ponte en contacto con el Soporte técnico de AppleCare Connect si necesitas más información.""},""pocType"":""APOC"",""serialNumber"":""JN41CQ44NY"",""partNumber"":""SD0T3ZX/A"",""partAlias"":""ACP"",""productDescription"":""MacBook Neo""}},""transactionId"":""e28d783e-348d-45fb-b671-9ad2f943b79c-1789641466114""}"
False;5181555;2026-09-17 07:42:19.797000;2026-09-15 00:00:00;401156;CREATEORDER;SJN41CQ44NY;MHFF4CI/A;"{""orderDetailsResponses"":{""deviceEligibility"":{""secondaryDisplay"":""0"",""deviceDateOfPurchase"":""15/09/2026"",""deviceId"":""SJN41CQ44NY"",""registeredDevice"":""0"",""deviceErrorResponse"":{""errorCode"":""GRX-20024"",""errorMessage"":""Ya existe un AppleCare Plan para el dispositivo SJN41CQ44NY o está pendiente. Comprueba los detalles del pedido en la búsqueda 360 y ponte en contacto con el Soporte técnico de AppleCare Connect si necesitas más información.""},""pocType"":""APOC"",""serialNumber"":""JN41CQ44NY"",""partNumber"":""SD0T3ZX/A"",""partAlias"":""ACP"",""productDescription"":""MacBook Neo""}},""transactionId"":""549ae0a0-691f-4866-8cb2-4fdf7536d035-1789641738993""}"
False;5181555;2026-09-17 07:42:45.710000;2026-09-15 00:00:00;401156;CREATEORDER;SJN41CQ44NY;MHFF4CI/A;"{""orderDetailsResponses"":{""deviceEligibility"":{""secondaryDisplay"":""0"",""deviceDateOfPurchase"":""15/09/2026"",""deviceId"":""SJN41CQ44NY"",""registeredDevice"":""0"",""deviceErrorResponse"":{""errorCode"":""GRX-20024"",""errorMessage"":""Ya existe un AppleCare Plan para el dispositivo SJN41CQ44NY o está pendiente. Comprueba los detalles del pedido en la búsqueda 360 y ponte en contacto con el Soporte técnico de AppleCare Connect si necesitas más información.""},""pocType"":""APOC"",""serialNumber"":""JN41CQ44NY"",""partNumber"":""SD0T3ZX/A"",""partAlias"":""ACP"",""productDescription"":""MacBook Neo""}},""transactionId"":""780fe6d2-16d6-446e-88c7-a054b517b701-1789641764922""}"
False;5181555;2026-09-17 07:47:26.107000;2026-09-15 00:00:00;401156;CREATEORDER;SJN41CQ44NY;MHFF4CI/A;"{""orderDetailsResponses"":{""deviceEligibility"":{""secondaryDisplay"":""0"",""deviceDateOfPurchase"":""15/09/2026"",""deviceId"":""SJN41CQ44NY"",""registeredDevice"":""0"",""deviceErrorResponse"":{""errorCode"":""GRX-20024"",""errorMessage"":""Ya existe un AppleCare Plan para el dispositivo SJN41CQ44NY o está pendiente. Comprueba los detalles del pedido en la búsqueda 360 y ponte en contacto con el Soporte técnico de AppleCare Connect si necesitas más información.""},""pocType"":""APOC"",""serialNumber"":""JN41CQ44NY"",""partNumber"":""SD0T3ZX/A"",""partAlias"":""ACP"",""productDescription"":""MacBook Neo""}},""transactionId"":""f25e1ac4-81da-496f-9e05-170288dfb9e9-1789642045386""}"
False;5181555;2026-09-17 07:47:51.980000;2026-09-15 00:00:00;401156;CREATEORDER;SJN41CQ44NY;MHFF4CI/A;"{""orderDetailsResponses"":{""deviceEligibility"":{""secondaryDisplay"":""0"",""deviceDateOfPurchase"":""15/09/2026"",""deviceId"":""SJN41CQ44NY"",""registeredDevice"":""0"",""deviceErrorResponse"":{""errorCode"":""GRX-20024"",""errorMessage"":""Ya existe un AppleCare Plan para el dispositivo SJN41CQ44NY o está pendiente. Comprueba los detalles del pedido en la búsqueda 360 y ponte en contacto con el Soporte técnico de AppleCare Connect si necesitas más información.""},""pocType"":""APOC"",""serialNumber"":""JN41CQ44NY"",""partNumber"":""SD0T3ZX/A"",""partAlias"":""ACP"",""productDescription"":""MacBook Neo""}},""transactionId"":""e80c0517-329a-444a-b4af-75212664caaa-1789642071217""}"
False;5181555;2026-09-17 07:58:12.557000;2026-09-15 00:00:00;401156;CREATEORDER;SJN41CQ44NY;MHFF4CI/A;"{""orderDetailsResponses"":{""deviceEligibility"":{""secondaryDisplay"":""0"",""deviceDateOfPurchase"":""15/09/2026"",""deviceId"":""SJN41CQ44NY"",""registeredDevice"":""0"",""deviceErrorResponse"":{""errorCode"":""GRX-20024"",""errorMessage"":""Ya existe un AppleCare Plan para el dispositivo SJN41CQ44NY o está pendiente. Comprueba los detalles del pedido en la búsqueda 360 y ponte en contacto con el Soporte técnico de AppleCare Connect si necesitas más información.""},""pocType"":""APOC"",""serialNumber"":""JN41CQ44NY"",""partNumber"":""SD0T3ZX/A"",""partAlias"":""ACP"",""productDescription"":""MacBook Neo""}},""transactionId"":""3cf331be-1f18-4629-a463-c6461994fc66-1789642691834""}"
False;5181555;2026-09-17 07:58:37.347000;2026-09-15 00:00:00;401156;CREATEORDER;SJN41CQ44NY;MHFF4CI/A;"{""orderDetailsResponses"":{""deviceEligibility"":{""secondaryDisplay"":""0"",""deviceDateOfPurchase"":""15/09/2026"",""deviceId"":""SJN41CQ44NY"",""registeredDevice"":""0"",""deviceErrorResponse"":{""errorCode"":""GRX-20024"",""errorMessage"":""Ya existe un AppleCare Plan para el dispositivo SJN41CQ44NY o está pendiente. Comprueba los detalles del pedido en la búsqueda 360 y ponte en contacto con el Soporte técnico de AppleCare Connect si necesitas más información.""},""pocType"":""APOC"",""serialNumber"":""JN41CQ44NY"",""partNumber"":""SD0T3ZX/A"",""partAlias"":""ACP"",""productDescription"":""MacBook Neo""}},""transactionId"":""1e4841b9-fffd-4257-80ab-f9309b7d3e41-1789642716600""}"
False;5181555;2026-09-17 08:07:34.083000;2026-09-15 00:00:00;401156;CREATEORDER;SJN41CQ44NY;MHFF4CI/A;"{""orderDetailsResponses"":{""deviceEligibility"":{""secondaryDisplay"":""0"",""deviceDateOfPurchase"":""15/09/2026"",""deviceId"":""SJN41CQ44NY"",""registeredDevice"":""0"",""deviceErrorResponse"":{""errorCode"":""GRX-20024"",""errorMessage"":""Ya existe un AppleCare Plan para el dispositivo SJN41CQ44NY o está pendiente. Comprueba los detalles del pedido en la búsqueda 360 y ponte en contacto con el Soporte técnico de AppleCare Connect si necesitas más información.""},""pocType"":""APOC"",""serialNumber"":""JN41CQ44NY"",""partNumber"":""SD0T3ZX/A"",""partAlias"":""ACP"",""productDescription"":""MacBook Neo""}},""transactionId"":""0cf0b936-2b6f-4cea-b9d2-4b3a296e9edb-1789643253184""}"
False;5181555;2026-09-17 08:08:01.673000;2026-09-15 00:00:00;401156;CREATEORDER;SJN41CQ44NY;MHFF4CI/A;"{""orderDetailsResponses"":{""deviceEligibility"":{""secondaryDisplay"":""0"",""deviceDateOfPurchase"":""15/09/2026"",""deviceId"":""SJN41CQ44NY"",""registeredDevice"":""0"",""deviceErrorResponse"":{""errorCode"":""GRX-20024"",""errorMessage"":""Ya existe un AppleCare Plan para el dispositivo SJN41CQ44NY o está pendiente. Comprueba los detalles del pedido en la búsqueda 360 y ponte en contacto con el Soporte técnico de AppleCare Connect si necesitas más información.""},""pocType"":""APOC"",""serialNumber"":""JN41CQ44NY"",""partNumber"":""SD0T3ZX/A"",""partAlias"":""ACP"",""productDescription"":""MacBook Neo""}},""transactionId"":""c43a1bfd-5044-406f-b903-41db1965410d-1789643280867""}"
False;5181555;2026-09-17 08:18:16.740000;2026-09-15 00:00:00;401156;CREATEORDER;SJN41CQ44NY;MHFF4CI/A;"{""orderDetailsResponses"":{""deviceEligibility"":{""secondaryDisplay"":""0"",""deviceDateOfPurchase"":""15/09/2026"",""deviceId"":""SJN41CQ44NY"",""registeredDevice"":""0"",""deviceErrorResponse"":{""errorCode"":""GRX-20024"",""errorMessage"":""Ya existe un AppleCare Plan para el dispositivo SJN41CQ44NY o está pendiente. Comprueba los detalles del pedido en la búsqueda 360 y ponte en contacto con el Soporte técnico de AppleCare Connect si necesitas más información.""},""pocType"":""APOC"",""serialNumber"":""JN41CQ44NY"",""partNumber"":""SD0T3ZX/A"",""partAlias"":""ACP"",""productDescription"":""MacBook Neo""}},""transactionId"":""84e938f2-7962-430a-8b71-8a34b74a2ba7-1789643895942""}"
False;5181555;2026-09-17 08:18:43;2026-09-15 00:00:00;401156;CREATEORDER;SJN41CQ44NY;MHFF4CI/A;"{""orderDetailsResponses"":{""deviceEligibility"":{""secondaryDisplay"":""0"",""deviceDateOfPurchase"":""15/09/2026"",""deviceId"":""SJN41CQ44NY"",""registeredDevice"":""0"",""deviceErrorResponse"":{""errorCode"":""GRX-20024"",""errorMessage"":""Ya existe un AppleCare Plan para el dispositivo SJN41CQ44NY o está pendiente. Comprueba los detalles del pedido en la búsqueda 360 y ponte en contacto con el Soporte técnico de AppleCare Connect si necesitas más información.""},""pocType"":""APOC"",""serialNumber"":""JN41CQ44NY"",""partNumber"":""SD0T3ZX/A"",""partAlias"":""ACP"",""productDescription"":""MacBook Neo""}},""transactionId"":""b1aa1c6d-2f90-4843-945b-cd49d5cfd3d0-1789643922225""}"
False;5181555;2026-09-17 08:28:10.380000;2026-09-15 00:00:00;401156;CREATEORDER;SJN41CQ44NY;MHFF4CI/A;"{""orderDetailsResponses"":{""deviceEligibility"":{""secondaryDisplay"":""0"",""deviceDateOfPurchase"":""15/09/2026"",""deviceId"":""SJN41CQ44NY"",""registeredDevice"":""0"",""deviceErrorResponse"":{""errorCode"":""GRX-20024"",""errorMessage"":""Ya existe un AppleCare Plan para el dispositivo SJN41CQ44NY o está pendiente. Comprueba los detalles del pedido en la búsqueda 360 y ponte en contacto con el Soporte técnico de AppleCare Connect si necesitas más información.""},""pocType"":""APOC"",""serialNumber"":""JN41CQ44NY"",""partNumber"":""SD0T3ZX/A"",""partAlias"":""ACP"",""productDescription"":""MacBook Neo""}},""transactionId"":""cd6cfc0b-9883-4849-b1df-3d97d4defe6c-1789644489322""}"
False;5181555;2026-09-17 08:28:41.860000;2026-09-15 00:00:00;401156;CREATEORDER;SJN41CQ44NY;MHFF4CI/A;"{""orderDetailsResponses"":{""deviceEligibility"":{""secondaryDisplay"":""0"",""deviceDateOfPurchase"":""15/09/2026"",""deviceId"":""SJN41CQ44NY"",""registeredDevice"":""0"",""deviceErrorResponse"":{""errorCode"":""GRX-20024"",""errorMessage"":""Ya existe un AppleCare Plan para el dispositivo SJN41CQ44NY o está pendiente. Comprueba los detalles del pedido en la búsqueda 360 y ponte en contacto con el Soporte técnico de AppleCare Connect si necesitas más información.""},""pocType"":""APOC"",""serialNumber"":""JN41CQ44NY"",""partNumber"":""SD0T3ZX/A"",""partAlias"":""ACP"",""productDescription"":""MacBook Neo""}},""transactionId"":""098a3ecc-1e6e-4d92-843a-48abd805b8c6-1789644520748""}"
False;5181555;2026-09-17 08:38:02.663000;2026-09-15 00:00:00;401156;CREATEORDER;SJN41CQ44NY;MHFF4CI/A;"{""orderDetailsResponses"":{""deviceEligibility"":{""secondaryDisplay"":""0"",""deviceDateOfPurchase"":""15/09/2026"",""deviceId"":""SJN41CQ44NY"",""registeredDevice"":""0"",""deviceErrorResponse"":{""errorCode"":""GRX-20024"",""errorMessage"":""Ya existe un AppleCare Plan para el dispositivo SJN41CQ44NY o está pendiente. Comprueba los detalles del pedido en la búsqueda 360 y ponte en contacto con el Soporte técnico de AppleCare Connect si necesitas más información.""},""pocType"":""APOC"",""serialNumber"":""JN41CQ44NY"",""partNumber"":""SD0T3ZX/A"",""partAlias"":""ACP"",""productDescription"":""MacBook Neo""}},""transactionId"":""acc25f5d-ebed-4cae-9e52-75463df43cd6-1789645081822""}"
False;5181555;2026-09-17 08:38:33.313000;2026-09-15 00:00:00;401156;CREATEORDER;SJN41CQ44NY;MHFF4CI/A;"{""orderDetailsResponses"":{""deviceEligibility"":{""secondaryDisplay"":""0"",""deviceDateOfPurchase"":""15/09/2026"",""deviceId"":""SJN41CQ44NY"",""registeredDevice"":""0"",""deviceErrorResponse"":{""errorCode"":""GRX-20024"",""errorMessage"":""Ya existe un AppleCare Plan para el dispositivo SJN41CQ44NY o está pendiente. Comprueba los detalles del pedido en la búsqueda 360 y ponte en contacto con el Soporte técnico de AppleCare Connect si necesitas más información.""},""pocType"":""APOC"",""serialNumber"":""JN41CQ44NY"",""partNumber"":""SD0T3ZX/A"",""partAlias"":""ACP"",""productDescription"":""MacBook Neo""}},""transactionId"":""5de41489-7791-46ea-8cf7-96a40aad3ab5-1789645112502""}"
False;5181555;2026-09-17 08:47:52.887000;2026-09-15 00:00:00;401156;CREATEORDER;SJN41CQ44NY;MHFF4CI/A;"{""orderDetailsResponses"":{""deviceEligibility"":{""secondaryDisplay"":""0"",""deviceDateOfPurchase"":""15/09/2026"",""deviceId"":""SJN41CQ44NY"",""registeredDevice"":""0"",""deviceErrorResponse"":{""errorCode"":""GRX-20024"",""errorMessage"":""Ya existe un AppleCare Plan para el dispositivo SJN41CQ44NY o está pendiente. Comprueba los detalles del pedido en la búsqueda 360 y ponte en contacto con el Soporte técnico de AppleCare Connect si necesitas más información.""},""pocType"":""APOC"",""serialNumber"":""JN41CQ44NY"",""partNumber"":""SD0T3ZX/A"",""partAlias"":""ACP"",""productDescription"":""MacBook Neo""}},""transactionId"":""43d50cf8-35e9-4d47-a0b9-ce7b80789f94-1789645672178""}"
False;5181555;2026-09-17 08:48:19.593000;2026-09-15 00:00:00;401156;CREATEORDER;SJN41CQ44NY;MHFF4CI/A;"{""orderDetailsResponses"":{""deviceEligibility"":{""secondaryDisplay"":""0"",""deviceDateOfPurchase"":""15/09/2026"",""deviceId"":""SJN41CQ44NY"",""registeredDevice"":""0"",""deviceErrorResponse"":{""errorCode"":""GRX-20024"",""errorMessage"":""Ya existe un AppleCare Plan para el dispositivo SJN41CQ44NY o está pendiente. Comprueba los detalles del pedido en la búsqueda 360 y ponte en contacto con el Soporte técnico de AppleCare Connect si necesitas más información.""},""pocType"":""APOC"",""serialNumber"":""JN41CQ44NY"",""partNumber"":""SD0T3ZX/A"",""partAlias"":""ACP"",""productDescription"":""MacBook Neo""}},""transactionId"":""65522bcc-6b94-4774-95a1-f39ea25f9567-1789645698875""}"
False;5181555;2026-09-17 08:57:39.510000;2026-09-15 00:00:00;401156;CREATEORDER;SJN41CQ44NY;MHFF4CI/A;"{""orderDetailsResponses"":{""deviceEligibility"":{""secondaryDisplay"":""0"",""deviceDateOfPurchase"":""15/09/2026"",""deviceId"":""SJN41CQ44NY"",""registeredDevice"":""0"",""deviceErrorResponse"":{""errorCode"":""GRX-20024"",""errorMessage"":""Ya existe un AppleCare Plan para el dispositivo SJN41CQ44NY o está pendiente. Comprueba los detalles del pedido en la búsqueda 360 y ponte en contacto con el Soporte técnico de AppleCare Connect si necesitas más información.""},""pocType"":""APOC"",""serialNumber"":""JN41CQ44NY"",""partNumber"":""SD0T3ZX/A"",""partAlias"":""ACP"",""productDescription"":""MacBook Neo""}},""transactionId"":""885149b1-e904-4790-a4fa-915283077e64-1789646258745""}"
False;5181555;2026-09-17 08:58:07.103000;2026-09-15 00:00:00;401156;CREATEORDER;SJN41CQ44NY;MHFF4CI/A;"{""orderDetailsResponses"":{""deviceEligibility"":{""secondaryDisplay"":""0"",""deviceDateOfPurchase"":""15/09/2026"",""deviceId"":""SJN41CQ44NY"",""registeredDevice"":""0"",""deviceErrorResponse"":{""errorCode"":""GRX-20024"",""errorMessage"":""Ya existe un AppleCare Plan para el dispositivo SJN41CQ44NY o está pendiente. Comprueba los detalles del pedido en la búsqueda 360 y ponte en contacto con el Soporte técnico de AppleCare Connect si necesitas más información.""},""pocType"":""APOC"",""serialNumber"":""JN41CQ44NY"",""partNumber"":""SD0T3ZX/A"",""partAlias"":""ACP"",""productDescription"":""MacBook Neo""}},""transactionId"":""7526e804-d46f-484f-9ffd-d1901d9dc055-1789646286353""}"
False;5181555;2026-09-17 09:08:27.803000;2026-09-15 00:00:00;401156;CREATEORDER;SJN41CQ44NY;MHFF4CI/A;"{""orderDetailsResponses"":{""deviceEligibility"":{""secondaryDisplay"":""0"",""deviceDateOfPurchase"":""15/09/2026"",""deviceId"":""SJN41CQ44NY"",""registeredDevice"":""0"",""deviceErrorResponse"":{""errorCode"":""GRX-20024"",""errorMessage"":""Ya existe un AppleCare Plan para el dispositivo SJN41CQ44NY o está pendiente. Comprueba los detalles del pedido en la búsqueda 360 y ponte en contacto con el Soporte técnico de AppleCare Connect si necesitas más información.""},""pocType"":""APOC"",""serialNumber"":""JN41CQ44NY"",""partNumber"":""SD0T3ZX/A"",""partAlias"":""ACP"",""productDescription"":""MacBook Neo""}},""transactionId"":""099eb2f9-512a-4348-bc1a-6863df487c15-1789646906997""}"
False;5181555;2026-09-17 09:08:56.277000;2026-09-15 00:00:00;401156;CREATEORDER;SJN41CQ44NY;MHFF4CI/A;"{""orderDetailsResponses"":{""deviceEligibility"":{""secondaryDisplay"":""0"",""deviceDateOfPurchase"":""15/09/2026"",""deviceId"":""SJN41CQ44NY"",""registeredDevice"":""0"",""deviceErrorResponse"":{""errorCode"":""GRX-20024"",""errorMessage"":""Ya existe un AppleCare Plan para el dispositivo SJN41CQ44NY o está pendiente. Comprueba los detalles del pedido en la búsqueda 360 y ponte en contacto con el Soporte técnico de AppleCare Connect si necesitas más información.""},""pocType"":""APOC"",""serialNumber"":""JN41CQ44NY"",""partNumber"":""SD0T3ZX/A"",""partAlias"":""ACP"",""productDescription"":""MacBook Neo""}},""transactionId"":""96f3fda1-6354-4c38-804c-077ec3f39fbb-1789646935549""}"
False;5181555;2026-09-17 09:18:35.200000;2026-09-15 00:00:00;401156;CREATEORDER;SJN41CQ44NY;MHFF4CI/A;"{""orderDetailsResponses"":{""deviceEligibility"":{""secondaryDisplay"":""0"",""deviceDateOfPurchase"":""15/09/2026"",""deviceId"":""SJN41CQ44NY"",""registeredDevice"":""0"",""deviceErrorResponse"":{""errorCode"":""GRX-20024"",""errorMessage"":""Ya existe un AppleCare Plan para el dispositivo SJN41CQ44NY o está pendiente. Comprueba los detalles del pedido en la búsqueda 360 y ponte en contacto con el Soporte técnico de AppleCare Connect si necesitas más información.""},""pocType"":""APOC"",""serialNumber"":""JN41CQ44NY"",""partNumber"":""SD0T3ZX/A"",""partAlias"":""ACP"",""productDescription"":""MacBook Neo""}},""transactionId"":""68d263a0-b977-483c-bdb5-df2c11892ea5-1789647514263""}"
False;5181555;2026-09-17 09:19:03.600000;2026-09-15 00:00:00;401156;CREATEORDER;SJN41CQ44NY;MHFF4CI/A;"{""orderDetailsResponses"":{""deviceEligibility"":{""secondaryDisplay"":""0"",""deviceDateOfPurchase"":""15/09/2026"",""deviceId"":""SJN41CQ44NY"",""registeredDevice"":""0"",""deviceErrorResponse"":{""errorCode"":""GRX-20024"",""errorMessage"":""Ya existe un AppleCare Plan para el dispositivo SJN41CQ44NY o está pendiente. Comprueba los detalles del pedido en la búsqueda 360 y ponte en contacto con el Soporte técnico de AppleCare Connect si necesitas más información.""},""pocType"":""APOC"",""serialNumber"":""JN41CQ44NY"",""partNumber"":""SD0T3ZX/A"",""partAlias"":""ACP"",""productDescription"":""MacBook Neo""}},""transactionId"":""4b03b50d-da57-4c31-a387-163eaa6f817a-1789647542880""}"
False;5181555;2026-09-17 09:27:51.600000;2026-09-15 00:00:00;401156;CREATEORDER;SJN41CQ44NY;MHFF4CI/A;"{""orderDetailsResponses"":{""deviceEligibility"":{""secondaryDisplay"":""0"",""deviceDateOfPurchase"":""15/09/2026"",""deviceId"":""SJN41CQ44NY"",""registeredDevice"":""0"",""deviceErrorResponse"":{""errorCode"":""GRX-20024"",""errorMessage"":""Ya existe un AppleCare Plan para el dispositivo SJN41CQ44NY o está pendiente. Comprueba los detalles del pedido en la búsqueda 360 y ponte en contacto con el Soporte técnico de AppleCare Connect si necesitas más información.""},""pocType"":""APOC"",""serialNumber"":""JN41CQ44NY"",""partNumber"":""SD0T3ZX/A"",""partAlias"":""ACP"",""productDescription"":""MacBook Neo""}},""transactionId"":""81110b62-35a2-494b-99f7-20355a155ef8-1789648070764""}"
False;5181555;2026-09-17 09:28:18.247000;2026-09-15 00:00:00;401156;CREATEORDER;SJN41CQ44NY;MHFF4CI/A;"{""orderDetailsResponses"":{""deviceEligibility"":{""secondaryDisplay"":""0"",""deviceDateOfPurchase"":""15/09/2026"",""deviceId"":""SJN41CQ44NY"",""registeredDevice"":""0"",""deviceErrorResponse"":{""errorCode"":""GRX-20024"",""errorMessage"":""Ya existe un AppleCare Plan para el dispositivo SJN41CQ44NY o está pendiente. Comprueba los detalles del pedido en la búsqueda 360 y ponte en contacto con el Soporte técnico de AppleCare Connect si necesitas más información.""},""pocType"":""APOC"",""serialNumber"":""JN41CQ44NY"",""partNumber"":""SD0T3ZX/A"",""partAlias"":""ACP"",""productDescription"":""MacBook Neo""}},""transactionId"":""7468fade-8650-4e07-8f53-55c37859393e-1789648097161""}"
False;5181555;2026-09-17 09:37:57.007000;2026-09-15 00:00:00;401156;CREATEORDER;SJN41CQ44NY;MHFF4CI/A;"{""orderDetailsResponses"":{""deviceEligibility"":{""secondaryDisplay"":""0"",""deviceDateOfPurchase"":""15/09/2026"",""deviceId"":""SJN41CQ44NY"",""registeredDevice"":""0"",""deviceErrorResponse"":{""errorCode"":""GRX-20024"",""errorMessage"":""Ya existe un AppleCare Plan para el dispositivo SJN41CQ44NY o está pendiente. Comprueba los detalles del pedido en la búsqueda 360 y ponte en contacto con el Soporte técnico de AppleCare Connect si necesitas más información.""},""pocType"":""APOC"",""serialNumber"":""JN41CQ44NY"",""partNumber"":""SD0T3ZX/A"",""partAlias"":""ACP"",""productDescription"":""MacBook Neo""}},""transactionId"":""a04758fa-32b3-45b3-a94c-2419af84232d-1789648676252""}"
False;5181555;2026-09-17 09:38:32.313000;2026-09-15 00:00:00;401156;CREATEORDER;SJN41CQ44NY;MHFF4CI/A;"{""orderDetailsResponses"":{""deviceEligibility"":{""secondaryDisplay"":""0"",""deviceDateOfPurchase"":""15/09/2026"",""deviceId"":""SJN41CQ44NY"",""registeredDevice"":""0"",""deviceErrorResponse"":{""errorCode"":""GRX-20024"",""errorMessage"":""Ya existe un AppleCare Plan para el dispositivo SJN41CQ44NY o está pendiente. Comprueba los detalles del pedido en la búsqueda 360 y ponte en contacto con el Soporte técnico de AppleCare Connect si necesitas más información.""},""pocType"":""APOC"",""serialNumber"":""JN41CQ44NY"",""partNumber"":""SD0T3ZX/A"",""partAlias"":""ACP"",""productDescription"":""MacBook Neo""}},""transactionId"":""fb6e2545-97d2-41a5-9f50-db691d3c7347-1789648711481""}"
False;5181555;2026-09-17 09:47:47.520000;2026-09-15 00:00:00;401156;CREATEORDER;SJN41CQ44NY;MHFF4CI/A;"{""orderDetailsResponses"":{""deviceEligibility"":{""secondaryDisplay"":""0"",""deviceDateOfPurchase"":""15/09/2026"",""deviceId"":""SJN41CQ44NY"",""registeredDevice"":""0"",""deviceErrorResponse"":{""errorCode"":""GRX-20024"",""errorMessage"":""Ya existe un AppleCare Plan para el dispositivo SJN41CQ44NY o está pendiente. Comprueba los detalles del pedido en la búsqueda 360 y ponte en contacto con el Soporte técnico de AppleCare Connect si necesitas más información.""},""pocType"":""APOC"",""serialNumber"":""JN41CQ44NY"",""partNumber"":""SD0T3ZX/A"",""partAlias"":""ACP"",""productDescription"":""MacBook Neo""}},""transactionId"":""301f2b0a-d46a-4b4d-9f14-8cdfa3f5719a-1789649266757""}"
False;5181555;2026-09-17 09:48:17.240000;2026-09-15 00:00:00;401156;CREATEORDER;SJN41CQ44NY;MHFF4CI/A;"{""orderDetailsResponses"":{""deviceEligibility"":{""secondaryDisplay"":""0"",""deviceDateOfPurchase"":""15/09/2026"",""deviceId"":""SJN41CQ44NY"",""registeredDevice"":""0"",""deviceErrorResponse"":{""errorCode"":""GRX-20024"",""errorMessage"":""Ya existe un AppleCare Plan para el dispositivo SJN41CQ44NY o está pendiente. Comprueba los detalles del pedido en la búsqueda 360 y ponte en contacto con el Soporte técnico de AppleCare Connect si necesitas más información.""},""pocType"":""APOC"",""serialNumber"":""JN41CQ44NY"",""partNumber"":""SD0T3ZX/A"",""partAlias"":""ACP"",""productDescription"":""MacBook Neo""}},""transactionId"":""5f6b4433-32de-42d3-b0ee-9c28040b93a0-1789649296450""}"
False;5181555;2026-09-17 09:58:24.997000;2026-09-15 00:00:00;401156;CREATEORDER;SJN41CQ44NY;MHFF4CI/A;"{""orderDetailsResponses"":{""deviceEligibility"":{""secondaryDisplay"":""0"",""deviceDateOfPurchase"":""15/09/2026"",""deviceId"":""SJN41CQ44NY"",""registeredDevice"":""0"",""deviceErrorResponse"":{""errorCode"":""GRX-20024"",""errorMessage"":""Ya existe un AppleCare Plan para el dispositivo SJN41CQ44NY o está pendiente. Comprueba los detalles del pedido en la búsqueda 360 y ponte en contacto con el Soporte técnico de AppleCare Connect si necesitas más información.""},""pocType"":""APOC"",""serialNumber"":""JN41CQ44NY"",""partNumber"":""SD0T3ZX/A"",""partAlias"":""ACP"",""productDescription"":""MacBook Neo""}},""transactionId"":""d68c2c5f-2f0c-4a48-a184-09af9763e535-1789649904294""}"
False;5181555;2026-09-17 09:58:53.153000;2026-09-15 00:00:00;401156;CREATEORDER;SJN41CQ44NY;MHFF4CI/A;"{""orderDetailsResponses"":{""deviceEligibility"":{""secondaryDisplay"":""0"",""deviceDateOfPurchase"":""15/09/2026"",""deviceId"":""SJN41CQ44NY"",""registeredDevice"":""0"",""deviceErrorResponse"":{""errorCode"":""GRX-20024"",""errorMessage"":""Ya existe un AppleCare Plan para el dispositivo SJN41CQ44NY o está pendiente. Comprueba los detalles del pedido en la búsqueda 360 y ponte en contacto con el Soporte técnico de AppleCare Connect si necesitas más información.""},""pocType"":""APOC"",""serialNumber"":""JN41CQ44NY"",""partNumber"":""SD0T3ZX/A"",""partAlias"":""ACP"",""productDescription"":""MacBook Neo""}},""transactionId"":""4711cecc-3bae-4b94-b3fe-70a2ec382737-1789649932375""}"
False;5181555;2026-09-17 10:08:17.653000;2026-09-15 00:00:00;401156;CREATEORDER;SJN41CQ44NY;MHFF4CI/A;"{""orderDetailsResponses"":{""deviceEligibility"":{""secondaryDisplay"":""0"",""deviceDateOfPurchase"":""15/09/2026"",""deviceId"":""SJN41CQ44NY"",""registeredDevice"":""0"",""deviceErrorResponse"":{""errorCode"":""GRX-20024"",""errorMessage"":""Ya existe un AppleCare Plan para el dispositivo SJN41CQ44NY o está pendiente. Comprueba los detalles del pedido en la búsqueda 360 y ponte en contacto con el Soporte técnico de AppleCare Connect si necesitas más información.""},""pocType"":""APOC"",""serialNumber"":""JN41CQ44NY"",""partNumber"":""SD0T3ZX/A"",""partAlias"":""ACP"",""productDescription"":""MacBook Neo""}},""transactionId"":""70a5a3ee-4a57-459e-9883-0f91064a0ed1-1789650496820""}"
False;5181555;2026-09-17 10:08:46.807000;2026-09-15 00:00:00;401156;CREATEORDER;SJN41CQ44NY;MHFF4CI/A;"{""orderDetailsResponses"":{""deviceEligibility"":{""secondaryDisplay"":""0"",""deviceDateOfPurchase"":""15/09/2026"",""deviceId"":""SJN41CQ44NY"",""registeredDevice"":""0"",""deviceErrorResponse"":{""errorCode"":""GRX-20024"",""errorMessage"":""Ya existe un AppleCare Plan para el dispositivo SJN41CQ44NY o está pendiente. Comprueba los detalles del pedido en la búsqueda 360 y ponte en contacto con el Soporte técnico de AppleCare Connect si necesitas más información.""},""pocType"":""APOC"",""serialNumber"":""JN41CQ44NY"",""partNumber"":""SD0T3ZX/A"",""partAlias"":""ACP"",""productDescription"":""MacBook Neo""}},""transactionId"":""08d90ae8-3bb0-4b25-b994-69447eec967a-1789650525778""}"
False;5181555;2026-09-17 10:18:18.327000;2026-09-15 00:00:00;401156;CREATEORDER;SJN41CQ44NY;MHFF4CI/A;"{""orderDetailsResponses"":{""deviceEligibility"":{""secondaryDisplay"":""0"",""deviceDateOfPurchase"":""15/09/2026"",""deviceId"":""SJN41CQ44NY"",""registeredDevice"":""0"",""deviceErrorResponse"":{""errorCode"":""GRX-20024"",""errorMessage"":""Ya existe un AppleCare Plan para el dispositivo SJN41CQ44NY o está pendiente. Comprueba los detalles del pedido en la búsqueda 360 y ponte en contacto con el Soporte técnico de AppleCare Connect si necesitas más información.""},""pocType"":""APOC"",""serialNumber"":""JN41CQ44NY"",""partNumber"":""SD0T3ZX/A"",""partAlias"":""ACP"",""productDescription"":""MacBook Neo""}},""transactionId"":""3473cd9d-6411-4f46-82b5-b8e1984bd291-1789651097580""}"
False;5181555;2026-09-17 10:18:46.350000;2026-09-15 00:00:00;401156;CREATEORDER;SJN41CQ44NY;MHFF4CI/A;"{""orderDetailsResponses"":{""deviceEligibility"":{""secondaryDisplay"":""0"",""deviceDateOfPurchase"":""15/09/2026"",""deviceId"":""SJN41CQ44NY"",""registeredDevice"":""0"",""deviceErrorResponse"":{""errorCode"":""GRX-20024"",""errorMessage"":""Ya existe un AppleCare Plan para el dispositivo SJN41CQ44NY o está pendiente. Comprueba los detalles del pedido en la búsqueda 360 y ponte en contacto con el Soporte técnico de AppleCare Connect si necesitas más información.""},""pocType"":""APOC"",""serialNumber"":""JN41CQ44NY"",""partNumber"":""SD0T3ZX/A"",""partAlias"":""ACP"",""productDescription"":""MacBook Neo""}},""transactionId"":""b589f117-5ba0-4bab-8f9b-c0e05edc98b7-1789651125584""}"
False;5181555;2026-09-17 10:28:24.760000;2026-09-15 00:00:00;401156;CREATEORDER;SJN41CQ44NY;MHFF4CI/A;"{""orderDetailsResponses"":{""deviceEligibility"":{""secondaryDisplay"":""0"",""deviceDateOfPurchase"":""15/09/2026"",""deviceId"":""SJN41CQ44NY"",""registeredDevice"":""0"",""deviceErrorResponse"":{""errorCode"":""GRX-20024"",""errorMessage"":""Ya existe un AppleCare Plan para el dispositivo SJN41CQ44NY o está pendiente. Comprueba los detalles del pedido en la búsqueda 360 y ponte en contacto con el Soporte técnico de AppleCare Connect si necesitas más información.""},""pocType"":""APOC"",""serialNumber"":""JN41CQ44NY"",""partNumber"":""SD0T3ZX/A"",""partAlias"":""ACP"",""productDescription"":""MacBook Neo""}},""transactionId"":""824814fb-ecf8-4a59-891e-d3a1f538d372-1789651703581""}"
False;5181555;2026-09-17 10:28:51.943000;2026-09-15 00:00:00;401156;CREATEORDER;SJN41CQ44NY;MHFF4CI/A;"{""orderDetailsResponses"":{""deviceEligibility"":{""secondaryDisplay"":""0"",""deviceDateOfPurchase"":""15/09/2026"",""deviceId"":""SJN41CQ44NY"",""registeredDevice"":""0"",""deviceErrorResponse"":{""errorCode"":""GRX-20024"",""errorMessage"":""Ya existe un AppleCare Plan para el dispositivo SJN41CQ44NY o está pendiente. Comprueba los detalles del pedido en la búsqueda 360 y ponte en contacto con el Soporte técnico de AppleCare Connect si necesitas más información.""},""pocType"":""APOC"",""serialNumber"":""JN41CQ44NY"",""partNumber"":""SD0T3ZX/A"",""partAlias"":""ACP"",""productDescription"":""MacBook Neo""}},""transactionId"":""2f680af0-0c36-4715-8a0c-04ad71c131cc-1789651731215""}"
False;5181555;2026-09-17 10:38:00.803000;2026-09-15 00:00:00;401156;CREATEORDER;SJN41CQ44NY;MHFF4CI/A;"{""orderDetailsResponses"":{""deviceEligibility"":{""secondaryDisplay"":""0"",""deviceDateOfPurchase"":""15/09/2026"",""deviceId"":""SJN41CQ44NY"",""registeredDevice"":""0"",""deviceErrorResponse"":{""errorCode"":""GRX-20024"",""errorMessage"":""Ya existe un AppleCare Plan para el dispositivo SJN41CQ44NY o está pendiente. Comprueba los detalles del pedido en la búsqueda 360 y ponte en contacto con el Soporte técnico de AppleCare Connect si necesitas más información.""},""pocType"":""APOC"",""serialNumber"":""JN41CQ44NY"",""partNumber"":""SD0T3ZX/A"",""partAlias"":""ACP"",""productDescription"":""MacBook Neo""}},""transactionId"":""24e99b14-218d-4555-ab4d-d854d3859078-1789652279899""}"
False;5181555;2026-09-17 10:38:28.040000;2026-09-15 00:00:00;401156;CREATEORDER;SJN41CQ44NY;MHFF4CI/A;"{""orderDetailsResponses"":{""deviceEligibility"":{""secondaryDisplay"":""0"",""deviceDateOfPurchase"":""15/09/2026"",""deviceId"":""SJN41CQ44NY"",""registeredDevice"":""0"",""deviceErrorResponse"":{""errorCode"":""GRX-20024"",""errorMessage"":""Ya existe un AppleCare Plan para el dispositivo SJN41CQ44NY o está pendiente. Comprueba los detalles del pedido en la búsqueda 360 y ponte en contacto con el Soporte técnico de AppleCare Connect si necesitas más información.""},""pocType"":""APOC"",""serialNumber"":""JN41CQ44NY"",""partNumber"":""SD0T3ZX/A"",""partAlias"":""ACP"",""productDescription"":""MacBook Neo""}},""transactionId"":""1716878a-2e5d-4106-819a-d842bb8d1873-1789652307268""}"
False;5181555;2026-09-17 10:48:13.607000;2026-09-15 00:00:00;401156;CREATEORDER;SJN41CQ44NY;MHFF4CI/A;"{""orderDetailsResponses"":{""deviceEligibility"":{""secondaryDisplay"":""0"",""deviceDateOfPurchase"":""15/09/2026"",""deviceId"":""SJN41CQ44NY"",""registeredDevice"":""0"",""deviceErrorResponse"":{""errorCode"":""GRX-20024"",""errorMessage"":""Ya existe un AppleCare Plan para el dispositivo SJN41CQ44NY o está pendiente. Comprueba los detalles del pedido en la búsqueda 360 y ponte en contacto con el Soporte técnico de AppleCare Connect si necesitas más información.""},""pocType"":""APOC"",""serialNumber"":""JN41CQ44NY"",""partNumber"":""SD0T3ZX/A"",""partAlias"":""ACP"",""productDescription"":""MacBook Neo""}},""transactionId"":""6e065eca-ff93-46b2-8739-7b04a5209ac6-1789652892717""}"
False;5181555;2026-09-17 10:48:40.320000;2026-09-15 00:00:00;401156;CREATEORDER;SJN41CQ44NY;MHFF4CI/A;"{""orderDetailsResponses"":{""deviceEligibility"":{""secondaryDisplay"":""0"",""deviceDateOfPurchase"":""15/09/2026"",""deviceId"":""SJN41CQ44NY"",""registeredDevice"":""0"",""deviceErrorResponse"":{""errorCode"":""GRX-20024"",""errorMessage"":""Ya existe un AppleCare Plan para el dispositivo SJN41CQ44NY o está pendiente. Comprueba los detalles del pedido en la búsqueda 360 y ponte en contacto con el Soporte técnico de AppleCare Connect si necesitas más información.""},""pocType"":""APOC"",""serialNumber"":""JN41CQ44NY"",""partNumber"":""SD0T3ZX/A"",""partAlias"":""ACP"",""productDescription"":""MacBook Neo""}},""transactionId"":""a203ee21-a717-4f98-babf-15b210394e8e-1789652919604""}"
True;1326571;2026-09-17 10:49:54.127000;2026-09-17 00:00:00;18101011;VERIFYORDER;SF2HGX5366M;MFYQ4BE/A;"{""orderDetailsResponses"":{""deviceEligibility"":{""secondaryDisplay"":""0"",""partDescription"":""AppleCare+ con robo y pérdida para iPhone 17 Pro Max"",""coverageDuration"":""2"",""productStatement"":""Tu AppleCare+ con robo y pérdida para iPhone 17 Pro Max amplía la cobertura de servicio y soporte técnico a 2 años desde la fecha de compra de AppleCare+ con robo y pérdida e incluye cobertura para una cantidad ilimitada de incidentes por daño accidental debido a la manipulación del producto o un máximo de dos incidentes de robo y pérdida cada 12 meses, cada uno de ellos sujeto a un cargo adicional de R$96000  por Otros daños accidentales o de R$28000  por los daños de la pantalla o la carcasa externa o de R$144000  por robo o pérdida. Lee todos los detalles en los Términos y condiciones de AppleCare+."",""deviceDateOfPurchase"":""17/09/2026"",""deviceId"":""SF2HGX5366M"",""registeredDevice"":""1"",""pocType"":""APOC"",""serialNumber"":""F2HGX5366M"",""partNumber"":""SX382ZX/A"",""partAlias"":""ACPTL"",""purchaseMode"":""C"",""productDescription"":""iPhone 17 Pro Max"",""tlDisclosure"":""La cobertura de robo y pérdida requiere que tengas la función Buscar habilitada en tu dispositivo antes de que se pierda o te lo roben. Durante el proceso de reclamación, te pediremos que uses la función Buscar para poner el dispositivo perdido o robado en modo Perdido, borrarlo y transferir la propiedad a Apple para que podamos asignarte un nuevo dispositivo. Para asegurarte de que puedas iniciar sesión en Buscar y acceder a esta función, es importante que recuerdes tu ID de Apple y contraseña, y que mantengas la información de tu cuenta actualizada. Si usas la autenticación de doble factor para el ID de Apple, te recomendamos que añadas un número de teléfono adicional de confianza a tu cuenta en el que puedas recibir el código de verificación de 6 dígitos que necesitas para iniciar sesión aunque no tengas tu iPhone. Para obtener más información, visita las páginas de Soporte técnico de Apple.""}},""transactionId"":""3f3405b0-97bb-4575-8c5f-2216a4ab6fbc-1789652993383""}"
True;1326571;2026-09-17 10:52:43.513000;2026-09-17 00:00:00;18101011;CREATEORDER;SF2HGX5366M;MFYQ4BE/A;"{""orderDetailsResponses"":{""deviceEligibility"":{""secondaryDisplay"":""0"",""partDescription"":""AppleCare+ con robo y pérdida para iPhone 17 Pro Max"",""coverageDuration"":""2"",""productStatement"":""Tu AppleCare+ con robo y pérdida para iPhone 17 Pro Max amplía la cobertura de servicio y soporte técnico a 2 años desde la fecha de compra de AppleCare+ con robo y pérdida e incluye cobertura para una cantidad ilimitada de incidentes por daño accidental debido a la manipulación del producto o un máximo de dos incidentes de robo y pérdida cada 12 meses, cada uno de ellos sujeto a un cargo adicional de R$96000  por Otros daños accidentales o de R$28000  por los daños de la pantalla o la carcasa externa o de R$144000  por robo o pérdida. Lee todos los detalles en los Términos y condiciones de AppleCare+."",""deviceDateOfPurchase"":""17/09/2026"",""deviceId"":""SF2HGX5366M"",""registeredDevice"":""1"",""pocType"":""APOC"",""serialNumber"":""F2HGX5366M"",""partNumber"":""SX382ZX/A"",""partAlias"":""ACPTL"",""purchaseMode"":""C"",""productDescription"":""iPhone 17 Pro Max"",""tlDisclosure"":""La cobertura de robo y pérdida requiere que tengas la función Buscar habilitada en tu dispositivo antes de que se pierda o te lo roben. Durante el proceso de reclamación, te pediremos que uses la función Buscar para poner el dispositivo perdido o robado en modo Perdido, borrarlo y transferir la propiedad a Apple para que podamos asignarte un nuevo dispositivo. Para asegurarte de que puedas iniciar sesión en Buscar y acceder a esta función, es importante que recuerdes tu ID de Apple y contraseña, y que mantengas la información de tu cuenta actualizada. Si usas la autenticación de doble factor para el ID de Apple, te recomendamos que añadas un número de teléfono adicional de confianza a tu cuenta en el que puedas recibir el código de verificación de 6 dígitos que necesitas para iniciar sesión aunque no tengas tu iPhone. Para obtener más información, visita las páginas de Soporte técnico de Apple.""},""orderConfirmation"":{""agreementNumber"":""328422420166"",""coverageDurationStatement"":""Finaliza el 16/09/2028"",""termConditionURL"":""http://www.apple.com/legal/sales-support/"",""partNumber"":""SX382ZX/A"",""partAlias"":""ACPTL"",""partType"":""AC+TL"",""purchaseMode"":""C"",""appleCareSalesDate"":""17/09/2026"",""pocType"":""APOC"",""purchaseOrderNumber"":""18101011""}},""transactionId"":""1cc05343-fd86-494d-bbaa-87714d71ee00-1789653157027""}"
False;5181555;2026-09-17 10:58:36.087000;2026-09-15 00:00:00;401156;CREATEORDER;SJN41CQ44NY;MHFF4CI/A;"{""orderDetailsResponses"":{""deviceEligibility"":{""secondaryDisplay"":""0"",""deviceDateOfPurchase"":""15/09/2026"",""deviceId"":""SJN41CQ44NY"",""registeredDevice"":""0"",""deviceErrorResponse"":{""errorCode"":""GRX-20024"",""errorMessage"":""Ya existe un AppleCare Plan para el dispositivo SJN41CQ44NY o está pendiente. Comprueba los detalles del pedido en la búsqueda 360 y ponte en contacto con el Soporte técnico de AppleCare Connect si necesitas más información.""},""pocType"":""APOC"",""serialNumber"":""JN41CQ44NY"",""partNumber"":""SD0T3ZX/A"",""partAlias"":""ACP"",""productDescription"":""MacBook Neo""}},""transactionId"":""3053e923-8e3d-4053-b9a1-082787bf909c-1789653515219""}"
False;5181555;2026-09-17 10:59:18.177000;2026-09-15 00:00:00;401156;CREATEORDER;SJN41CQ44NY;MHFF4CI/A;"{""orderDetailsResponses"":{""deviceEligibility"":{""secondaryDisplay"":""0"",""deviceDateOfPurchase"":""15/09/2026"",""deviceId"":""SJN41CQ44NY"",""registeredDevice"":""0"",""deviceErrorResponse"":{""errorCode"":""GRX-20024"",""errorMessage"":""Ya existe un AppleCare Plan para el dispositivo SJN41CQ44NY o está pendiente. Comprueba los detalles del pedido en la búsqueda 360 y ponte en contacto con el Soporte técnico de AppleCare Connect si necesitas más información.""},""pocType"":""APOC"",""serialNumber"":""JN41CQ44NY"",""partNumber"":""SD0T3ZX/A"",""partAlias"":""ACP"",""productDescription"":""MacBook Neo""}},""transactionId"":""2f3f45d3-7730-4d13-96ca-dfd93a019773-1789653557419""}"
False;5181555;2026-09-17 11:07:42.490000;2026-09-15 00:00:00;401156;CREATEORDER;SJN41CQ44NY;MHFF4CI/A;"{""orderDetailsResponses"":{""deviceEligibility"":{""secondaryDisplay"":""0"",""deviceDateOfPurchase"":""15/09/2026"",""deviceId"":""SJN41CQ44NY"",""registeredDevice"":""0"",""deviceErrorResponse"":{""errorCode"":""GRX-20024"",""errorMessage"":""Ya existe un AppleCare Plan para el dispositivo SJN41CQ44NY o está pendiente. Comprueba los detalles del pedido en la búsqueda 360 y ponte en contacto con el Soporte técnico de AppleCare Connect si necesitas más información.""},""pocType"":""APOC"",""serialNumber"":""JN41CQ44NY"",""partNumber"":""SD0T3ZX/A"",""partAlias"":""ACP"",""productDescription"":""MacBook Neo""}},""transactionId"":""4154de6b-2fd0-4716-a2fe-11814f43cdd5-1789654061753""}"
False;5181555;2026-09-17 11:08:17.670000;2026-09-15 00:00:00;401156;CREATEORDER;SJN41CQ44NY;MHFF4CI/A;"{""orderDetailsResponses"":{""deviceEligibility"":{""secondaryDisplay"":""0"",""deviceDateOfPurchase"":""15/09/2026"",""deviceId"":""SJN41CQ44NY"",""registeredDevice"":""0"",""deviceErrorResponse"":{""errorCode"":""GRX-20024"",""errorMessage"":""Ya existe un AppleCare Plan para el dispositivo SJN41CQ44NY o está pendiente. Comprueba los detalles del pedido en la búsqueda 360 y ponte en contacto con el Soporte técnico de AppleCare Connect si necesitas más información.""},""pocType"":""APOC"",""serialNumber"":""JN41CQ44NY"",""partNumber"":""SD0T3ZX/A"",""partAlias"":""ACP"",""productDescription"":""MacBook Neo""}},""transactionId"":""8aa8c542-8fa5-4f61-8fc8-7025ade213ba-1789654096916""}"
True;5120500;2026-09-17 11:15:21.677000;2026-09-17 00:00:00;62801082;VERIFYORDER;SLCXLC4HMQ2;MG6M4BE/A;"{""orderDetailsResponses"":{""deviceEligibility"":{""secondaryDisplay"":""0"",""partDescription"":""AppleCare+ con robo y pérdida para iPhone 17"",""coverageDuration"":""2"",""productStatement"":""Tu AppleCare+ con robo y pérdida para iPhone 17 amplía la cobertura de servicio y soporte técnico a 2 años desde la fecha de compra de AppleCare+ con robo y pérdida e incluye cobertura para una cantidad ilimitada de incidentes por daño accidental debido a la manipulación del producto o un máximo de dos incidentes de robo y pérdida cada 12 meses, cada uno de ellos sujeto a un cargo adicional de R$96000  por Otros daños accidentales o de R$28000  por los daños de la pantalla o la carcasa externa o de R$144000  por robo o pérdida. Lee todos los detalles en los Términos y condiciones de AppleCare+."",""deviceDateOfPurchase"":""17/09/2026"",""deviceId"":""SLCXLC4HMQ2"",""registeredDevice"":""1"",""pocType"":""APOC"",""serialNumber"":""LCXLC4HMQ2"",""partNumber"":""SX2V2ZX/A"",""partAlias"":""ACPTL"",""purchaseMode"":""C"",""productDescription"":""iPhone 17"",""tlDisclosure"":""La cobertura de robo y pérdida requiere que tengas la función Buscar habilitada en tu dispositivo antes de que se pierda o te lo roben. Durante el proceso de reclamación, te pediremos que uses la función Buscar para poner el dispositivo perdido o robado en modo Perdido, borrarlo y transferir la propiedad a Apple para que podamos asignarte un nuevo dispositivo. Para asegurarte de que puedas iniciar sesión en Buscar y acceder a esta función, es importante que recuerdes tu ID de Apple y contraseña, y que mantengas la información de tu cuenta actualizada. Si usas la autenticación de doble factor para el ID de Apple, te recomendamos que añadas un número de teléfono adicional de confianza a tu cuenta en el que puedas recibir el código de verificación de 6 dígitos que necesitas para iniciar sesión aunque no tengas tu iPhone. Para obtener más información, visita las páginas de Soporte técnico de Apple.""}},""transactionId"":""6bd12cae-ec1a-45bf-a485-f54f89ee3dec-1789654521165""}"
True;5120500;2026-09-17 11:18:14.223000;2026-09-17 00:00:00;62801082;CREATEORDER;SLCXLC4HMQ2;MG6M4BE/A;"{""orderDetailsResponses"":{""deviceEligibility"":{""secondaryDisplay"":""0"",""partDescription"":""AppleCare+ con robo y pérdida para iPhone 17"",""coverageDuration"":""2"",""productStatement"":""Tu AppleCare+ con robo y pérdida para iPhone 17 amplía la cobertura de servicio y soporte técnico a 2 años desde la fecha de compra de AppleCare+ con robo y pérdida e incluye cobertura para una cantidad ilimitada de incidentes por daño accidental debido a la manipulación del producto o un máximo de dos incidentes de robo y pérdida cada 12 meses, cada uno de ellos sujeto a un cargo adicional de R$96000  por Otros daños accidentales o de R$28000  por los daños de la pantalla o la carcasa externa o de R$144000  por robo o pérdida. Lee todos los detalles en los Términos y condiciones de AppleCare+."",""deviceDateOfPurchase"":""17/09/2026"",""deviceId"":""SLCXLC4HMQ2"",""registeredDevice"":""1"",""pocType"":""APOC"",""serialNumber"":""LCXLC4HMQ2"",""partNumber"":""SX2V2ZX/A"",""partAlias"":""ACPTL"",""purchaseMode"":""C"",""productDescription"":""iPhone 17"",""tlDisclosure"":""La cobertura de robo y pérdida requiere que tengas la función Buscar habilitada en tu dispositivo antes de que se pierda o te lo roben. Durante el proceso de reclamación, te pediremos que uses la función Buscar para poner el dispositivo perdido o robado en modo Perdido, borrarlo y transferir la propiedad a Apple para que podamos asignarte un nuevo dispositivo. Para asegurarte de que puedas iniciar sesión en Buscar y acceder a esta función, es importante que recuerdes tu ID de Apple y contraseña, y que mantengas la información de tu cuenta actualizada. Si usas la autenticación de doble factor para el ID de Apple, te recomendamos que añadas un número de teléfono adicional de confianza a tu cuenta en el que puedas recibir el código de verificación de 6 dígitos que necesitas para iniciar sesión aunque no tengas tu iPhone. Para obtener más información, visita las páginas de Soporte técnico de Apple.""},""orderConfirmation"":{""agreementNumber"":""328422400343"",""coverageDurationStatement"":""Finaliza el 16/09/2028"",""termConditionURL"":""http://www.apple.com/legal/sales-support/"",""partNumber"":""SX2V2ZX/A"",""partAlias"":""ACPTL"",""partType"":""AC+TL"",""purchaseMode"":""C"",""appleCareSalesDate"":""17/09/2026"",""pocType"":""APOC"",""purchaseOrderNumber"":""62801082""}},""transactionId"":""f00f4003-962c-4410-bb44-f2d17e6aa21c-1789654689159""}"
False;5181555;2026-09-17 11:18:19.750000;2026-09-15 00:00:00;401156;CREATEORDER;SJN41CQ44NY;MHFF4CI/A;"{""orderDetailsResponses"":{""deviceEligibility"":{""secondaryDisplay"":""0"",""deviceDateOfPurchase"":""15/09/2026"",""deviceId"":""SJN41CQ44NY"",""registeredDevice"":""0"",""deviceErrorResponse"":{""errorCode"":""GRX-20024"",""errorMessage"":""Ya existe un AppleCare Plan para el dispositivo SJN41CQ44NY o está pendiente. Comprueba los detalles del pedido en la búsqueda 360 y ponte en contacto con el Soporte técnico de AppleCare Connect si necesitas más información.""},""pocType"":""APOC"",""serialNumber"":""JN41CQ44NY"",""partNumber"":""SD0T3ZX/A"",""partAlias"":""ACP"",""productDescription"":""MacBook Neo""}},""transactionId"":""df0c5f9e-21f3-4c64-9b83-9ee989751ff3-1789654698829""}"
False;5181555;2026-09-17 11:18:51.530000;2026-09-15 00:00:00;401156;CREATEORDER;SJN41CQ44NY;MHFF4CI/A;"{""orderDetailsResponses"":{""deviceEligibility"":{""secondaryDisplay"":""0"",""deviceDateOfPurchase"":""15/09/2026"",""deviceId"":""SJN41CQ44NY"",""registeredDevice"":""0"",""deviceErrorResponse"":{""errorCode"":""GRX-20024"",""errorMessage"":""Ya existe un AppleCare Plan para el dispositivo SJN41CQ44NY o está pendiente. Comprueba los detalles del pedido en la búsqueda 360 y ponte en contacto con el Soporte técnico de AppleCare Connect si necesitas más información.""},""pocType"":""APOC"",""serialNumber"":""JN41CQ44NY"",""partNumber"":""SD0T3ZX/A"",""partAlias"":""ACP"",""productDescription"":""MacBook Neo""}},""transactionId"":""9114c8a8-b951-4e71-92b0-b1c35f330ed0-1789654730748""}"
False;5181555;2026-09-17 11:28:08.083000;2026-09-15 00:00:00;401156;CREATEORDER;SJN41CQ44NY;MHFF4CI/A;"{""orderDetailsResponses"":{""deviceEligibility"":{""secondaryDisplay"":""0"",""deviceDateOfPurchase"":""15/09/2026"",""deviceId"":""SJN41CQ44NY"",""registeredDevice"":""0"",""deviceErrorResponse"":{""errorCode"":""GRX-20024"",""errorMessage"":""Ya existe un AppleCare Plan para el dispositivo SJN41CQ44NY o está pendiente. Comprueba los detalles del pedido en la búsqueda 360 y ponte en contacto con el Soporte técnico de AppleCare Connect si necesitas más información.""},""pocType"":""APOC"",""serialNumber"":""JN41CQ44NY"",""partNumber"":""SD0T3ZX/A"",""partAlias"":""ACP"",""productDescription"":""MacBook Neo""}},""transactionId"":""d68d11f4-ded0-46f7-9d09-fc91b9c26e33-1789655287214""}"
False;5181555;2026-09-17 11:28:35.990000;2026-09-15 00:00:00;401156;CREATEORDER;SJN41CQ44NY;MHFF4CI/A;"{""orderDetailsResponses"":{""deviceEligibility"":{""secondaryDisplay"":""0"",""deviceDateOfPurchase"":""15/09/2026"",""deviceId"":""SJN41CQ44NY"",""registeredDevice"":""0"",""deviceErrorResponse"":{""errorCode"":""GRX-20024"",""errorMessage"":""Ya existe un AppleCare Plan para el dispositivo SJN41CQ44NY o está pendiente. Comprueba los detalles del pedido en la búsqueda 360 y ponte en contacto con el Soporte técnico de AppleCare Connect si necesitas más información.""},""pocType"":""APOC"",""serialNumber"":""JN41CQ44NY"",""partNumber"":""SD0T3ZX/A"",""partAlias"":""ACP"",""productDescription"":""MacBook Neo""}},""transactionId"":""6c55b42d-489d-4e70-9f6d-d8ffe4a22aed-1789655314845""}"
False;5181555;2026-09-17 11:37:28.793000;2026-09-15 00:00:00;401156;CREATEORDER;SJN41CQ44NY;MHFF4CI/A;"{""orderDetailsResponses"":{""deviceEligibility"":{""secondaryDisplay"":""0"",""deviceDateOfPurchase"":""15/09/2026"",""deviceId"":""SJN41CQ44NY"",""registeredDevice"":""0"",""deviceErrorResponse"":{""errorCode"":""GRX-20024"",""errorMessage"":""Ya existe un AppleCare Plan para el dispositivo SJN41CQ44NY o está pendiente. Comprueba los detalles del pedido en la búsqueda 360 y ponte en contacto con el Soporte técnico de AppleCare Connect si necesitas más información.""},""pocType"":""APOC"",""serialNumber"":""JN41CQ44NY"",""partNumber"":""SD0T3ZX/A"",""partAlias"":""ACP"",""productDescription"":""MacBook Neo""}},""transactionId"":""94a4c147-2cd2-476c-969c-ddcacc50b164-1789655848053""}"
False;5181555;2026-09-17 11:37:57.423000;2026-09-15 00:00:00;401156;CREATEORDER;SJN41CQ44NY;MHFF4CI/A;"{""orderDetailsResponses"":{""deviceEligibility"":{""secondaryDisplay"":""0"",""deviceDateOfPurchase"":""15/09/2026"",""deviceId"":""SJN41CQ44NY"",""registeredDevice"":""0"",""deviceErrorResponse"":{""errorCode"":""GRX-20024"",""errorMessage"":""Ya existe un AppleCare Plan para el dispositivo SJN41CQ44NY o está pendiente. Comprueba los detalles del pedido en la búsqueda 360 y ponte en contacto con el Soporte técnico de AppleCare Connect si necesitas más información.""},""pocType"":""APOC"",""serialNumber"":""JN41CQ44NY"",""partNumber"":""SD0T3ZX/A"",""partAlias"":""ACP"",""productDescription"":""MacBook Neo""}},""transactionId"":""fcd0001d-639b-4e65-968f-80b58f300f81-1789655876656""}"
False;5181555;2026-09-17 11:48:32.810000;2026-09-15 00:00:00;401156;CREATEORDER;SJN41CQ44NY;MHFF4CI/A;"{""orderDetailsResponses"":{""deviceEligibility"":{""secondaryDisplay"":""0"",""deviceDateOfPurchase"":""15/09/2026"",""deviceId"":""SJN41CQ44NY"",""registeredDevice"":""0"",""deviceErrorResponse"":{""errorCode"":""GRX-20024"",""errorMessage"":""Ya existe un AppleCare Plan para el dispositivo SJN41CQ44NY o está pendiente. Comprueba los detalles del pedido en la búsqueda 360 y ponte en contacto con el Soporte técnico de AppleCare Connect si necesitas más información.""},""pocType"":""APOC"",""serialNumber"":""JN41CQ44NY"",""partNumber"":""SD0T3ZX/A"",""partAlias"":""ACP"",""productDescription"":""MacBook Neo""}},""transactionId"":""c8f5062f-8ec7-4d1f-a7af-f6739cd3d270-1789656511892""}"
False;5181555;2026-09-17 11:49:05.590000;2026-09-15 00:00:00;401156;CREATEORDER;SJN41CQ44NY;MHFF4CI/A;"{""orderDetailsResponses"":{""deviceEligibility"":{""secondaryDisplay"":""0"",""deviceDateOfPurchase"":""15/09/2026"",""deviceId"":""SJN41CQ44NY"",""registeredDevice"":""0"",""deviceErrorResponse"":{""errorCode"":""GRX-20024"",""errorMessage"":""Ya existe un AppleCare Plan para el dispositivo SJN41CQ44NY o está pendiente. Comprueba los detalles del pedido en la búsqueda 360 y ponte en contacto con el Soporte técnico de AppleCare Connect si necesitas más información.""},""pocType"":""APOC"",""serialNumber"":""JN41CQ44NY"",""partNumber"":""SD0T3ZX/A"",""partAlias"":""ACP"",""productDescription"":""MacBook Neo""}},""transactionId"":""64bda013-11f8-4086-b75d-045d4c964d29-1789656544820""}"
False;5181555;2026-09-17 11:58:49.493000;2026-09-15 00:00:00;401156;CREATEORDER;SJN41CQ44NY;MHFF4CI/A;"{""orderDetailsResponses"":{""deviceEligibility"":{""secondaryDisplay"":""0"",""deviceDateOfPurchase"":""15/09/2026"",""deviceId"":""SJN41CQ44NY"",""registeredDevice"":""0"",""deviceErrorResponse"":{""errorCode"":""GRX-20024"",""errorMessage"":""Ya existe un AppleCare Plan para el dispositivo SJN41CQ44NY o está pendiente. Comprueba los detalles del pedido en la búsqueda 360 y ponte en contacto con el Soporte técnico de AppleCare Connect si necesitas más información.""},""pocType"":""APOC"",""serialNumber"":""JN41CQ44NY"",""partNumber"":""SD0T3ZX/A"",""partAlias"":""ACP"",""productDescription"":""MacBook Neo""}},""transactionId"":""7519c8f4-5d0a-4b7a-b3e6-e17c8f49f9e1-1789657128706""}"
False;5181555;2026-09-17 11:59:15.587000;2026-09-15 00:00:00;401156;CREATEORDER;SJN41CQ44NY;MHFF4CI/A;"{""orderDetailsResponses"":{""deviceEligibility"":{""secondaryDisplay"":""0"",""deviceDateOfPurchase"":""15/09/2026"",""deviceId"":""SJN41CQ44NY"",""registeredDevice"":""0"",""deviceErrorResponse"":{""errorCode"":""GRX-20024"",""errorMessage"":""Ya existe un AppleCare Plan para el dispositivo SJN41CQ44NY o está pendiente. Comprueba los detalles del pedido en la búsqueda 360 y ponte en contacto con el Soporte técnico de AppleCare Connect si necesitas más información.""},""pocType"":""APOC"",""serialNumber"":""JN41CQ44NY"",""partNumber"":""SD0T3ZX/A"",""partAlias"":""ACP"",""productDescription"":""MacBook Neo""}},""transactionId"":""7261f631-2e2d-4e73-a817-a118f1234890-1789657154845""}"
False;5181555;2026-09-17 12:07:35.687000;2026-09-15 00:00:00;401156;CREATEORDER;SJN41CQ44NY;MHFF4CI/A;"{""orderDetailsResponses"":{""deviceEligibility"":{""secondaryDisplay"":""0"",""deviceDateOfPurchase"":""15/09/2026"",""deviceId"":""SJN41CQ44NY"",""registeredDevice"":""0"",""deviceErrorResponse"":{""errorCode"":""GRX-20024"",""errorMessage"":""Ya existe un AppleCare Plan para el dispositivo SJN41CQ44NY o está pendiente. Comprueba los detalles del pedido en la búsqueda 360 y ponte en contacto con el Soporte técnico de AppleCare Connect si necesitas más información.""},""pocType"":""APOC"",""serialNumber"":""JN41CQ44NY"",""partNumber"":""SD0T3ZX/A"",""partAlias"":""ACP"",""productDescription"":""MacBook Neo""}},""transactionId"":""2eec339b-cabd-49a9-9ff6-e81175d73541-1789657654737""}"
False;5181555;2026-09-17 12:08:03.473000;2026-09-15 00:00:00;401156;CREATEORDER;SJN41CQ44NY;MHFF4CI/A;"{""orderDetailsResponses"":{""deviceEligibility"":{""secondaryDisplay"":""0"",""deviceDateOfPurchase"":""15/09/2026"",""deviceId"":""SJN41CQ44NY"",""registeredDevice"":""0"",""deviceErrorResponse"":{""errorCode"":""GRX-20024"",""errorMessage"":""Ya existe un AppleCare Plan para el dispositivo SJN41CQ44NY o está pendiente. Comprueba los detalles del pedido en la búsqueda 360 y ponte en contacto con el Soporte técnico de AppleCare Connect si necesitas más información.""},""pocType"":""APOC"",""serialNumber"":""JN41CQ44NY"",""partNumber"":""SD0T3ZX/A"",""partAlias"":""ACP"",""productDescription"":""MacBook Neo""}},""transactionId"":""23a2b343-abb4-4048-bb25-44b5fe2fa93c-1789657682744""}"
False;5181555;2026-09-17 12:18:12.940000;2026-09-15 00:00:00;401156;CREATEORDER;SJN41CQ44NY;MHFF4CI/A;"{""orderDetailsResponses"":{""deviceEligibility"":{""secondaryDisplay"":""0"",""deviceDateOfPurchase"":""15/09/2026"",""deviceId"":""SJN41CQ44NY"",""registeredDevice"":""0"",""deviceErrorResponse"":{""errorCode"":""GRX-20024"",""errorMessage"":""Ya existe un AppleCare Plan para el dispositivo SJN41CQ44NY o está pendiente. Comprueba los detalles del pedido en la búsqueda 360 y ponte en contacto con el Soporte técnico de AppleCare Connect si necesitas más información.""},""pocType"":""APOC"",""serialNumber"":""JN41CQ44NY"",""partNumber"":""SD0T3ZX/A"",""partAlias"":""ACP"",""productDescription"":""MacBook Neo""}},""transactionId"":""9b06c82f-c5db-451a-9571-030571e90018-1789658292203""}"
False;5181555;2026-09-17 12:18:40.680000;2026-09-15 00:00:00;401156;CREATEORDER;SJN41CQ44NY;MHFF4CI/A;"{""orderDetailsResponses"":{""deviceEligibility"":{""secondaryDisplay"":""0"",""deviceDateOfPurchase"":""15/09/2026"",""deviceId"":""SJN41CQ44NY"",""registeredDevice"":""0"",""deviceErrorResponse"":{""errorCode"":""GRX-20024"",""errorMessage"":""Ya existe un AppleCare Plan para el dispositivo SJN41CQ44NY o está pendiente. Comprueba los detalles del pedido en la búsqueda 360 y ponte en contacto con el Soporte técnico de AppleCare Connect si necesitas más información.""},""pocType"":""APOC"",""serialNumber"":""JN41CQ44NY"",""partNumber"":""SD0T3ZX/A"",""partAlias"":""ACP"",""productDescription"":""MacBook Neo""}},""transactionId"":""5d565287-6509-49df-be12-5720c0401c79-1789658319760""}"
True;5129863;2026-09-17 12:22:05.250000;2026-09-17 00:00:00;6401137;VERIFYORDER;SGT9RRJ9HQQ;MHFE4CI/A;"{""orderDetailsResponses"":{""deviceEligibility"":{""secondaryDisplay"":""0"",""partDescription"":""AppleCare+ para 13-inch MacBook Neo (A18PRO)"",""coverageDuration"":""3"",""productStatement"":""AppleCare+ para 13-inch MacBook Neo (A18PRO) amplía la cobertura de servicio y soporte técnico a 3 años desde la fecha de compra de AppleCare+ e incluye cobertura para una cantidad ilimitada de incidentes por daño accidental debido a la manipulación del producto, cada uno de ellos sujeto a un cargo adicional de R$51990  por daños en la pantalla o la carcasa externa o de R$156990  por Otros daños accidentales. Lee todos los detalles en los Términos y condiciones de AppleCare+."",""deviceDateOfPurchase"":""17/09/2026"",""deviceId"":""SGT9RRJ9HQQ"",""registeredDevice"":""1"",""pocType"":""APOC"",""serialNumber"":""GT9RRJ9HQQ"",""partNumber"":""SD0T3ZX/A"",""partAlias"":""ACP"",""purchaseMode"":""C"",""productDescription"":""MacBook Neo""}},""transactionId"":""5dc40881-02b8-441e-bcc4-a186b39ce543-1789658524329""}"
True;5129863;2026-09-17 12:24:07.477000;2026-09-17 00:00:00;6401137;CREATEORDER;SGT9RRJ9HQQ;MHFE4CI/A;"{""orderDetailsResponses"":{""deviceEligibility"":{""secondaryDisplay"":""0"",""partDescription"":""AppleCare+ para 13-inch MacBook Neo (A18PRO)"",""coverageDuration"":""3"",""productStatement"":""AppleCare+ para 13-inch MacBook Neo (A18PRO) amplía la cobertura de servicio y soporte técnico a 3 años desde la fecha de compra de AppleCare+ e incluye cobertura para una cantidad ilimitada de incidentes por daño accidental debido a la manipulación del producto, cada uno de ellos sujeto a un cargo adicional de R$51990  por daños en la pantalla o la carcasa externa o de R$156990  por Otros daños accidentales. Lee todos los detalles en los Términos y condiciones de AppleCare+."",""deviceDateOfPurchase"":""17/09/2026"",""deviceId"":""SGT9RRJ9HQQ"",""registeredDevice"":""1"",""pocType"":""APOC"",""serialNumber"":""GT9RRJ9HQQ"",""partNumber"":""SD0T3ZX/A"",""partAlias"":""ACP"",""purchaseMode"":""C"",""productDescription"":""MacBook Neo""},""orderConfirmation"":{""agreementNumber"":""328422341790"",""coverageDurationStatement"":""Finaliza el 16/09/2029"",""termConditionURL"":""http://www.apple.com/legal/sales-support/"",""partNumber"":""SD0T3ZX/A"",""partAlias"":""ACP"",""partType"":""AppleCare+"",""purchaseMode"":""C"",""appleCareSalesDate"":""17/09/2026"",""pocType"":""APOC"",""purchaseOrderNumber"":""6401137""}},""transactionId"":""21f796e9-c04a-4de2-a8ed-346455033a63-1789658640499""}"
False;5181555;2026-09-17 12:28:04.327000;2026-09-15 00:00:00;401156;CREATEORDER;SJN41CQ44NY;MHFF4CI/A;"{""orderDetailsResponses"":{""deviceEligibility"":{""secondaryDisplay"":""0"",""deviceDateOfPurchase"":""15/09/2026"",""deviceId"":""SJN41CQ44NY"",""registeredDevice"":""0"",""deviceErrorResponse"":{""errorCode"":""GRX-20024"",""errorMessage"":""Ya existe un AppleCare Plan para el dispositivo SJN41CQ44NY o está pendiente. Comprueba los detalles del pedido en la búsqueda 360 y ponte en contacto con el Soporte técnico de AppleCare Connect si necesitas más información.""},""pocType"":""APOC"",""serialNumber"":""JN41CQ44NY"",""partNumber"":""SD0T3ZX/A"",""partAlias"":""ACP"",""productDescription"":""MacBook Neo""}},""transactionId"":""494ff9a6-e79e-4c34-8de2-5e79584dd8de-1789658883435""}"
False;5181555;2026-09-17 12:28:40.317000;2026-09-15 00:00:00;401156;CREATEORDER;SJN41CQ44NY;MHFF4CI/A;"{""orderDetailsResponses"":{""deviceEligibility"":{""secondaryDisplay"":""0"",""deviceDateOfPurchase"":""15/09/2026"",""deviceId"":""SJN41CQ44NY"",""registeredDevice"":""0"",""deviceErrorResponse"":{""errorCode"":""GRX-20024"",""errorMessage"":""Ya existe un AppleCare Plan para el dispositivo SJN41CQ44NY o está pendiente. Comprueba los detalles del pedido en la búsqueda 360 y ponte en contacto con el Soporte técnico de AppleCare Connect si necesitas más información.""},""pocType"":""APOC"",""serialNumber"":""JN41CQ44NY"",""partNumber"":""SD0T3ZX/A"",""partAlias"":""ACP"",""productDescription"":""MacBook Neo""}},""transactionId"":""a97becde-c047-4f04-9802-797cf097ba0e-1789658919312""}"
False;5181555;2026-09-17 12:37:36.327000;2026-09-15 00:00:00;401156;CREATEORDER;SJN41CQ44NY;MHFF4CI/A;"{""orderDetailsResponses"":{""deviceEligibility"":{""secondaryDisplay"":""0"",""deviceDateOfPurchase"":""15/09/2026"",""deviceId"":""SJN41CQ44NY"",""registeredDevice"":""0"",""deviceErrorResponse"":{""errorCode"":""GRX-20024"",""errorMessage"":""Ya existe un AppleCare Plan para el dispositivo SJN41CQ44NY o está pendiente. Comprueba los detalles del pedido en la búsqueda 360 y ponte en contacto con el Soporte técnico de AppleCare Connect si necesitas más información.""},""pocType"":""APOC"",""serialNumber"":""JN41CQ44NY"",""partNumber"":""SD0T3ZX/A"",""partAlias"":""ACP"",""productDescription"":""MacBook Neo""}},""transactionId"":""074bb6ac-a5ef-440c-b7c5-78536c73569d-1789659455542""}"
False;5181555;2026-09-17 12:38:04.340000;2026-09-15 00:00:00;401156;CREATEORDER;SJN41CQ44NY;MHFF4CI/A;"{""orderDetailsResponses"":{""deviceEligibility"":{""secondaryDisplay"":""0"",""deviceDateOfPurchase"":""15/09/2026"",""deviceId"":""SJN41CQ44NY"",""registeredDevice"":""0"",""deviceErrorResponse"":{""errorCode"":""GRX-20024"",""errorMessage"":""Ya existe un AppleCare Plan para el dispositivo SJN41CQ44NY o está pendiente. Comprueba los detalles del pedido en la búsqueda 360 y ponte en contacto con el Soporte técnico de AppleCare Connect si necesitas más información.""},""pocType"":""APOC"",""serialNumber"":""JN41CQ44NY"",""partNumber"":""SD0T3ZX/A"",""partAlias"":""ACP"",""productDescription"":""MacBook Neo""}},""transactionId"":""1617377a-d123-4fe9-8e7d-fef5a9bda8c1-1789659483457""}"
False;5181555;2026-09-17 12:48:09.837000;2026-09-15 00:00:00;401156;CREATEORDER;SJN41CQ44NY;MHFF4CI/A;"{""orderDetailsResponses"":{""deviceEligibility"":{""secondaryDisplay"":""0"",""deviceDateOfPurchase"":""15/09/2026"",""deviceId"":""SJN41CQ44NY"",""registeredDevice"":""0"",""deviceErrorResponse"":{""errorCode"":""GRX-20024"",""errorMessage"":""Ya existe un AppleCare Plan para el dispositivo SJN41CQ44NY o está pendiente. Comprueba los detalles del pedido en la búsqueda 360 y ponte en contacto con el Soporte técnico de AppleCare Connect si necesitas más información.""},""pocType"":""APOC"",""serialNumber"":""JN41CQ44NY"",""partNumber"":""SD0T3ZX/A"",""partAlias"":""ACP"",""productDescription"":""MacBook Neo""}},""transactionId"":""495307bd-da4c-4893-aa6c-bd12a25863e0-1789660088496""}"
False;5181555;2026-09-17 12:48:37.180000;2026-09-15 00:00:00;401156;CREATEORDER;SJN41CQ44NY;MHFF4CI/A;"{""orderDetailsResponses"":{""deviceEligibility"":{""secondaryDisplay"":""0"",""deviceDateOfPurchase"":""15/09/2026"",""deviceId"":""SJN41CQ44NY"",""registeredDevice"":""0"",""deviceErrorResponse"":{""errorCode"":""GRX-20024"",""errorMessage"":""Ya existe un AppleCare Plan para el dispositivo SJN41CQ44NY o está pendiente. Comprueba los detalles del pedido en la búsqueda 360 y ponte en contacto con el Soporte técnico de AppleCare Connect si necesitas más información.""},""pocType"":""APOC"",""serialNumber"":""JN41CQ44NY"",""partNumber"":""SD0T3ZX/A"",""partAlias"":""ACP"",""productDescription"":""MacBook Neo""}},""transactionId"":""17221e97-987a-4ce4-9ffa-3d1bb9e07e6b-1789660116457""}"
True;5181206;2026-09-17 12:49:02.570000;2026-09-17 00:00:00;10501131;VERIFYORDER;SMJ46P4HJW1;MG8G4BE/A;"{""orderDetailsResponses"":{""deviceEligibility"":{""secondaryDisplay"":""0"",""partDescription"":""AppleCare+ con robo y pérdida para iPhone 17 Pro"",""coverageDuration"":""2"",""productStatement"":""Tu AppleCare+ con robo y pérdida para iPhone 17 Pro amplía la cobertura de servicio y soporte técnico a 2 años desde la fecha de compra de AppleCare+ con robo y pérdida e incluye cobertura para una cantidad ilimitada de incidentes por daño accidental debido a la manipulación del producto o un máximo de dos incidentes de robo y pérdida cada 12 meses, cada uno de ellos sujeto a un cargo adicional de R$96000  por Otros daños accidentales o de R$28000  por los daños de la pantalla o la carcasa externa o de R$144000  por robo o pérdida. Lee todos los detalles en los Términos y condiciones de AppleCare+."",""deviceDateOfPurchase"":""17/09/2026"",""deviceId"":""SMJ46P4HJW1"",""registeredDevice"":""1"",""pocType"":""APOC"",""serialNumber"":""MJ46P4HJW1"",""partNumber"":""SX342ZX/A"",""partAlias"":""ACPTL"",""purchaseMode"":""C"",""productDescription"":""iPhone 17 Pro"",""tlDisclosure"":""La cobertura de robo y pérdida requiere que tengas la función Buscar habilitada en tu dispositivo antes de que se pierda o te lo roben. Durante el proceso de reclamación, te pediremos que uses la función Buscar para poner el dispositivo perdido o robado en modo Perdido, borrarlo y transferir la propiedad a Apple para que podamos asignarte un nuevo dispositivo. Para asegurarte de que puedas iniciar sesión en Buscar y acceder a esta función, es importante que recuerdes tu ID de Apple y contraseña, y que mantengas la información de tu cuenta actualizada. Si usas la autenticación de doble factor para el ID de Apple, te recomendamos que añadas un número de teléfono adicional de confianza a tu cuenta en el que puedas recibir el código de verificación de 6 dígitos que necesitas para iniciar sesión aunque no tengas tu iPhone. Para obtener más información, visita las páginas de Soporte técnico de Apple.""}},""transactionId"":""42e3e0a7-4511-4482-a77c-57d662ac31f6-1789660141946""}"
True;5181206;2026-09-17 12:50:41.310000;2026-09-17 00:00:00;10501131;CREATEORDER;SMJ46P4HJW1;MG8G4BE/A;"{""orderDetailsResponses"":{""deviceEligibility"":{""secondaryDisplay"":""0"",""partDescription"":""AppleCare+ con robo y pérdida para iPhone 17 Pro"",""coverageDuration"":""2"",""productStatement"":""Tu AppleCare+ con robo y pérdida para iPhone 17 Pro amplía la cobertura de servicio y soporte técnico a 2 años desde la fecha de compra de AppleCare+ con robo y pérdida e incluye cobertura para una cantidad ilimitada de incidentes por daño accidental debido a la manipulación del producto o un máximo de dos incidentes de robo y pérdida cada 12 meses, cada uno de ellos sujeto a un cargo adicional de R$96000  por Otros daños accidentales o de R$28000  por los daños de la pantalla o la carcasa externa o de R$144000  por robo o pérdida. Lee todos los detalles en los Términos y condiciones de AppleCare+."",""deviceDateOfPurchase"":""17/09/2026"",""deviceId"":""SMJ46P4HJW1"",""registeredDevice"":""0"",""pocType"":""APOC"",""serialNumber"":""MJ46P4HJW1"",""partNumber"":""SX342ZX/A"",""partAlias"":""ACPTL"",""purchaseMode"":""C"",""productDescription"":""iPhone 17 Pro"",""tlDisclosure"":""La cobertura de robo y pérdida requiere que tengas la función Buscar habilitada en tu dispositivo antes de que se pierda o te lo roben. Durante el proceso de reclamación, te pediremos que uses la función Buscar para poner el dispositivo perdido o robado en modo Perdido, borrarlo y transferir la propiedad a Apple para que podamos asignarte un nuevo dispositivo. Para asegurarte de que puedas iniciar sesión en Buscar y acceder a esta función, es importante que recuerdes tu ID de Apple y contraseña, y que mantengas la información de tu cuenta actualizada. Si usas la autenticación de doble factor para el ID de Apple, te recomendamos que añadas un número de teléfono adicional de confianza a tu cuenta en el que puedas recibir el código de verificación de 6 dígitos que necesitas para iniciar sesión aunque no tengas tu iPhone. Para obtener más información, visita las páginas de Soporte técnico de Apple.""},""orderConfirmation"":{""agreementNumber"":""328422360754"",""coverageDurationStatement"":""Finaliza el 16/09/2028"",""termConditionURL"":""http://www.apple.com/legal/sales-support/"",""partNumber"":""SX342ZX/A"",""partAlias"":""ACPTL"",""partType"":""AC+TL"",""purchaseMode"":""C"",""appleCareSalesDate"":""17/09/2026"",""pocType"":""APOC"",""purchaseOrderNumber"":""10501131""}},""transactionId"":""db0490ee-3789-4134-89ec-aad892ab607e-1789660236435""}"
False;5181555;2026-09-17 12:57:55.390000;2026-09-15 00:00:00;401156;CREATEORDER;SJN41CQ44NY;MHFF4CI/A;"{""orderDetailsResponses"":{""deviceEligibility"":{""secondaryDisplay"":""0"",""deviceDateOfPurchase"":""15/09/2026"",""deviceId"":""SJN41CQ44NY"",""registeredDevice"":""0"",""deviceErrorResponse"":{""errorCode"":""GRX-20024"",""errorMessage"":""Ya existe un AppleCare Plan para el dispositivo SJN41CQ44NY o está pendiente. Comprueba los detalles del pedido en la búsqueda 360 y ponte en contacto con el Soporte técnico de AppleCare Connect si necesitas más información.""},""pocType"":""APOC"",""serialNumber"":""JN41CQ44NY"",""partNumber"":""SD0T3ZX/A"",""partAlias"":""ACP"",""productDescription"":""MacBook Neo""}},""transactionId"":""1c22ec9b-6632-425c-8b05-05181b3a0ad3-1789660674545""}"
False;5181555;2026-09-17 12:58:25.637000;2026-09-15 00:00:00;401156;CREATEORDER;SJN41CQ44NY;MHFF4CI/A;"{""orderDetailsResponses"":{""deviceEligibility"":{""secondaryDisplay"":""0"",""deviceDateOfPurchase"":""15/09/2026"",""deviceId"":""SJN41CQ44NY"",""registeredDevice"":""0"",""deviceErrorResponse"":{""errorCode"":""GRX-20024"",""errorMessage"":""Ya existe un AppleCare Plan para el dispositivo SJN41CQ44NY o está pendiente. Comprueba los detalles del pedido en la búsqueda 360 y ponte en contacto con el Soporte técnico de AppleCare Connect si necesitas más información.""},""pocType"":""APOC"",""serialNumber"":""JN41CQ44NY"",""partNumber"":""SD0T3ZX/A"",""partAlias"":""ACP"",""productDescription"":""MacBook Neo""}},""transactionId"":""051e8681-7625-49c7-98fe-ced36cd474e8-1789660704839""}"
True;5141569;2026-09-17 13:01:57.710000;2026-09-17 00:00:00;301160;VERIFYORDER;sf47fgqqg2h;MG8G4BE/A;"{""orderDetailsResponses"":{""deviceEligibility"":{""secondaryDisplay"":""0"",""partDescription"":""AppleCare+ con robo y pérdida para iPhone 17 Pro"",""coverageDuration"":""2"",""productStatement"":""Tu AppleCare+ con robo y pérdida para iPhone 17 Pro amplía la cobertura de servicio y soporte técnico a 2 años desde la fecha de compra de AppleCare+ con robo y pérdida e incluye cobertura para una cantidad ilimitada de incidentes por daño accidental debido a la manipulación del producto o un máximo de dos incidentes de robo y pérdida cada 12 meses, cada uno de ellos sujeto a un cargo adicional de R$96000  por Otros daños accidentales o de R$28000  por los daños de la pantalla o la carcasa externa o de R$144000  por robo o pérdida. Lee todos los detalles en los Términos y condiciones de AppleCare+."",""deviceDateOfPurchase"":""17/09/2026"",""deviceId"":""SF47FGQQG2H"",""registeredDevice"":""1"",""pocType"":""APOC"",""serialNumber"":""F47FGQQG2H"",""partNumber"":""SX342ZX/A"",""partAlias"":""ACPTL"",""purchaseMode"":""C"",""productDescription"":""iPhone 17 Pro"",""tlDisclosure"":""La cobertura de robo y pérdida requiere que tengas la función Buscar habilitada en tu dispositivo antes de que se pierda o te lo roben. Durante el proceso de reclamación, te pediremos que uses la función Buscar para poner el dispositivo perdido o robado en modo Perdido, borrarlo y transferir la propiedad a Apple para que podamos asignarte un nuevo dispositivo. Para asegurarte de que puedas iniciar sesión en Buscar y acceder a esta función, es importante que recuerdes tu ID de Apple y contraseña, y que mantengas la información de tu cuenta actualizada. Si usas la autenticación de doble factor para el ID de Apple, te recomendamos que añadas un número de teléfono adicional de confianza a tu cuenta en el que puedas recibir el código de verificación de 6 dígitos que necesitas para iniciar sesión aunque no tengas tu iPhone. Para obtener más información, visita las páginas de Soporte técnico de Apple.""}},""transactionId"":""773c8d11-fc31-41b8-8bd2-a92a580d6ed6-1789660917175""}"
True;5141569;2026-09-17 13:04:45.923000;2026-09-17 00:00:00;301160;CREATEORDER;sf47fgqqg2h;MG8G4BE/A;"{""orderDetailsResponses"":{""deviceEligibility"":{""secondaryDisplay"":""0"",""partDescription"":""AppleCare+ con robo y pérdida para iPhone 17 Pro"",""coverageDuration"":""2"",""productStatement"":""Tu AppleCare+ con robo y pérdida para iPhone 17 Pro amplía la cobertura de servicio y soporte técnico a 2 años desde la fecha de compra de AppleCare+ con robo y pérdida e incluye cobertura para una cantidad ilimitada de incidentes por daño accidental debido a la manipulación del producto o un máximo de dos incidentes de robo y pérdida cada 12 meses, cada uno de ellos sujeto a un cargo adicional de R$96000  por Otros daños accidentales o de R$28000  por los daños de la pantalla o la carcasa externa o de R$144000  por robo o pérdida. Lee todos los detalles en los Términos y condiciones de AppleCare+."",""deviceDateOfPurchase"":""17/09/2026"",""deviceId"":""SF47FGQQG2H"",""registeredDevice"":""1"",""pocType"":""APOC"",""serialNumber"":""F47FGQQG2H"",""partNumber"":""SX342ZX/A"",""partAlias"":""ACPTL"",""purchaseMode"":""C"",""productDescription"":""iPhone 17 Pro"",""tlDisclosure"":""La cobertura de robo y pérdida requiere que tengas la función Buscar habilitada en tu dispositivo antes de que se pierda o te lo roben. Durante el proceso de reclamación, te pediremos que uses la función Buscar para poner el dispositivo perdido o robado en modo Perdido, borrarlo y transferir la propiedad a Apple para que podamos asignarte un nuevo dispositivo. Para asegurarte de que puedas iniciar sesión en Buscar y acceder a esta función, es importante que recuerdes tu ID de Apple y contraseña, y que mantengas la información de tu cuenta actualizada. Si usas la autenticación de doble factor para el ID de Apple, te recomendamos que añadas un número de teléfono adicional de confianza a tu cuenta en el que puedas recibir el código de verificación de 6 dígitos que necesitas para iniciar sesión aunque no tengas tu iPhone. Para obtener más información, visita las páginas de Soporte técnico de Apple.""},""orderConfirmation"":{""agreementNumber"":""328422341915"",""coverageDurationStatement"":""Finaliza el 16/09/2028"",""termConditionURL"":""http://www.apple.com/legal/sales-support/"",""partNumber"":""SX342ZX/A"",""partAlias"":""ACPTL"",""partType"":""AC+TL"",""purchaseMode"":""C"",""appleCareSalesDate"":""17/09/2026"",""pocType"":""APOC"",""purchaseOrderNumber"":""301160""}},""transactionId"":""73a09e4f-f096-4437-b550-9e58a7265172-1789661080945""}"
True;5181207;2026-09-17 13:06:21.143000;2026-09-17 00:00:00;10601131;VERIFYORDER;SFX6C6XYK3H;MG6K4BE/A;"{""orderDetailsResponses"":{""deviceEligibility"":{""secondaryDisplay"":""0"",""partDescription"":""AppleCare+ con robo y pérdida para iPhone 17"",""coverageDuration"":""2"",""productStatement"":""Tu AppleCare+ con robo y pérdida para iPhone 17 amplía la cobertura de servicio y soporte técnico a 2 años desde la fecha de compra de AppleCare+ con robo y pérdida e incluye cobertura para una cantidad ilimitada de incidentes por daño accidental debido a la manipulación del producto o un máximo de dos incidentes de robo y pérdida cada 12 meses, cada uno de ellos sujeto a un cargo adicional de R$96000  por Otros daños accidentales o de R$28000  por los daños de la pantalla o la carcasa externa o de R$144000  por robo o pérdida. Lee todos los detalles en los Términos y condiciones de AppleCare+."",""deviceDateOfPurchase"":""17/09/2026"",""deviceId"":""SFX6C6XYK3H"",""registeredDevice"":""1"",""pocType"":""APOC"",""serialNumber"":""FX6C6XYK3H"",""partNumber"":""SX2V2ZX/A"",""partAlias"":""ACPTL"",""purchaseMode"":""C"",""productDescription"":""iPhone 17"",""tlDisclosure"":""La cobertura de robo y pérdida requiere que tengas la función Buscar habilitada en tu dispositivo antes de que se pierda o te lo roben. Durante el proceso de reclamación, te pediremos que uses la función Buscar para poner el dispositivo perdido o robado en modo Perdido, borrarlo y transferir la propiedad a Apple para que podamos asignarte un nuevo dispositivo. Para asegurarte de que puedas iniciar sesión en Buscar y acceder a esta función, es importante que recuerdes tu ID de Apple y contraseña, y que mantengas la información de tu cuenta actualizada. Si usas la autenticación de doble factor para el ID de Apple, te recomendamos que añadas un número de teléfono adicional de confianza a tu cuenta en el que puedas recibir el código de verificación de 6 dígitos que necesitas para iniciar sesión aunque no tengas tu iPhone. Para obtener más información, visita las páginas de Soporte técnico de Apple.""}},""transactionId"":""3328451a-844a-4883-80e5-d529f6545066-1789661180600""}"
False;5181555;2026-09-17 13:07:10.963000;2026-09-15 00:00:00;401156;CREATEORDER;SJN41CQ44NY;MHFF4CI/A;"{""orderDetailsResponses"":{""deviceEligibility"":{""secondaryDisplay"":""0"",""deviceDateOfPurchase"":""15/09/2026"",""deviceId"":""SJN41CQ44NY"",""registeredDevice"":""0"",""deviceErrorResponse"":{""errorCode"":""GRX-20024"",""errorMessage"":""Ya existe un AppleCare Plan para el dispositivo SJN41CQ44NY o está pendiente. Comprueba los detalles del pedido en la búsqueda 360 y ponte en contacto con el Soporte técnico de AppleCare Connect si necesitas más información.""},""pocType"":""APOC"",""serialNumber"":""JN41CQ44NY"",""partNumber"":""SD0T3ZX/A"",""partAlias"":""ACP"",""productDescription"":""MacBook Neo""}},""transactionId"":""6f2cd62f-a2df-475e-9925-b100ae2b3e18-1789661230211""}"
False;5181555;2026-09-17 13:07:42.153000;2026-09-15 00:00:00;401156;CREATEORDER;SJN41CQ44NY;MHFF4CI/A;"{""orderDetailsResponses"":{""deviceEligibility"":{""secondaryDisplay"":""0"",""deviceDateOfPurchase"":""15/09/2026"",""deviceId"":""SJN41CQ44NY"",""registeredDevice"":""0"",""deviceErrorResponse"":{""errorCode"":""GRX-20024"",""errorMessage"":""Ya existe un AppleCare Plan para el dispositivo SJN41CQ44NY o está pendiente. Comprueba los detalles del pedido en la búsqueda 360 y ponte en contacto con el Soporte técnico de AppleCare Connect si necesitas más información.""},""pocType"":""APOC"",""serialNumber"":""JN41CQ44NY"",""partNumber"":""SD0T3ZX/A"",""partAlias"":""ACP"",""productDescription"":""MacBook Neo""}},""transactionId"":""4dfb2fab-ae42-45c9-9c54-8cb5c03e2279-1789661261416""}"
True;5181207;2026-09-17 13:09:56.367000;2026-09-17 00:00:00;10601131;CREATEORDER;SFX6C6XYK3H;MG6K4BE/A;"{""orderDetailsResponses"":{""deviceEligibility"":{""secondaryDisplay"":""0"",""partDescription"":""AppleCare+ con robo y pérdida para iPhone 17"",""coverageDuration"":""2"",""productStatement"":""Tu AppleCare+ con robo y pérdida para iPhone 17 amplía la cobertura de servicio y soporte técnico a 2 años desde la fecha de compra de AppleCare+ con robo y pérdida e incluye cobertura para una cantidad ilimitada de incidentes por daño accidental debido a la manipulación del producto o un máximo de dos incidentes de robo y pérdida cada 12 meses, cada uno de ellos sujeto a un cargo adicional de R$96000  por Otros daños accidentales o de R$28000  por los daños de la pantalla o la carcasa externa o de R$144000  por robo o pérdida. Lee todos los detalles en los Términos y condiciones de AppleCare+."",""deviceDateOfPurchase"":""17/09/2026"",""deviceId"":""SFX6C6XYK3H"",""registeredDevice"":""1"",""pocType"":""APOC"",""serialNumber"":""FX6C6XYK3H"",""partNumber"":""SX2V2ZX/A"",""partAlias"":""ACPTL"",""purchaseMode"":""C"",""productDescription"":""iPhone 17"",""tlDisclosure"":""La cobertura de robo y pérdida requiere que tengas la función Buscar habilitada en tu dispositivo antes de que se pierda o te lo roben. Durante el proceso de reclamación, te pediremos que uses la función Buscar para poner el dispositivo perdido o robado en modo Perdido, borrarlo y transferir la propiedad a Apple para que podamos asignarte un nuevo dispositivo. Para asegurarte de que puedas iniciar sesión en Buscar y acceder a esta función, es importante que recuerdes tu ID de Apple y contraseña, y que mantengas la información de tu cuenta actualizada. Si usas la autenticación de doble factor para el ID de Apple, te recomendamos que añadas un número de teléfono adicional de confianza a tu cuenta en el que puedas recibir el código de verificación de 6 dígitos que necesitas para iniciar sesión aunque no tengas tu iPhone. Para obtener más información, visita las páginas de Soporte técnico de Apple.""},""orderConfirmation"":{""agreementNumber"":""328422380655"",""coverageDurationStatement"":""Finaliza el 16/09/2028"",""termConditionURL"":""http://www.apple.com/legal/sales-support/"",""partNumber"":""SX2V2ZX/A"",""partAlias"":""ACPTL"",""partType"":""AC+TL"",""purchaseMode"":""C"",""appleCareSalesDate"":""17/09/2026"",""pocType"":""APOC"",""purchaseOrderNumber"":""10601131""}},""transactionId"":""8d8958e1-8cc3-4b3d-a99c-624260fc3003-1789661391450""}"
False;5181555;2026-09-17 13:17:48.233000;2026-09-15 00:00:00;401156;CREATEORDER;SJN41CQ44NY;MHFF4CI/A;"{""orderDetailsResponses"":{""deviceEligibility"":{""secondaryDisplay"":""0"",""deviceDateOfPurchase"":""15/09/2026"",""deviceId"":""SJN41CQ44NY"",""registeredDevice"":""0"",""deviceErrorResponse"":{""errorCode"":""GRX-20024"",""errorMessage"":""Ya existe un AppleCare Plan para el dispositivo SJN41CQ44NY o está pendiente. Comprueba los detalles del pedido en la búsqueda 360 y ponte en contacto con el Soporte técnico de AppleCare Connect si necesitas más información.""},""pocType"":""APOC"",""serialNumber"":""JN41CQ44NY"",""partNumber"":""SD0T3ZX/A"",""partAlias"":""ACP"",""productDescription"":""MacBook Neo""}},""transactionId"":""0d4a9f7e-97cd-4a3d-9c88-753030794e35-1789661867219""}"
False;5181555;2026-09-17 13:18:19.013000;2026-09-15 00:00:00;401156;CREATEORDER;SJN41CQ44NY;MHFF4CI/A;"{""orderDetailsResponses"":{""deviceEligibility"":{""secondaryDisplay"":""0"",""deviceDateOfPurchase"":""15/09/2026"",""deviceId"":""SJN41CQ44NY"",""registeredDevice"":""0"",""deviceErrorResponse"":{""errorCode"":""GRX-20024"",""errorMessage"":""Ya existe un AppleCare Plan para el dispositivo SJN41CQ44NY o está pendiente. Comprueba los detalles del pedido en la búsqueda 360 y ponte en contacto con el Soporte técnico de AppleCare Connect si necesitas más información.""},""pocType"":""APOC"",""serialNumber"":""JN41CQ44NY"",""partNumber"":""SD0T3ZX/A"",""partAlias"":""ACP"",""productDescription"":""MacBook Neo""}},""transactionId"":""a37e0745-3d4c-4d4c-8068-16b318440e9b-1789661898274""}"
False;5181555;2026-09-17 13:28:26.933000;2026-09-15 00:00:00;401156;CREATEORDER;SJN41CQ44NY;MHFF4CI/A;"{""orderDetailsResponses"":{""deviceEligibility"":{""secondaryDisplay"":""0"",""deviceDateOfPurchase"":""15/09/2026"",""deviceId"":""SJN41CQ44NY"",""registeredDevice"":""0"",""deviceErrorResponse"":{""errorCode"":""GRX-20024"",""errorMessage"":""Ya existe un AppleCare Plan para el dispositivo SJN41CQ44NY o está pendiente. Comprueba los detalles del pedido en la búsqueda 360 y ponte en contacto con el Soporte técnico de AppleCare Connect si necesitas más información.""},""pocType"":""APOC"",""serialNumber"":""JN41CQ44NY"",""partNumber"":""SD0T3ZX/A"",""partAlias"":""ACP"",""productDescription"":""MacBook Neo""}},""transactionId"":""b4398ea8-ddf8-4e2b-919c-999e026e94bc-1789662505636""}"
False;5181555;2026-09-17 13:28:53.027000;2026-09-15 00:00:00;401156;CREATEORDER;SJN41CQ44NY;MHFF4CI/A;"{""orderDetailsResponses"":{""deviceEligibility"":{""secondaryDisplay"":""0"",""deviceDateOfPurchase"":""15/09/2026"",""deviceId"":""SJN41CQ44NY"",""registeredDevice"":""0"",""deviceErrorResponse"":{""errorCode"":""GRX-20024"",""errorMessage"":""Ya existe un AppleCare Plan para el dispositivo SJN41CQ44NY o está pendiente. Comprueba los detalles del pedido en la búsqueda 360 y ponte en contacto con el Soporte técnico de AppleCare Connect si necesitas más información.""},""pocType"":""APOC"",""serialNumber"":""JN41CQ44NY"",""partNumber"":""SD0T3ZX/A"",""partAlias"":""ACP"",""productDescription"":""MacBook Neo""}},""transactionId"":""42fe056e-b3b6-4645-8c9c-1e0e68bdb40f-1789662532302""}"
True;1323590;2026-09-17 13:37:05.297000;2026-09-17 00:00:00;54701104;VERIFYORDER;SGNXP9LV6JP;MG6N4BE/A;"{""orderDetailsResponses"":{""deviceEligibility"":{""secondaryDisplay"":""0"",""partDescription"":""AppleCare+ con robo y pérdida para iPhone 17"",""coverageDuration"":""2"",""productStatement"":""Tu AppleCare+ con robo y pérdida para iPhone 17 amplía la cobertura de servicio y soporte técnico a 2 años desde la fecha de compra de AppleCare+ con robo y pérdida e incluye cobertura para una cantidad ilimitada de incidentes por daño accidental debido a la manipulación del producto o un máximo de dos incidentes de robo y pérdida cada 12 meses, cada uno de ellos sujeto a un cargo adicional de R$96000  por Otros daños accidentales o de R$28000  por los daños de la pantalla o la carcasa externa o de R$144000  por robo o pérdida. Lee todos los detalles en los Términos y condiciones de AppleCare+."",""deviceDateOfPurchase"":""17/09/2026"",""deviceId"":""SGNXP9LV6JP"",""registeredDevice"":""1"",""pocType"":""APOC"",""serialNumber"":""GNXP9LV6JP"",""partNumber"":""SX2V2ZX/A"",""partAlias"":""ACPTL"",""purchaseMode"":""C"",""productDescription"":""iPhone 17"",""tlDisclosure"":""La cobertura de robo y pérdida requiere que tengas la función Buscar habilitada en tu dispositivo antes de que se pierda o te lo roben. Durante el proceso de reclamación, te pediremos que uses la función Buscar para poner el dispositivo perdido o robado en modo Perdido, borrarlo y transferir la propiedad a Apple para que podamos asignarte un nuevo dispositivo. Para asegurarte de que puedas iniciar sesión en Buscar y acceder a esta función, es importante que recuerdes tu ID de Apple y contraseña, y que mantengas la información de tu cuenta actualizada. Si usas la autenticación de doble factor para el ID de Apple, te recomendamos que añadas un número de teléfono adicional de confianza a tu cuenta en el que puedas recibir el código de verificación de 6 dígitos que necesitas para iniciar sesión aunque no tengas tu iPhone. Para obtener más información, visita las páginas de Soporte técnico de Apple.""}},""transactionId"":""90aa73c8-4a5f-4703-9739-54d2d0f60c8d-1789663024719""}"
False;5181555;2026-09-17 13:37:08.553000;2026-09-15 00:00:00;401156;CREATEORDER;SJN41CQ44NY;MHFF4CI/A;"{""orderDetailsResponses"":{""deviceEligibility"":{""secondaryDisplay"":""0"",""deviceDateOfPurchase"":""15/09/2026"",""deviceId"":""SJN41CQ44NY"",""registeredDevice"":""0"",""deviceErrorResponse"":{""errorCode"":""GRX-20024"",""errorMessage"":""Ya existe un AppleCare Plan para el dispositivo SJN41CQ44NY o está pendiente. Comprueba los detalles del pedido en la búsqueda 360 y ponte en contacto con el Soporte técnico de AppleCare Connect si necesitas más información.""},""pocType"":""APOC"",""serialNumber"":""JN41CQ44NY"",""partNumber"":""SD0T3ZX/A"",""partAlias"":""ACP"",""productDescription"":""MacBook Neo""}},""transactionId"":""44f382a2-5810-4388-b70b-1301dd54f43f-1789663027787""}"
False;5181555;2026-09-17 13:37:35.917000;2026-09-15 00:00:00;401156;CREATEORDER;SJN41CQ44NY;MHFF4CI/A;"{""orderDetailsResponses"":{""deviceEligibility"":{""secondaryDisplay"":""0"",""deviceDateOfPurchase"":""15/09/2026"",""deviceId"":""SJN41CQ44NY"",""registeredDevice"":""0"",""deviceErrorResponse"":{""errorCode"":""GRX-20024"",""errorMessage"":""Ya existe un AppleCare Plan para el dispositivo SJN41CQ44NY o está pendiente. Comprueba los detalles del pedido en la búsqueda 360 y ponte en contacto con el Soporte técnico de AppleCare Connect si necesitas más información.""},""pocType"":""APOC"",""serialNumber"":""JN41CQ44NY"",""partNumber"":""SD0T3ZX/A"",""partAlias"":""ACP"",""productDescription"":""MacBook Neo""}},""transactionId"":""35ac51da-b0a1-4a6f-a17a-30bdc33f47a9-1789663055180""}"
True;1323590;2026-09-17 13:41:18.253000;2026-09-17 00:00:00;54701104;CREATEORDER;SGNXP9LV6JP;MG6N4BE/A;"{""orderDetailsResponses"":{""deviceEligibility"":{""secondaryDisplay"":""0"",""partDescription"":""AppleCare+ con robo y pérdida para iPhone 17"",""coverageDuration"":""2"",""productStatement"":""Tu AppleCare+ con robo y pérdida para iPhone 17 amplía la cobertura de servicio y soporte técnico a 2 años desde la fecha de compra de AppleCare+ con robo y pérdida e incluye cobertura para una cantidad ilimitada de incidentes por daño accidental debido a la manipulación del producto o un máximo de dos incidentes de robo y pérdida cada 12 meses, cada uno de ellos sujeto a un cargo adicional de R$96000  por Otros daños accidentales o de R$28000  por los daños de la pantalla o la carcasa externa o de R$144000  por robo o pérdida. Lee todos los detalles en los Términos y condiciones de AppleCare+."",""deviceDateOfPurchase"":""17/09/2026"",""deviceId"":""SGNXP9LV6JP"",""registeredDevice"":""1"",""pocType"":""APOC"",""serialNumber"":""GNXP9LV6JP"",""partNumber"":""SX2V2ZX/A"",""partAlias"":""ACPTL"",""purchaseMode"":""C"",""productDescription"":""iPhone 17"",""tlDisclosure"":""La cobertura de robo y pérdida requiere que tengas la función Buscar habilitada en tu dispositivo antes de que se pierda o te lo roben. Durante el proceso de reclamación, te pediremos que uses la función Buscar para poner el dispositivo perdido o robado en modo Perdido, borrarlo y transferir la propiedad a Apple para que podamos asignarte un nuevo dispositivo. Para asegurarte de que puedas iniciar sesión en Buscar y acceder a esta función, es importante que recuerdes tu ID de Apple y contraseña, y que mantengas la información de tu cuenta actualizada. Si usas la autenticación de doble factor para el ID de Apple, te recomendamos que añadas un número de teléfono adicional de confianza a tu cuenta en el que puedas recibir el código de verificación de 6 dígitos que necesitas para iniciar sesión aunque no tengas tu iPhone. Para obtener más información, visita las páginas de Soporte técnico de Apple.""},""orderConfirmation"":{""agreementNumber"":""328422485051"",""coverageDurationStatement"":""Finaliza el 16/09/2028"",""termConditionURL"":""http://www.apple.com/legal/sales-support/"",""partNumber"":""SX2V2ZX/A"",""partAlias"":""ACPTL"",""partType"":""AC+TL"",""purchaseMode"":""C"",""appleCareSalesDate"":""17/09/2026"",""pocType"":""APOC"",""purchaseOrderNumber"":""54701104""}},""transactionId"":""ad291e6f-7884-4efc-9fb9-e8d63dfef8ff-1789663273098""}"
False;5181555;2026-09-17 13:42:37.980000;2026-09-15 00:00:00;401156;CREATEORDER;SJN41CQ44NY;MHFF4CI/A;"{""orderDetailsResponses"":{""deviceEligibility"":{""secondaryDisplay"":""0"",""deviceDateOfPurchase"":""15/09/2026"",""deviceId"":""SJN41CQ44NY"",""registeredDevice"":""0"",""deviceErrorResponse"":{""errorCode"":""GRX-20024"",""errorMessage"":""Ya existe un AppleCare Plan para el dispositivo SJN41CQ44NY o está pendiente. Comprueba los detalles del pedido en la búsqueda 360 y ponte en contacto con el Soporte técnico de AppleCare Connect si necesitas más información.""},""pocType"":""APOC"",""serialNumber"":""JN41CQ44NY"",""partNumber"":""SD0T3ZX/A"",""partAlias"":""ACP"",""productDescription"":""MacBook Neo""}},""transactionId"":""52222149-39ac-4fe9-aaab-4ce4bd354721-1789663357143""}"
False;5181555;2026-09-17 13:43:04.223000;2026-09-15 00:00:00;401156;CREATEORDER;SJN41CQ44NY;MHFF4CI/A;"{""orderDetailsResponses"":{""deviceEligibility"":{""secondaryDisplay"":""0"",""deviceDateOfPurchase"":""15/09/2026"",""deviceId"":""SJN41CQ44NY"",""registeredDevice"":""0"",""deviceErrorResponse"":{""errorCode"":""GRX-20024"",""errorMessage"":""Ya existe un AppleCare Plan para el dispositivo SJN41CQ44NY o está pendiente. Comprueba los detalles del pedido en la búsqueda 360 y ponte en contacto con el Soporte técnico de AppleCare Connect si necesitas más información.""},""pocType"":""APOC"",""serialNumber"":""JN41CQ44NY"",""partNumber"":""SD0T3ZX/A"",""partAlias"":""ACP"",""productDescription"":""MacBook Neo""}},""transactionId"":""b392a02d-a6a3-460e-875c-b9675c43a20d-1789663383452""}"
True;5183373;2026-09-17 13:50:36.770000;2026-09-17 00:00:00;14201129;VERIFYORDER;sdnwt973h3g;MG6J4BE/A;"{""orderDetailsResponses"":{""deviceEligibility"":{""secondaryDisplay"":""0"",""partDescription"":""AppleCare+ con robo y pérdida para iPhone 17"",""coverageDuration"":""2"",""productStatement"":""Tu AppleCare+ con robo y pérdida para iPhone 17 amplía la cobertura de servicio y soporte técnico a 2 años desde la fecha de compra de AppleCare+ con robo y pérdida e incluye cobertura para una cantidad ilimitada de incidentes por daño accidental debido a la manipulación del producto o un máximo de dos incidentes de robo y pérdida cada 12 meses, cada uno de ellos sujeto a un cargo adicional de R$96000  por Otros daños accidentales o de R$28000  por los daños de la pantalla o la carcasa externa o de R$144000  por robo o pérdida. Lee todos los detalles en los Términos y condiciones de AppleCare+."",""deviceDateOfPurchase"":""17/09/2026"",""deviceId"":""SDNWT973H3G"",""registeredDevice"":""1"",""pocType"":""APOC"",""serialNumber"":""DNWT973H3G"",""partNumber"":""SX2V2ZX/A"",""partAlias"":""ACPTL"",""purchaseMode"":""C"",""productDescription"":""iPhone 17"",""tlDisclosure"":""La cobertura de robo y pérdida requiere que tengas la función Buscar habilitada en tu dispositivo antes de que se pierda o te lo roben. Durante el proceso de reclamación, te pediremos que uses la función Buscar para poner el dispositivo perdido o robado en modo Perdido, borrarlo y transferir la propiedad a Apple para que podamos asignarte un nuevo dispositivo. Para asegurarte de que puedas iniciar sesión en Buscar y acceder a esta función, es importante que recuerdes tu ID de Apple y contraseña, y que mantengas la información de tu cuenta actualizada. Si usas la autenticación de doble factor para el ID de Apple, te recomendamos que añadas un número de teléfono adicional de confianza a tu cuenta en el que puedas recibir el código de verificación de 6 dígitos que necesitas para iniciar sesión aunque no tengas tu iPhone. Para obtener más información, visita las páginas de Soporte técnico de Apple.""}},""transactionId"":""0afcdc6d-e239-49a3-8d2c-eebe45950cdd-1789663836103""}"
False;5181555;2026-09-17 13:52:34.527000;2026-09-15 00:00:00;401156;CREATEORDER;SJN41CQ44NY;MHFF4CI/A;"{""orderDetailsResponses"":{""deviceEligibility"":{""secondaryDisplay"":""0"",""deviceDateOfPurchase"":""15/09/2026"",""deviceId"":""SJN41CQ44NY"",""registeredDevice"":""0"",""deviceErrorResponse"":{""errorCode"":""GRX-20024"",""errorMessage"":""Ya existe un AppleCare Plan para el dispositivo SJN41CQ44NY o está pendiente. Comprueba los detalles del pedido en la búsqueda 360 y ponte en contacto con el Soporte técnico de AppleCare Connect si necesitas más información.""},""pocType"":""APOC"",""serialNumber"":""JN41CQ44NY"",""partNumber"":""SD0T3ZX/A"",""partAlias"":""ACP"",""productDescription"":""MacBook Neo""}},""transactionId"":""0e8949a9-8fa3-47dd-9b71-e151bbb2ef3e-1789663953800""}"
False;5181555;2026-09-17 13:53:06.257000;2026-09-15 00:00:00;401156;CREATEORDER;SJN41CQ44NY;MHFF4CI/A;"{""orderDetailsResponses"":{""deviceEligibility"":{""secondaryDisplay"":""0"",""deviceDateOfPurchase"":""15/09/2026"",""deviceId"":""SJN41CQ44NY"",""registeredDevice"":""0"",""deviceErrorResponse"":{""errorCode"":""GRX-20024"",""errorMessage"":""Ya existe un AppleCare Plan para el dispositivo SJN41CQ44NY o está pendiente. Comprueba los detalles del pedido en la búsqueda 360 y ponte en contacto con el Soporte técnico de AppleCare Connect si necesitas más información.""},""pocType"":""APOC"",""serialNumber"":""JN41CQ44NY"",""partNumber"":""SD0T3ZX/A"",""partAlias"":""ACP"",""productDescription"":""MacBook Neo""}},""transactionId"":""df906499-7b6e-442e-999b-2bf03852a543-1789663985445""}"
True;5168445;2026-09-17 13:56:45.823000;2026-09-17 00:00:00;1901154;VERIFYORDER;scmcp2999pv;MFHP4AM/A;"{""orderDetailsResponses"":{""deviceEligibility"":{""secondaryDisplay"":""0"",""partDescription"":""AppleCare+ para Headphones - AirPods Pro"",""coverageDuration"":""2"",""productStatement"":""AppleCare+ para Headphones - AirPods Pro amplía la cobertura de servicio y soporte técnico a 2 años desde la fecha de compra de AppleCare+ e incluye cobertura para una cantidad ilimitada de incidentes por daño accidental debido a la manipulación del producto, cada uno de ellos sujeto a un cargo adicional de R$28000 . Lee todos los detalles en los Términos y condiciones de AppleCare+."",""deviceDateOfPurchase"":""17/09/2026"",""deviceId"":""SCMCP2999PV"",""registeredDevice"":""1"",""pocType"":""APOC"",""serialNumber"":""CMCP2999PV"",""partNumber"":""SYLW2ZX/A"",""partAlias"":""ACP"",""purchaseMode"":""C"",""productDescription"":""AirPods Pro 3""}},""transactionId"":""ba868b7f-690f-4c73-bc9b-be7f13822a72-1789664205319""}"
True;5183373;2026-09-17 13:56:49.687000;2026-09-17 00:00:00;14201129;CREATEORDER;sdnwt973h3g;MG6J4BE/A;"{""orderDetailsResponses"":{""deviceEligibility"":{""secondaryDisplay"":""0"",""partDescription"":""AppleCare+ con robo y pérdida para iPhone 17"",""coverageDuration"":""2"",""productStatement"":""Tu AppleCare+ con robo y pérdida para iPhone 17 amplía la cobertura de servicio y soporte técnico a 2 años desde la fecha de compra de AppleCare+ con robo y pérdida e incluye cobertura para una cantidad ilimitada de incidentes por daño accidental debido a la manipulación del producto o un máximo de dos incidentes de robo y pérdida cada 12 meses, cada uno de ellos sujeto a un cargo adicional de R$96000  por Otros daños accidentales o de R$28000  por los daños de la pantalla o la carcasa externa o de R$144000  por robo o pérdida. Lee todos los detalles en los Términos y condiciones de AppleCare+."",""deviceDateOfPurchase"":""17/09/2026"",""deviceId"":""SDNWT973H3G"",""registeredDevice"":""1"",""pocType"":""APOC"",""serialNumber"":""DNWT973H3G"",""partNumber"":""SX2V2ZX/A"",""partAlias"":""ACPTL"",""purchaseMode"":""C"",""productDescription"":""iPhone 17"",""tlDisclosure"":""La cobertura de robo y pérdida requiere que tengas la función Buscar habilitada en tu dispositivo antes de que se pierda o te lo roben. Durante el proceso de reclamación, te pediremos que uses la función Buscar para poner el dispositivo perdido o robado en modo Perdido, borrarlo y transferir la propiedad a Apple para que podamos asignarte un nuevo dispositivo. Para asegurarte de que puedas iniciar sesión en Buscar y acceder a esta función, es importante que recuerdes tu ID de Apple y contraseña, y que mantengas la información de tu cuenta actualizada. Si usas la autenticación de doble factor para el ID de Apple, te recomendamos que añadas un número de teléfono adicional de confianza a tu cuenta en el que puedas recibir el código de verificación de 6 dígitos que necesitas para iniciar sesión aunque no tengas tu iPhone. Para obtener más información, visita las páginas de Soporte técnico de Apple.""},""orderConfirmation"":{""agreementNumber"":""328422482536"",""coverageDurationStatement"":""Finaliza el 16/09/2028"",""termConditionURL"":""http://www.apple.com/legal/sales-support/"",""partNumber"":""SX2V2ZX/A"",""partAlias"":""ACPTL"",""partType"":""AC+TL"",""purchaseMode"":""C"",""appleCareSalesDate"":""17/09/2026"",""pocType"":""APOC"",""purchaseOrderNumber"":""14201129""}},""transactionId"":""444ab6e0-9f35-4dc4-9321-701ea66bbad7-1789664204740""}"
True;5168445;2026-09-17 13:59:58.817000;2026-09-17 00:00:00;1901154;CREATEORDER;scmcp2999pv;MFHP4AM/A;"{""orderDetailsResponses"":{""deviceEligibility"":{""secondaryDisplay"":""0"",""partDescription"":""AppleCare+ para Headphones - AirPods Pro"",""coverageDuration"":""2"",""productStatement"":""AppleCare+ para Headphones - AirPods Pro amplía la cobertura de servicio y soporte técnico a 2 años desde la fecha de compra de AppleCare+ e incluye cobertura para una cantidad ilimitada de incidentes por daño accidental debido a la manipulación del producto, cada uno de ellos sujeto a un cargo adicional de R$28000 . Lee todos los detalles en los Términos y condiciones de AppleCare+."",""deviceDateOfPurchase"":""17/09/2026"",""deviceId"":""SCMCP2999PV"",""registeredDevice"":""1"",""pocType"":""APOC"",""serialNumber"":""CMCP2999PV"",""partNumber"":""SYLW2ZX/A"",""partAlias"":""ACP"",""purchaseMode"":""C"",""productDescription"":""AirPods Pro 3""},""orderConfirmation"":{""agreementNumber"":""328422483470"",""coverageDurationStatement"":""Finaliza el 16/09/2028"",""termConditionURL"":""http://www.apple.com/legal/sales-support/"",""partNumber"":""SYLW2ZX/A"",""partAlias"":""ACP"",""partType"":""AppleCare+"",""purchaseMode"":""C"",""appleCareSalesDate"":""17/09/2026"",""pocType"":""APOC"",""purchaseOrderNumber"":""1901154""}},""transactionId"":""cfdc8188-e87e-4468-afa1-d85c71450f6c-1789664393992""}"
False;5181555;2026-09-17 14:02:40.543000;2026-09-15 00:00:00;401156;CREATEORDER;SJN41CQ44NY;MHFF4CI/A;"{""orderDetailsResponses"":{""deviceEligibility"":{""secondaryDisplay"":""0"",""deviceDateOfPurchase"":""15/09/2026"",""deviceId"":""SJN41CQ44NY"",""registeredDevice"":""0"",""deviceErrorResponse"":{""errorCode"":""GRX-20024"",""errorMessage"":""Ya existe un AppleCare Plan para el dispositivo SJN41CQ44NY o está pendiente. Comprueba los detalles del pedido en la búsqueda 360 y ponte en contacto con el Soporte técnico de AppleCare Connect si necesitas más información.""},""pocType"":""APOC"",""serialNumber"":""JN41CQ44NY"",""partNumber"":""SD0T3ZX/A"",""partAlias"":""ACP"",""productDescription"":""MacBook Neo""}},""transactionId"":""0cc1a31d-9a19-4a7f-835f-d408890a7bf9-1789664559775""}"
False;5181555;2026-09-17 14:03:17.420000;2026-09-15 00:00:00;401156;CREATEORDER;SJN41CQ44NY;MHFF4CI/A;"{""orderDetailsResponses"":{""deviceEligibility"":{""secondaryDisplay"":""0"",""deviceDateOfPurchase"":""15/09/2026"",""deviceId"":""SJN41CQ44NY"",""registeredDevice"":""0"",""deviceErrorResponse"":{""errorCode"":""GRX-20024"",""errorMessage"":""Ya existe un AppleCare Plan para el dispositivo SJN41CQ44NY o está pendiente. Comprueba los detalles del pedido en la búsqueda 360 y ponte en contacto con el Soporte técnico de AppleCare Connect si necesitas más información.""},""pocType"":""APOC"",""serialNumber"":""JN41CQ44NY"",""partNumber"":""SD0T3ZX/A"",""partAlias"":""ACP"",""productDescription"":""MacBook Neo""}},""transactionId"":""7984516e-683e-47e6-b12a-9f3e47aca040-1789664596661""}"
False;5181555;2026-09-17 14:12:14.630000;2026-09-15 00:00:00;401156;CREATEORDER;SJN41CQ44NY;MHFF4CI/A;"{""orderDetailsResponses"":{""deviceEligibility"":{""secondaryDisplay"":""0"",""deviceDateOfPurchase"":""15/09/2026"",""deviceId"":""SJN41CQ44NY"",""registeredDevice"":""0"",""deviceErrorResponse"":{""errorCode"":""GRX-20024"",""errorMessage"":""Ya existe un AppleCare Plan para el dispositivo SJN41CQ44NY o está pendiente. Comprueba los detalles del pedido en la búsqueda 360 y ponte en contacto con el Soporte técnico de AppleCare Connect si necesitas más información.""},""pocType"":""APOC"",""serialNumber"":""JN41CQ44NY"",""partNumber"":""SD0T3ZX/A"",""partAlias"":""ACP"",""productDescription"":""MacBook Neo""}},""transactionId"":""34f87997-3204-4f44-b80a-b37c2b5c2f46-1789665133760""}"
False;5181555;2026-09-17 14:12:40.523000;2026-09-15 00:00:00;401156;CREATEORDER;SJN41CQ44NY;MHFF4CI/A;"{""orderDetailsResponses"":{""deviceEligibility"":{""secondaryDisplay"":""0"",""deviceDateOfPurchase"":""15/09/2026"",""deviceId"":""SJN41CQ44NY"",""registeredDevice"":""0"",""deviceErrorResponse"":{""errorCode"":""GRX-20024"",""errorMessage"":""Ya existe un AppleCare Plan para el dispositivo SJN41CQ44NY o está pendiente. Comprueba los detalles del pedido en la búsqueda 360 y ponte en contacto con el Soporte técnico de AppleCare Connect si necesitas más información.""},""pocType"":""APOC"",""serialNumber"":""JN41CQ44NY"",""partNumber"":""SD0T3ZX/A"",""partAlias"":""ACP"",""productDescription"":""MacBook Neo""}},""transactionId"":""4c363a90-62d4-4efe-9fef-a50c0b526f76-1789665159784""}"
False;5181555;2026-09-17 14:17:40.787000;2026-09-15 00:00:00;401156;CREATEORDER;SJN41CQ44NY;MHFF4CI/A;"{""orderDetailsResponses"":{""deviceEligibility"":{""secondaryDisplay"":""0"",""deviceDateOfPurchase"":""15/09/2026"",""deviceId"":""SJN41CQ44NY"",""registeredDevice"":""0"",""deviceErrorResponse"":{""errorCode"":""GRX-20024"",""errorMessage"":""Ya existe un AppleCare Plan para el dispositivo SJN41CQ44NY o está pendiente. Comprueba los detalles del pedido en la búsqueda 360 y ponte en contacto con el Soporte técnico de AppleCare Connect si necesitas más información.""},""pocType"":""APOC"",""serialNumber"":""JN41CQ44NY"",""partNumber"":""SD0T3ZX/A"",""partAlias"":""ACP"",""productDescription"":""MacBook Neo""}},""transactionId"":""0413ea6a-3c8f-4b2c-802e-fddf29d98ff7-1789665460039""}"
False;5181555;2026-09-17 14:18:06.860000;2026-09-15 00:00:00;401156;CREATEORDER;SJN41CQ44NY;MHFF4CI/A;"{""orderDetailsResponses"":{""deviceEligibility"":{""secondaryDisplay"":""0"",""deviceDateOfPurchase"":""15/09/2026"",""deviceId"":""SJN41CQ44NY"",""registeredDevice"":""0"",""deviceErrorResponse"":{""errorCode"":""GRX-20024"",""errorMessage"":""Ya existe un AppleCare Plan para el dispositivo SJN41CQ44NY o está pendiente. Comprueba los detalles del pedido en la búsqueda 360 y ponte en contacto con el Soporte técnico de AppleCare Connect si necesitas más información.""},""pocType"":""APOC"",""serialNumber"":""JN41CQ44NY"",""partNumber"":""SD0T3ZX/A"",""partAlias"":""ACP"",""productDescription"":""MacBook Neo""}},""transactionId"":""2d7fd197-4121-4bcf-98e9-0fa8f6b15bb3-1789665486139""}"
False;5181555;2026-09-17 14:27:29.777000;2026-09-15 00:00:00;401156;CREATEORDER;SJN41CQ44NY;MHFF4CI/A;"{""orderDetailsResponses"":{""deviceEligibility"":{""secondaryDisplay"":""0"",""deviceDateOfPurchase"":""15/09/2026"",""deviceId"":""SJN41CQ44NY"",""registeredDevice"":""0"",""deviceErrorResponse"":{""errorCode"":""GRX-20024"",""errorMessage"":""Ya existe un AppleCare Plan para el dispositivo SJN41CQ44NY o está pendiente. Comprueba los detalles del pedido en la búsqueda 360 y ponte en contacto con el Soporte técnico de AppleCare Connect si necesitas más información.""},""pocType"":""APOC"",""serialNumber"":""JN41CQ44NY"",""partNumber"":""SD0T3ZX/A"",""partAlias"":""ACP"",""productDescription"":""MacBook Neo""}},""transactionId"":""45980036-5a3e-4c92-8463-1ca8543e8dd7-1789666049045""}"
False;5181555;2026-09-17 14:27:58.330000;2026-09-15 00:00:00;401156;CREATEORDER;SJN41CQ44NY;MHFF4CI/A;"{""orderDetailsResponses"":{""deviceEligibility"":{""secondaryDisplay"":""0"",""deviceDateOfPurchase"":""15/09/2026"",""deviceId"":""SJN41CQ44NY"",""registeredDevice"":""0"",""deviceErrorResponse"":{""errorCode"":""GRX-20024"",""errorMessage"":""Ya existe un AppleCare Plan para el dispositivo SJN41CQ44NY o está pendiente. Comprueba los detalles del pedido en la búsqueda 360 y ponte en contacto con el Soporte técnico de AppleCare Connect si necesitas más información.""},""pocType"":""APOC"",""serialNumber"":""JN41CQ44NY"",""partNumber"":""SD0T3ZX/A"",""partAlias"":""ACP"",""productDescription"":""MacBook Neo""}},""transactionId"":""3617c3ce-9d85-46bf-9abe-46357d2436ae-1789666077521""}"
True;5129866;2026-09-17 14:32:59.663000;2026-09-17 00:00:00;6501137;VERIFYORDER;SDDWLWH6QV4;MWUF3CI/A;"{""orderDetailsResponses"":{""deviceEligibility"":{""secondaryDisplay"":""1"",""partDescription"":""AppleCare+ para iMac (M4)"",""coverageDuration"":""3"",""productStatement"":""AppleCare+ para iMac (M4) amplía la cobertura de servicio y soporte técnico a 3 años desde la fecha de compra de AppleCare+ e incluye cobertura para una cantidad ilimitada de incidentes por daño accidental debido a la manipulación del producto, cada uno de ellos sujeto a un cargo adicional de R$96000  por daños en la pantalla o la carcasa externa o de R$289000  por Otros daños accidentales. Lee todos los detalles en los Términos y condiciones de AppleCare+."",""deviceDateOfPurchase"":""17/09/2026"",""deviceId"":""SDDWLWH6QV4"",""registeredDevice"":""1"",""pocType"":""APOC"",""serialNumber"":""DDWLWH6QV4"",""partNumber"":""SR1A2ZX/A"",""partAlias"":""ACP"",""purchaseMode"":""C"",""productDescription"":""iMac (24-inch,2024, Two ports)""}},""transactionId"":""f6886ceb-fc30-4f3f-a072-5c4ad124c351-1789666379064""}"
True;5129866;2026-09-17 14:35:17.627000;2026-09-17 00:00:00;6501137;CREATEORDER;SDDWLWH6QV4;MWUF3CI/A;"{""orderDetailsResponses"":{""deviceEligibility"":{""secondaryDisplay"":""1"",""partDescription"":""AppleCare+ para iMac (M4)"",""coverageDuration"":""3"",""productStatement"":""AppleCare+ para iMac (M4) amplía la cobertura de servicio y soporte técnico a 3 años desde la fecha de compra de AppleCare+ e incluye cobertura para una cantidad ilimitada de incidentes por daño accidental debido a la manipulación del producto, cada uno de ellos sujeto a un cargo adicional de R$96000  por daños en la pantalla o la carcasa externa o de R$289000  por Otros daños accidentales. Lee todos los detalles en los Términos y condiciones de AppleCare+."",""deviceDateOfPurchase"":""17/09/2026"",""deviceId"":""SDDWLWH6QV4"",""registeredDevice"":""1"",""pocType"":""APOC"",""serialNumber"":""DDWLWH6QV4"",""partNumber"":""SR1A2ZX/A"",""partAlias"":""ACP"",""purchaseMode"":""C"",""productDescription"":""iMac (24-inch,2024, Two ports)""},""orderConfirmation"":{""agreementNumber"":""328422486655"",""coverageDurationStatement"":""Finaliza el 16/09/2029"",""termConditionURL"":""http://www.apple.com/legal/sales-support/"",""partNumber"":""SR1A2ZX/A"",""partAlias"":""ACP"",""partType"":""AppleCare+"",""purchaseMode"":""C"",""appleCareSalesDate"":""17/09/2026"",""pocType"":""APOC"",""purchaseOrderNumber"":""6501137""}},""transactionId"":""841a1e18-cc02-41a3-ba51-6c6cba797ed6-1789666513078""}"
False;5181555;2026-09-17 14:37:36.370000;2026-09-15 00:00:00;401156;CREATEORDER;SJN41CQ44NY;MHFF4CI/A;"{""orderDetailsResponses"":{""deviceEligibility"":{""secondaryDisplay"":""0"",""deviceDateOfPurchase"":""15/09/2026"",""deviceId"":""SJN41CQ44NY"",""registeredDevice"":""0"",""deviceErrorResponse"":{""errorCode"":""GRX-20024"",""errorMessage"":""Ya existe un AppleCare Plan para el dispositivo SJN41CQ44NY o está pendiente. Comprueba los detalles del pedido en la búsqueda 360 y ponte en contacto con el Soporte técnico de AppleCare Connect si necesitas más información.""},""pocType"":""APOC"",""serialNumber"":""JN41CQ44NY"",""partNumber"":""SD0T3ZX/A"",""partAlias"":""ACP"",""productDescription"":""MacBook Neo""}},""transactionId"":""775d1df7-199f-4ac0-95fc-6436d3d6b634-1789666655573""}"
True;1334977;2026-09-17 14:37:55.683000;2026-09-17 00:00:00;14401129;VERIFYORDER;SM4RY9XTGW9;MFYQ4BE/A;"{""orderDetailsResponses"":{""deviceEligibility"":{""secondaryDisplay"":""0"",""partDescription"":""AppleCare+ con robo y pérdida para iPhone 17 Pro Max"",""coverageDuration"":""2"",""productStatement"":""Tu AppleCare+ con robo y pérdida para iPhone 17 Pro Max amplía la cobertura de servicio y soporte técnico a 2 años desde la fecha de compra de AppleCare+ con robo y pérdida e incluye cobertura para una cantidad ilimitada de incidentes por daño accidental debido a la manipulación del producto o un máximo de dos incidentes de robo y pérdida cada 12 meses, cada uno de ellos sujeto a un cargo adicional de R$96000  por Otros daños accidentales o de R$28000  por los daños de la pantalla o la carcasa externa o de R$144000  por robo o pérdida. Lee todos los detalles en los Términos y condiciones de AppleCare+."",""deviceDateOfPurchase"":""17/09/2026"",""deviceId"":""SM4RY9XTGW9"",""registeredDevice"":""1"",""pocType"":""APOC"",""serialNumber"":""M4RY9XTGW9"",""partNumber"":""SX382ZX/A"",""partAlias"":""ACPTL"",""purchaseMode"":""C"",""productDescription"":""iPhone 17 Pro Max"",""tlDisclosure"":""La cobertura de robo y pérdida requiere que tengas la función Buscar habilitada en tu dispositivo antes de que se pierda o te lo roben. Durante el proceso de reclamación, te pediremos que uses la función Buscar para poner el dispositivo perdido o robado en modo Perdido, borrarlo y transferir la propiedad a Apple para que podamos asignarte un nuevo dispositivo. Para asegurarte de que puedas iniciar sesión en Buscar y acceder a esta función, es importante que recuerdes tu ID de Apple y contraseña, y que mantengas la información de tu cuenta actualizada. Si usas la autenticación de doble factor para el ID de Apple, te recomendamos que añadas un número de teléfono adicional de confianza a tu cuenta en el que puedas recibir el código de verificación de 6 dígitos que necesitas para iniciar sesión aunque no tengas tu iPhone. Para obtener más información, visita las páginas de Soporte técnico de Apple.""}},""transactionId"":""ebbd037e-8642-4ed6-9d2a-46fb12be66d2-1789666675167""}"
False;5181555;2026-09-17 14:38:08.827000;2026-09-15 00:00:00;401156;CREATEORDER;SJN41CQ44NY;MHFF4CI/A;"{""orderDetailsResponses"":{""deviceEligibility"":{""secondaryDisplay"":""0"",""deviceDateOfPurchase"":""15/09/2026"",""deviceId"":""SJN41CQ44NY"",""registeredDevice"":""0"",""deviceErrorResponse"":{""errorCode"":""GRX-20024"",""errorMessage"":""Ya existe un AppleCare Plan para el dispositivo SJN41CQ44NY o está pendiente. Comprueba los detalles del pedido en la búsqueda 360 y ponte en contacto con el Soporte técnico de AppleCare Connect si necesitas más información.""},""pocType"":""APOC"",""serialNumber"":""JN41CQ44NY"",""partNumber"":""SD0T3ZX/A"",""partAlias"":""ACP"",""productDescription"":""MacBook Neo""}},""transactionId"":""cda2d2ff-213e-4c37-a0c6-b7f918c62b70-1789666688034""}"
True;1336867;2026-09-17 14:41:02.233000;2026-09-17 00:00:00;1401174;VERIFYORDER;SG4L9F14GC9;MFHP4AM/A;"{""orderDetailsResponses"":{""deviceEligibility"":{""secondaryDisplay"":""0"",""partDescription"":""AppleCare+ para Headphones - AirPods Pro"",""coverageDuration"":""2"",""productStatement"":""AppleCare+ para Headphones - AirPods Pro amplía la cobertura de servicio y soporte técnico a 2 años desde la fecha de compra de AppleCare+ e incluye cobertura para una cantidad ilimitada de incidentes por daño accidental debido a la manipulación del producto, cada uno de ellos sujeto a un cargo adicional de R$28000 . Lee todos los detalles en los Términos y condiciones de AppleCare+."",""deviceDateOfPurchase"":""17/09/2026"",""deviceId"":""SG4L9F14GC9"",""registeredDevice"":""1"",""pocType"":""APOC"",""serialNumber"":""G4L9F14GC9"",""partNumber"":""SYLW2ZX/A"",""partAlias"":""ACP"",""purchaseMode"":""C"",""productDescription"":""AirPods Pro 3""}},""transactionId"":""b073a2c8-3ded-4afc-ada4-b46bcab92223-1789666861687""}"
True;1334977;2026-09-17 14:42:38.760000;2026-09-17 00:00:00;14401129;CREATEORDER;SM4RY9XTGW9;MFYQ4BE/A;"{""orderDetailsResponses"":{""deviceEligibility"":{""secondaryDisplay"":""0"",""partDescription"":""AppleCare+ con robo y pérdida para iPhone 17 Pro Max"",""coverageDuration"":""2"",""productStatement"":""Tu AppleCare+ con robo y pérdida para iPhone 17 Pro Max amplía la cobertura de servicio y soporte técnico a 2 años desde la fecha de compra de AppleCare+ con robo y pérdida e incluye cobertura para una cantidad ilimitada de incidentes por daño accidental debido a la manipulación del producto o un máximo de dos incidentes de robo y pérdida cada 12 meses, cada uno de ellos sujeto a un cargo adicional de R$96000  por Otros daños accidentales o de R$28000  por los daños de la pantalla o la carcasa externa o de R$144000  por robo o pérdida. Lee todos los detalles en los Términos y condiciones de AppleCare+."",""deviceDateOfPurchase"":""17/09/2026"",""deviceId"":""SM4RY9XTGW9"",""registeredDevice"":""1"",""pocType"":""APOC"",""serialNumber"":""M4RY9XTGW9"",""partNumber"":""SX382ZX/A"",""partAlias"":""ACPTL"",""purchaseMode"":""C"",""productDescription"":""iPhone 17 Pro Max"",""tlDisclosure"":""La cobertura de robo y pérdida requiere que tengas la función Buscar habilitada en tu dispositivo antes de que se pierda o te lo roben. Durante el proceso de reclamación, te pediremos que uses la función Buscar para poner el dispositivo perdido o robado en modo Perdido, borrarlo y transferir la propiedad a Apple para que podamos asignarte un nuevo dispositivo. Para asegurarte de que puedas iniciar sesión en Buscar y acceder a esta función, es importante que recuerdes tu ID de Apple y contraseña, y que mantengas la información de tu cuenta actualizada. Si usas la autenticación de doble factor para el ID de Apple, te recomendamos que añadas un número de teléfono adicional de confianza a tu cuenta en el que puedas recibir el código de verificación de 6 dígitos que necesitas para iniciar sesión aunque no tengas tu iPhone. Para obtener más información, visita las páginas de Soporte técnico de Apple.""},""orderConfirmation"":{""agreementNumber"":""328422500303"",""coverageDurationStatement"":""Finaliza el 16/09/2028"",""termConditionURL"":""http://www.apple.com/legal/sales-support/"",""partNumber"":""SX382ZX/A"",""partAlias"":""ACPTL"",""partType"":""AC+TL"",""purchaseMode"":""C"",""appleCareSalesDate"":""17/09/2026"",""pocType"":""APOC"",""purchaseOrderNumber"":""14401129""}},""transactionId"":""cd1d2604-1e98-4821-81b7-398f375dc5f5-1789666953573""}"
True;1336867;2026-09-17 14:43:15.767000;2026-09-17 00:00:00;1401174;CREATEORDER;SG4L9F14GC9;MFHP4AM/A;"{""orderDetailsResponses"":{""deviceEligibility"":{""secondaryDisplay"":""0"",""partDescription"":""AppleCare+ para Headphones - AirPods Pro"",""coverageDuration"":""2"",""productStatement"":""AppleCare+ para Headphones - AirPods Pro amplía la cobertura de servicio y soporte técnico a 2 años desde la fecha de compra de AppleCare+ e incluye cobertura para una cantidad ilimitada de incidentes por daño accidental debido a la manipulación del producto, cada uno de ellos sujeto a un cargo adicional de R$28000 . Lee todos los detalles en los Términos y condiciones de AppleCare+."",""deviceDateOfPurchase"":""17/09/2026"",""deviceId"":""SG4L9F14GC9"",""registeredDevice"":""1"",""pocType"":""APOC"",""serialNumber"":""G4L9F14GC9"",""partNumber"":""SYLW2ZX/A"",""partAlias"":""ACP"",""purchaseMode"":""C"",""productDescription"":""AirPods Pro 3""},""orderConfirmation"":{""agreementNumber"":""328422488509"",""coverageDurationStatement"":""Finaliza el 16/09/2028"",""termConditionURL"":""http://www.apple.com/legal/sales-support/"",""partNumber"":""SYLW2ZX/A"",""partAlias"":""ACP"",""partType"":""AppleCare+"",""purchaseMode"":""C"",""appleCareSalesDate"":""17/09/2026"",""pocType"":""APOC"",""purchaseOrderNumber"":""1401174""}},""transactionId"":""393413a3-9c30-496a-af7f-3c90783b56fd-1789666990814""}"
False;5181555;2026-09-17 14:47:31.120000;2026-09-15 00:00:00;401156;CREATEORDER;SJN41CQ44NY;MHFF4CI/A;"{""orderDetailsResponses"":{""deviceEligibility"":{""secondaryDisplay"":""0"",""deviceDateOfPurchase"":""15/09/2026"",""deviceId"":""SJN41CQ44NY"",""registeredDevice"":""0"",""deviceErrorResponse"":{""errorCode"":""GRX-20024"",""errorMessage"":""Ya existe un AppleCare Plan para el dispositivo SJN41CQ44NY o está pendiente. Comprueba los detalles del pedido en la búsqueda 360 y ponte en contacto con el Soporte técnico de AppleCare Connect si necesitas más información.""},""pocType"":""APOC"",""serialNumber"":""JN41CQ44NY"",""partNumber"":""SD0T3ZX/A"",""partAlias"":""ACP"",""productDescription"":""MacBook Neo""}},""transactionId"":""aa0f922b-217a-403e-8627-3492d2c0a3b2-1789667250392""}"
False;5181555;2026-09-17 14:48:03.330000;2026-09-15 00:00:00;401156;CREATEORDER;SJN41CQ44NY;MHFF4CI/A;"{""orderDetailsResponses"":{""deviceEligibility"":{""secondaryDisplay"":""0"",""deviceDateOfPurchase"":""15/09/2026"",""deviceId"":""SJN41CQ44NY"",""registeredDevice"":""0"",""deviceErrorResponse"":{""errorCode"":""GRX-20024"",""errorMessage"":""Ya existe un AppleCare Plan para el dispositivo SJN41CQ44NY o está pendiente. Comprueba los detalles del pedido en la búsqueda 360 y ponte en contacto con el Soporte técnico de AppleCare Connect si necesitas más información.""},""pocType"":""APOC"",""serialNumber"":""JN41CQ44NY"",""partNumber"":""SD0T3ZX/A"",""partAlias"":""ACP"",""productDescription"":""MacBook Neo""}},""transactionId"":""57bc3bf6-9c19-4aa7-94b2-a1a7fdbf9685-1789667282476""}"
False;5181555;2026-09-17 14:57:31.810000;2026-09-15 00:00:00;401156;CREATEORDER;SJN41CQ44NY;MHFF4CI/A;"{""orderDetailsResponses"":{""deviceEligibility"":{""secondaryDisplay"":""0"",""deviceDateOfPurchase"":""15/09/2026"",""deviceId"":""SJN41CQ44NY"",""registeredDevice"":""0"",""deviceErrorResponse"":{""errorCode"":""GRX-20024"",""errorMessage"":""Ya existe un AppleCare Plan para el dispositivo SJN41CQ44NY o está pendiente. Comprueba los detalles del pedido en la búsqueda 360 y ponte en contacto con el Soporte técnico de AppleCare Connect si necesitas más información.""},""pocType"":""APOC"",""serialNumber"":""JN41CQ44NY"",""partNumber"":""SD0T3ZX/A"",""partAlias"":""ACP"",""productDescription"":""MacBook Neo""}},""transactionId"":""b838443d-5ee8-4486-bda7-1d595942d5eb-1789667851054""}"
False;5181555;2026-09-17 14:57:59.277000;2026-09-15 00:00:00;401156;CREATEORDER;SJN41CQ44NY;MHFF4CI/A;"{""orderDetailsResponses"":{""deviceEligibility"":{""secondaryDisplay"":""0"",""deviceDateOfPurchase"":""15/09/2026"",""deviceId"":""SJN41CQ44NY"",""registeredDevice"":""0"",""deviceErrorResponse"":{""errorCode"":""GRX-20024"",""errorMessage"":""Ya existe un AppleCare Plan para el dispositivo SJN41CQ44NY o está pendiente. Comprueba los detalles del pedido en la búsqueda 360 y ponte en contacto con el Soporte técnico de AppleCare Connect si necesitas más información.""},""pocType"":""APOC"",""serialNumber"":""JN41CQ44NY"",""partNumber"":""SD0T3ZX/A"",""partAlias"":""ACP"",""productDescription"":""MacBook Neo""}},""transactionId"":""38338ecd-1abc-4da9-ad39-d14310c2f202-1789667878158""}"
False;5181555;2026-09-17 15:07:35.807000;2026-09-15 00:00:00;401156;CREATEORDER;SJN41CQ44NY;MHFF4CI/A;"{""orderDetailsResponses"":{""deviceEligibility"":{""secondaryDisplay"":""0"",""deviceDateOfPurchase"":""15/09/2026"",""deviceId"":""SJN41CQ44NY"",""registeredDevice"":""0"",""deviceErrorResponse"":{""errorCode"":""GRX-20024"",""errorMessage"":""Ya existe un AppleCare Plan para el dispositivo SJN41CQ44NY o está pendiente. Comprueba los detalles del pedido en la búsqueda 360 y ponte en contacto con el Soporte técnico de AppleCare Connect si necesitas más información.""},""pocType"":""APOC"",""serialNumber"":""JN41CQ44NY"",""partNumber"":""SD0T3ZX/A"",""partAlias"":""ACP"",""productDescription"":""MacBook Neo""}},""transactionId"":""043576cc-155d-405d-a563-ce8150179888-1789668454765""}"
False;5181555;2026-09-17 15:08:07.267000;2026-09-15 00:00:00;401156;CREATEORDER;SJN41CQ44NY;MHFF4CI/A;"{""orderDetailsResponses"":{""deviceEligibility"":{""secondaryDisplay"":""0"",""deviceDateOfPurchase"":""15/09/2026"",""deviceId"":""SJN41CQ44NY"",""registeredDevice"":""0"",""deviceErrorResponse"":{""errorCode"":""GRX-20024"",""errorMessage"":""Ya existe un AppleCare Plan para el dispositivo SJN41CQ44NY o está pendiente. Comprueba los detalles del pedido en la búsqueda 360 y ponte en contacto con el Soporte técnico de AppleCare Connect si necesitas más información.""},""pocType"":""APOC"",""serialNumber"":""JN41CQ44NY"",""partNumber"":""SD0T3ZX/A"",""partAlias"":""ACP"",""productDescription"":""MacBook Neo""}},""transactionId"":""9b041632-ce38-4c38-b297-14e7ff6860be-1789668486451""}"
False;5181555;2026-09-17 15:17:33.633000;2026-09-15 00:00:00;401156;CREATEORDER;SJN41CQ44NY;MHFF4CI/A;"{""orderDetailsResponses"":{""deviceEligibility"":{""secondaryDisplay"":""0"",""deviceDateOfPurchase"":""15/09/2026"",""deviceId"":""SJN41CQ44NY"",""registeredDevice"":""0"",""deviceErrorResponse"":{""errorCode"":""GRX-20024"",""errorMessage"":""Ya existe un AppleCare Plan para el dispositivo SJN41CQ44NY o está pendiente. Comprueba los detalles del pedido en la búsqueda 360 y ponte en contacto con el Soporte técnico de AppleCare Connect si necesitas más información.""},""pocType"":""APOC"",""serialNumber"":""JN41CQ44NY"",""partNumber"":""SD0T3ZX/A"",""partAlias"":""ACP"",""productDescription"":""MacBook Neo""}},""transactionId"":""13630a95-b4a0-47ea-bb49-4e1224a9f80b-1789669052625""}"
False;5181555;2026-09-17 15:17:59.450000;2026-09-15 00:00:00;401156;CREATEORDER;SJN41CQ44NY;MHFF4CI/A;"{""orderDetailsResponses"":{""deviceEligibility"":{""secondaryDisplay"":""0"",""deviceDateOfPurchase"":""15/09/2026"",""deviceId"":""SJN41CQ44NY"",""registeredDevice"":""0"",""deviceErrorResponse"":{""errorCode"":""GRX-20024"",""errorMessage"":""Ya existe un AppleCare Plan para el dispositivo SJN41CQ44NY o está pendiente. Comprueba los detalles del pedido en la búsqueda 360 y ponte en contacto con el Soporte técnico de AppleCare Connect si necesitas más información.""},""pocType"":""APOC"",""serialNumber"":""JN41CQ44NY"",""partNumber"":""SD0T3ZX/A"",""partAlias"":""ACP"",""productDescription"":""MacBook Neo""}},""transactionId"":""31a7c879-ee1d-4017-bf96-c0955336b083-1789669078694""}"
False;5181555;2026-09-17 15:27:28.907000;2026-09-15 00:00:00;401156;CREATEORDER;SJN41CQ44NY;MHFF4CI/A;"{""orderDetailsResponses"":{""deviceEligibility"":{""secondaryDisplay"":""0"",""deviceDateOfPurchase"":""15/09/2026"",""deviceId"":""SJN41CQ44NY"",""registeredDevice"":""0"",""deviceErrorResponse"":{""errorCode"":""GRX-20024"",""errorMessage"":""Ya existe un AppleCare Plan para el dispositivo SJN41CQ44NY o está pendiente. Comprueba los detalles del pedido en la búsqueda 360 y ponte en contacto con el Soporte técnico de AppleCare Connect si necesitas más información.""},""pocType"":""APOC"",""serialNumber"":""JN41CQ44NY"",""partNumber"":""SD0T3ZX/A"",""partAlias"":""ACP"",""productDescription"":""MacBook Neo""}},""transactionId"":""6d4a94b0-84c4-4612-97cc-35be9e09a9ee-1789669648132""}"
False;5181555;2026-09-17 15:27:55.890000;2026-09-15 00:00:00;401156;CREATEORDER;SJN41CQ44NY;MHFF4CI/A;"{""orderDetailsResponses"":{""deviceEligibility"":{""secondaryDisplay"":""0"",""deviceDateOfPurchase"":""15/09/2026"",""deviceId"":""SJN41CQ44NY"",""registeredDevice"":""0"",""deviceErrorResponse"":{""errorCode"":""GRX-20024"",""errorMessage"":""Ya existe un AppleCare Plan para el dispositivo SJN41CQ44NY o está pendiente. Comprueba los detalles del pedido en la búsqueda 360 y ponte en contacto con el Soporte técnico de AppleCare Connect si necesitas más información.""},""pocType"":""APOC"",""serialNumber"":""JN41CQ44NY"",""partNumber"":""SD0T3ZX/A"",""partAlias"":""ACP"",""productDescription"":""MacBook Neo""}},""transactionId"":""b5f77249-8b14-445e-bbe4-47593db17a26-1789669675103""}"
False;5181555;2026-09-17 15:32:31.483000;2026-09-15 00:00:00;401156;CREATEORDER;SJN41CQ44NY;MHFF4CI/A;"{""orderDetailsResponses"":{""deviceEligibility"":{""secondaryDisplay"":""0"",""deviceDateOfPurchase"":""15/09/2026"",""deviceId"":""SJN41CQ44NY"",""registeredDevice"":""0"",""deviceErrorResponse"":{""errorCode"":""GRX-20024"",""errorMessage"":""Ya existe un AppleCare Plan para el dispositivo SJN41CQ44NY o está pendiente. Comprueba los detalles del pedido en la búsqueda 360 y ponte en contacto con el Soporte técnico de AppleCare Connect si necesitas más información.""},""pocType"":""APOC"",""serialNumber"":""JN41CQ44NY"",""partNumber"":""SD0T3ZX/A"",""partAlias"":""ACP"",""productDescription"":""MacBook Neo""}},""transactionId"":""cad4331c-265d-47c2-8631-491a367d5596-1789669950674""}"
False;5181555;2026-09-17 15:32:58.637000;2026-09-15 00:00:00;401156;CREATEORDER;SJN41CQ44NY;MHFF4CI/A;"{""orderDetailsResponses"":{""deviceEligibility"":{""secondaryDisplay"":""0"",""deviceDateOfPurchase"":""15/09/2026"",""deviceId"":""SJN41CQ44NY"",""registeredDevice"":""0"",""deviceErrorResponse"":{""errorCode"":""GRX-20024"",""errorMessage"":""Ya existe un AppleCare Plan para el dispositivo SJN41CQ44NY o está pendiente. Comprueba los detalles del pedido en la búsqueda 360 y ponte en contacto con el Soporte técnico de AppleCare Connect si necesitas más información.""},""pocType"":""APOC"",""serialNumber"":""JN41CQ44NY"",""partNumber"":""SD0T3ZX/A"",""partAlias"":""ACP"",""productDescription"":""MacBook Neo""}},""transactionId"":""a32b5323-9913-4de5-9af5-19181ba974b0-1789669977875""}"
True;5191753;2026-09-17 15:40:21.880000;2026-09-17 00:00:00;18201011;VERIFYORDER;SCYYV2MV6XW;MXP63AM/A;"{""orderDetailsResponses"":{""deviceEligibility"":{""secondaryDisplay"":""0"",""partDescription"":""AppleCare+ para AirPods"",""coverageDuration"":""2"",""productStatement"":""AppleCare+ para AirPods amplía la cobertura de servicio y soporte técnico a 2 años desde la fecha de compra de AppleCare+ e incluye cobertura para una cantidad ilimitada de incidentes por daño accidental debido a la manipulación del producto, cada uno de ellos sujeto a un cargo adicional de CLP28000 . Lee todos los detalles en los Términos y condiciones de AppleCare+."",""deviceDateOfPurchase"":""17/09/2026"",""deviceId"":""SCYYV2MV6XW"",""registeredDevice"":""1"",""pocType"":""APOC"",""serialNumber"":""CYYV2MV6XW"",""partNumber"":""S9066ZX/A"",""partAlias"":""ACP"",""purchaseMode"":""C"",""productDescription"":""AirPods 4""}},""transactionId"":""834d29e8-0662-4410-b06a-0b36a410f215-1789670421015""}"
False;5181555;2026-09-17 15:42:43.700000;2026-09-15 00:00:00;401156;CREATEORDER;SJN41CQ44NY;MHFF4CI/A;"{""orderDetailsResponses"":{""deviceEligibility"":{""secondaryDisplay"":""0"",""deviceDateOfPurchase"":""15/09/2026"",""deviceId"":""SJN41CQ44NY"",""registeredDevice"":""0"",""deviceErrorResponse"":{""errorCode"":""GRX-20024"",""errorMessage"":""Ya existe un AppleCare Plan para el dispositivo SJN41CQ44NY o está pendiente. Comprueba los detalles del pedido en la búsqueda 360 y ponte en contacto con el Soporte técnico de AppleCare Connect si necesitas más información.""},""pocType"":""APOC"",""serialNumber"":""JN41CQ44NY"",""partNumber"":""SD0T3ZX/A"",""partAlias"":""ACP"",""productDescription"":""MacBook Neo""}},""transactionId"":""e4286025-249d-4ff7-94f2-155fde941958-1789670562904""}"
False;5181555;2026-09-17 15:43:12.467000;2026-09-15 00:00:00;401156;CREATEORDER;SJN41CQ44NY;MHFF4CI/A;"{""orderDetailsResponses"":{""deviceEligibility"":{""secondaryDisplay"":""0"",""deviceDateOfPurchase"":""15/09/2026"",""deviceId"":""SJN41CQ44NY"",""registeredDevice"":""0"",""deviceErrorResponse"":{""errorCode"":""GRX-20024"",""errorMessage"":""Ya existe un AppleCare Plan para el dispositivo SJN41CQ44NY o está pendiente. Comprueba los detalles del pedido en la búsqueda 360 y ponte en contacto con el Soporte técnico de AppleCare Connect si necesitas más información.""},""pocType"":""APOC"",""serialNumber"":""JN41CQ44NY"",""partNumber"":""SD0T3ZX/A"",""partAlias"":""ACP"",""productDescription"":""MacBook Neo""}},""transactionId"":""c0a519e1-22eb-4ae0-bd51-8b5a9d8a6196-1789670591678""}"
True;5191753;2026-09-17 15:44:57.340000;2026-09-17 00:00:00;18201011;CREATEORDER;SCYYV2MV6XW;MXP63AM/A;"{""orderDetailsResponses"":{""deviceEligibility"":{""secondaryDisplay"":""0"",""partDescription"":""AppleCare+ para AirPods"",""coverageDuration"":""2"",""productStatement"":""AppleCare+ para AirPods amplía la cobertura de servicio y soporte técnico a 2 años desde la fecha de compra de AppleCare+ e incluye cobertura para una cantidad ilimitada de incidentes por daño accidental debido a la manipulación del producto, cada uno de ellos sujeto a un cargo adicional de CLP28000 . Lee todos los detalles en los Términos y condiciones de AppleCare+."",""deviceDateOfPurchase"":""17/09/2026"",""deviceId"":""SCYYV2MV6XW"",""registeredDevice"":""1"",""pocType"":""APOC"",""serialNumber"":""CYYV2MV6XW"",""partNumber"":""S9066ZX/A"",""partAlias"":""ACP"",""purchaseMode"":""C"",""productDescription"":""AirPods 4""},""orderConfirmation"":{""agreementNumber"":""328422485852"",""coverageDurationStatement"":""Finaliza el 16/09/2028"",""termConditionURL"":""http://www.apple.com/legal/sales-support/"",""partNumber"":""S9066ZX/A"",""partAlias"":""ACP"",""partType"":""AppleCare+"",""purchaseMode"":""C"",""appleCareSalesDate"":""17/09/2026"",""pocType"":""APOC"",""purchaseOrderNumber"":""18201011""}},""transactionId"":""87da157f-2203-434f-87db-c280de6c34a8-1789670692181""}"
False;5181555;2026-09-17 15:52:44.860000;2026-09-15 00:00:00;401156;CREATEORDER;SJN41CQ44NY;MHFF4CI/A;"{""orderDetailsResponses"":{""deviceEligibility"":{""secondaryDisplay"":""0"",""deviceDateOfPurchase"":""15/09/2026"",""deviceId"":""SJN41CQ44NY"",""registeredDevice"":""0"",""deviceErrorResponse"":{""errorCode"":""GRX-20024"",""errorMessage"":""Ya existe un AppleCare Plan para el dispositivo SJN41CQ44NY o está pendiente. Comprueba los detalles del pedido en la búsqueda 360 y ponte en contacto con el Soporte técnico de AppleCare Connect si necesitas más información.""},""pocType"":""APOC"",""serialNumber"":""JN41CQ44NY"",""partNumber"":""SD0T3ZX/A"",""partAlias"":""ACP"",""productDescription"":""MacBook Neo""}},""transactionId"":""f23b7e4b-ad59-4cf3-837c-65fcce92a963-1789671163946""}"
False;5181555;2026-09-17 15:53:15.373000;2026-09-15 00:00:00;401156;CREATEORDER;SJN41CQ44NY;MHFF4CI/A;"{""orderDetailsResponses"":{""deviceEligibility"":{""secondaryDisplay"":""0"",""deviceDateOfPurchase"":""15/09/2026"",""deviceId"":""SJN41CQ44NY"",""registeredDevice"":""0"",""deviceErrorResponse"":{""errorCode"":""GRX-20024"",""errorMessage"":""Ya existe un AppleCare Plan para el dispositivo SJN41CQ44NY o está pendiente. Comprueba los detalles del pedido en la búsqueda 360 y ponte en contacto con el Soporte técnico de AppleCare Connect si necesitas más información.""},""pocType"":""APOC"",""serialNumber"":""JN41CQ44NY"",""partNumber"":""SD0T3ZX/A"",""partAlias"":""ACP"",""productDescription"":""MacBook Neo""}},""transactionId"":""8d0b0f6c-89a6-4ba0-a818-dab72e5cfa4b-1789671194557""}"
True;5163166;2026-09-17 16:00:37.730000;2026-09-17 00:00:00;48001033;VERIFYORDER;F7J3FWDQRK;MEU04AM/A;"{""orderDetailsResponses"":{""deviceEligibility"":{""secondaryDisplay"":""0"",""partDescription"":""AppleCare+ para Apple Watch Series 11"",""coverageDuration"":""2"",""productStatement"":""AppleCare+ para Apple Watch Series 11 amplía la cobertura de servicio y soporte técnico a 2 años desde la fecha de compra de AppleCare+ e incluye cobertura para una cantidad ilimitada de incidentes por daño accidental debido a la manipulación del producto, cada uno de ellos sujeto a un cargo adicional de R$67000  por Otros daños accidentales. Lee todos los detalles en los Términos y condiciones de AppleCare+."",""deviceDateOfPurchase"":""27/08/2026"",""deviceId"":""F7J3FWDQRK"",""registeredDevice"":""0"",""pocType"":""APOC"",""serialNumber"":""F7J3FWDQRK"",""partNumber"":""SXCJ2ZX/A"",""partAlias"":""ACP"",""purchaseMode"":""C"",""productDescription"":""Watch Series 11 (GPS) Aluminum 42MM""}},""transactionId"":""724dfd02-c62f-4d5c-aebb-00d975f98f3e-1789671637174""}"
True;5163166;2026-09-17 16:02:29.107000;2026-09-17 00:00:00;48001033;CREATEORDER;F7J3FWDQRK;MEU04AM/A;"{""orderDetailsResponses"":{""deviceEligibility"":{""secondaryDisplay"":""0"",""partDescription"":""AppleCare+ para Apple Watch Series 11"",""coverageDuration"":""2"",""productStatement"":""AppleCare+ para Apple Watch Series 11 amplía la cobertura de servicio y soporte técnico a 2 años desde la fecha de compra de AppleCare+ e incluye cobertura para una cantidad ilimitada de incidentes por daño accidental debido a la manipulación del producto, cada uno de ellos sujeto a un cargo adicional de R$67000  por Otros daños accidentales. Lee todos los detalles en los Términos y condiciones de AppleCare+."",""deviceDateOfPurchase"":""27/08/2026"",""deviceId"":""F7J3FWDQRK"",""registeredDevice"":""0"",""pocType"":""APOC"",""serialNumber"":""F7J3FWDQRK"",""partNumber"":""SXCJ2ZX/A"",""partAlias"":""ACP"",""purchaseMode"":""C"",""productDescription"":""Watch Series 11 (GPS) Aluminum 42MM""},""orderConfirmation"":{""agreementNumber"":""328422487777"",""coverageDurationStatement"":""Finaliza el 16/09/2028"",""termConditionURL"":""http://www.apple.com/legal/sales-support/"",""partNumber"":""SXCJ2ZX/A"",""partAlias"":""ACP"",""partType"":""AppleCare+"",""purchaseMode"":""C"",""appleCareSalesDate"":""17/09/2026"",""pocType"":""APOC"",""purchaseOrderNumber"":""48001033""}},""transactionId"":""7742173c-691c-455d-b9c6-f6bce0d6512a-1789671743141""}"
False;5181555;2026-09-17 16:02:42.757000;2026-09-15 00:00:00;401156;CREATEORDER;SJN41CQ44NY;MHFF4CI/A;"{""orderDetailsResponses"":{""deviceEligibility"":{""secondaryDisplay"":""0"",""deviceDateOfPurchase"":""15/09/2026"",""deviceId"":""SJN41CQ44NY"",""registeredDevice"":""0"",""deviceErrorResponse"":{""errorCode"":""GRX-20024"",""errorMessage"":""Ya existe un AppleCare Plan para el dispositivo SJN41CQ44NY o está pendiente. Comprueba los detalles del pedido en la búsqueda 360 y ponte en contacto con el Soporte técnico de AppleCare Connect si necesitas más información.""},""pocType"":""APOC"",""serialNumber"":""JN41CQ44NY"",""partNumber"":""SD0T3ZX/A"",""partAlias"":""ACP"",""productDescription"":""MacBook Neo""}},""transactionId"":""4fa46870-c3ef-4819-aad1-317eeb81907a-1789671762047""}"
False;5181555;2026-09-17 16:03:12.300000;2026-09-15 00:00:00;401156;CREATEORDER;SJN41CQ44NY;MHFF4CI/A;"{""orderDetailsResponses"":{""deviceEligibility"":{""secondaryDisplay"":""0"",""deviceDateOfPurchase"":""15/09/2026"",""deviceId"":""SJN41CQ44NY"",""registeredDevice"":""0"",""deviceErrorResponse"":{""errorCode"":""GRX-20024"",""errorMessage"":""Ya existe un AppleCare Plan para el dispositivo SJN41CQ44NY o está pendiente. Comprueba los detalles del pedido en la búsqueda 360 y ponte en contacto con el Soporte técnico de AppleCare Connect si necesitas más información.""},""pocType"":""APOC"",""serialNumber"":""JN41CQ44NY"",""partNumber"":""SD0T3ZX/A"",""partAlias"":""ACP"",""productDescription"":""MacBook Neo""}},""transactionId"":""0c2364c4-98b9-4b86-adc1-5bf3d491b56c-1789671791414""}"
True;1337872;2026-09-17 16:11:09.923000;2026-09-17 00:00:00;401155;VERIFYORDER;SGPF90VV59Y;MG6J4BE/A;"{""orderDetailsResponses"":{""deviceEligibility"":{""secondaryDisplay"":""0"",""partDescription"":""AppleCare+ con robo y pérdida para iPhone 17"",""coverageDuration"":""2"",""productStatement"":""Tu AppleCare+ con robo y pérdida para iPhone 17 amplía la cobertura de servicio y soporte técnico a 2 años desde la fecha de compra de AppleCare+ con robo y pérdida e incluye cobertura para una cantidad ilimitada de incidentes por daño accidental debido a la manipulación del producto o un máximo de dos incidentes de robo y pérdida cada 12 meses, cada uno de ellos sujeto a un cargo adicional de R$96000  por Otros daños accidentales o de R$28000  por los daños de la pantalla o la carcasa externa o de R$144000  por robo o pérdida. Lee todos los detalles en los Términos y condiciones de AppleCare+."",""deviceDateOfPurchase"":""17/09/2026"",""deviceId"":""SGPF90VV59Y"",""registeredDevice"":""1"",""pocType"":""APOC"",""serialNumber"":""GPF90VV59Y"",""partNumber"":""SX2V2ZX/A"",""partAlias"":""ACPTL"",""purchaseMode"":""C"",""productDescription"":""iPhone 17"",""tlDisclosure"":""La cobertura de robo y pérdida requiere que tengas la función Buscar habilitada en tu dispositivo antes de que se pierda o te lo roben. Durante el proceso de reclamación, te pediremos que uses la función Buscar para poner el dispositivo perdido o robado en modo Perdido, borrarlo y transferir la propiedad a Apple para que podamos asignarte un nuevo dispositivo. Para asegurarte de que puedas iniciar sesión en Buscar y acceder a esta función, es importante que recuerdes tu ID de Apple y contraseña, y que mantengas la información de tu cuenta actualizada. Si usas la autenticación de doble factor para el ID de Apple, te recomendamos que añadas un número de teléfono adicional de confianza a tu cuenta en el que puedas recibir el código de verificación de 6 dígitos que necesitas para iniciar sesión aunque no tengas tu iPhone. Para obtener más información, visita las páginas de Soporte técnico de Apple.""}},""transactionId"":""b1b170fe-492d-4229-891d-2f53ccc6f80d-1789672269097""}"
False;5181555;2026-09-17 16:12:08.350000;2026-09-15 00:00:00;401156;CREATEORDER;SJN41CQ44NY;MHFF4CI/A;"{""orderDetailsResponses"":{""deviceEligibility"":{""secondaryDisplay"":""0"",""deviceDateOfPurchase"":""15/09/2026"",""deviceId"":""SJN41CQ44NY"",""registeredDevice"":""0"",""deviceErrorResponse"":{""errorCode"":""GRX-20024"",""errorMessage"":""Ya existe un AppleCare Plan para el dispositivo SJN41CQ44NY o está pendiente. Comprueba los detalles del pedido en la búsqueda 360 y ponte en contacto con el Soporte técnico de AppleCare Connect si necesitas más información.""},""pocType"":""APOC"",""serialNumber"":""JN41CQ44NY"",""partNumber"":""SD0T3ZX/A"",""partAlias"":""ACP"",""productDescription"":""MacBook Neo""}},""transactionId"":""068910e4-41ed-47ed-8722-14b5cfc3ae80-1789672327589""}"
False;5181555;2026-09-17 16:12:32.943000;2026-09-15 00:00:00;401156;CREATEORDER;SJN41CQ44NY;MHFF4CI/A;"{""orderDetailsResponses"":{""deviceEligibility"":{""secondaryDisplay"":""0"",""deviceDateOfPurchase"":""15/09/2026"",""deviceId"":""SJN41CQ44NY"",""registeredDevice"":""0"",""deviceErrorResponse"":{""errorCode"":""GRX-20024"",""errorMessage"":""Ya existe un AppleCare Plan para el dispositivo SJN41CQ44NY o está pendiente. Comprueba los detalles del pedido en la búsqueda 360 y ponte en contacto con el Soporte técnico de AppleCare Connect si necesitas más información.""},""pocType"":""APOC"",""serialNumber"":""JN41CQ44NY"",""partNumber"":""SD0T3ZX/A"",""partAlias"":""ACP"",""productDescription"":""MacBook Neo""}},""transactionId"":""6140b536-e3e3-47d0-95f8-c19fb4bd50fb-1789672352177""}"
True;1337872;2026-09-17 16:14:37.130000;2026-09-17 00:00:00;401155;CREATEORDER;SGPF90VV59Y;MG6J4BE/A;"{""orderDetailsResponses"":{""deviceEligibility"":{""secondaryDisplay"":""0"",""partDescription"":""AppleCare+ con robo y pérdida para iPhone 17"",""coverageDuration"":""2"",""productStatement"":""Tu AppleCare+ con robo y pérdida para iPhone 17 amplía la cobertura de servicio y soporte técnico a 2 años desde la fecha de compra de AppleCare+ con robo y pérdida e incluye cobertura para una cantidad ilimitada de incidentes por daño accidental debido a la manipulación del producto o un máximo de dos incidentes de robo y pérdida cada 12 meses, cada uno de ellos sujeto a un cargo adicional de R$96000  por Otros daños accidentales o de R$28000  por los daños de la pantalla o la carcasa externa o de R$144000  por robo o pérdida. Lee todos los detalles en los Términos y condiciones de AppleCare+."",""deviceDateOfPurchase"":""17/09/2026"",""deviceId"":""SGPF90VV59Y"",""registeredDevice"":""1"",""pocType"":""APOC"",""serialNumber"":""GPF90VV59Y"",""partNumber"":""SX2V2ZX/A"",""partAlias"":""ACPTL"",""purchaseMode"":""C"",""productDescription"":""iPhone 17"",""tlDisclosure"":""La cobertura de robo y pérdida requiere que tengas la función Buscar habilitada en tu dispositivo antes de que se pierda o te lo roben. Durante el proceso de reclamación, te pediremos que uses la función Buscar para poner el dispositivo perdido o robado en modo Perdido, borrarlo y transferir la propiedad a Apple para que podamos asignarte un nuevo dispositivo. Para asegurarte de que puedas iniciar sesión en Buscar y acceder a esta función, es importante que recuerdes tu ID de Apple y contraseña, y que mantengas la información de tu cuenta actualizada. Si usas la autenticación de doble factor para el ID de Apple, te recomendamos que añadas un número de teléfono adicional de confianza a tu cuenta en el que puedas recibir el código de verificación de 6 dígitos que necesitas para iniciar sesión aunque no tengas tu iPhone. Para obtener más información, visita las páginas de Soporte técnico de Apple.""},""orderConfirmation"":{""agreementNumber"":""328422520189"",""coverageDurationStatement"":""Finaliza el 16/09/2028"",""termConditionURL"":""http://www.apple.com/legal/sales-support/"",""partNumber"":""SX2V2ZX/A"",""partAlias"":""ACPTL"",""partType"":""AC+TL"",""purchaseMode"":""C"",""appleCareSalesDate"":""17/09/2026"",""pocType"":""APOC"",""purchaseOrderNumber"":""401155""}},""transactionId"":""8a43adab-94a0-471e-8bcd-f013f07ebaa7-1789672472108""}"
False;5181555;2026-09-17 16:17:46.630000;2026-09-15 00:00:00;401156;CREATEORDER;SJN41CQ44NY;MHFF4CI/A;"{""orderDetailsResponses"":{""deviceEligibility"":{""secondaryDisplay"":""0"",""deviceDateOfPurchase"":""15/09/2026"",""deviceId"":""SJN41CQ44NY"",""registeredDevice"":""0"",""deviceErrorResponse"":{""errorCode"":""GRX-20024"",""errorMessage"":""Ya existe un AppleCare Plan para el dispositivo SJN41CQ44NY o está pendiente. Comprueba los detalles del pedido en la búsqueda 360 y ponte en contacto con el Soporte técnico de AppleCare Connect si necesitas más información.""},""pocType"":""APOC"",""serialNumber"":""JN41CQ44NY"",""partNumber"":""SD0T3ZX/A"",""partAlias"":""ACP"",""productDescription"":""MacBook Neo""}},""transactionId"":""e630bc27-b861-4f6d-b44b-aa4a738d801a-1789672665877""}"
False;5181555;2026-09-17 16:18:19.553000;2026-09-15 00:00:00;401156;CREATEORDER;SJN41CQ44NY;MHFF4CI/A;"{""orderDetailsResponses"":{""deviceEligibility"":{""secondaryDisplay"":""0"",""deviceDateOfPurchase"":""15/09/2026"",""deviceId"":""SJN41CQ44NY"",""registeredDevice"":""0"",""deviceErrorResponse"":{""errorCode"":""GRX-20024"",""errorMessage"":""Ya existe un AppleCare Plan para el dispositivo SJN41CQ44NY o está pendiente. Comprueba los detalles del pedido en la búsqueda 360 y ponte en contacto con el Soporte técnico de AppleCare Connect si necesitas más información.""},""pocType"":""APOC"",""serialNumber"":""JN41CQ44NY"",""partNumber"":""SD0T3ZX/A"",""partAlias"":""ACP"",""productDescription"":""MacBook Neo""}},""transactionId"":""f0d1105f-612e-4817-882a-87122e3e9d89-1789672698789""}"
False;5181555;2026-09-17 16:27:44.913000;2026-09-15 00:00:00;401156;CREATEORDER;SJN41CQ44NY;MHFF4CI/A;"{""orderDetailsResponses"":{""deviceEligibility"":{""secondaryDisplay"":""0"",""deviceDateOfPurchase"":""15/09/2026"",""deviceId"":""SJN41CQ44NY"",""registeredDevice"":""0"",""deviceErrorResponse"":{""errorCode"":""GRX-20024"",""errorMessage"":""Ya existe un AppleCare Plan para el dispositivo SJN41CQ44NY o está pendiente. Comprueba los detalles del pedido en la búsqueda 360 y ponte en contacto con el Soporte técnico de AppleCare Connect si necesitas más información.""},""pocType"":""APOC"",""serialNumber"":""JN41CQ44NY"",""partNumber"":""SD0T3ZX/A"",""partAlias"":""ACP"",""productDescription"":""MacBook Neo""}},""transactionId"":""4f272755-aa10-4235-a3f5-7de94641b92c-1789673264196""}"
False;5181555;2026-09-17 16:28:13.363000;2026-09-15 00:00:00;401156;CREATEORDER;SJN41CQ44NY;MHFF4CI/A;"{""orderDetailsResponses"":{""deviceEligibility"":{""secondaryDisplay"":""0"",""deviceDateOfPurchase"":""15/09/2026"",""deviceId"":""SJN41CQ44NY"",""registeredDevice"":""0"",""deviceErrorResponse"":{""errorCode"":""GRX-20024"",""errorMessage"":""Ya existe un AppleCare Plan para el dispositivo SJN41CQ44NY o está pendiente. Comprueba los detalles del pedido en la búsqueda 360 y ponte en contacto con el Soporte técnico de AppleCare Connect si necesitas más información.""},""pocType"":""APOC"",""serialNumber"":""JN41CQ44NY"",""partNumber"":""SD0T3ZX/A"",""partAlias"":""ACP"",""productDescription"":""MacBook Neo""}},""transactionId"":""34327b39-86dd-49c4-ab42-d4b554595a34-1789673292402""}"
False;5181555;2026-09-17 16:37:39.327000;2026-09-15 00:00:00;401156;CREATEORDER;SJN41CQ44NY;MHFF4CI/A;"{""orderDetailsResponses"":{""deviceEligibility"":{""secondaryDisplay"":""0"",""deviceDateOfPurchase"":""15/09/2026"",""deviceId"":""SJN41CQ44NY"",""registeredDevice"":""0"",""deviceErrorResponse"":{""errorCode"":""GRX-20024"",""errorMessage"":""Ya existe un AppleCare Plan para el dispositivo SJN41CQ44NY o está pendiente. Comprueba los detalles del pedido en la búsqueda 360 y ponte en contacto con el Soporte técnico de AppleCare Connect si necesitas más información.""},""pocType"":""APOC"",""serialNumber"":""JN41CQ44NY"",""partNumber"":""SD0T3ZX/A"",""partAlias"":""ACP"",""productDescription"":""MacBook Neo""}},""transactionId"":""87f88098-e8f9-472b-ab01-26e204d410fa-1789673858576""}"
False;5181555;2026-09-17 16:38:07.413000;2026-09-15 00:00:00;401156;CREATEORDER;SJN41CQ44NY;MHFF4CI/A;"{""orderDetailsResponses"":{""deviceEligibility"":{""secondaryDisplay"":""0"",""deviceDateOfPurchase"":""15/09/2026"",""deviceId"":""SJN41CQ44NY"",""registeredDevice"":""0"",""deviceErrorResponse"":{""errorCode"":""GRX-20024"",""errorMessage"":""Ya existe un AppleCare Plan para el dispositivo SJN41CQ44NY o está pendiente. Comprueba los detalles del pedido en la búsqueda 360 y ponte en contacto con el Soporte técnico de AppleCare Connect si necesitas más información.""},""pocType"":""APOC"",""serialNumber"":""JN41CQ44NY"",""partNumber"":""SD0T3ZX/A"",""partAlias"":""ACP"",""productDescription"":""MacBook Neo""}},""transactionId"":""dc5f5e19-fa54-4646-902c-f3a047bcccc7-1789673886621""}"
False;5181555;2026-09-17 16:47:32.770000;2026-09-15 00:00:00;401156;CREATEORDER;SJN41CQ44NY;MHFF4CI/A;"{""orderDetailsResponses"":{""deviceEligibility"":{""secondaryDisplay"":""0"",""deviceDateOfPurchase"":""15/09/2026"",""deviceId"":""SJN41CQ44NY"",""registeredDevice"":""0"",""deviceErrorResponse"":{""errorCode"":""GRX-20024"",""errorMessage"":""Ya existe un AppleCare Plan para el dispositivo SJN41CQ44NY o está pendiente. Comprueba los detalles del pedido en la búsqueda 360 y ponte en contacto con el Soporte técnico de AppleCare Connect si necesitas más información.""},""pocType"":""APOC"",""serialNumber"":""JN41CQ44NY"",""partNumber"":""SD0T3ZX/A"",""partAlias"":""ACP"",""productDescription"":""MacBook Neo""}},""transactionId"":""4d0195af-52b7-4a8d-b29b-9518b094e886-1789674451941""}"
False;5181555;2026-09-17 16:48:00.117000;2026-09-15 00:00:00;401156;CREATEORDER;SJN41CQ44NY;MHFF4CI/A;"{""orderDetailsResponses"":{""deviceEligibility"":{""secondaryDisplay"":""0"",""deviceDateOfPurchase"":""15/09/2026"",""deviceId"":""SJN41CQ44NY"",""registeredDevice"":""0"",""deviceErrorResponse"":{""errorCode"":""GRX-20024"",""errorMessage"":""Ya existe un AppleCare Plan para el dispositivo SJN41CQ44NY o está pendiente. Comprueba los detalles del pedido en la búsqueda 360 y ponte en contacto con el Soporte técnico de AppleCare Connect si necesitas más información.""},""pocType"":""APOC"",""serialNumber"":""JN41CQ44NY"",""partNumber"":""SD0T3ZX/A"",""partAlias"":""ACP"",""productDescription"":""MacBook Neo""}},""transactionId"":""57fe1920-5b05-4f52-8e6e-6f46183c4b6f-1789674479252""}"
False;5181555;2026-09-17 16:57:39.027000;2026-09-15 00:00:00;401156;CREATEORDER;SJN41CQ44NY;MHFF4CI/A;"{""orderDetailsResponses"":{""deviceEligibility"":{""secondaryDisplay"":""0"",""deviceDateOfPurchase"":""15/09/2026"",""deviceId"":""SJN41CQ44NY"",""registeredDevice"":""0"",""deviceErrorResponse"":{""errorCode"":""GRX-20024"",""errorMessage"":""Ya existe un AppleCare Plan para el dispositivo SJN41CQ44NY o está pendiente. Comprueba los detalles del pedido en la búsqueda 360 y ponte en contacto con el Soporte técnico de AppleCare Connect si necesitas más información.""},""pocType"":""APOC"",""serialNumber"":""JN41CQ44NY"",""partNumber"":""SD0T3ZX/A"",""partAlias"":""ACP"",""productDescription"":""MacBook Neo""}},""transactionId"":""abbed243-4394-43f8-b606-c817cacf6477-1789675058060""}"
False;5181555;2026-09-17 16:58:06.630000;2026-09-15 00:00:00;401156;CREATEORDER;SJN41CQ44NY;MHFF4CI/A;"{""orderDetailsResponses"":{""deviceEligibility"":{""secondaryDisplay"":""0"",""deviceDateOfPurchase"":""15/09/2026"",""deviceId"":""SJN41CQ44NY"",""registeredDevice"":""0"",""deviceErrorResponse"":{""errorCode"":""GRX-20024"",""errorMessage"":""Ya existe un AppleCare Plan para el dispositivo SJN41CQ44NY o está pendiente. Comprueba los detalles del pedido en la búsqueda 360 y ponte en contacto con el Soporte técnico de AppleCare Connect si necesitas más información.""},""pocType"":""APOC"",""serialNumber"":""JN41CQ44NY"",""partNumber"":""SD0T3ZX/A"",""partAlias"":""ACP"",""productDescription"":""MacBook Neo""}},""transactionId"":""c39aebe4-2688-4226-80f4-ce5f830b3ff3-1789675085838""}"
False;5181555;2026-09-17 17:07:33.873000;2026-09-15 00:00:00;401156;CREATEORDER;SJN41CQ44NY;MHFF4CI/A;"{""orderDetailsResponses"":{""deviceEligibility"":{""secondaryDisplay"":""0"",""deviceDateOfPurchase"":""15/09/2026"",""deviceId"":""SJN41CQ44NY"",""registeredDevice"":""0"",""deviceErrorResponse"":{""errorCode"":""GRX-20024"",""errorMessage"":""Ya existe un AppleCare Plan para el dispositivo SJN41CQ44NY o está pendiente. Comprueba los detalles del pedido en la búsqueda 360 y ponte en contacto con el Soporte técnico de AppleCare Connect si necesitas más información.""},""pocType"":""APOC"",""serialNumber"":""JN41CQ44NY"",""partNumber"":""SD0T3ZX/A"",""partAlias"":""ACP"",""productDescription"":""MacBook Neo""}},""transactionId"":""eecc6a39-f83b-4f04-9dcb-16ad58bef9df-1789675653155""}"
False;5181555;2026-09-17 17:08:02.090000;2026-09-15 00:00:00;401156;CREATEORDER;SJN41CQ44NY;MHFF4CI/A;"{""orderDetailsResponses"":{""deviceEligibility"":{""secondaryDisplay"":""0"",""deviceDateOfPurchase"":""15/09/2026"",""deviceId"":""SJN41CQ44NY"",""registeredDevice"":""0"",""deviceErrorResponse"":{""errorCode"":""GRX-20024"",""errorMessage"":""Ya existe un AppleCare Plan para el dispositivo SJN41CQ44NY o está pendiente. Comprueba los detalles del pedido en la búsqueda 360 y ponte en contacto con el Soporte técnico de AppleCare Connect si necesitas más información.""},""pocType"":""APOC"",""serialNumber"":""JN41CQ44NY"",""partNumber"":""SD0T3ZX/A"",""partAlias"":""ACP"",""productDescription"":""MacBook Neo""}},""transactionId"":""21b06011-425e-4a45-a835-ad43a9bdc5e5-1789675681297""}"
False;5181555;2026-09-17 17:17:32.490000;2026-09-15 00:00:00;401156;CREATEORDER;SJN41CQ44NY;MHFF4CI/A;"{""orderDetailsResponses"":{""deviceEligibility"":{""secondaryDisplay"":""0"",""deviceDateOfPurchase"":""15/09/2026"",""deviceId"":""SJN41CQ44NY"",""registeredDevice"":""0"",""deviceErrorResponse"":{""errorCode"":""GRX-20024"",""errorMessage"":""Ya existe un AppleCare Plan para el dispositivo SJN41CQ44NY o está pendiente. Comprueba los detalles del pedido en la búsqueda 360 y ponte en contacto con el Soporte técnico de AppleCare Connect si necesitas más información.""},""pocType"":""APOC"",""serialNumber"":""JN41CQ44NY"",""partNumber"":""SD0T3ZX/A"",""partAlias"":""ACP"",""productDescription"":""MacBook Neo""}},""transactionId"":""462355c4-dcae-4b45-bef5-77328b84054b-1789676251409""}"
False;5181555;2026-09-17 17:18:00.847000;2026-09-15 00:00:00;401156;CREATEORDER;SJN41CQ44NY;MHFF4CI/A;"{""orderDetailsResponses"":{""deviceEligibility"":{""secondaryDisplay"":""0"",""deviceDateOfPurchase"":""15/09/2026"",""deviceId"":""SJN41CQ44NY"",""registeredDevice"":""0"",""deviceErrorResponse"":{""errorCode"":""GRX-20024"",""errorMessage"":""Ya existe un AppleCare Plan para el dispositivo SJN41CQ44NY o está pendiente. Comprueba los detalles del pedido en la búsqueda 360 y ponte en contacto con el Soporte técnico de AppleCare Connect si necesitas más información.""},""pocType"":""APOC"",""serialNumber"":""JN41CQ44NY"",""partNumber"":""SD0T3ZX/A"",""partAlias"":""ACP"",""productDescription"":""MacBook Neo""}},""transactionId"":""d82d6552-9b7a-4585-a379-91f44a79ad55-1789676280020""}"
False;5181555;2026-09-17 17:27:09.510000;2026-09-15 00:00:00;401156;CREATEORDER;SJN41CQ44NY;MHFF4CI/A;"{""orderDetailsResponses"":{""deviceEligibility"":{""secondaryDisplay"":""0"",""deviceDateOfPurchase"":""15/09/2026"",""deviceId"":""SJN41CQ44NY"",""registeredDevice"":""0"",""deviceErrorResponse"":{""errorCode"":""GRX-20024"",""errorMessage"":""Ya existe un AppleCare Plan para el dispositivo SJN41CQ44NY o está pendiente. Comprueba los detalles del pedido en la búsqueda 360 y ponte en contacto con el Soporte técnico de AppleCare Connect si necesitas más información.""},""pocType"":""APOC"",""serialNumber"":""JN41CQ44NY"",""partNumber"":""SD0T3ZX/A"",""partAlias"":""ACP"",""productDescription"":""MacBook Neo""}},""transactionId"":""bc707215-60b9-4b5c-ac0c-8483b38c7ea2-1789676828798""}"
False;5181555;2026-09-17 17:27:34.267000;2026-09-15 00:00:00;401156;CREATEORDER;SJN41CQ44NY;MHFF4CI/A;"{""orderDetailsResponses"":{""deviceEligibility"":{""secondaryDisplay"":""0"",""deviceDateOfPurchase"":""15/09/2026"",""deviceId"":""SJN41CQ44NY"",""registeredDevice"":""0"",""deviceErrorResponse"":{""errorCode"":""GRX-20024"",""errorMessage"":""Ya existe un AppleCare Plan para el dispositivo SJN41CQ44NY o está pendiente. Comprueba los detalles del pedido en la búsqueda 360 y ponte en contacto con el Soporte técnico de AppleCare Connect si necesitas más información.""},""pocType"":""APOC"",""serialNumber"":""JN41CQ44NY"",""partNumber"":""SD0T3ZX/A"",""partAlias"":""ACP"",""productDescription"":""MacBook Neo""}},""transactionId"":""c14a398c-1fa2-43f6-9421-2bdef44add6a-1789676853494""}"
False;5181555;2026-09-17 17:32:40.813000;2026-09-15 00:00:00;401156;CREATEORDER;SJN41CQ44NY;MHFF4CI/A;"{""orderDetailsResponses"":{""deviceEligibility"":{""secondaryDisplay"":""0"",""deviceDateOfPurchase"":""15/09/2026"",""deviceId"":""SJN41CQ44NY"",""registeredDevice"":""0"",""deviceErrorResponse"":{""errorCode"":""GRX-20024"",""errorMessage"":""Ya existe un AppleCare Plan para el dispositivo SJN41CQ44NY o está pendiente. Comprueba los detalles del pedido en la búsqueda 360 y ponte en contacto con el Soporte técnico de AppleCare Connect si necesitas más información.""},""pocType"":""APOC"",""serialNumber"":""JN41CQ44NY"",""partNumber"":""SD0T3ZX/A"",""partAlias"":""ACP"",""productDescription"":""MacBook Neo""}},""transactionId"":""960eb45d-69df-4d94-8955-44663391fec1-1789677159975""}"
False;5181555;2026-09-17 17:33:07.493000;2026-09-15 00:00:00;401156;CREATEORDER;SJN41CQ44NY;MHFF4CI/A;"{""orderDetailsResponses"":{""deviceEligibility"":{""secondaryDisplay"":""0"",""deviceDateOfPurchase"":""15/09/2026"",""deviceId"":""SJN41CQ44NY"",""registeredDevice"":""0"",""deviceErrorResponse"":{""errorCode"":""GRX-20024"",""errorMessage"":""Ya existe un AppleCare Plan para el dispositivo SJN41CQ44NY o está pendiente. Comprueba los detalles del pedido en la búsqueda 360 y ponte en contacto con el Soporte técnico de AppleCare Connect si necesitas más información.""},""pocType"":""APOC"",""serialNumber"":""JN41CQ44NY"",""partNumber"":""SD0T3ZX/A"",""partAlias"":""ACP"",""productDescription"":""MacBook Neo""}},""transactionId"":""0ff016df-0d05-47cf-b8cc-5f1d95a25195-1789677186753""}"
False;5181555;2026-09-17 17:42:32.930000;2026-09-15 00:00:00;401156;CREATEORDER;SJN41CQ44NY;MHFF4CI/A;"{""orderDetailsResponses"":{""deviceEligibility"":{""secondaryDisplay"":""0"",""deviceDateOfPurchase"":""15/09/2026"",""deviceId"":""SJN41CQ44NY"",""registeredDevice"":""0"",""deviceErrorResponse"":{""errorCode"":""GRX-20024"",""errorMessage"":""Ya existe un AppleCare Plan para el dispositivo SJN41CQ44NY o está pendiente. Comprueba los detalles del pedido en la búsqueda 360 y ponte en contacto con el Soporte técnico de AppleCare Connect si necesitas más información.""},""pocType"":""APOC"",""serialNumber"":""JN41CQ44NY"",""partNumber"":""SD0T3ZX/A"",""partAlias"":""ACP"",""productDescription"":""MacBook Neo""}},""transactionId"":""3bb72b3e-3802-42e0-bcf5-1b10bc839536-1789677752160""}"
False;5181555;2026-09-17 17:42:59.843000;2026-09-15 00:00:00;401156;CREATEORDER;SJN41CQ44NY;MHFF4CI/A;"{""orderDetailsResponses"":{""deviceEligibility"":{""secondaryDisplay"":""0"",""deviceDateOfPurchase"":""15/09/2026"",""deviceId"":""SJN41CQ44NY"",""registeredDevice"":""0"",""deviceErrorResponse"":{""errorCode"":""GRX-20024"",""errorMessage"":""Ya existe un AppleCare Plan para el dispositivo SJN41CQ44NY o está pendiente. Comprueba los detalles del pedido en la búsqueda 360 y ponte en contacto con el Soporte técnico de AppleCare Connect si necesitas más información.""},""pocType"":""APOC"",""serialNumber"":""JN41CQ44NY"",""partNumber"":""SD0T3ZX/A"",""partAlias"":""ACP"",""productDescription"":""MacBook Neo""}},""transactionId"":""db19f5f9-b7e5-455a-a0fd-7f409ee82941-1789677779035""}"
False;5181555;2026-09-17 17:52:34.167000;2026-09-15 00:00:00;401156;CREATEORDER;SJN41CQ44NY;MHFF4CI/A;"{""orderDetailsResponses"":{""deviceEligibility"":{""secondaryDisplay"":""0"",""deviceDateOfPurchase"":""15/09/2026"",""deviceId"":""SJN41CQ44NY"",""registeredDevice"":""0"",""deviceErrorResponse"":{""errorCode"":""GRX-20024"",""errorMessage"":""Ya existe un AppleCare Plan para el dispositivo SJN41CQ44NY o está pendiente. Comprueba los detalles del pedido en la búsqueda 360 y ponte en contacto con el Soporte técnico de AppleCare Connect si necesitas más información.""},""pocType"":""APOC"",""serialNumber"":""JN41CQ44NY"",""partNumber"":""SD0T3ZX/A"",""partAlias"":""ACP"",""productDescription"":""MacBook Neo""}},""transactionId"":""e5b11af0-3da8-40eb-b62c-193dc97b1685-1789678353246""}"
True;5197902;2026-09-17 17:53:03.973000;2026-09-17 00:00:00;23301065;VERIFYORDER;SFWXW5F97FW;MX2E3CI/A;"{""orderDetailsResponses"":{""deviceEligibility"":{""secondaryDisplay"":""0"",""partDescription"":""AppleCare+ para 14-in MB Pro (M4 Pro/M4 Max)"",""coverageDuration"":""3"",""productStatement"":""AppleCare+ para 14-in MB Pro (M4 Pro/M4 Max) amplía la cobertura de servicio y soporte técnico a 3 años desde la fecha de compra de AppleCare+ e incluye cobertura para una cantidad ilimitada de incidentes por daño accidental debido a la manipulación del producto, cada uno de ellos sujeto a un cargo adicional de R$96000  por daños en la pantalla o la carcasa externa o de R$289000  por Otros daños accidentales. Lee todos los detalles en los Términos y condiciones de AppleCare+."",""deviceDateOfPurchase"":""27/07/2026"",""deviceId"":""SFWXW5F97FW"",""registeredDevice"":""0"",""pocType"":""APOC"",""serialNumber"":""FWXW5F97FW"",""partNumber"":""SR182ZX/A"",""partAlias"":""ACP"",""purchaseMode"":""I"",""productDescription"":""MacBook Pro (14\"", M4 Pro/Max, 2024)""}},""transactionId"":""159928ed-cfcb-432d-884d-98e658889862-1789678383364""}"
False;5181555;2026-09-17 17:53:06.417000;2026-09-15 00:00:00;401156;CREATEORDER;SJN41CQ44NY;MHFF4CI/A;"{""orderDetailsResponses"":{""deviceEligibility"":{""secondaryDisplay"":""0"",""deviceDateOfPurchase"":""15/09/2026"",""deviceId"":""SJN41CQ44NY"",""registeredDevice"":""0"",""deviceErrorResponse"":{""errorCode"":""GRX-20024"",""errorMessage"":""Ya existe un AppleCare Plan para el dispositivo SJN41CQ44NY o está pendiente. Comprueba los detalles del pedido en la búsqueda 360 y ponte en contacto con el Soporte técnico de AppleCare Connect si necesitas más información.""},""pocType"":""APOC"",""serialNumber"":""JN41CQ44NY"",""partNumber"":""SD0T3ZX/A"",""partAlias"":""ACP"",""productDescription"":""MacBook Neo""}},""transactionId"":""64b93fdf-ed23-4592-a553-e26683edff78-1789678385695""}"
True;1323597;2026-09-17 17:57:32.900000;2026-09-17 00:00:00;54801104;VERIFYORDER;SMG2NF4MWKY;MDYU4CI/A;"{""orderDetailsResponses"":{""deviceEligibility"":{""secondaryDisplay"":""1"",""partDescription"":""AppleCare+ para iPad Pro 13-inch (M5)"",""coverageDuration"":""2"",""productStatement"":""AppleCare+ para iPad Pro 13-inch (M5) amplía la cobertura de servicio y soporte técnico a 2 años desde la fecha de compra de AppleCare+ e incluye cobertura para una cantidad ilimitada de incidentes por daño accidental debido a la manipulación del producto, cada uno de ellos sujeto a un cargo adicional de R$28000  por Apple Pencil / Keyboard o de R$28000  por Daños que afectan solo a la pantalla o de R$96000  por Otros daños accidentales. Lee todos los detalles en los Términos y condiciones de AppleCare+."",""deviceDateOfPurchase"":""17/09/2026"",""deviceId"":""SMG2NF4MWKY"",""registeredDevice"":""1"",""pocType"":""APOC"",""serialNumber"":""MG2NF4MWKY"",""partNumber"":""SXT12ZX/A"",""partAlias"":""ACP"",""purchaseMode"":""C"",""productDescription"":""iPad Pro 13-inch (M5) Wi-Fi""}},""transactionId"":""a8aef54c-46ae-4fd7-afe0-bcfde5578d67-1789678652359""}"
True;1323597;2026-09-17 17:59:25.370000;2026-09-17 00:00:00;54801104;CREATEORDER;SMG2NF4MWKY;MDYU4CI/A;"{""orderDetailsResponses"":{""deviceEligibility"":{""secondaryDisplay"":""1"",""partDescription"":""AppleCare+ para iPad Pro 13-inch (M5)"",""coverageDuration"":""2"",""productStatement"":""AppleCare+ para iPad Pro 13-inch (M5) amplía la cobertura de servicio y soporte técnico a 2 años desde la fecha de compra de AppleCare+ e incluye cobertura para una cantidad ilimitada de incidentes por daño accidental debido a la manipulación del producto, cada uno de ellos sujeto a un cargo adicional de R$28000  por Apple Pencil / Keyboard o de R$28000  por Daños que afectan solo a la pantalla o de R$96000  por Otros daños accidentales. Lee todos los detalles en los Términos y condiciones de AppleCare+."",""deviceDateOfPurchase"":""17/09/2026"",""deviceId"":""SMG2NF4MWKY"",""registeredDevice"":""1"",""pocType"":""APOC"",""serialNumber"":""MG2NF4MWKY"",""partNumber"":""SXT12ZX/A"",""partAlias"":""ACP"",""purchaseMode"":""C"",""productDescription"":""iPad Pro 13-inch (M5) Wi-Fi""},""orderConfirmation"":{""agreementNumber"":""328422580381"",""coverageDurationStatement"":""Finaliza el 16/09/2028"",""termConditionURL"":""http://www.apple.com/legal/sales-support/"",""partNumber"":""SXT12ZX/A"",""partAlias"":""ACP"",""partType"":""AppleCare+"",""purchaseMode"":""C"",""appleCareSalesDate"":""17/09/2026"",""pocType"":""APOC"",""purchaseOrderNumber"":""54801104""}},""transactionId"":""fc8b9215-84af-450a-a749-67e42ac2fecc-1789678760386""}"
False;5181555;2026-09-17 18:02:30.173000;2026-09-15 00:00:00;401156;CREATEORDER;SJN41CQ44NY;MHFF4CI/A;"{""orderDetailsResponses"":{""deviceEligibility"":{""secondaryDisplay"":""0"",""deviceDateOfPurchase"":""15/09/2026"",""deviceId"":""SJN41CQ44NY"",""registeredDevice"":""0"",""deviceErrorResponse"":{""errorCode"":""GRX-20024"",""errorMessage"":""Ya existe un AppleCare Plan para el dispositivo SJN41CQ44NY o está pendiente. Comprueba los detalles del pedido en la búsqueda 360 y ponte en contacto con el Soporte técnico de AppleCare Connect si necesitas más información.""},""pocType"":""APOC"",""serialNumber"":""JN41CQ44NY"",""partNumber"":""SD0T3ZX/A"",""partAlias"":""ACP"",""productDescription"":""MacBook Neo""}},""transactionId"":""e0fd3c1e-f6fa-4e39-8c11-b23f41764b4b-1789678948716""}"
False;5181555;2026-09-17 18:03:12.130000;2026-09-15 00:00:00;401156;CREATEORDER;SJN41CQ44NY;MHFF4CI/A;"{""orderDetailsResponses"":{""deviceEligibility"":{""secondaryDisplay"":""0"",""deviceDateOfPurchase"":""15/09/2026"",""deviceId"":""SJN41CQ44NY"",""registeredDevice"":""0"",""deviceErrorResponse"":{""errorCode"":""GRX-20024"",""errorMessage"":""Ya existe un AppleCare Plan para el dispositivo SJN41CQ44NY o está pendiente. Comprueba los detalles del pedido en la búsqueda 360 y ponte en contacto con el Soporte técnico de AppleCare Connect si necesitas más información.""},""pocType"":""APOC"",""serialNumber"":""JN41CQ44NY"",""partNumber"":""SD0T3ZX/A"",""partAlias"":""ACP"",""productDescription"":""MacBook Neo""}},""transactionId"":""a21c1e84-5767-449c-857a-8c4780e8996e-1789678991282""}"
True;5197902;2026-09-17 18:03:52.190000;2026-09-17 00:00:00;23301065;CREATEORDER;SFWXW5F97FW;MX2E3CI/A;"{""orderDetailsResponses"":{""deviceEligibility"":{""secondaryDisplay"":""0"",""partDescription"":""AppleCare+ para 14-in MB Pro (M4 Pro/M4 Max)"",""coverageDuration"":""3"",""productStatement"":""AppleCare+ para 14-in MB Pro (M4 Pro/M4 Max) amplía la cobertura de servicio y soporte técnico a 3 años desde la fecha de compra de AppleCare+ e incluye cobertura para una cantidad ilimitada de incidentes por daño accidental debido a la manipulación del producto, cada uno de ellos sujeto a un cargo adicional de R$96000  por daños en la pantalla o la carcasa externa o de R$289000  por Otros daños accidentales. Lee todos los detalles en los Términos y condiciones de AppleCare+."",""deviceDateOfPurchase"":""27/07/2026"",""deviceId"":""SFWXW5F97FW"",""registeredDevice"":""0"",""pocType"":""APOC"",""serialNumber"":""FWXW5F97FW"",""partNumber"":""SR182ZX/A"",""partAlias"":""ACP"",""purchaseMode"":""I"",""productDescription"":""MacBook Pro (14\"", M4 Pro/Max, 2024)""},""orderConfirmation"":{""agreementNumber"":""328422560469"",""coverageDurationStatement"":""Finaliza el 16/09/2029"",""termConditionURL"":""http://www.apple.com/legal/sales-support/"",""partNumber"":""SR182ZX/A"",""partAlias"":""ACP"",""partType"":""AppleCare+"",""purchaseMode"":""I"",""appleCareSalesDate"":""17/09/2026"",""pocType"":""APOC"",""purchaseOrderNumber"":""23301065""}},""transactionId"":""3ffeb1c4-254b-45c2-a250-810d71c31ae0-1789679029803""}"
False;5181555;2026-09-17 18:12:32.743000;2026-09-15 00:00:00;401156;CREATEORDER;SJN41CQ44NY;MHFF4CI/A;"{""orderDetailsResponses"":{""deviceEligibility"":{""secondaryDisplay"":""0"",""deviceDateOfPurchase"":""15/09/2026"",""deviceId"":""SJN41CQ44NY"",""registeredDevice"":""0"",""deviceErrorResponse"":{""errorCode"":""GRX-20024"",""errorMessage"":""Ya existe un AppleCare Plan para el dispositivo SJN41CQ44NY o está pendiente. Comprueba los detalles del pedido en la búsqueda 360 y ponte en contacto con el Soporte técnico de AppleCare Connect si necesitas más información.""},""pocType"":""APOC"",""serialNumber"":""JN41CQ44NY"",""partNumber"":""SD0T3ZX/A"",""partAlias"":""ACP"",""productDescription"":""MacBook Neo""}},""transactionId"":""625fe726-a3de-4091-b9ad-d0264a2de388-1789679551885""}"
False;5181555;2026-09-17 18:13:03.887000;2026-09-15 00:00:00;401156;CREATEORDER;SJN41CQ44NY;MHFF4CI/A;"{""orderDetailsResponses"":{""deviceEligibility"":{""secondaryDisplay"":""0"",""deviceDateOfPurchase"":""15/09/2026"",""deviceId"":""SJN41CQ44NY"",""registeredDevice"":""0"",""deviceErrorResponse"":{""errorCode"":""GRX-20024"",""errorMessage"":""Ya existe un AppleCare Plan para el dispositivo SJN41CQ44NY o está pendiente. Comprueba los detalles del pedido en la búsqueda 360 y ponte en contacto con el Soporte técnico de AppleCare Connect si necesitas más información.""},""pocType"":""APOC"",""serialNumber"":""JN41CQ44NY"",""partNumber"":""SD0T3ZX/A"",""partAlias"":""ACP"",""productDescription"":""MacBook Neo""}},""transactionId"":""770fbbb9-728f-42ee-8c2d-b600e164610b-1789679583146""}"
False;5181555;2026-09-17 18:22:28.873000;2026-09-15 00:00:00;401156;CREATEORDER;SJN41CQ44NY;MHFF4CI/A;"{""orderDetailsResponses"":{""deviceEligibility"":{""secondaryDisplay"":""0"",""deviceDateOfPurchase"":""15/09/2026"",""deviceId"":""SJN41CQ44NY"",""registeredDevice"":""0"",""deviceErrorResponse"":{""errorCode"":""GRX-20024"",""errorMessage"":""Ya existe un AppleCare Plan para el dispositivo SJN41CQ44NY o está pendiente. Comprueba los detalles del pedido en la búsqueda 360 y ponte en contacto con el Soporte técnico de AppleCare Connect si necesitas más información.""},""pocType"":""APOC"",""serialNumber"":""JN41CQ44NY"",""partNumber"":""SD0T3ZX/A"",""partAlias"":""ACP"",""productDescription"":""MacBook Neo""}},""transactionId"":""676b1c73-9559-4985-8139-cfbc613df9a1-1789680148115""}"
False;5181555;2026-09-17 18:22:56.070000;2026-09-15 00:00:00;401156;CREATEORDER;SJN41CQ44NY;MHFF4CI/A;"{""orderDetailsResponses"":{""deviceEligibility"":{""secondaryDisplay"":""0"",""deviceDateOfPurchase"":""15/09/2026"",""deviceId"":""SJN41CQ44NY"",""registeredDevice"":""0"",""deviceErrorResponse"":{""errorCode"":""GRX-20024"",""errorMessage"":""Ya existe un AppleCare Plan para el dispositivo SJN41CQ44NY o está pendiente. Comprueba los detalles del pedido en la búsqueda 360 y ponte en contacto con el Soporte técnico de AppleCare Connect si necesitas más información.""},""pocType"":""APOC"",""serialNumber"":""JN41CQ44NY"",""partNumber"":""SD0T3ZX/A"",""partAlias"":""ACP"",""productDescription"":""MacBook Neo""}},""transactionId"":""ec2b7804-9e55-444e-8bec-038cc47d1a89-1789680175149""}"
False;5181555;2026-09-17 18:32:26.820000;2026-09-15 00:00:00;401156;CREATEORDER;SJN41CQ44NY;MHFF4CI/A;"{""orderDetailsResponses"":{""deviceEligibility"":{""secondaryDisplay"":""0"",""deviceDateOfPurchase"":""15/09/2026"",""deviceId"":""SJN41CQ44NY"",""registeredDevice"":""0"",""deviceErrorResponse"":{""errorCode"":""GRX-20024"",""errorMessage"":""Ya existe un AppleCare Plan para el dispositivo SJN41CQ44NY o está pendiente. Comprueba los detalles del pedido en la búsqueda 360 y ponte en contacto con el Soporte técnico de AppleCare Connect si necesitas más información.""},""pocType"":""APOC"",""serialNumber"":""JN41CQ44NY"",""partNumber"":""SD0T3ZX/A"",""partAlias"":""ACP"",""productDescription"":""MacBook Neo""}},""transactionId"":""25bf264d-e586-4c0f-b5cf-b4aef07b8cbd-1789680745905""}"
True;1339086;2026-09-17 18:32:46.380000;2026-09-17 00:00:00;10701131;VERIFYORDER;SK3W0NP4711;MFHP4AM/A;"{""orderDetailsResponses"":{""deviceEligibility"":{""secondaryDisplay"":""0"",""partDescription"":""AppleCare+ para Headphones - AirPods Pro"",""coverageDuration"":""2"",""productStatement"":""AppleCare+ para Headphones - AirPods Pro amplía la cobertura de servicio y soporte técnico a 2 años desde la fecha de compra de AppleCare+ e incluye cobertura para una cantidad ilimitada de incidentes por daño accidental debido a la manipulación del producto, cada uno de ellos sujeto a un cargo adicional de R$28000 . Lee todos los detalles en los Términos y condiciones de AppleCare+."",""deviceDateOfPurchase"":""17/09/2026"",""deviceId"":""SK3W0NP4711"",""registeredDevice"":""1"",""pocType"":""APOC"",""serialNumber"":""K3W0NP4711"",""partNumber"":""SYLW2ZX/A"",""partAlias"":""ACP"",""purchaseMode"":""C"",""productDescription"":""AirPods Pro 3""}},""transactionId"":""86fe52c1-e010-4559-884b-a4ad716ff4d0-1789680765796""}"
False;5181555;2026-09-17 18:32:50.623000;2026-09-15 00:00:00;401156;CREATEORDER;SJN41CQ44NY;MHFF4CI/A;"{""orderDetailsResponses"":{""deviceEligibility"":{""secondaryDisplay"":""0"",""deviceDateOfPurchase"":""15/09/2026"",""deviceId"":""SJN41CQ44NY"",""registeredDevice"":""0"",""deviceErrorResponse"":{""errorCode"":""GRX-20024"",""errorMessage"":""Ya existe un AppleCare Plan para el dispositivo SJN41CQ44NY o está pendiente. Comprueba los detalles del pedido en la búsqueda 360 y ponte en contacto con el Soporte técnico de AppleCare Connect si necesitas más información.""},""pocType"":""APOC"",""serialNumber"":""JN41CQ44NY"",""partNumber"":""SD0T3ZX/A"",""partAlias"":""ACP"",""productDescription"":""MacBook Neo""}},""transactionId"":""e8c0d673-3773-437b-96db-557840566167-1789680769845""}"
True;1339086;2026-09-17 18:33:34.563000;2026-09-17 00:00:00;10701131;CREATEORDER;SK3W0NP4711;MFHP4AM/A;"{""orderDetailsResponses"":{""deviceEligibility"":{""secondaryDisplay"":""0"",""partDescription"":""AppleCare+ para Headphones - AirPods Pro"",""coverageDuration"":""2"",""productStatement"":""AppleCare+ para Headphones - AirPods Pro amplía la cobertura de servicio y soporte técnico a 2 años desde la fecha de compra de AppleCare+ e incluye cobertura para una cantidad ilimitada de incidentes por daño accidental debido a la manipulación del producto, cada uno de ellos sujeto a un cargo adicional de R$28000 . Lee todos los detalles en los Términos y condiciones de AppleCare+."",""deviceDateOfPurchase"":""17/09/2026"",""deviceId"":""SK3W0NP4711"",""registeredDevice"":""1"",""pocType"":""APOC"",""serialNumber"":""K3W0NP4711"",""partNumber"":""SYLW2ZX/A"",""partAlias"":""ACP"",""purchaseMode"":""C"",""productDescription"":""AirPods Pro 3""},""orderConfirmation"":{""agreementNumber"":""328422561521"",""coverageDurationStatement"":""Finaliza el 16/09/2028"",""termConditionURL"":""http://www.apple.com/legal/sales-support/"",""partNumber"":""SYLW2ZX/A"",""partAlias"":""ACP"",""partType"":""AppleCare+"",""purchaseMode"":""C"",""appleCareSalesDate"":""17/09/2026"",""pocType"":""APOC"",""purchaseOrderNumber"":""10701131""}},""transactionId"":""9a35231a-52c8-49e4-b58c-ce470d31c83a-1789680809789""}"
False;5181555;2026-09-17 18:37:42.300000;2026-09-15 00:00:00;401156;CREATEORDER;SJN41CQ44NY;MHFF4CI/A;"{""orderDetailsResponses"":{""deviceEligibility"":{""secondaryDisplay"":""0"",""deviceDateOfPurchase"":""15/09/2026"",""deviceId"":""SJN41CQ44NY"",""registeredDevice"":""0"",""deviceErrorResponse"":{""errorCode"":""GRX-20024"",""errorMessage"":""Ya existe un AppleCare Plan para el dispositivo SJN41CQ44NY o está pendiente. Comprueba los detalles del pedido en la búsqueda 360 y ponte en contacto con el Soporte técnico de AppleCare Connect si necesitas más información.""},""pocType"":""APOC"",""serialNumber"":""JN41CQ44NY"",""partNumber"":""SD0T3ZX/A"",""partAlias"":""ACP"",""productDescription"":""MacBook Neo""}},""transactionId"":""c36afd86-bf46-4197-8486-f73f0b78dde8-1789681061584""}"
False;5181555;2026-09-17 18:38:18.207000;2026-09-15 00:00:00;401156;CREATEORDER;SJN41CQ44NY;MHFF4CI/A;"{""orderDetailsResponses"":{""deviceEligibility"":{""secondaryDisplay"":""0"",""deviceDateOfPurchase"":""15/09/2026"",""deviceId"":""SJN41CQ44NY"",""registeredDevice"":""0"",""deviceErrorResponse"":{""errorCode"":""GRX-20024"",""errorMessage"":""Ya existe un AppleCare Plan para el dispositivo SJN41CQ44NY o está pendiente. Comprueba los detalles del pedido en la búsqueda 360 y ponte en contacto con el Soporte técnico de AppleCare Connect si necesitas más información.""},""pocType"":""APOC"",""serialNumber"":""JN41CQ44NY"",""partNumber"":""SD0T3ZX/A"",""partAlias"":""ACP"",""productDescription"":""MacBook Neo""}},""transactionId"":""685fb1b6-3c8b-44f0-ab4b-0c7c6a89f698-1789681097365""}"
True;1333635;2026-09-17 18:39:59.560000;2026-09-17 00:00:00;401144;VERIFYORDER;sfy2076np90;MHFH4CI/A;"{""orderDetailsResponses"":{""deviceEligibility"":{""secondaryDisplay"":""0"",""partDescription"":""AppleCare+ para 13-inch MacBook Neo (A18PRO)"",""coverageDuration"":""3"",""productStatement"":""AppleCare+ para 13-inch MacBook Neo (A18PRO) amplía la cobertura de servicio y soporte técnico a 3 años desde la fecha de compra de AppleCare+ e incluye cobertura para una cantidad ilimitada de incidentes por daño accidental debido a la manipulación del producto, cada uno de ellos sujeto a un cargo adicional de R$51990  por daños en la pantalla o la carcasa externa o de R$156990  por Otros daños accidentales. Lee todos los detalles en los Términos y condiciones de AppleCare+."",""deviceDateOfPurchase"":""17/09/2026"",""deviceId"":""SFY2076NP90"",""registeredDevice"":""1"",""pocType"":""APOC"",""serialNumber"":""FY2076NP90"",""partNumber"":""SD0T3ZX/A"",""partAlias"":""ACP"",""purchaseMode"":""C"",""productDescription"":""MacBook Neo""}},""transactionId"":""b92fa2af-d180-4d34-9c9c-8ab897d22f41-1789681199052""}"
True;1333635;2026-09-17 18:47:21.947000;2026-09-17 00:00:00;401144;CREATEORDER;sfy2076np90;MHFH4CI/A;"{""orderDetailsResponses"":{""deviceEligibility"":{""secondaryDisplay"":""0"",""partDescription"":""AppleCare+ para 13-inch MacBook Neo (A18PRO)"",""coverageDuration"":""3"",""productStatement"":""AppleCare+ para 13-inch MacBook Neo (A18PRO) amplía la cobertura de servicio y soporte técnico a 3 años desde la fecha de compra de AppleCare+ e incluye cobertura para una cantidad ilimitada de incidentes por daño accidental debido a la manipulación del producto, cada uno de ellos sujeto a un cargo adicional de R$51990  por daños en la pantalla o la carcasa externa o de R$156990  por Otros daños accidentales. Lee todos los detalles en los Términos y condiciones de AppleCare+."",""deviceDateOfPurchase"":""17/09/2026"",""deviceId"":""SFY2076NP90"",""registeredDevice"":""1"",""pocType"":""APOC"",""serialNumber"":""FY2076NP90"",""partNumber"":""SD0T3ZX/A"",""partAlias"":""ACP"",""purchaseMode"":""C"",""productDescription"":""MacBook Neo""},""orderConfirmation"":{""agreementNumber"":""328422560559"",""coverageDurationStatement"":""Finaliza el 16/09/2029"",""termConditionURL"":""http://www.apple.com/legal/sales-support/"",""partNumber"":""SD0T3ZX/A"",""partAlias"":""ACP"",""partType"":""AppleCare+"",""purchaseMode"":""C"",""appleCareSalesDate"":""17/09/2026"",""pocType"":""APOC"",""purchaseOrderNumber"":""401144""}},""transactionId"":""61581bb6-4238-4496-ba19-1245d65a257a-1789681637089""}"
False;5181555;2026-09-17 18:47:35.453000;2026-09-15 00:00:00;401156;CREATEORDER;SJN41CQ44NY;MHFF4CI/A;"{""orderDetailsResponses"":{""deviceEligibility"":{""secondaryDisplay"":""0"",""deviceDateOfPurchase"":""15/09/2026"",""deviceId"":""SJN41CQ44NY"",""registeredDevice"":""0"",""deviceErrorResponse"":{""errorCode"":""GRX-20024"",""errorMessage"":""Ya existe un AppleCare Plan para el dispositivo SJN41CQ44NY o está pendiente. Comprueba los detalles del pedido en la búsqueda 360 y ponte en contacto con el Soporte técnico de AppleCare Connect si necesitas más información.""},""pocType"":""APOC"",""serialNumber"":""JN41CQ44NY"",""partNumber"":""SD0T3ZX/A"",""partAlias"":""ACP"",""productDescription"":""MacBook Neo""}},""transactionId"":""3e372264-ede9-47f8-b8e3-d2f00d4c5d97-1789681654571""}"
False;5181555;2026-09-17 18:48:05.830000;2026-09-15 00:00:00;401156;CREATEORDER;SJN41CQ44NY;MHFF4CI/A;"{""orderDetailsResponses"":{""deviceEligibility"":{""secondaryDisplay"":""0"",""deviceDateOfPurchase"":""15/09/2026"",""deviceId"":""SJN41CQ44NY"",""registeredDevice"":""0"",""deviceErrorResponse"":{""errorCode"":""GRX-20024"",""errorMessage"":""Ya existe un AppleCare Plan para el dispositivo SJN41CQ44NY o está pendiente. Comprueba los detalles del pedido en la búsqueda 360 y ponte en contacto con el Soporte técnico de AppleCare Connect si necesitas más información.""},""pocType"":""APOC"",""serialNumber"":""JN41CQ44NY"",""partNumber"":""SD0T3ZX/A"",""partAlias"":""ACP"",""productDescription"":""MacBook Neo""}},""transactionId"":""a3bc5a12-bc3d-464b-91d5-5652a56db8ae-1789681684993""}"
False;5181555;2026-09-17 18:57:28.237000;2026-09-15 00:00:00;401156;CREATEORDER;SJN41CQ44NY;MHFF4CI/A;"{""orderDetailsResponses"":{""deviceEligibility"":{""secondaryDisplay"":""0"",""deviceDateOfPurchase"":""15/09/2026"",""deviceId"":""SJN41CQ44NY"",""registeredDevice"":""0"",""deviceErrorResponse"":{""errorCode"":""GRX-20024"",""errorMessage"":""Ya existe un AppleCare Plan para el dispositivo SJN41CQ44NY o está pendiente. Comprueba los detalles del pedido en la búsqueda 360 y ponte en contacto con el Soporte técnico de AppleCare Connect si necesitas más información.""},""pocType"":""APOC"",""serialNumber"":""JN41CQ44NY"",""partNumber"":""SD0T3ZX/A"",""partAlias"":""ACP"",""productDescription"":""MacBook Neo""}},""transactionId"":""415764be-1d7c-434f-a67c-0e3c24d3a8b1-1789682247167""}"
False;5181555;2026-09-17 18:57:56.153000;2026-09-15 00:00:00;401156;CREATEORDER;SJN41CQ44NY;MHFF4CI/A;"{""orderDetailsResponses"":{""deviceEligibility"":{""secondaryDisplay"":""0"",""deviceDateOfPurchase"":""15/09/2026"",""deviceId"":""SJN41CQ44NY"",""registeredDevice"":""0"",""deviceErrorResponse"":{""errorCode"":""GRX-20024"",""errorMessage"":""Ya existe un AppleCare Plan para el dispositivo SJN41CQ44NY o está pendiente. Comprueba los detalles del pedido en la búsqueda 360 y ponte en contacto con el Soporte técnico de AppleCare Connect si necesitas más información.""},""pocType"":""APOC"",""serialNumber"":""JN41CQ44NY"",""partNumber"":""SD0T3ZX/A"",""partAlias"":""ACP"",""productDescription"":""MacBook Neo""}},""transactionId"":""6494d4fd-6783-4dfa-b927-dbdfd192d91d-1789682275411""}"
False;5181555;2026-09-17 19:07:07.953000;2026-09-15 00:00:00;401156;CREATEORDER;SJN41CQ44NY;MHFF4CI/A;"{""orderDetailsResponses"":{""deviceEligibility"":{""secondaryDisplay"":""0"",""deviceDateOfPurchase"":""15/09/2026"",""deviceId"":""SJN41CQ44NY"",""registeredDevice"":""0"",""deviceErrorResponse"":{""errorCode"":""GRX-20024"",""errorMessage"":""Ya existe un AppleCare Plan para el dispositivo SJN41CQ44NY o está pendiente. Comprueba los detalles del pedido en la búsqueda 360 y ponte en contacto con el Soporte técnico de AppleCare Connect si necesitas más información.""},""pocType"":""APOC"",""serialNumber"":""JN41CQ44NY"",""partNumber"":""SD0T3ZX/A"",""partAlias"":""ACP"",""productDescription"":""MacBook Neo""}},""transactionId"":""5ef0b19d-17d1-4f6d-9da0-267308ea8686-1789682827176""}"
False;5181555;2026-09-17 19:07:35.800000;2026-09-15 00:00:00;401156;CREATEORDER;SJN41CQ44NY;MHFF4CI/A;"{""orderDetailsResponses"":{""deviceEligibility"":{""secondaryDisplay"":""0"",""deviceDateOfPurchase"":""15/09/2026"",""deviceId"":""SJN41CQ44NY"",""registeredDevice"":""0"",""deviceErrorResponse"":{""errorCode"":""GRX-20024"",""errorMessage"":""Ya existe un AppleCare Plan para el dispositivo SJN41CQ44NY o está pendiente. Comprueba los detalles del pedido en la búsqueda 360 y ponte en contacto con el Soporte técnico de AppleCare Connect si necesitas más información.""},""pocType"":""APOC"",""serialNumber"":""JN41CQ44NY"",""partNumber"":""SD0T3ZX/A"",""partAlias"":""ACP"",""productDescription"":""MacBook Neo""}},""transactionId"":""f0ade70a-be6f-424e-89b2-c42d0029a7f0-1789682855085""}"
False;5181555;2026-09-17 19:17:36.897000;2026-09-15 00:00:00;401156;CREATEORDER;SJN41CQ44NY;MHFF4CI/A;"{""orderDetailsResponses"":{""deviceEligibility"":{""secondaryDisplay"":""0"",""deviceDateOfPurchase"":""15/09/2026"",""deviceId"":""SJN41CQ44NY"",""registeredDevice"":""0"",""deviceErrorResponse"":{""errorCode"":""GRX-20024"",""errorMessage"":""Ya existe un AppleCare Plan para el dispositivo SJN41CQ44NY o está pendiente. Comprueba los detalles del pedido en la búsqueda 360 y ponte en contacto con el Soporte técnico de AppleCare Connect si necesitas más información.""},""pocType"":""APOC"",""serialNumber"":""JN41CQ44NY"",""partNumber"":""SD0T3ZX/A"",""partAlias"":""ACP"",""productDescription"":""MacBook Neo""}},""transactionId"":""e03d6cea-9505-42df-981e-fbd3504e0993-1789683456119""}"
False;5181555;2026-09-17 19:18:04.373000;2026-09-15 00:00:00;401156;CREATEORDER;SJN41CQ44NY;MHFF4CI/A;"{""orderDetailsResponses"":{""deviceEligibility"":{""secondaryDisplay"":""0"",""deviceDateOfPurchase"":""15/09/2026"",""deviceId"":""SJN41CQ44NY"",""registeredDevice"":""0"",""deviceErrorResponse"":{""errorCode"":""GRX-20024"",""errorMessage"":""Ya existe un AppleCare Plan para el dispositivo SJN41CQ44NY o está pendiente. Comprueba los detalles del pedido en la búsqueda 360 y ponte en contacto con el Soporte técnico de AppleCare Connect si necesitas más información.""},""pocType"":""APOC"",""serialNumber"":""JN41CQ44NY"",""partNumber"":""SD0T3ZX/A"",""partAlias"":""ACP"",""productDescription"":""MacBook Neo""}},""transactionId"":""4b0ff475-93c1-4ebc-888d-0b4675df570f-1789683483465""}"
True;5186519;2026-09-17 19:20:26.637000;2026-09-17 00:00:00;10001097;VERIFYORDER;SKHYJXHQ2X3;MEHQ4AM/A;"{""orderDetailsResponses"":{""deviceEligibility"":{""secondaryDisplay"":""0"",""partDescription"":""AppleCare+ para Apple Watch SE (3rd gen)"",""coverageDuration"":""2"",""productStatement"":""AppleCare+ para Apple Watch SE (3rd gen) amplía la cobertura de servicio y soporte técnico a 2 años desde la fecha de compra de AppleCare+ e incluye cobertura para una cantidad ilimitada de incidentes por daño accidental debido a la manipulación del producto, cada uno de ellos sujeto a un cargo adicional de R$67000  por Otros daños accidentales. Lee todos los detalles en los Términos y condiciones de AppleCare+."",""deviceDateOfPurchase"":""17/09/2026"",""deviceId"":""SKHYJXHQ2X3"",""registeredDevice"":""1"",""pocType"":""APOC"",""serialNumber"":""KHYJXHQ2X3"",""partNumber"":""SXHW2ZX/A"",""partAlias"":""ACP"",""purchaseMode"":""C"",""productDescription"":""Watch SE (3rd gen, GPS) Aluminum 44MM""}},""transactionId"":""ed661831-5522-4b3c-bd07-071cf264af26-1789683625994""}"
True;5186519;2026-09-17 19:25:01.620000;2026-09-17 00:00:00;10001097;CREATEORDER;SKHYJXHQ2X3;MEHQ4AM/A;"{""orderDetailsResponses"":{""deviceEligibility"":{""secondaryDisplay"":""0"",""partDescription"":""AppleCare+ para Apple Watch SE (3rd gen)"",""coverageDuration"":""2"",""productStatement"":""AppleCare+ para Apple Watch SE (3rd gen) amplía la cobertura de servicio y soporte técnico a 2 años desde la fecha de compra de AppleCare+ e incluye cobertura para una cantidad ilimitada de incidentes por daño accidental debido a la manipulación del producto, cada uno de ellos sujeto a un cargo adicional de R$67000  por Otros daños accidentales. Lee todos los detalles en los Términos y condiciones de AppleCare+."",""deviceDateOfPurchase"":""17/09/2026"",""deviceId"":""SKHYJXHQ2X3"",""registeredDevice"":""1"",""pocType"":""APOC"",""serialNumber"":""KHYJXHQ2X3"",""partNumber"":""SXHW2ZX/A"",""partAlias"":""ACP"",""purchaseMode"":""C"",""productDescription"":""Watch SE (3rd gen, GPS) Aluminum 44MM""},""orderConfirmation"":{""agreementNumber"":""328422621172"",""coverageDurationStatement"":""Finaliza el 16/09/2028"",""termConditionURL"":""http://www.apple.com/legal/sales-support/"",""partNumber"":""SXHW2ZX/A"",""partAlias"":""ACP"",""partType"":""AppleCare+"",""purchaseMode"":""C"",""appleCareSalesDate"":""17/09/2026"",""pocType"":""APOC"",""purchaseOrderNumber"":""10001097""}},""transactionId"":""772ae660-0818-4429-bf2d-339955e9bc75-1789683896795""}"
False;5181555;2026-09-17 19:27:31.580000;2026-09-15 00:00:00;401156;CREATEORDER;SJN41CQ44NY;MHFF4CI/A;"{""orderDetailsResponses"":{""deviceEligibility"":{""secondaryDisplay"":""0"",""deviceDateOfPurchase"":""15/09/2026"",""deviceId"":""SJN41CQ44NY"",""registeredDevice"":""0"",""deviceErrorResponse"":{""errorCode"":""GRX-20024"",""errorMessage"":""Ya existe un AppleCare Plan para el dispositivo SJN41CQ44NY o está pendiente. Comprueba los detalles del pedido en la búsqueda 360 y ponte en contacto con el Soporte técnico de AppleCare Connect si necesitas más información.""},""pocType"":""APOC"",""serialNumber"":""JN41CQ44NY"",""partNumber"":""SD0T3ZX/A"",""partAlias"":""ACP"",""productDescription"":""MacBook Neo""}},""transactionId"":""c93131b8-8554-4a1b-b440-f4691390b6f5-1789684050568""}"
False;5181555;2026-09-17 19:28:10.260000;2026-09-15 00:00:00;401156;CREATEORDER;SJN41CQ44NY;MHFF4CI/A;"{""orderDetailsResponses"":{""deviceEligibility"":{""secondaryDisplay"":""0"",""deviceDateOfPurchase"":""15/09/2026"",""deviceId"":""SJN41CQ44NY"",""registeredDevice"":""0"",""deviceErrorResponse"":{""errorCode"":""GRX-20024"",""errorMessage"":""Ya existe un AppleCare Plan para el dispositivo SJN41CQ44NY o está pendiente. Comprueba los detalles del pedido en la búsqueda 360 y ponte en contacto con el Soporte técnico de AppleCare Connect si necesitas más información.""},""pocType"":""APOC"",""serialNumber"":""JN41CQ44NY"",""partNumber"":""SD0T3ZX/A"",""partAlias"":""ACP"",""productDescription"":""MacBook Neo""}},""transactionId"":""96508ea6-6416-4c29-b586-5d024c2ebd92-1789684089327""}"
False;5181555;2026-09-17 19:37:30.320000;2026-09-15 00:00:00;401156;CREATEORDER;SJN41CQ44NY;MHFF4CI/A;"{""orderDetailsResponses"":{""deviceEligibility"":{""secondaryDisplay"":""0"",""deviceDateOfPurchase"":""15/09/2026"",""deviceId"":""SJN41CQ44NY"",""registeredDevice"":""0"",""deviceErrorResponse"":{""errorCode"":""GRX-20024"",""errorMessage"":""Ya existe un AppleCare Plan para el dispositivo SJN41CQ44NY o está pendiente. Comprueba los detalles del pedido en la búsqueda 360 y ponte en contacto con el Soporte técnico de AppleCare Connect si necesitas más información.""},""pocType"":""APOC"",""serialNumber"":""JN41CQ44NY"",""partNumber"":""SD0T3ZX/A"",""partAlias"":""ACP"",""productDescription"":""MacBook Neo""}},""transactionId"":""80539907-d8c5-4e3d-8835-dd4e97279481-1789684649491""}"
False;5181555;2026-09-17 19:38:02.433000;2026-09-15 00:00:00;401156;CREATEORDER;SJN41CQ44NY;MHFF4CI/A;"{""orderDetailsResponses"":{""deviceEligibility"":{""secondaryDisplay"":""0"",""deviceDateOfPurchase"":""15/09/2026"",""deviceId"":""SJN41CQ44NY"",""registeredDevice"":""0"",""deviceErrorResponse"":{""errorCode"":""GRX-20024"",""errorMessage"":""Ya existe un AppleCare Plan para el dispositivo SJN41CQ44NY o está pendiente. Comprueba los detalles del pedido en la búsqueda 360 y ponte en contacto con el Soporte técnico de AppleCare Connect si necesitas más información.""},""pocType"":""APOC"",""serialNumber"":""JN41CQ44NY"",""partNumber"":""SD0T3ZX/A"",""partAlias"":""ACP"",""productDescription"":""MacBook Neo""}},""transactionId"":""c76d6a59-e558-486a-a0ee-ccb5251742fe-1789684681584""}"
False;5181555;2026-09-17 19:42:42.423000;2026-09-15 00:00:00;401156;CREATEORDER;SJN41CQ44NY;MHFF4CI/A;"{""orderDetailsResponses"":{""deviceEligibility"":{""secondaryDisplay"":""0"",""deviceDateOfPurchase"":""15/09/2026"",""deviceId"":""SJN41CQ44NY"",""registeredDevice"":""0"",""deviceErrorResponse"":{""errorCode"":""GRX-20024"",""errorMessage"":""Ya existe un AppleCare Plan para el dispositivo SJN41CQ44NY o está pendiente. Comprueba los detalles del pedido en la búsqueda 360 y ponte en contacto con el Soporte técnico de AppleCare Connect si necesitas más información.""},""pocType"":""APOC"",""serialNumber"":""JN41CQ44NY"",""partNumber"":""SD0T3ZX/A"",""partAlias"":""ACP"",""productDescription"":""MacBook Neo""}},""transactionId"":""8603278f-9b5e-4c42-a6e1-e1adb4f6d5a1-1789684961649""}"
False;5181555;2026-09-17 19:43:11.727000;2026-09-15 00:00:00;401156;CREATEORDER;SJN41CQ44NY;MHFF4CI/A;"{""orderDetailsResponses"":{""deviceEligibility"":{""secondaryDisplay"":""0"",""deviceDateOfPurchase"":""15/09/2026"",""deviceId"":""SJN41CQ44NY"",""registeredDevice"":""0"",""deviceErrorResponse"":{""errorCode"":""GRX-20024"",""errorMessage"":""Ya existe un AppleCare Plan para el dispositivo SJN41CQ44NY o está pendiente. Comprueba los detalles del pedido en la búsqueda 360 y ponte en contacto con el Soporte técnico de AppleCare Connect si necesitas más información.""},""pocType"":""APOC"",""serialNumber"":""JN41CQ44NY"",""partNumber"":""SD0T3ZX/A"",""partAlias"":""ACP"",""productDescription"":""MacBook Neo""}},""transactionId"":""eb90539b-24e3-483c-935c-2dd3a9241a93-1789684990956""}"
True;1310170;2026-09-17 19:58:59.020000;2026-09-17 00:00:00;13601115;VERIFYORDER;SFRQ45F7DJY;MHFH4CI/A;"{""orderDetailsResponses"":{""deviceEligibility"":{""secondaryDisplay"":""0"",""partDescription"":""AppleCare+ para 13-inch MacBook Neo (A18PRO)"",""coverageDuration"":""3"",""productStatement"":""AppleCare+ para 13-inch MacBook Neo (A18PRO) amplía la cobertura de servicio y soporte técnico a 3 años desde la fecha de compra de AppleCare+ e incluye cobertura para una cantidad ilimitada de incidentes por daño accidental debido a la manipulación del producto, cada uno de ellos sujeto a un cargo adicional de R$51990  por daños en la pantalla o la carcasa externa o de R$156990  por Otros daños accidentales. Lee todos los detalles en los Términos y condiciones de AppleCare+."",""deviceDateOfPurchase"":""17/09/2026"",""deviceId"":""SFRQ45F7DJY"",""registeredDevice"":""1"",""pocType"":""APOC"",""serialNumber"":""FRQ45F7DJY"",""partNumber"":""SD0T3ZX/A"",""partAlias"":""ACP"",""purchaseMode"":""C"",""productDescription"":""MacBook Neo""}},""transactionId"":""ebddab4f-46e2-4686-a24a-eeb7556dac99-1789685938414""}"
True;1310170;2026-09-17 20:01:50.800000;2026-09-17 00:00:00;13601115;CREATEORDER;SFRQ45F7DJY;MHFH4CI/A;"{""orderDetailsResponses"":{""deviceEligibility"":{""secondaryDisplay"":""0"",""partDescription"":""AppleCare+ para 13-inch MacBook Neo (A18PRO)"",""coverageDuration"":""3"",""productStatement"":""AppleCare+ para 13-inch MacBook Neo (A18PRO) amplía la cobertura de servicio y soporte técnico a 3 años desde la fecha de compra de AppleCare+ e incluye cobertura para una cantidad ilimitada de incidentes por daño accidental debido a la manipulación del producto, cada uno de ellos sujeto a un cargo adicional de R$51990  por daños en la pantalla o la carcasa externa o de R$156990  por Otros daños accidentales. Lee todos los detalles en los Términos y condiciones de AppleCare+."",""deviceDateOfPurchase"":""17/09/2026"",""deviceId"":""SFRQ45F7DJY"",""registeredDevice"":""1"",""pocType"":""APOC"",""serialNumber"":""FRQ45F7DJY"",""partNumber"":""SD0T3ZX/A"",""partAlias"":""ACP"",""purchaseMode"":""C"",""productDescription"":""MacBook Neo""},""orderConfirmation"":{""agreementNumber"":""328422560902"",""coverageDurationStatement"":""Finaliza el 16/09/2029"",""termConditionURL"":""http://www.apple.com/legal/sales-support/"",""partNumber"":""SD0T3ZX/A"",""partAlias"":""ACP"",""partType"":""AppleCare+"",""purchaseMode"":""C"",""appleCareSalesDate"":""17/09/2026"",""pocType"":""APOC"",""purchaseOrderNumber"":""13601115""}},""transactionId"":""3dc2b0b2-0015-4e5a-bdb9-1665038df275-1789686105656""}"
