flag_success;folio;date_log;creation_date;purchase_order_number;action;serie;item_code;response
True;1293581;2026-09-23 08:01:44.503000;2026-09-22 00:00:00;1293581;VERIFYORDER;SFHQM4QM7QW;MHQN4CI/A;"{""orderDetailsResponses"":{""deviceEligibility"":{""secondaryDisplay"":""1"",""partDescription"":""AppleCare+ para Mac mini (M6/M5 Pro)"",""coverageDuration"":""3"",""productStatement"":""AppleCare+ para Mac mini (M6/M5 Pro) amplía la cobertura de servicio y soporte técnico a 3 años desde la fecha de compra de AppleCare+ e incluye cobertura para una cantidad ilimitada de incidentes por daño accidental debido a la manipulación del producto, cada uno de ellos sujeto a un cargo adicional de R$96000  por daños en la pantalla o la carcasa externa o de R$289000  por Otros daños accidentales. Lee todos los detalles en los Términos y condiciones de AppleCare+."",""deviceDateOfPurchase"":""23/09/2026"",""deviceId"":""SFHQM4QM7QW"",""registeredDevice"":""1"",""pocType"":""APOC"",""serialNumber"":""FHQM4QM7QW"",""partNumber"":""SG9Y3ZX/A"",""partAlias"":""ACP"",""purchaseMode"":""C"",""productDescription"":""Mac mini (M6 or M5 Pro)""}},""transactionId"":""4bb4c719-99df-40cc-8d85-c5f493a43e17-1790161303920""}"
True;1293581;2026-09-23 08:01:46.097000;2026-09-22 00:00:00;1293581;CREATEORDER;SFHQM4QM7QW;MHQN4CI/A;"{""orderDetailsResponses"":{""deviceEligibility"":{""secondaryDisplay"":""1"",""partDescription"":""AppleCare+ para Mac mini (M6/M5 Pro)"",""coverageDuration"":""3"",""productStatement"":""AppleCare+ para Mac mini (M6/M5 Pro) amplía la cobertura de servicio y soporte técnico a 3 años desde la fecha de compra de AppleCare+ e incluye cobertura para una cantidad ilimitada de incidentes por daño accidental debido a la manipulación del producto, cada uno de ellos sujeto a un cargo adicional de R$96000  por daños en la pantalla o la carcasa externa o de R$289000  por Otros daños accidentales. Lee todos los detalles en los Términos y condiciones de AppleCare+."",""deviceDateOfPurchase"":""23/09/2026"",""deviceId"":""SFHQM4QM7QW"",""registeredDevice"":""1"",""pocType"":""RPOC"",""serialNumber"":""FHQM4QM7QW"",""partNumber"":""SG9Y3ZX/A"",""partAlias"":""ACP"",""purchaseMode"":""C"",""productDescription"":""Mac mini (M6 or M5 Pro)""},""orderConfirmation"":{""agreementNumber"":""328426240892"",""coverageDurationStatement"":""Finaliza el 22/09/2029"",""termConditionURL"":""http://www.apple.com/legal/sales-support/"",""partNumber"":""SG9Y3ZX/A"",""partAlias"":""ACP"",""partType"":""AppleCare+"",""purchaseMode"":""C"",""appleCareSalesDate"":""23/09/2026"",""pocType"":""RPOC"",""purchaseOrderNumber"":""1293581""}},""transactionId"":""d5976d1b-1174-4147-b3a8-686e3fc4854c-1790161305207""}"
True;1293580;2026-09-23 08:11:48.590000;2026-09-22 00:00:00;1293580;VERIFYORDER;SKQ4Q66Y96N;MDHG4CI/A;"{""orderDetailsResponses"":{""deviceEligibility"":{""secondaryDisplay"":""1"",""partDescription"":""AppleCare+ para 13-inch MacBook Air (M5)"",""coverageDuration"":""3"",""productStatement"":""AppleCare+ para 13-inch MacBook Air (M5) amplía la cobertura de servicio y soporte técnico a 3 años desde la fecha de compra de AppleCare+ e incluye cobertura para una cantidad ilimitada de incidentes por daño accidental debido a la manipulación del producto, cada uno de ellos sujeto a un cargo adicional de R$96000  por daños en la pantalla o la carcasa externa o de R$289000  por Otros daños accidentales. Lee todos los detalles en los Términos y condiciones de AppleCare+."",""deviceDateOfPurchase"":""23/09/2026"",""deviceId"":""SKQ4Q66Y96N"",""registeredDevice"":""1"",""pocType"":""APOC"",""serialNumber"":""KQ4Q66Y96N"",""partNumber"":""SCW83ZX/A"",""partAlias"":""ACP"",""purchaseMode"":""C"",""productDescription"":""MacBook Air (13-inch, M5)""}},""transactionId"":""c3a185ee-c279-4128-8a79-633d5cbd8961-1790161907616""}"
True;1293580;2026-09-23 08:11:49.790000;2026-09-22 00:00:00;1293580;CREATEORDER;SKQ4Q66Y96N;MDHG4CI/A;"{""orderDetailsResponses"":{""deviceEligibility"":{""secondaryDisplay"":""1"",""partDescription"":""AppleCare+ para 13-inch MacBook Air (M5)"",""coverageDuration"":""3"",""productStatement"":""AppleCare+ para 13-inch MacBook Air (M5) amplía la cobertura de servicio y soporte técnico a 3 años desde la fecha de compra de AppleCare+ e incluye cobertura para una cantidad ilimitada de incidentes por daño accidental debido a la manipulación del producto, cada uno de ellos sujeto a un cargo adicional de R$96000  por daños en la pantalla o la carcasa externa o de R$289000  por Otros daños accidentales. Lee todos los detalles en los Términos y condiciones de AppleCare+."",""deviceDateOfPurchase"":""23/09/2026"",""deviceId"":""SKQ4Q66Y96N"",""registeredDevice"":""1"",""pocType"":""RPOC"",""serialNumber"":""KQ4Q66Y96N"",""partNumber"":""SCW83ZX/A"",""partAlias"":""ACP"",""purchaseMode"":""C"",""productDescription"":""MacBook Air (13-inch, M5)""},""orderConfirmation"":{""agreementNumber"":""328426320338"",""coverageDurationStatement"":""Finaliza el 22/09/2029"",""termConditionURL"":""http://www.apple.com/legal/sales-support/"",""partNumber"":""SCW83ZX/A"",""partAlias"":""ACP"",""partType"":""AppleCare+"",""purchaseMode"":""C"",""appleCareSalesDate"":""23/09/2026"",""pocType"":""RPOC"",""purchaseOrderNumber"":""1293580""}},""transactionId"":""a83b3f18-f76d-430c-a6cb-7440ab12771a-1790161908954""}"
True;5109300;2026-09-23 08:16:34.957000;2026-09-22 00:00:00;5109300;VERIFYORDER;SCHH09JHX7J;MJXV4BE/A;"{""orderDetailsResponses"":{""deviceEligibility"":{""secondaryDisplay"":""0"",""partDescription"":""AppleCare+ con robo y pérdida para iPhone 18 Pro Max"",""coverageDuration"":""2"",""productStatement"":""Tu AppleCare+ con robo y pérdida para iPhone 18 Pro Max amplía la cobertura de servicio y soporte técnico a 2 años desde la fecha de compra de AppleCare+ con robo y pérdida e incluye cobertura para una cantidad ilimitada de incidentes por daño accidental debido a la manipulación del producto o un máximo de dos incidentes de robo y pérdida cada 12 meses, cada uno de ellos sujeto a un cargo adicional de R$28000  por los daños de la pantalla o la carcasa externa o de R$144000  por robo o pérdida o de R$96000  por Otros daños accidentales. Lee todos los detalles en los Términos y condiciones de AppleCare+."",""deviceDateOfPurchase"":""23/09/2026"",""deviceId"":""SCHH09JHX7J"",""registeredDevice"":""1"",""pocType"":""APOC"",""serialNumber"":""CHH09JHX7J"",""partNumber"":""SHMP3ZX/A"",""partAlias"":""ACPTL"",""purchaseMode"":""C"",""productDescription"":""iPhone 18 Pro Max"",""tlDisclosure"":""La cobertura de robo y pérdida requiere que tengas la función Buscar habilitada en tu dispositivo antes de que se pierda o te lo roben. Durante el proceso de reclamación, te pediremos que uses la función Buscar para poner el dispositivo perdido o robado en modo Perdido, borrarlo y transferir la propiedad a Apple para que podamos asignarte un nuevo dispositivo. Para asegurarte de que puedas iniciar sesión en Buscar y acceder a esta función, es importante que recuerdes tu ID de Apple y contraseña, y que mantengas la información de tu cuenta actualizada. Si usas la autenticación de doble factor para el ID de Apple, te recomendamos que añadas un número de teléfono adicional de confianza a tu cuenta en el que puedas recibir el código de verificación de 6 dígitos que necesitas para iniciar sesión aunque no tengas tu iPhone. Para obtener más información, visita las páginas de Soporte técnico de Apple.""}},""transactionId"":""ee469bfc-6390-483f-b0e6-c0af61e0fe53-1790162194468""}"
True;5109300;2026-09-23 08:16:36.190000;2026-09-22 00:00:00;5109300;CREATEORDER;SCHH09JHX7J;MJXV4BE/A;"{""orderDetailsResponses"":{""deviceEligibility"":{""secondaryDisplay"":""0"",""partDescription"":""AppleCare+ con robo y pérdida para iPhone 18 Pro Max"",""coverageDuration"":""2"",""productStatement"":""Tu AppleCare+ con robo y pérdida para iPhone 18 Pro Max amplía la cobertura de servicio y soporte técnico a 2 años desde la fecha de compra de AppleCare+ con robo y pérdida e incluye cobertura para una cantidad ilimitada de incidentes por daño accidental debido a la manipulación del producto o un máximo de dos incidentes de robo y pérdida cada 12 meses, cada uno de ellos sujeto a un cargo adicional de R$28000  por los daños de la pantalla o la carcasa externa o de R$144000  por robo o pérdida o de R$96000  por Otros daños accidentales. Lee todos los detalles en los Términos y condiciones de AppleCare+."",""deviceDateOfPurchase"":""23/09/2026"",""deviceId"":""SCHH09JHX7J"",""registeredDevice"":""1"",""pocType"":""RPOC"",""serialNumber"":""CHH09JHX7J"",""partNumber"":""SHMP3ZX/A"",""partAlias"":""ACPTL"",""purchaseMode"":""C"",""productDescription"":""iPhone 18 Pro Max"",""tlDisclosure"":""La cobertura de robo y pérdida requiere que tengas la función Buscar habilitada en tu dispositivo antes de que se pierda o te lo roben. Durante el proceso de reclamación, te pediremos que uses la función Buscar para poner el dispositivo perdido o robado en modo Perdido, borrarlo y transferir la propiedad a Apple para que podamos asignarte un nuevo dispositivo. Para asegurarte de que puedas iniciar sesión en Buscar y acceder a esta función, es importante que recuerdes tu ID de Apple y contraseña, y que mantengas la información de tu cuenta actualizada. Si usas la autenticación de doble factor para el ID de Apple, te recomendamos que añadas un número de teléfono adicional de confianza a tu cuenta en el que puedas recibir el código de verificación de 6 dígitos que necesitas para iniciar sesión aunque no tengas tu iPhone. Para obtener más información, visita las páginas de Soporte técnico de Apple.""},""orderConfirmation"":{""agreementNumber"":""328426260848"",""coverageDurationStatement"":""Finaliza el 22/09/2028"",""termConditionURL"":""http://www.apple.com/legal/sales-support/"",""partNumber"":""SHMP3ZX/A"",""partAlias"":""ACPTL"",""partType"":""AC+TL"",""purchaseMode"":""C"",""appleCareSalesDate"":""23/09/2026"",""pocType"":""RPOC"",""purchaseOrderNumber"":""5109300""}},""transactionId"":""a7c51144-b5ec-4e3f-9c65-e700eca795f2-1790162195343""}"
True;5109359;2026-09-23 08:16:37.637000;2026-09-22 00:00:00;5109359;VERIFYORDER;SMW69571GQN;MJXW4BE/A;"{""orderDetailsResponses"":{""deviceEligibility"":{""secondaryDisplay"":""0"",""partDescription"":""AppleCare+ con robo y pérdida para iPhone 18 Pro Max"",""coverageDuration"":""2"",""productStatement"":""Tu AppleCare+ con robo y pérdida para iPhone 18 Pro Max amplía la cobertura de servicio y soporte técnico a 2 años desde la fecha de compra de AppleCare+ con robo y pérdida e incluye cobertura para una cantidad ilimitada de incidentes por daño accidental debido a la manipulación del producto o un máximo de dos incidentes de robo y pérdida cada 12 meses, cada uno de ellos sujeto a un cargo adicional de R$28000  por los daños de la pantalla o la carcasa externa o de R$144000  por robo o pérdida o de R$96000  por Otros daños accidentales. Lee todos los detalles en los Términos y condiciones de AppleCare+."",""deviceDateOfPurchase"":""23/09/2026"",""deviceId"":""SMW69571GQN"",""registeredDevice"":""1"",""pocType"":""APOC"",""serialNumber"":""MW69571GQN"",""partNumber"":""SHMP3ZX/A"",""partAlias"":""ACPTL"",""purchaseMode"":""C"",""productDescription"":""iPhone 18 Pro Max"",""tlDisclosure"":""La cobertura de robo y pérdida requiere que tengas la función Buscar habilitada en tu dispositivo antes de que se pierda o te lo roben. Durante el proceso de reclamación, te pediremos que uses la función Buscar para poner el dispositivo perdido o robado en modo Perdido, borrarlo y transferir la propiedad a Apple para que podamos asignarte un nuevo dispositivo. Para asegurarte de que puedas iniciar sesión en Buscar y acceder a esta función, es importante que recuerdes tu ID de Apple y contraseña, y que mantengas la información de tu cuenta actualizada. Si usas la autenticación de doble factor para el ID de Apple, te recomendamos que añadas un número de teléfono adicional de confianza a tu cuenta en el que puedas recibir el código de verificación de 6 dígitos que necesitas para iniciar sesión aunque no tengas tu iPhone. Para obtener más información, visita las páginas de Soporte técnico de Apple.""}},""transactionId"":""97b21932-bcb8-4926-96f4-35d74f1ce5fa-1790162197070""}"
True;5109359;2026-09-23 08:16:38.903000;2026-09-22 00:00:00;5109359;CREATEORDER;SMW69571GQN;MJXW4BE/A;"{""orderDetailsResponses"":{""deviceEligibility"":{""secondaryDisplay"":""0"",""partDescription"":""AppleCare+ con robo y pérdida para iPhone 18 Pro Max"",""coverageDuration"":""2"",""productStatement"":""Tu AppleCare+ con robo y pérdida para iPhone 18 Pro Max amplía la cobertura de servicio y soporte técnico a 2 años desde la fecha de compra de AppleCare+ con robo y pérdida e incluye cobertura para una cantidad ilimitada de incidentes por daño accidental debido a la manipulación del producto o un máximo de dos incidentes de robo y pérdida cada 12 meses, cada uno de ellos sujeto a un cargo adicional de R$28000  por los daños de la pantalla o la carcasa externa o de R$144000  por robo o pérdida o de R$96000  por Otros daños accidentales. Lee todos los detalles en los Términos y condiciones de AppleCare+."",""deviceDateOfPurchase"":""23/09/2026"",""deviceId"":""SMW69571GQN"",""registeredDevice"":""1"",""pocType"":""RPOC"",""serialNumber"":""MW69571GQN"",""partNumber"":""SHMP3ZX/A"",""partAlias"":""ACPTL"",""purchaseMode"":""C"",""productDescription"":""iPhone 18 Pro Max"",""tlDisclosure"":""La cobertura de robo y pérdida requiere que tengas la función Buscar habilitada en tu dispositivo antes de que se pierda o te lo roben. Durante el proceso de reclamación, te pediremos que uses la función Buscar para poner el dispositivo perdido o robado en modo Perdido, borrarlo y transferir la propiedad a Apple para que podamos asignarte un nuevo dispositivo. Para asegurarte de que puedas iniciar sesión en Buscar y acceder a esta función, es importante que recuerdes tu ID de Apple y contraseña, y que mantengas la información de tu cuenta actualizada. Si usas la autenticación de doble factor para el ID de Apple, te recomendamos que añadas un número de teléfono adicional de confianza a tu cuenta en el que puedas recibir el código de verificación de 6 dígitos que necesitas para iniciar sesión aunque no tengas tu iPhone. Para obtener más información, visita las páginas de Soporte técnico de Apple.""},""orderConfirmation"":{""agreementNumber"":""328426280784"",""coverageDurationStatement"":""Finaliza el 22/09/2028"",""termConditionURL"":""http://www.apple.com/legal/sales-support/"",""partNumber"":""SHMP3ZX/A"",""partAlias"":""ACPTL"",""partType"":""AC+TL"",""purchaseMode"":""C"",""appleCareSalesDate"":""23/09/2026"",""pocType"":""RPOC"",""purchaseOrderNumber"":""5109359""}},""transactionId"":""4321cae8-64be-4d34-b598-2e69f0125bcc-1790162198018""}"
True;5109365;2026-09-23 08:16:40.400000;2026-09-22 00:00:00;5109365;VERIFYORDER;SDDFX91YNX3;MJXP4BE/A;"{""orderDetailsResponses"":{""deviceEligibility"":{""secondaryDisplay"":""0"",""partDescription"":""AppleCare+ con robo y pérdida para iPhone 18 Pro Max"",""coverageDuration"":""2"",""productStatement"":""Tu AppleCare+ con robo y pérdida para iPhone 18 Pro Max amplía la cobertura de servicio y soporte técnico a 2 años desde la fecha de compra de AppleCare+ con robo y pérdida e incluye cobertura para una cantidad ilimitada de incidentes por daño accidental debido a la manipulación del producto o un máximo de dos incidentes de robo y pérdida cada 12 meses, cada uno de ellos sujeto a un cargo adicional de R$28000  por los daños de la pantalla o la carcasa externa o de R$144000  por robo o pérdida o de R$96000  por Otros daños accidentales. Lee todos los detalles en los Términos y condiciones de AppleCare+."",""deviceDateOfPurchase"":""23/09/2026"",""deviceId"":""SDDFX91YNX3"",""registeredDevice"":""1"",""pocType"":""APOC"",""serialNumber"":""DDFX91YNX3"",""partNumber"":""SHMP3ZX/A"",""partAlias"":""ACPTL"",""purchaseMode"":""C"",""productDescription"":""iPhone 18 Pro Max"",""tlDisclosure"":""La cobertura de robo y pérdida requiere que tengas la función Buscar habilitada en tu dispositivo antes de que se pierda o te lo roben. Durante el proceso de reclamación, te pediremos que uses la función Buscar para poner el dispositivo perdido o robado en modo Perdido, borrarlo y transferir la propiedad a Apple para que podamos asignarte un nuevo dispositivo. Para asegurarte de que puedas iniciar sesión en Buscar y acceder a esta función, es importante que recuerdes tu ID de Apple y contraseña, y que mantengas la información de tu cuenta actualizada. Si usas la autenticación de doble factor para el ID de Apple, te recomendamos que añadas un número de teléfono adicional de confianza a tu cuenta en el que puedas recibir el código de verificación de 6 dígitos que necesitas para iniciar sesión aunque no tengas tu iPhone. Para obtener más información, visita las páginas de Soporte técnico de Apple.""}},""transactionId"":""a9b2d092-24f8-4f83-a80a-f2f4d57b7922-1790162199907""}"
True;5109365;2026-09-23 08:16:41.673000;2026-09-22 00:00:00;5109365;CREATEORDER;SDDFX91YNX3;MJXP4BE/A;"{""orderDetailsResponses"":{""deviceEligibility"":{""secondaryDisplay"":""0"",""partDescription"":""AppleCare+ con robo y pérdida para iPhone 18 Pro Max"",""coverageDuration"":""2"",""productStatement"":""Tu AppleCare+ con robo y pérdida para iPhone 18 Pro Max amplía la cobertura de servicio y soporte técnico a 2 años desde la fecha de compra de AppleCare+ con robo y pérdida e incluye cobertura para una cantidad ilimitada de incidentes por daño accidental debido a la manipulación del producto o un máximo de dos incidentes de robo y pérdida cada 12 meses, cada uno de ellos sujeto a un cargo adicional de R$28000  por los daños de la pantalla o la carcasa externa o de R$144000  por robo o pérdida o de R$96000  por Otros daños accidentales. Lee todos los detalles en los Términos y condiciones de AppleCare+."",""deviceDateOfPurchase"":""23/09/2026"",""deviceId"":""SDDFX91YNX3"",""registeredDevice"":""1"",""pocType"":""RPOC"",""serialNumber"":""DDFX91YNX3"",""partNumber"":""SHMP3ZX/A"",""partAlias"":""ACPTL"",""purchaseMode"":""C"",""productDescription"":""iPhone 18 Pro Max"",""tlDisclosure"":""La cobertura de robo y pérdida requiere que tengas la función Buscar habilitada en tu dispositivo antes de que se pierda o te lo roben. Durante el proceso de reclamación, te pediremos que uses la función Buscar para poner el dispositivo perdido o robado en modo Perdido, borrarlo y transferir la propiedad a Apple para que podamos asignarte un nuevo dispositivo. Para asegurarte de que puedas iniciar sesión en Buscar y acceder a esta función, es importante que recuerdes tu ID de Apple y contraseña, y que mantengas la información de tu cuenta actualizada. Si usas la autenticación de doble factor para el ID de Apple, te recomendamos que añadas un número de teléfono adicional de confianza a tu cuenta en el que puedas recibir el código de verificación de 6 dígitos que necesitas para iniciar sesión aunque no tengas tu iPhone. Para obtener más información, visita las páginas de Soporte técnico de Apple.""},""orderConfirmation"":{""agreementNumber"":""328426240945"",""coverageDurationStatement"":""Finaliza el 22/09/2028"",""termConditionURL"":""http://www.apple.com/legal/sales-support/"",""partNumber"":""SHMP3ZX/A"",""partAlias"":""ACPTL"",""partType"":""AC+TL"",""purchaseMode"":""C"",""appleCareSalesDate"":""23/09/2026"",""pocType"":""RPOC"",""purchaseOrderNumber"":""5109365""}},""transactionId"":""2b81102f-6272-48c2-bbf0-8c22e988ed63-1790162200825""}"
True;5109366;2026-09-23 08:16:43.110000;2026-09-22 00:00:00;5109366;VERIFYORDER;SGF5MWPQ0VX;MJXU4BE/A;"{""orderDetailsResponses"":{""deviceEligibility"":{""secondaryDisplay"":""0"",""partDescription"":""AppleCare+ con robo y pérdida para iPhone 18 Pro Max"",""coverageDuration"":""2"",""productStatement"":""Tu AppleCare+ con robo y pérdida para iPhone 18 Pro Max amplía la cobertura de servicio y soporte técnico a 2 años desde la fecha de compra de AppleCare+ con robo y pérdida e incluye cobertura para una cantidad ilimitada de incidentes por daño accidental debido a la manipulación del producto o un máximo de dos incidentes de robo y pérdida cada 12 meses, cada uno de ellos sujeto a un cargo adicional de R$28000  por los daños de la pantalla o la carcasa externa o de R$144000  por robo o pérdida o de R$96000  por Otros daños accidentales. Lee todos los detalles en los Términos y condiciones de AppleCare+."",""deviceDateOfPurchase"":""23/09/2026"",""deviceId"":""SGF5MWPQ0VX"",""registeredDevice"":""1"",""pocType"":""APOC"",""serialNumber"":""GF5MWPQ0VX"",""partNumber"":""SHMP3ZX/A"",""partAlias"":""ACPTL"",""purchaseMode"":""C"",""productDescription"":""iPhone 18 Pro Max"",""tlDisclosure"":""La cobertura de robo y pérdida requiere que tengas la función Buscar habilitada en tu dispositivo antes de que se pierda o te lo roben. Durante el proceso de reclamación, te pediremos que uses la función Buscar para poner el dispositivo perdido o robado en modo Perdido, borrarlo y transferir la propiedad a Apple para que podamos asignarte un nuevo dispositivo. Para asegurarte de que puedas iniciar sesión en Buscar y acceder a esta función, es importante que recuerdes tu ID de Apple y contraseña, y que mantengas la información de tu cuenta actualizada. Si usas la autenticación de doble factor para el ID de Apple, te recomendamos que añadas un número de teléfono adicional de confianza a tu cuenta en el que puedas recibir el código de verificación de 6 dígitos que necesitas para iniciar sesión aunque no tengas tu iPhone. Para obtener más información, visita las páginas de Soporte técnico de Apple.""}},""transactionId"":""80de1a06-9f66-4cbd-895a-eca97fa3e8d4-1790162202632""}"
True;5109366;2026-09-23 08:16:44.410000;2026-09-22 00:00:00;5109366;CREATEORDER;SGF5MWPQ0VX;MJXU4BE/A;"{""orderDetailsResponses"":{""deviceEligibility"":{""secondaryDisplay"":""0"",""partDescription"":""AppleCare+ con robo y pérdida para iPhone 18 Pro Max"",""coverageDuration"":""2"",""productStatement"":""Tu AppleCare+ con robo y pérdida para iPhone 18 Pro Max amplía la cobertura de servicio y soporte técnico a 2 años desde la fecha de compra de AppleCare+ con robo y pérdida e incluye cobertura para una cantidad ilimitada de incidentes por daño accidental debido a la manipulación del producto o un máximo de dos incidentes de robo y pérdida cada 12 meses, cada uno de ellos sujeto a un cargo adicional de R$28000  por los daños de la pantalla o la carcasa externa o de R$144000  por robo o pérdida o de R$96000  por Otros daños accidentales. Lee todos los detalles en los Términos y condiciones de AppleCare+."",""deviceDateOfPurchase"":""23/09/2026"",""deviceId"":""SGF5MWPQ0VX"",""registeredDevice"":""1"",""pocType"":""RPOC"",""serialNumber"":""GF5MWPQ0VX"",""partNumber"":""SHMP3ZX/A"",""partAlias"":""ACPTL"",""purchaseMode"":""C"",""productDescription"":""iPhone 18 Pro Max"",""tlDisclosure"":""La cobertura de robo y pérdida requiere que tengas la función Buscar habilitada en tu dispositivo antes de que se pierda o te lo roben. Durante el proceso de reclamación, te pediremos que uses la función Buscar para poner el dispositivo perdido o robado en modo Perdido, borrarlo y transferir la propiedad a Apple para que podamos asignarte un nuevo dispositivo. Para asegurarte de que puedas iniciar sesión en Buscar y acceder a esta función, es importante que recuerdes tu ID de Apple y contraseña, y que mantengas la información de tu cuenta actualizada. Si usas la autenticación de doble factor para el ID de Apple, te recomendamos que añadas un número de teléfono adicional de confianza a tu cuenta en el que puedas recibir el código de verificación de 6 dígitos que necesitas para iniciar sesión aunque no tengas tu iPhone. Para obtener más información, visita las páginas de Soporte técnico de Apple.""},""orderConfirmation"":{""agreementNumber"":""328426342204"",""coverageDurationStatement"":""Finaliza el 22/09/2028"",""termConditionURL"":""http://www.apple.com/legal/sales-support/"",""partNumber"":""SHMP3ZX/A"",""partAlias"":""ACPTL"",""partType"":""AC+TL"",""purchaseMode"":""C"",""appleCareSalesDate"":""23/09/2026"",""pocType"":""RPOC"",""purchaseOrderNumber"":""5109366""}},""transactionId"":""e80d53b3-a596-4448-b9f0-7915e6fcd150-1790162203523""}"
True;5109374;2026-09-23 08:16:45.850000;2026-09-22 00:00:00;5109374;VERIFYORDER;SLQWVVM6XFY;MJRQ4BE/A;"{""orderDetailsResponses"":{""deviceEligibility"":{""secondaryDisplay"":""0"",""partDescription"":""AppleCare+ con robo y pérdida para iPhone 18 Pro"",""coverageDuration"":""2"",""productStatement"":""Tu AppleCare+ con robo y pérdida para iPhone 18 Pro amplía la cobertura de servicio y soporte técnico a 2 años desde la fecha de compra de AppleCare+ con robo y pérdida e incluye cobertura para una cantidad ilimitada de incidentes por daño accidental debido a la manipulación del producto o un máximo de dos incidentes de robo y pérdida cada 12 meses, cada uno de ellos sujeto a un cargo adicional de R$28000  por los daños de la pantalla o la carcasa externa o de R$144000  por robo o pérdida o de R$96000  por Otros daños accidentales. Lee todos los detalles en los Términos y condiciones de AppleCare+."",""deviceDateOfPurchase"":""23/09/2026"",""deviceId"":""SLQWVVM6XFY"",""registeredDevice"":""1"",""pocType"":""APOC"",""serialNumber"":""LQWVVM6XFY"",""partNumber"":""SHMD3ZX/A"",""partAlias"":""ACPTL"",""purchaseMode"":""C"",""productDescription"":""iPhone 18 Pro"",""tlDisclosure"":""La cobertura de robo y pérdida requiere que tengas la función Buscar habilitada en tu dispositivo antes de que se pierda o te lo roben. Durante el proceso de reclamación, te pediremos que uses la función Buscar para poner el dispositivo perdido o robado en modo Perdido, borrarlo y transferir la propiedad a Apple para que podamos asignarte un nuevo dispositivo. Para asegurarte de que puedas iniciar sesión en Buscar y acceder a esta función, es importante que recuerdes tu ID de Apple y contraseña, y que mantengas la información de tu cuenta actualizada. Si usas la autenticación de doble factor para el ID de Apple, te recomendamos que añadas un número de teléfono adicional de confianza a tu cuenta en el que puedas recibir el código de verificación de 6 dígitos que necesitas para iniciar sesión aunque no tengas tu iPhone. Para obtener más información, visita las páginas de Soporte técnico de Apple.""}},""transactionId"":""a1a796f8-b8a9-4d94-b84a-a2935de00aaa-1790162205313""}"
True;5109374;2026-09-23 08:16:47.153000;2026-09-22 00:00:00;5109374;CREATEORDER;SLQWVVM6XFY;MJRQ4BE/A;"{""orderDetailsResponses"":{""deviceEligibility"":{""secondaryDisplay"":""0"",""partDescription"":""AppleCare+ con robo y pérdida para iPhone 18 Pro"",""coverageDuration"":""2"",""productStatement"":""Tu AppleCare+ con robo y pérdida para iPhone 18 Pro amplía la cobertura de servicio y soporte técnico a 2 años desde la fecha de compra de AppleCare+ con robo y pérdida e incluye cobertura para una cantidad ilimitada de incidentes por daño accidental debido a la manipulación del producto o un máximo de dos incidentes de robo y pérdida cada 12 meses, cada uno de ellos sujeto a un cargo adicional de R$28000  por los daños de la pantalla o la carcasa externa o de R$144000  por robo o pérdida o de R$96000  por Otros daños accidentales. Lee todos los detalles en los Términos y condiciones de AppleCare+."",""deviceDateOfPurchase"":""23/09/2026"",""deviceId"":""SLQWVVM6XFY"",""registeredDevice"":""1"",""pocType"":""RPOC"",""serialNumber"":""LQWVVM6XFY"",""partNumber"":""SHMD3ZX/A"",""partAlias"":""ACPTL"",""purchaseMode"":""C"",""productDescription"":""iPhone 18 Pro"",""tlDisclosure"":""La cobertura de robo y pérdida requiere que tengas la función Buscar habilitada en tu dispositivo antes de que se pierda o te lo roben. Durante el proceso de reclamación, te pediremos que uses la función Buscar para poner el dispositivo perdido o robado en modo Perdido, borrarlo y transferir la propiedad a Apple para que podamos asignarte un nuevo dispositivo. Para asegurarte de que puedas iniciar sesión en Buscar y acceder a esta función, es importante que recuerdes tu ID de Apple y contraseña, y que mantengas la información de tu cuenta actualizada. Si usas la autenticación de doble factor para el ID de Apple, te recomendamos que añadas un número de teléfono adicional de confianza a tu cuenta en el que puedas recibir el código de verificación de 6 dígitos que necesitas para iniciar sesión aunque no tengas tu iPhone. Para obtener más información, visita las páginas de Soporte técnico de Apple.""},""orderConfirmation"":{""agreementNumber"":""328426301538"",""coverageDurationStatement"":""Finaliza el 22/09/2028"",""termConditionURL"":""http://www.apple.com/legal/sales-support/"",""partNumber"":""SHMD3ZX/A"",""partAlias"":""ACPTL"",""partType"":""AC+TL"",""purchaseMode"":""C"",""appleCareSalesDate"":""23/09/2026"",""pocType"":""RPOC"",""purchaseOrderNumber"":""5109374""}},""transactionId"":""0c480232-a060-40be-bc09-013bb31dc772-1790162206350""}"
True;5109339;2026-09-23 08:21:36.410000;2026-09-22 00:00:00;5109339;VERIFYORDER;SWYV20H6YJ2;MJT24BE/A;"{""orderDetailsResponses"":{""deviceEligibility"":{""secondaryDisplay"":""0"",""partDescription"":""AppleCare+ con robo y pérdida para iPhone 18 Pro"",""coverageDuration"":""2"",""productStatement"":""Tu AppleCare+ con robo y pérdida para iPhone 18 Pro amplía la cobertura de servicio y soporte técnico a 2 años desde la fecha de compra de AppleCare+ con robo y pérdida e incluye cobertura para una cantidad ilimitada de incidentes por daño accidental debido a la manipulación del producto o un máximo de dos incidentes de robo y pérdida cada 12 meses, cada uno de ellos sujeto a un cargo adicional de R$28000  por los daños de la pantalla o la carcasa externa o de R$144000  por robo o pérdida o de R$96000  por Otros daños accidentales. Lee todos los detalles en los Términos y condiciones de AppleCare+."",""deviceDateOfPurchase"":""23/09/2026"",""deviceId"":""SWYV20H6YJ2"",""registeredDevice"":""1"",""pocType"":""APOC"",""serialNumber"":""WYV20H6YJ2"",""partNumber"":""SHMD3ZX/A"",""partAlias"":""ACPTL"",""purchaseMode"":""C"",""productDescription"":""iPhone 18 Pro"",""tlDisclosure"":""La cobertura de robo y pérdida requiere que tengas la función Buscar habilitada en tu dispositivo antes de que se pierda o te lo roben. Durante el proceso de reclamación, te pediremos que uses la función Buscar para poner el dispositivo perdido o robado en modo Perdido, borrarlo y transferir la propiedad a Apple para que podamos asignarte un nuevo dispositivo. Para asegurarte de que puedas iniciar sesión en Buscar y acceder a esta función, es importante que recuerdes tu ID de Apple y contraseña, y que mantengas la información de tu cuenta actualizada. Si usas la autenticación de doble factor para el ID de Apple, te recomendamos que añadas un número de teléfono adicional de confianza a tu cuenta en el que puedas recibir el código de verificación de 6 dígitos que necesitas para iniciar sesión aunque no tengas tu iPhone. Para obtener más información, visita las páginas de Soporte técnico de Apple.""}},""transactionId"":""86ead360-8672-428d-aa29-9d7cd1456e4b-1790162495844""}"
True;5109339;2026-09-23 08:21:37.903000;2026-09-22 00:00:00;5109339;CREATEORDER;SWYV20H6YJ2;MJT24BE/A;"{""orderDetailsResponses"":{""deviceEligibility"":{""secondaryDisplay"":""0"",""partDescription"":""AppleCare+ con robo y pérdida para iPhone 18 Pro"",""coverageDuration"":""2"",""productStatement"":""Tu AppleCare+ con robo y pérdida para iPhone 18 Pro amplía la cobertura de servicio y soporte técnico a 2 años desde la fecha de compra de AppleCare+ con robo y pérdida e incluye cobertura para una cantidad ilimitada de incidentes por daño accidental debido a la manipulación del producto o un máximo de dos incidentes de robo y pérdida cada 12 meses, cada uno de ellos sujeto a un cargo adicional de R$28000  por los daños de la pantalla o la carcasa externa o de R$144000  por robo o pérdida o de R$96000  por Otros daños accidentales. Lee todos los detalles en los Términos y condiciones de AppleCare+."",""deviceDateOfPurchase"":""23/09/2026"",""deviceId"":""SWYV20H6YJ2"",""registeredDevice"":""1"",""pocType"":""RPOC"",""serialNumber"":""WYV20H6YJ2"",""partNumber"":""SHMD3ZX/A"",""partAlias"":""ACPTL"",""purchaseMode"":""C"",""productDescription"":""iPhone 18 Pro"",""tlDisclosure"":""La cobertura de robo y pérdida requiere que tengas la función Buscar habilitada en tu dispositivo antes de que se pierda o te lo roben. Durante el proceso de reclamación, te pediremos que uses la función Buscar para poner el dispositivo perdido o robado en modo Perdido, borrarlo y transferir la propiedad a Apple para que podamos asignarte un nuevo dispositivo. Para asegurarte de que puedas iniciar sesión en Buscar y acceder a esta función, es importante que recuerdes tu ID de Apple y contraseña, y que mantengas la información de tu cuenta actualizada. Si usas la autenticación de doble factor para el ID de Apple, te recomendamos que añadas un número de teléfono adicional de confianza a tu cuenta en el que puedas recibir el código de verificación de 6 dígitos que necesitas para iniciar sesión aunque no tengas tu iPhone. Para obtener más información, visita las páginas de Soporte técnico de Apple.""},""orderConfirmation"":{""agreementNumber"":""328426342232"",""coverageDurationStatement"":""Finaliza el 22/09/2028"",""termConditionURL"":""http://www.apple.com/legal/sales-support/"",""partNumber"":""SHMD3ZX/A"",""partAlias"":""ACPTL"",""partType"":""AC+TL"",""purchaseMode"":""C"",""appleCareSalesDate"":""23/09/2026"",""pocType"":""RPOC"",""purchaseOrderNumber"":""5109339""}},""transactionId"":""2971428f-f751-4fcf-92db-0369836fbca9-1790162497028""}"
True;1333795;2026-09-23 09:42:33.193000;2026-09-23 00:00:00;61001087;VERIFYORDER;SKG6YLFP2GK;MJXV4BE/A;"{""orderDetailsResponses"":{""deviceEligibility"":{""secondaryDisplay"":""0"",""partDescription"":""AppleCare+ con robo y pérdida para iPhone 18 Pro Max"",""coverageDuration"":""2"",""productStatement"":""Tu AppleCare+ con robo y pérdida para iPhone 18 Pro Max amplía la cobertura de servicio y soporte técnico a 2 años desde la fecha de compra de AppleCare+ con robo y pérdida e incluye cobertura para una cantidad ilimitada de incidentes por daño accidental debido a la manipulación del producto o un máximo de dos incidentes de robo y pérdida cada 12 meses, cada uno de ellos sujeto a un cargo adicional de R$28000  por los daños de la pantalla o la carcasa externa o de R$144000  por robo o pérdida o de R$96000  por Otros daños accidentales. Lee todos los detalles en los Términos y condiciones de AppleCare+."",""deviceDateOfPurchase"":""23/09/2026"",""deviceId"":""SKG6YLFP2GK"",""registeredDevice"":""1"",""pocType"":""APOC"",""serialNumber"":""KG6YLFP2GK"",""partNumber"":""SHMP3ZX/A"",""partAlias"":""ACPTL"",""purchaseMode"":""C"",""productDescription"":""iPhone 18 Pro Max"",""tlDisclosure"":""La cobertura de robo y pérdida requiere que tengas la función Buscar habilitada en tu dispositivo antes de que se pierda o te lo roben. Durante el proceso de reclamación, te pediremos que uses la función Buscar para poner el dispositivo perdido o robado en modo Perdido, borrarlo y transferir la propiedad a Apple para que podamos asignarte un nuevo dispositivo. Para asegurarte de que puedas iniciar sesión en Buscar y acceder a esta función, es importante que recuerdes tu ID de Apple y contraseña, y que mantengas la información de tu cuenta actualizada. Si usas la autenticación de doble factor para el ID de Apple, te recomendamos que añadas un número de teléfono adicional de confianza a tu cuenta en el que puedas recibir el código de verificación de 6 dígitos que necesitas para iniciar sesión aunque no tengas tu iPhone. Para obtener más información, visita las páginas de Soporte técnico de Apple.""}},""transactionId"":""b1fc7a93-b175-4192-8efc-009d41d66c22-1790167352635""}"
True;1333795;2026-09-23 09:45:12.053000;2026-09-23 00:00:00;61001087;CREATEORDER;SKG6YLFP2GK;MJXV4BE/A;"{""orderDetailsResponses"":{""deviceEligibility"":{""secondaryDisplay"":""0"",""partDescription"":""AppleCare+ con robo y pérdida para iPhone 18 Pro Max"",""coverageDuration"":""2"",""productStatement"":""Tu AppleCare+ con robo y pérdida para iPhone 18 Pro Max amplía la cobertura de servicio y soporte técnico a 2 años desde la fecha de compra de AppleCare+ con robo y pérdida e incluye cobertura para una cantidad ilimitada de incidentes por daño accidental debido a la manipulación del producto o un máximo de dos incidentes de robo y pérdida cada 12 meses, cada uno de ellos sujeto a un cargo adicional de R$28000  por los daños de la pantalla o la carcasa externa o de R$144000  por robo o pérdida o de R$96000  por Otros daños accidentales. Lee todos los detalles en los Términos y condiciones de AppleCare+."",""deviceDateOfPurchase"":""23/09/2026"",""deviceId"":""SKG6YLFP2GK"",""registeredDevice"":""1"",""pocType"":""APOC"",""serialNumber"":""KG6YLFP2GK"",""partNumber"":""SHMP3ZX/A"",""partAlias"":""ACPTL"",""purchaseMode"":""C"",""productDescription"":""iPhone 18 Pro Max"",""tlDisclosure"":""La cobertura de robo y pérdida requiere que tengas la función Buscar habilitada en tu dispositivo antes de que se pierda o te lo roben. Durante el proceso de reclamación, te pediremos que uses la función Buscar para poner el dispositivo perdido o robado en modo Perdido, borrarlo y transferir la propiedad a Apple para que podamos asignarte un nuevo dispositivo. Para asegurarte de que puedas iniciar sesión en Buscar y acceder a esta función, es importante que recuerdes tu ID de Apple y contraseña, y que mantengas la información de tu cuenta actualizada. Si usas la autenticación de doble factor para el ID de Apple, te recomendamos que añadas un número de teléfono adicional de confianza a tu cuenta en el que puedas recibir el código de verificación de 6 dígitos que necesitas para iniciar sesión aunque no tengas tu iPhone. Para obtener más información, visita las páginas de Soporte técnico de Apple.""},""orderConfirmation"":{""agreementNumber"":""328426360216"",""coverageDurationStatement"":""Finaliza el 22/09/2028"",""termConditionURL"":""http://www.apple.com/legal/sales-support/"",""partNumber"":""SHMP3ZX/A"",""partAlias"":""ACPTL"",""partType"":""AC+TL"",""purchaseMode"":""C"",""appleCareSalesDate"":""23/09/2026"",""pocType"":""APOC"",""purchaseOrderNumber"":""61001087""}},""transactionId"":""f8e7bfae-d4f6-4a1d-a293-c8c5e8f77805-1790167504970""}"
True;5109227;2026-09-23 10:12:30.350000;2026-09-22 00:00:00;5109227;VERIFYORDER;SGJDGVGQ4N6;MJY44BE/A;"{""orderDetailsResponses"":{""deviceEligibility"":{""secondaryDisplay"":""0"",""partDescription"":""AppleCare+ con robo y pérdida para iPhone 18 Pro Max"",""coverageDuration"":""2"",""productStatement"":""Tu AppleCare+ con robo y pérdida para iPhone 18 Pro Max amplía la cobertura de servicio y soporte técnico a 2 años desde la fecha de compra de AppleCare+ con robo y pérdida e incluye cobertura para una cantidad ilimitada de incidentes por daño accidental debido a la manipulación del producto o un máximo de dos incidentes de robo y pérdida cada 12 meses, cada uno de ellos sujeto a un cargo adicional de R$28000  por los daños de la pantalla o la carcasa externa o de R$144000  por robo o pérdida o de R$96000  por Otros daños accidentales. Lee todos los detalles en los Términos y condiciones de AppleCare+."",""deviceDateOfPurchase"":""23/09/2026"",""deviceId"":""SGJDGVGQ4N6"",""registeredDevice"":""1"",""pocType"":""APOC"",""serialNumber"":""GJDGVGQ4N6"",""partNumber"":""SHMP3ZX/A"",""partAlias"":""ACPTL"",""purchaseMode"":""C"",""productDescription"":""iPhone 18 Pro Max"",""tlDisclosure"":""La cobertura de robo y pérdida requiere que tengas la función Buscar habilitada en tu dispositivo antes de que se pierda o te lo roben. Durante el proceso de reclamación, te pediremos que uses la función Buscar para poner el dispositivo perdido o robado en modo Perdido, borrarlo y transferir la propiedad a Apple para que podamos asignarte un nuevo dispositivo. Para asegurarte de que puedas iniciar sesión en Buscar y acceder a esta función, es importante que recuerdes tu ID de Apple y contraseña, y que mantengas la información de tu cuenta actualizada. Si usas la autenticación de doble factor para el ID de Apple, te recomendamos que añadas un número de teléfono adicional de confianza a tu cuenta en el que puedas recibir el código de verificación de 6 dígitos que necesitas para iniciar sesión aunque no tengas tu iPhone. Para obtener más información, visita las páginas de Soporte técnico de Apple.""}},""transactionId"":""a117e6b5-d359-4669-a721-4a14d6f914d7-1790169149809""}"
True;5109227;2026-09-23 10:12:32.550000;2026-09-22 00:00:00;5109227;CREATEORDER;SGJDGVGQ4N6;MJY44BE/A;"{""orderDetailsResponses"":{""deviceEligibility"":{""secondaryDisplay"":""0"",""partDescription"":""AppleCare+ con robo y pérdida para iPhone 18 Pro Max"",""coverageDuration"":""2"",""productStatement"":""Tu AppleCare+ con robo y pérdida para iPhone 18 Pro Max amplía la cobertura de servicio y soporte técnico a 2 años desde la fecha de compra de AppleCare+ con robo y pérdida e incluye cobertura para una cantidad ilimitada de incidentes por daño accidental debido a la manipulación del producto o un máximo de dos incidentes de robo y pérdida cada 12 meses, cada uno de ellos sujeto a un cargo adicional de R$28000  por los daños de la pantalla o la carcasa externa o de R$144000  por robo o pérdida o de R$96000  por Otros daños accidentales. Lee todos los detalles en los Términos y condiciones de AppleCare+."",""deviceDateOfPurchase"":""23/09/2026"",""deviceId"":""SGJDGVGQ4N6"",""registeredDevice"":""1"",""pocType"":""RPOC"",""serialNumber"":""GJDGVGQ4N6"",""partNumber"":""SHMP3ZX/A"",""partAlias"":""ACPTL"",""purchaseMode"":""C"",""productDescription"":""iPhone 18 Pro Max"",""tlDisclosure"":""La cobertura de robo y pérdida requiere que tengas la función Buscar habilitada en tu dispositivo antes de que se pierda o te lo roben. Durante el proceso de reclamación, te pediremos que uses la función Buscar para poner el dispositivo perdido o robado en modo Perdido, borrarlo y transferir la propiedad a Apple para que podamos asignarte un nuevo dispositivo. Para asegurarte de que puedas iniciar sesión en Buscar y acceder a esta función, es importante que recuerdes tu ID de Apple y contraseña, y que mantengas la información de tu cuenta actualizada. Si usas la autenticación de doble factor para el ID de Apple, te recomendamos que añadas un número de teléfono adicional de confianza a tu cuenta en el que puedas recibir el código de verificación de 6 dígitos que necesitas para iniciar sesión aunque no tengas tu iPhone. Para obtener más información, visita las páginas de Soporte técnico de Apple.""},""orderConfirmation"":{""agreementNumber"":""328426342519"",""coverageDurationStatement"":""Finaliza el 22/09/2028"",""termConditionURL"":""http://www.apple.com/legal/sales-support/"",""partNumber"":""SHMP3ZX/A"",""partAlias"":""ACPTL"",""partType"":""AC+TL"",""purchaseMode"":""C"",""appleCareSalesDate"":""23/09/2026"",""pocType"":""RPOC"",""purchaseOrderNumber"":""5109227""}},""transactionId"":""2e40de23-76f7-4e5d-8a9e-dc98a8e1a413-1790169151528""}"
True;1293568;2026-09-23 10:16:53.293000;2026-09-22 00:00:00;1293568;VERIFYORDER;SHQNWD095T9;MXP93AM/A;"{""orderDetailsResponses"":{""deviceEligibility"":{""secondaryDisplay"":""0"",""partDescription"":""AppleCare+ para AirPods"",""coverageDuration"":""2"",""productStatement"":""AppleCare+ para AirPods amplía la cobertura de servicio y soporte técnico a 2 años desde la fecha de compra de AppleCare+ e incluye cobertura para una cantidad ilimitada de incidentes por daño accidental debido a la manipulación del producto, cada uno de ellos sujeto a un cargo adicional de CLP28000 . Lee todos los detalles en los Términos y condiciones de AppleCare+."",""deviceDateOfPurchase"":""23/09/2026"",""deviceId"":""SHQNWD095T9"",""registeredDevice"":""1"",""pocType"":""APOC"",""serialNumber"":""HQNWD095T9"",""partNumber"":""S9066ZX/A"",""partAlias"":""ACP"",""purchaseMode"":""C"",""productDescription"":""AirPods 4 (ANC)""}},""transactionId"":""4514d3d8-4f29-4c70-885d-03000a4baf69-1790169412772""}"
True;1293568;2026-09-23 10:16:56.740000;2026-09-22 00:00:00;1293568;CREATEORDER;SHQNWD095T9;MXP93AM/A;"{""orderDetailsResponses"":{""deviceEligibility"":{""secondaryDisplay"":""0"",""partDescription"":""AppleCare+ para AirPods"",""coverageDuration"":""2"",""productStatement"":""AppleCare+ para AirPods amplía la cobertura de servicio y soporte técnico a 2 años desde la fecha de compra de AppleCare+ e incluye cobertura para una cantidad ilimitada de incidentes por daño accidental debido a la manipulación del producto, cada uno de ellos sujeto a un cargo adicional de CLP28000 . Lee todos los detalles en los Términos y condiciones de AppleCare+."",""deviceDateOfPurchase"":""23/09/2026"",""deviceId"":""SHQNWD095T9"",""registeredDevice"":""1"",""pocType"":""RPOC"",""serialNumber"":""HQNWD095T9"",""partNumber"":""S9066ZX/A"",""partAlias"":""ACP"",""purchaseMode"":""C"",""productDescription"":""AirPods 4 (ANC)""},""orderConfirmation"":{""agreementNumber"":""328426342529"",""coverageDurationStatement"":""Finaliza el 22/09/2028"",""termConditionURL"":""http://www.apple.com/legal/sales-support/"",""partNumber"":""S9066ZX/A"",""partAlias"":""ACP"",""partType"":""AppleCare+"",""purchaseMode"":""C"",""appleCareSalesDate"":""23/09/2026"",""pocType"":""RPOC"",""purchaseOrderNumber"":""1293568""}},""transactionId"":""8709c938-37b9-4844-a641-7b50c3154554-1790169415837""}"
True;5187448;2026-09-23 10:19:12.363000;2026-09-23 00:00:00;65801084;VERIFYORDER;SK94XFPCVFN;MJXU4BE/A;"{""orderDetailsResponses"":{""deviceEligibility"":{""secondaryDisplay"":""0"",""partDescription"":""AppleCare+ con robo y pérdida para iPhone 18 Pro Max"",""coverageDuration"":""2"",""productStatement"":""Tu AppleCare+ con robo y pérdida para iPhone 18 Pro Max amplía la cobertura de servicio y soporte técnico a 2 años desde la fecha de compra de AppleCare+ con robo y pérdida e incluye cobertura para una cantidad ilimitada de incidentes por daño accidental debido a la manipulación del producto o un máximo de dos incidentes de robo y pérdida cada 12 meses, cada uno de ellos sujeto a un cargo adicional de R$28000  por los daños de la pantalla o la carcasa externa o de R$144000  por robo o pérdida o de R$96000  por Otros daños accidentales. Lee todos los detalles en los Términos y condiciones de AppleCare+."",""deviceDateOfPurchase"":""23/09/2026"",""deviceId"":""SK94XFPCVFN"",""registeredDevice"":""1"",""pocType"":""APOC"",""serialNumber"":""K94XFPCVFN"",""partNumber"":""SHMP3ZX/A"",""partAlias"":""ACPTL"",""purchaseMode"":""C"",""productDescription"":""iPhone 18 Pro Max"",""tlDisclosure"":""La cobertura de robo y pérdida requiere que tengas la función Buscar habilitada en tu dispositivo antes de que se pierda o te lo roben. Durante el proceso de reclamación, te pediremos que uses la función Buscar para poner el dispositivo perdido o robado en modo Perdido, borrarlo y transferir la propiedad a Apple para que podamos asignarte un nuevo dispositivo. Para asegurarte de que puedas iniciar sesión en Buscar y acceder a esta función, es importante que recuerdes tu ID de Apple y contraseña, y que mantengas la información de tu cuenta actualizada. Si usas la autenticación de doble factor para el ID de Apple, te recomendamos que añadas un número de teléfono adicional de confianza a tu cuenta en el que puedas recibir el código de verificación de 6 dígitos que necesitas para iniciar sesión aunque no tengas tu iPhone. Para obtener más información, visita las páginas de Soporte técnico de Apple.""}},""transactionId"":""a8c93514-12c8-456d-a082-22e760c449a0-1790169551777""}"
True;5187448;2026-09-23 10:23:10.503000;2026-09-23 00:00:00;65801084;CREATEORDER;SK94XFPCVFN;MJXU4BE/A;"{""orderDetailsResponses"":{""deviceEligibility"":{""secondaryDisplay"":""0"",""partDescription"":""AppleCare+ con robo y pérdida para iPhone 18 Pro Max"",""coverageDuration"":""2"",""productStatement"":""Tu AppleCare+ con robo y pérdida para iPhone 18 Pro Max amplía la cobertura de servicio y soporte técnico a 2 años desde la fecha de compra de AppleCare+ con robo y pérdida e incluye cobertura para una cantidad ilimitada de incidentes por daño accidental debido a la manipulación del producto o un máximo de dos incidentes de robo y pérdida cada 12 meses, cada uno de ellos sujeto a un cargo adicional de R$28000  por los daños de la pantalla o la carcasa externa o de R$144000  por robo o pérdida o de R$96000  por Otros daños accidentales. Lee todos los detalles en los Términos y condiciones de AppleCare+."",""deviceDateOfPurchase"":""23/09/2026"",""deviceId"":""SK94XFPCVFN"",""registeredDevice"":""1"",""pocType"":""APOC"",""serialNumber"":""K94XFPCVFN"",""partNumber"":""SHMP3ZX/A"",""partAlias"":""ACPTL"",""purchaseMode"":""C"",""productDescription"":""iPhone 18 Pro Max"",""tlDisclosure"":""La cobertura de robo y pérdida requiere que tengas la función Buscar habilitada en tu dispositivo antes de que se pierda o te lo roben. Durante el proceso de reclamación, te pediremos que uses la función Buscar para poner el dispositivo perdido o robado en modo Perdido, borrarlo y transferir la propiedad a Apple para que podamos asignarte un nuevo dispositivo. Para asegurarte de que puedas iniciar sesión en Buscar y acceder a esta función, es importante que recuerdes tu ID de Apple y contraseña, y que mantengas la información de tu cuenta actualizada. Si usas la autenticación de doble factor para el ID de Apple, te recomendamos que añadas un número de teléfono adicional de confianza a tu cuenta en el que puedas recibir el código de verificación de 6 dígitos que necesitas para iniciar sesión aunque no tengas tu iPhone. Para obtener más información, visita las páginas de Soporte técnico de Apple.""},""orderConfirmation"":{""agreementNumber"":""328426400108"",""coverageDurationStatement"":""Finaliza el 22/09/2028"",""termConditionURL"":""http://www.apple.com/legal/sales-support/"",""partNumber"":""SHMP3ZX/A"",""partAlias"":""ACPTL"",""partType"":""AC+TL"",""purchaseMode"":""C"",""appleCareSalesDate"":""23/09/2026"",""pocType"":""APOC"",""purchaseOrderNumber"":""65801084""}},""transactionId"":""70ffc648-c076-4c84-aa1d-b2de8a076e02-1790169785393""}"
True;5168468;2026-09-23 10:26:19.177000;2026-09-23 00:00:00;2701154;VERIFYORDER;SM7GJVV6R97;MJXQ4BE/A;"{""orderDetailsResponses"":{""deviceEligibility"":{""secondaryDisplay"":""0"",""partDescription"":""AppleCare+ para iPhone 18 Pro Max"",""coverageDuration"":""2"",""productStatement"":""AppleCare+ para iPhone 18 Pro Max amplía la cobertura de servicio y soporte técnico a 2 años desde la fecha de compra de AppleCare+ e incluye cobertura para una cantidad ilimitada de incidentes por daño accidental debido a la manipulación del producto, cada uno de ellos sujeto a un cargo adicional de R$28000  por los daños de la pantalla o la carcasa externa o de R$96000  por Otros daños accidentales. Lee todos los detalles en los Términos y condiciones de AppleCare+."",""deviceDateOfPurchase"":""23/09/2026"",""deviceId"":""SM7GJVV6R97"",""registeredDevice"":""1"",""pocType"":""APOC"",""serialNumber"":""M7GJVV6R97"",""partNumber"":""SHJ83ZX/A"",""partAlias"":""ACP"",""purchaseMode"":""C"",""productDescription"":""iPhone 18 Pro Max""}},""transactionId"":""11729e0b-4431-4697-ba19-55e71055feb0-1790169978680""}"
True;5168468;2026-09-23 10:30:23.090000;2026-09-23 00:00:00;2701154;CREATEORDER;SM7GJVV6R97;MJXQ4BE/A;"{""orderDetailsResponses"":{""deviceEligibility"":{""secondaryDisplay"":""0"",""partDescription"":""AppleCare+ para iPhone 18 Pro Max"",""coverageDuration"":""2"",""productStatement"":""AppleCare+ para iPhone 18 Pro Max amplía la cobertura de servicio y soporte técnico a 2 años desde la fecha de compra de AppleCare+ e incluye cobertura para una cantidad ilimitada de incidentes por daño accidental debido a la manipulación del producto, cada uno de ellos sujeto a un cargo adicional de R$28000  por los daños de la pantalla o la carcasa externa o de R$96000  por Otros daños accidentales. Lee todos los detalles en los Términos y condiciones de AppleCare+."",""deviceDateOfPurchase"":""23/09/2026"",""deviceId"":""SM7GJVV6R97"",""registeredDevice"":""1"",""pocType"":""APOC"",""serialNumber"":""M7GJVV6R97"",""partNumber"":""SHJ83ZX/A"",""partAlias"":""ACP"",""purchaseMode"":""C"",""productDescription"":""iPhone 18 Pro Max""},""orderConfirmation"":{""agreementNumber"":""328426400123"",""coverageDurationStatement"":""Finaliza el 22/09/2028"",""termConditionURL"":""http://www.apple.com/legal/sales-support/"",""partNumber"":""SHJ83ZX/A"",""partAlias"":""ACP"",""partType"":""AppleCare+"",""purchaseMode"":""C"",""appleCareSalesDate"":""23/09/2026"",""pocType"":""APOC"",""purchaseOrderNumber"":""2701154""}},""transactionId"":""8c29c5cf-6193-4894-acb5-b32d668e7206-1790170216381""}"
True;5132782;2026-09-23 10:34:59.743000;2026-09-23 00:00:00;23101133;VERIFYORDER;SFN4C9F2C9L;MJEL4BE/A;"{""orderDetailsResponses"":{""deviceEligibility"":{""secondaryDisplay"":""0"",""partDescription"":""AppleCare+ para Apple Watch Series 12"",""coverageDuration"":""2"",""productStatement"":""AppleCare+ para Apple Watch Series 12 amplía la cobertura de servicio y soporte técnico a 2 años desde la fecha de compra de AppleCare+ e incluye cobertura para una cantidad ilimitada de incidentes por daño accidental debido a la manipulación del producto, cada uno de ellos sujeto a un cargo adicional de R$67000  por Otros daños accidentales. Lee todos los detalles en los Términos y condiciones de AppleCare+."",""deviceDateOfPurchase"":""23/09/2026"",""deviceId"":""SFN4C9F2C9L"",""registeredDevice"":""1"",""pocType"":""APOC"",""serialNumber"":""FN4C9F2C9L"",""partNumber"":""SH0G3ZX/A"",""partAlias"":""ACP"",""purchaseMode"":""C"",""productDescription"":""Watch Series 12 (GPS) Aluminum 46MM""}},""transactionId"":""043fb78c-2e63-4a32-ba57-e0acdcda924e-1790170499109""}"
True;5132782;2026-09-23 10:36:14.583000;2026-09-23 00:00:00;23101133;CREATEORDER;SFN4C9F2C9L;MJEL4BE/A;"{""orderDetailsResponses"":{""deviceEligibility"":{""secondaryDisplay"":""0"",""partDescription"":""AppleCare+ para Apple Watch Series 12"",""coverageDuration"":""2"",""productStatement"":""AppleCare+ para Apple Watch Series 12 amplía la cobertura de servicio y soporte técnico a 2 años desde la fecha de compra de AppleCare+ e incluye cobertura para una cantidad ilimitada de incidentes por daño accidental debido a la manipulación del producto, cada uno de ellos sujeto a un cargo adicional de R$67000  por Otros daños accidentales. Lee todos los detalles en los Términos y condiciones de AppleCare+."",""deviceDateOfPurchase"":""23/09/2026"",""deviceId"":""SFN4C9F2C9L"",""registeredDevice"":""1"",""pocType"":""APOC"",""serialNumber"":""FN4C9F2C9L"",""partNumber"":""SH0G3ZX/A"",""partAlias"":""ACP"",""purchaseMode"":""C"",""productDescription"":""Watch Series 12 (GPS) Aluminum 46MM""},""orderConfirmation"":{""agreementNumber"":""328426401145"",""coverageDurationStatement"":""Finaliza el 22/09/2028"",""termConditionURL"":""http://www.apple.com/legal/sales-support/"",""partNumber"":""SH0G3ZX/A"",""partAlias"":""ACP"",""partType"":""AppleCare+"",""purchaseMode"":""C"",""appleCareSalesDate"":""23/09/2026"",""pocType"":""APOC"",""purchaseOrderNumber"":""23101133""}},""transactionId"":""d5ce0b61-9545-4ea3-b233-fb2870ad4a5c-1790170569200""}"
True;5132783;2026-09-23 10:59:18.410000;2026-09-23 00:00:00;23201133;VERIFYORDER;SJVH9K6L36F;MJRP4BE/A;"{""orderDetailsResponses"":{""deviceEligibility"":{""secondaryDisplay"":""0"",""partDescription"":""AppleCare+ con robo y pérdida para iPhone 18 Pro"",""coverageDuration"":""2"",""productStatement"":""Tu AppleCare+ con robo y pérdida para iPhone 18 Pro amplía la cobertura de servicio y soporte técnico a 2 años desde la fecha de compra de AppleCare+ con robo y pérdida e incluye cobertura para una cantidad ilimitada de incidentes por daño accidental debido a la manipulación del producto o un máximo de dos incidentes de robo y pérdida cada 12 meses, cada uno de ellos sujeto a un cargo adicional de R$28000  por los daños de la pantalla o la carcasa externa o de R$144000  por robo o pérdida o de R$96000  por Otros daños accidentales. Lee todos los detalles en los Términos y condiciones de AppleCare+."",""deviceDateOfPurchase"":""23/09/2026"",""deviceId"":""SJVH9K6L36F"",""registeredDevice"":""1"",""pocType"":""APOC"",""serialNumber"":""JVH9K6L36F"",""partNumber"":""SHMD3ZX/A"",""partAlias"":""ACPTL"",""purchaseMode"":""C"",""productDescription"":""iPhone 18 Pro"",""tlDisclosure"":""La cobertura de robo y pérdida requiere que tengas la función Buscar habilitada en tu dispositivo antes de que se pierda o te lo roben. Durante el proceso de reclamación, te pediremos que uses la función Buscar para poner el dispositivo perdido o robado en modo Perdido, borrarlo y transferir la propiedad a Apple para que podamos asignarte un nuevo dispositivo. Para asegurarte de que puedas iniciar sesión en Buscar y acceder a esta función, es importante que recuerdes tu ID de Apple y contraseña, y que mantengas la información de tu cuenta actualizada. Si usas la autenticación de doble factor para el ID de Apple, te recomendamos que añadas un número de teléfono adicional de confianza a tu cuenta en el que puedas recibir el código de verificación de 6 dígitos que necesitas para iniciar sesión aunque no tengas tu iPhone. Para obtener más información, visita las páginas de Soporte técnico de Apple.""}},""transactionId"":""806ce968-ec9f-47e3-9412-7833e8227914-1790171957815""}"
True;5132783;2026-09-23 11:02:09.733000;2026-09-23 00:00:00;23201133;CREATEORDER;SJVH9K6L36F;MJRP4BE/A;"{""orderDetailsResponses"":{""deviceEligibility"":{""secondaryDisplay"":""0"",""partDescription"":""AppleCare+ con robo y pérdida para iPhone 18 Pro"",""coverageDuration"":""2"",""productStatement"":""Tu AppleCare+ con robo y pérdida para iPhone 18 Pro amplía la cobertura de servicio y soporte técnico a 2 años desde la fecha de compra de AppleCare+ con robo y pérdida e incluye cobertura para una cantidad ilimitada de incidentes por daño accidental debido a la manipulación del producto o un máximo de dos incidentes de robo y pérdida cada 12 meses, cada uno de ellos sujeto a un cargo adicional de R$28000  por los daños de la pantalla o la carcasa externa o de R$144000  por robo o pérdida o de R$96000  por Otros daños accidentales. Lee todos los detalles en los Términos y condiciones de AppleCare+."",""deviceDateOfPurchase"":""23/09/2026"",""deviceId"":""SJVH9K6L36F"",""registeredDevice"":""1"",""pocType"":""APOC"",""serialNumber"":""JVH9K6L36F"",""partNumber"":""SHMD3ZX/A"",""partAlias"":""ACPTL"",""purchaseMode"":""C"",""productDescription"":""iPhone 18 Pro"",""tlDisclosure"":""La cobertura de robo y pérdida requiere que tengas la función Buscar habilitada en tu dispositivo antes de que se pierda o te lo roben. Durante el proceso de reclamación, te pediremos que uses la función Buscar para poner el dispositivo perdido o robado en modo Perdido, borrarlo y transferir la propiedad a Apple para que podamos asignarte un nuevo dispositivo. Para asegurarte de que puedas iniciar sesión en Buscar y acceder a esta función, es importante que recuerdes tu ID de Apple y contraseña, y que mantengas la información de tu cuenta actualizada. Si usas la autenticación de doble factor para el ID de Apple, te recomendamos que añadas un número de teléfono adicional de confianza a tu cuenta en el que puedas recibir el código de verificación de 6 dígitos que necesitas para iniciar sesión aunque no tengas tu iPhone. Para obtener más información, visita las páginas de Soporte técnico de Apple.""},""orderConfirmation"":{""agreementNumber"":""328426400176"",""coverageDurationStatement"":""Finaliza el 22/09/2028"",""termConditionURL"":""http://www.apple.com/legal/sales-support/"",""partNumber"":""SHMD3ZX/A"",""partAlias"":""ACPTL"",""partType"":""AC+TL"",""purchaseMode"":""C"",""appleCareSalesDate"":""23/09/2026"",""pocType"":""APOC"",""purchaseOrderNumber"":""23201133""}},""transactionId"":""105ad14c-4838-4b7c-a908-22e582450e33-1790172124262""}"
True;1319867;2026-09-23 11:33:48.790000;2026-09-23 00:00:00;3401020;VERIFYORDER;SM396V140FM;MKFT4AM/A;"{""orderDetailsResponses"":{""deviceEligibility"":{""secondaryDisplay"":""0"",""partDescription"":""AppleCare+ para AirPods"",""coverageDuration"":""2"",""productStatement"":""AppleCare+ para AirPods amplía la cobertura de servicio y soporte técnico a 2 años desde la fecha de compra de AppleCare+ e incluye cobertura para una cantidad ilimitada de incidentes por daño accidental debido a la manipulación del producto, cada uno de ellos sujeto a un cargo adicional de CLP28000 . Lee todos los detalles en los Términos y condiciones de AppleCare+."",""deviceDateOfPurchase"":""23/09/2026"",""deviceId"":""SM396V140FM"",""registeredDevice"":""1"",""pocType"":""APOC"",""serialNumber"":""M396V140FM"",""partNumber"":""S9066ZX/A"",""partAlias"":""ACP"",""purchaseMode"":""C"",""productDescription"":""AirPods 5 (Wireless Charging)""}},""transactionId"":""ff254606-b339-4fec-86a9-b43e76135b60-1790174028073""}"
True;1319867;2026-09-23 11:35:18.473000;2026-09-23 00:00:00;3401020;CREATEORDER;SM396V140FM;MKFT4AM/A;"{""orderDetailsResponses"":{""deviceEligibility"":{""secondaryDisplay"":""0"",""partDescription"":""AppleCare+ para AirPods"",""coverageDuration"":""2"",""productStatement"":""AppleCare+ para AirPods amplía la cobertura de servicio y soporte técnico a 2 años desde la fecha de compra de AppleCare+ e incluye cobertura para una cantidad ilimitada de incidentes por daño accidental debido a la manipulación del producto, cada uno de ellos sujeto a un cargo adicional de CLP28000 . Lee todos los detalles en los Términos y condiciones de AppleCare+."",""deviceDateOfPurchase"":""23/09/2026"",""deviceId"":""SM396V140FM"",""registeredDevice"":""1"",""pocType"":""APOC"",""serialNumber"":""M396V140FM"",""partNumber"":""S9066ZX/A"",""partAlias"":""ACP"",""purchaseMode"":""C"",""productDescription"":""AirPods 5 (Wireless Charging)""},""orderConfirmation"":{""agreementNumber"":""328426320877"",""coverageDurationStatement"":""Finaliza el 22/09/2028"",""termConditionURL"":""http://www.apple.com/legal/sales-support/"",""partNumber"":""S9066ZX/A"",""partAlias"":""ACP"",""partType"":""AppleCare+"",""purchaseMode"":""C"",""appleCareSalesDate"":""23/09/2026"",""pocType"":""APOC"",""purchaseOrderNumber"":""3401020""}},""transactionId"":""97f87ebf-1d1c-490c-86a8-f81986561666-1790174113564""}"
True;5109212;2026-09-23 11:37:15.990000;2026-09-22 00:00:00;5109212;VERIFYORDER;SJFJKY2KH9X;MJXU4BE/A;"{""orderDetailsResponses"":{""deviceEligibility"":{""secondaryDisplay"":""0"",""partDescription"":""AppleCare+ con robo y pérdida para iPhone 18 Pro Max"",""coverageDuration"":""2"",""productStatement"":""Tu AppleCare+ con robo y pérdida para iPhone 18 Pro Max amplía la cobertura de servicio y soporte técnico a 2 años desde la fecha de compra de AppleCare+ con robo y pérdida e incluye cobertura para una cantidad ilimitada de incidentes por daño accidental debido a la manipulación del producto o un máximo de dos incidentes de robo y pérdida cada 12 meses, cada uno de ellos sujeto a un cargo adicional de R$28000  por los daños de la pantalla o la carcasa externa o de R$144000  por robo o pérdida o de R$96000  por Otros daños accidentales. Lee todos los detalles en los Términos y condiciones de AppleCare+."",""deviceDateOfPurchase"":""23/09/2026"",""deviceId"":""SJFJKY2KH9X"",""registeredDevice"":""1"",""pocType"":""APOC"",""serialNumber"":""JFJKY2KH9X"",""partNumber"":""SHMP3ZX/A"",""partAlias"":""ACPTL"",""purchaseMode"":""C"",""productDescription"":""iPhone 18 Pro Max"",""tlDisclosure"":""La cobertura de robo y pérdida requiere que tengas la función Buscar habilitada en tu dispositivo antes de que se pierda o te lo roben. Durante el proceso de reclamación, te pediremos que uses la función Buscar para poner el dispositivo perdido o robado en modo Perdido, borrarlo y transferir la propiedad a Apple para que podamos asignarte un nuevo dispositivo. Para asegurarte de que puedas iniciar sesión en Buscar y acceder a esta función, es importante que recuerdes tu ID de Apple y contraseña, y que mantengas la información de tu cuenta actualizada. Si usas la autenticación de doble factor para el ID de Apple, te recomendamos que añadas un número de teléfono adicional de confianza a tu cuenta en el que puedas recibir el código de verificación de 6 dígitos que necesitas para iniciar sesión aunque no tengas tu iPhone. Para obtener más información, visita las páginas de Soporte técnico de Apple.""}},""transactionId"":""f2b4ba93-3235-4627-9df9-a80f5aea0ac3-1790174235452""}"
True;5109212;2026-09-23 11:37:17.363000;2026-09-22 00:00:00;5109212;CREATEORDER;SJFJKY2KH9X;MJXU4BE/A;"{""orderDetailsResponses"":{""deviceEligibility"":{""secondaryDisplay"":""0"",""partDescription"":""AppleCare+ con robo y pérdida para iPhone 18 Pro Max"",""coverageDuration"":""2"",""productStatement"":""Tu AppleCare+ con robo y pérdida para iPhone 18 Pro Max amplía la cobertura de servicio y soporte técnico a 2 años desde la fecha de compra de AppleCare+ con robo y pérdida e incluye cobertura para una cantidad ilimitada de incidentes por daño accidental debido a la manipulación del producto o un máximo de dos incidentes de robo y pérdida cada 12 meses, cada uno de ellos sujeto a un cargo adicional de R$28000  por los daños de la pantalla o la carcasa externa o de R$144000  por robo o pérdida o de R$96000  por Otros daños accidentales. Lee todos los detalles en los Términos y condiciones de AppleCare+."",""deviceDateOfPurchase"":""23/09/2026"",""deviceId"":""SJFJKY2KH9X"",""registeredDevice"":""1"",""pocType"":""RPOC"",""serialNumber"":""JFJKY2KH9X"",""partNumber"":""SHMP3ZX/A"",""partAlias"":""ACPTL"",""purchaseMode"":""C"",""productDescription"":""iPhone 18 Pro Max"",""tlDisclosure"":""La cobertura de robo y pérdida requiere que tengas la función Buscar habilitada en tu dispositivo antes de que se pierda o te lo roben. Durante el proceso de reclamación, te pediremos que uses la función Buscar para poner el dispositivo perdido o robado en modo Perdido, borrarlo y transferir la propiedad a Apple para que podamos asignarte un nuevo dispositivo. Para asegurarte de que puedas iniciar sesión en Buscar y acceder a esta función, es importante que recuerdes tu ID de Apple y contraseña, y que mantengas la información de tu cuenta actualizada. Si usas la autenticación de doble factor para el ID de Apple, te recomendamos que añadas un número de teléfono adicional de confianza a tu cuenta en el que puedas recibir el código de verificación de 6 dígitos que necesitas para iniciar sesión aunque no tengas tu iPhone. Para obtener más información, visita las páginas de Soporte técnico de Apple.""},""orderConfirmation"":{""agreementNumber"":""328426401265"",""coverageDurationStatement"":""Finaliza el 22/09/2028"",""termConditionURL"":""http://www.apple.com/legal/sales-support/"",""partNumber"":""SHMP3ZX/A"",""partAlias"":""ACPTL"",""partType"":""AC+TL"",""purchaseMode"":""C"",""appleCareSalesDate"":""23/09/2026"",""pocType"":""RPOC"",""purchaseOrderNumber"":""5109212""}},""transactionId"":""9a015556-6174-45a1-9ce6-167a43d492da-1790174236461""}"
True;5109236;2026-09-23 11:37:18.850000;2026-09-22 00:00:00;5109236;VERIFYORDER;SJY3WX9VXDL;MJXN4BE/A;"{""orderDetailsResponses"":{""deviceEligibility"":{""secondaryDisplay"":""0"",""partDescription"":""AppleCare+ con robo y pérdida para iPhone 18 Pro Max"",""coverageDuration"":""2"",""productStatement"":""Tu AppleCare+ con robo y pérdida para iPhone 18 Pro Max amplía la cobertura de servicio y soporte técnico a 2 años desde la fecha de compra de AppleCare+ con robo y pérdida e incluye cobertura para una cantidad ilimitada de incidentes por daño accidental debido a la manipulación del producto o un máximo de dos incidentes de robo y pérdida cada 12 meses, cada uno de ellos sujeto a un cargo adicional de R$28000  por los daños de la pantalla o la carcasa externa o de R$144000  por robo o pérdida o de R$96000  por Otros daños accidentales. Lee todos los detalles en los Términos y condiciones de AppleCare+."",""deviceDateOfPurchase"":""23/09/2026"",""deviceId"":""SJY3WX9VXDL"",""registeredDevice"":""1"",""pocType"":""APOC"",""serialNumber"":""JY3WX9VXDL"",""partNumber"":""SHMP3ZX/A"",""partAlias"":""ACPTL"",""purchaseMode"":""C"",""productDescription"":""iPhone 18 Pro Max"",""tlDisclosure"":""La cobertura de robo y pérdida requiere que tengas la función Buscar habilitada en tu dispositivo antes de que se pierda o te lo roben. Durante el proceso de reclamación, te pediremos que uses la función Buscar para poner el dispositivo perdido o robado en modo Perdido, borrarlo y transferir la propiedad a Apple para que podamos asignarte un nuevo dispositivo. Para asegurarte de que puedas iniciar sesión en Buscar y acceder a esta función, es importante que recuerdes tu ID de Apple y contraseña, y que mantengas la información de tu cuenta actualizada. Si usas la autenticación de doble factor para el ID de Apple, te recomendamos que añadas un número de teléfono adicional de confianza a tu cuenta en el que puedas recibir el código de verificación de 6 dígitos que necesitas para iniciar sesión aunque no tengas tu iPhone. Para obtener más información, visita las páginas de Soporte técnico de Apple.""}},""transactionId"":""0b87b077-b86a-41ee-8600-78fef40239e0-1790174238289""}"
True;5109236;2026-09-23 11:37:20.063000;2026-09-22 00:00:00;5109236;CREATEORDER;SJY3WX9VXDL;MJXN4BE/A;"{""orderDetailsResponses"":{""deviceEligibility"":{""secondaryDisplay"":""0"",""partDescription"":""AppleCare+ con robo y pérdida para iPhone 18 Pro Max"",""coverageDuration"":""2"",""productStatement"":""Tu AppleCare+ con robo y pérdida para iPhone 18 Pro Max amplía la cobertura de servicio y soporte técnico a 2 años desde la fecha de compra de AppleCare+ con robo y pérdida e incluye cobertura para una cantidad ilimitada de incidentes por daño accidental debido a la manipulación del producto o un máximo de dos incidentes de robo y pérdida cada 12 meses, cada uno de ellos sujeto a un cargo adicional de R$28000  por los daños de la pantalla o la carcasa externa o de R$144000  por robo o pérdida o de R$96000  por Otros daños accidentales. Lee todos los detalles en los Términos y condiciones de AppleCare+."",""deviceDateOfPurchase"":""23/09/2026"",""deviceId"":""SJY3WX9VXDL"",""registeredDevice"":""1"",""pocType"":""RPOC"",""serialNumber"":""JY3WX9VXDL"",""partNumber"":""SHMP3ZX/A"",""partAlias"":""ACPTL"",""purchaseMode"":""C"",""productDescription"":""iPhone 18 Pro Max"",""tlDisclosure"":""La cobertura de robo y pérdida requiere que tengas la función Buscar habilitada en tu dispositivo antes de que se pierda o te lo roben. Durante el proceso de reclamación, te pediremos que uses la función Buscar para poner el dispositivo perdido o robado en modo Perdido, borrarlo y transferir la propiedad a Apple para que podamos asignarte un nuevo dispositivo. Para asegurarte de que puedas iniciar sesión en Buscar y acceder a esta función, es importante que recuerdes tu ID de Apple y contraseña, y que mantengas la información de tu cuenta actualizada. Si usas la autenticación de doble factor para el ID de Apple, te recomendamos que añadas un número de teléfono adicional de confianza a tu cuenta en el que puedas recibir el código de verificación de 6 dígitos que necesitas para iniciar sesión aunque no tengas tu iPhone. Para obtener más información, visita las páginas de Soporte técnico de Apple.""},""orderConfirmation"":{""agreementNumber"":""328426380376"",""coverageDurationStatement"":""Finaliza el 22/09/2028"",""termConditionURL"":""http://www.apple.com/legal/sales-support/"",""partNumber"":""SHMP3ZX/A"",""partAlias"":""ACPTL"",""partType"":""AC+TL"",""purchaseMode"":""C"",""appleCareSalesDate"":""23/09/2026"",""pocType"":""RPOC"",""purchaseOrderNumber"":""5109236""}},""transactionId"":""a4fb5034-1531-42d7-816e-329abd3eef33-1790174239244""}"
True;5109254;2026-09-23 11:37:21.370000;2026-09-22 00:00:00;5109254;VERIFYORDER;SFWWLT42T6C;MJRR4BE/A;"{""orderDetailsResponses"":{""deviceEligibility"":{""secondaryDisplay"":""0"",""partDescription"":""AppleCare+ con robo y pérdida para iPhone 18 Pro"",""coverageDuration"":""2"",""productStatement"":""Tu AppleCare+ con robo y pérdida para iPhone 18 Pro amplía la cobertura de servicio y soporte técnico a 2 años desde la fecha de compra de AppleCare+ con robo y pérdida e incluye cobertura para una cantidad ilimitada de incidentes por daño accidental debido a la manipulación del producto o un máximo de dos incidentes de robo y pérdida cada 12 meses, cada uno de ellos sujeto a un cargo adicional de R$28000  por los daños de la pantalla o la carcasa externa o de R$144000  por robo o pérdida o de R$96000  por Otros daños accidentales. Lee todos los detalles en los Términos y condiciones de AppleCare+."",""deviceDateOfPurchase"":""23/09/2026"",""deviceId"":""SFWWLT42T6C"",""registeredDevice"":""1"",""pocType"":""APOC"",""serialNumber"":""FWWLT42T6C"",""partNumber"":""SHMD3ZX/A"",""partAlias"":""ACPTL"",""purchaseMode"":""C"",""productDescription"":""iPhone 18 Pro"",""tlDisclosure"":""La cobertura de robo y pérdida requiere que tengas la función Buscar habilitada en tu dispositivo antes de que se pierda o te lo roben. Durante el proceso de reclamación, te pediremos que uses la función Buscar para poner el dispositivo perdido o robado en modo Perdido, borrarlo y transferir la propiedad a Apple para que podamos asignarte un nuevo dispositivo. Para asegurarte de que puedas iniciar sesión en Buscar y acceder a esta función, es importante que recuerdes tu ID de Apple y contraseña, y que mantengas la información de tu cuenta actualizada. Si usas la autenticación de doble factor para el ID de Apple, te recomendamos que añadas un número de teléfono adicional de confianza a tu cuenta en el que puedas recibir el código de verificación de 6 dígitos que necesitas para iniciar sesión aunque no tengas tu iPhone. Para obtener más información, visita las páginas de Soporte técnico de Apple.""}},""transactionId"":""e9382156-2531-4473-8426-da2260593914-1790174240889""}"
True;5109254;2026-09-23 11:37:22.760000;2026-09-22 00:00:00;5109254;CREATEORDER;SFWWLT42T6C;MJRR4BE/A;"{""orderDetailsResponses"":{""deviceEligibility"":{""secondaryDisplay"":""0"",""partDescription"":""AppleCare+ con robo y pérdida para iPhone 18 Pro"",""coverageDuration"":""2"",""productStatement"":""Tu AppleCare+ con robo y pérdida para iPhone 18 Pro amplía la cobertura de servicio y soporte técnico a 2 años desde la fecha de compra de AppleCare+ con robo y pérdida e incluye cobertura para una cantidad ilimitada de incidentes por daño accidental debido a la manipulación del producto o un máximo de dos incidentes de robo y pérdida cada 12 meses, cada uno de ellos sujeto a un cargo adicional de R$28000  por los daños de la pantalla o la carcasa externa o de R$144000  por robo o pérdida o de R$96000  por Otros daños accidentales. Lee todos los detalles en los Términos y condiciones de AppleCare+."",""deviceDateOfPurchase"":""23/09/2026"",""deviceId"":""SFWWLT42T6C"",""registeredDevice"":""1"",""pocType"":""RPOC"",""serialNumber"":""FWWLT42T6C"",""partNumber"":""SHMD3ZX/A"",""partAlias"":""ACPTL"",""purchaseMode"":""C"",""productDescription"":""iPhone 18 Pro"",""tlDisclosure"":""La cobertura de robo y pérdida requiere que tengas la función Buscar habilitada en tu dispositivo antes de que se pierda o te lo roben. Durante el proceso de reclamación, te pediremos que uses la función Buscar para poner el dispositivo perdido o robado en modo Perdido, borrarlo y transferir la propiedad a Apple para que podamos asignarte un nuevo dispositivo. Para asegurarte de que puedas iniciar sesión en Buscar y acceder a esta función, es importante que recuerdes tu ID de Apple y contraseña, y que mantengas la información de tu cuenta actualizada. Si usas la autenticación de doble factor para el ID de Apple, te recomendamos que añadas un número de teléfono adicional de confianza a tu cuenta en el que puedas recibir el código de verificación de 6 dígitos que necesitas para iniciar sesión aunque no tengas tu iPhone. Para obtener más información, visita las páginas de Soporte técnico de Apple.""},""orderConfirmation"":{""agreementNumber"":""328426401267"",""coverageDurationStatement"":""Finaliza el 22/09/2028"",""termConditionURL"":""http://www.apple.com/legal/sales-support/"",""partNumber"":""SHMD3ZX/A"",""partAlias"":""ACPTL"",""partType"":""AC+TL"",""purchaseMode"":""C"",""appleCareSalesDate"":""23/09/2026"",""pocType"":""RPOC"",""purchaseOrderNumber"":""5109254""}},""transactionId"":""7e08b3e7-5d32-489f-8aa5-f69f13646040-1790174241817""}"
True;5168073;2026-09-23 11:42:37.797000;2026-09-23 00:00:00;2001174;VERIFYORDER;SJ2WV3K696C;MJXQ4BE/A;"{""orderDetailsResponses"":{""deviceEligibility"":{""secondaryDisplay"":""0"",""partDescription"":""AppleCare+ con robo y pérdida para iPhone 18 Pro Max"",""coverageDuration"":""2"",""productStatement"":""Tu AppleCare+ con robo y pérdida para iPhone 18 Pro Max amplía la cobertura de servicio y soporte técnico a 2 años desde la fecha de compra de AppleCare+ con robo y pérdida e incluye cobertura para una cantidad ilimitada de incidentes por daño accidental debido a la manipulación del producto o un máximo de dos incidentes de robo y pérdida cada 12 meses, cada uno de ellos sujeto a un cargo adicional de R$28000  por los daños de la pantalla o la carcasa externa o de R$144000  por robo o pérdida o de R$96000  por Otros daños accidentales. Lee todos los detalles en los Términos y condiciones de AppleCare+."",""deviceDateOfPurchase"":""23/09/2026"",""deviceId"":""SJ2WV3K696C"",""registeredDevice"":""1"",""pocType"":""APOC"",""serialNumber"":""J2WV3K696C"",""partNumber"":""SHMP3ZX/A"",""partAlias"":""ACPTL"",""purchaseMode"":""C"",""productDescription"":""iPhone 18 Pro Max"",""tlDisclosure"":""La cobertura de robo y pérdida requiere que tengas la función Buscar habilitada en tu dispositivo antes de que se pierda o te lo roben. Durante el proceso de reclamación, te pediremos que uses la función Buscar para poner el dispositivo perdido o robado en modo Perdido, borrarlo y transferir la propiedad a Apple para que podamos asignarte un nuevo dispositivo. Para asegurarte de que puedas iniciar sesión en Buscar y acceder a esta función, es importante que recuerdes tu ID de Apple y contraseña, y que mantengas la información de tu cuenta actualizada. Si usas la autenticación de doble factor para el ID de Apple, te recomendamos que añadas un número de teléfono adicional de confianza a tu cuenta en el que puedas recibir el código de verificación de 6 dígitos que necesitas para iniciar sesión aunque no tengas tu iPhone. Para obtener más información, visita las páginas de Soporte técnico de Apple.""}},""transactionId"":""0f00a2e0-74cb-4f75-a4b1-34b138682742-1790174557197""}"
True;5167527;2026-09-23 11:44:30.393000;2026-09-23 00:00:00;1801173;VERIFYORDER;SG49W6DDJY5;MJXQ4BE/A;"{""orderDetailsResponses"":{""deviceEligibility"":{""secondaryDisplay"":""0"",""partDescription"":""AppleCare+ con robo y pérdida para iPhone 18 Pro Max"",""coverageDuration"":""2"",""productStatement"":""Tu AppleCare+ con robo y pérdida para iPhone 18 Pro Max amplía la cobertura de servicio y soporte técnico a 2 años desde la fecha de compra de AppleCare+ con robo y pérdida e incluye cobertura para una cantidad ilimitada de incidentes por daño accidental debido a la manipulación del producto o un máximo de dos incidentes de robo y pérdida cada 12 meses, cada uno de ellos sujeto a un cargo adicional de R$28000  por los daños de la pantalla o la carcasa externa o de R$144000  por robo o pérdida o de R$96000  por Otros daños accidentales. Lee todos los detalles en los Términos y condiciones de AppleCare+."",""deviceDateOfPurchase"":""22/09/2026"",""deviceId"":""SG49W6DDJY5"",""registeredDevice"":""0"",""pocType"":""APOC"",""serialNumber"":""G49W6DDJY5"",""partNumber"":""SHMP3ZX/A"",""partAlias"":""ACPTL"",""purchaseMode"":""I"",""productDescription"":""iPhone 18 Pro Max"",""tlDisclosure"":""La cobertura de robo y pérdida requiere que tengas la función Buscar habilitada en tu dispositivo antes de que se pierda o te lo roben. Durante el proceso de reclamación, te pediremos que uses la función Buscar para poner el dispositivo perdido o robado en modo Perdido, borrarlo y transferir la propiedad a Apple para que podamos asignarte un nuevo dispositivo. Para asegurarte de que puedas iniciar sesión en Buscar y acceder a esta función, es importante que recuerdes tu ID de Apple y contraseña, y que mantengas la información de tu cuenta actualizada. Si usas la autenticación de doble factor para el ID de Apple, te recomendamos que añadas un número de teléfono adicional de confianza a tu cuenta en el que puedas recibir el código de verificación de 6 dígitos que necesitas para iniciar sesión aunque no tengas tu iPhone. Para obtener más información, visita las páginas de Soporte técnico de Apple.""}},""transactionId"":""8db85863-1804-4c23-b3d9-a3b207717368-1790174669878""}"
True;5167527;2026-09-23 11:46:58.427000;2026-09-23 00:00:00;1801173;VERIFYORDER;SG49W6DDJY5;MJXQ4BE/A;"{""orderDetailsResponses"":{""deviceEligibility"":{""secondaryDisplay"":""0"",""partDescription"":""AppleCare+ con robo y pérdida para iPhone 18 Pro Max"",""coverageDuration"":""2"",""productStatement"":""Tu AppleCare+ con robo y pérdida para iPhone 18 Pro Max amplía la cobertura de servicio y soporte técnico a 2 años desde la fecha de compra de AppleCare+ con robo y pérdida e incluye cobertura para una cantidad ilimitada de incidentes por daño accidental debido a la manipulación del producto o un máximo de dos incidentes de robo y pérdida cada 12 meses, cada uno de ellos sujeto a un cargo adicional de R$28000  por los daños de la pantalla o la carcasa externa o de R$144000  por robo o pérdida o de R$96000  por Otros daños accidentales. Lee todos los detalles en los Términos y condiciones de AppleCare+."",""deviceDateOfPurchase"":""22/09/2026"",""deviceId"":""SG49W6DDJY5"",""registeredDevice"":""0"",""pocType"":""APOC"",""serialNumber"":""G49W6DDJY5"",""partNumber"":""SHMP3ZX/A"",""partAlias"":""ACPTL"",""purchaseMode"":""I"",""productDescription"":""iPhone 18 Pro Max"",""tlDisclosure"":""La cobertura de robo y pérdida requiere que tengas la función Buscar habilitada en tu dispositivo antes de que se pierda o te lo roben. Durante el proceso de reclamación, te pediremos que uses la función Buscar para poner el dispositivo perdido o robado en modo Perdido, borrarlo y transferir la propiedad a Apple para que podamos asignarte un nuevo dispositivo. Para asegurarte de que puedas iniciar sesión en Buscar y acceder a esta función, es importante que recuerdes tu ID de Apple y contraseña, y que mantengas la información de tu cuenta actualizada. Si usas la autenticación de doble factor para el ID de Apple, te recomendamos que añadas un número de teléfono adicional de confianza a tu cuenta en el que puedas recibir el código de verificación de 6 dígitos que necesitas para iniciar sesión aunque no tengas tu iPhone. Para obtener más información, visita las páginas de Soporte técnico de Apple.""}},""transactionId"":""f92832d7-86a6-4cc8-aa04-2335099c6ed1-1790174817126""}"
True;5202413;2026-09-23 11:47:04.823000;2026-09-23 00:00:00;32701074;VERIFYORDER;SHWF2QJ3C2Q;MJRR4BE/A;"{""orderDetailsResponses"":{""deviceEligibility"":{""secondaryDisplay"":""0"",""partDescription"":""AppleCare+ con robo y pérdida para iPhone 18 Pro"",""coverageDuration"":""2"",""productStatement"":""Tu AppleCare+ con robo y pérdida para iPhone 18 Pro amplía la cobertura de servicio y soporte técnico a 2 años desde la fecha de compra de AppleCare+ con robo y pérdida e incluye cobertura para una cantidad ilimitada de incidentes por daño accidental debido a la manipulación del producto o un máximo de dos incidentes de robo y pérdida cada 12 meses, cada uno de ellos sujeto a un cargo adicional de R$28000  por los daños de la pantalla o la carcasa externa o de R$144000  por robo o pérdida o de R$96000  por Otros daños accidentales. Lee todos los detalles en los Términos y condiciones de AppleCare+."",""deviceDateOfPurchase"":""23/09/2026"",""deviceId"":""SHWF2QJ3C2Q"",""registeredDevice"":""1"",""pocType"":""APOC"",""serialNumber"":""HWF2QJ3C2Q"",""partNumber"":""SHMD3ZX/A"",""partAlias"":""ACPTL"",""purchaseMode"":""C"",""productDescription"":""iPhone 18 Pro"",""tlDisclosure"":""La cobertura de robo y pérdida requiere que tengas la función Buscar habilitada en tu dispositivo antes de que se pierda o te lo roben. Durante el proceso de reclamación, te pediremos que uses la función Buscar para poner el dispositivo perdido o robado en modo Perdido, borrarlo y transferir la propiedad a Apple para que podamos asignarte un nuevo dispositivo. Para asegurarte de que puedas iniciar sesión en Buscar y acceder a esta función, es importante que recuerdes tu ID de Apple y contraseña, y que mantengas la información de tu cuenta actualizada. Si usas la autenticación de doble factor para el ID de Apple, te recomendamos que añadas un número de teléfono adicional de confianza a tu cuenta en el que puedas recibir el código de verificación de 6 dígitos que necesitas para iniciar sesión aunque no tengas tu iPhone. Para obtener más información, visita las páginas de Soporte técnico de Apple.""}},""transactionId"":""7ea2623b-c632-4e0b-bc14-0509d800f4f0-1790174824315""}"
True;5168073;2026-09-23 11:47:38.700000;2026-09-23 00:00:00;2001174;CREATEORDER;SJ2WV3K696C;MJXQ4BE/A;"{""orderDetailsResponses"":{""deviceEligibility"":{""secondaryDisplay"":""0"",""partDescription"":""AppleCare+ con robo y pérdida para iPhone 18 Pro Max"",""coverageDuration"":""2"",""productStatement"":""Tu AppleCare+ con robo y pérdida para iPhone 18 Pro Max amplía la cobertura de servicio y soporte técnico a 2 años desde la fecha de compra de AppleCare+ con robo y pérdida e incluye cobertura para una cantidad ilimitada de incidentes por daño accidental debido a la manipulación del producto o un máximo de dos incidentes de robo y pérdida cada 12 meses, cada uno de ellos sujeto a un cargo adicional de R$28000  por los daños de la pantalla o la carcasa externa o de R$144000  por robo o pérdida o de R$96000  por Otros daños accidentales. Lee todos los detalles en los Términos y condiciones de AppleCare+."",""deviceDateOfPurchase"":""23/09/2026"",""deviceId"":""SJ2WV3K696C"",""registeredDevice"":""1"",""pocType"":""APOC"",""serialNumber"":""J2WV3K696C"",""partNumber"":""SHMP3ZX/A"",""partAlias"":""ACPTL"",""purchaseMode"":""C"",""productDescription"":""iPhone 18 Pro Max"",""tlDisclosure"":""La cobertura de robo y pérdida requiere que tengas la función Buscar habilitada en tu dispositivo antes de que se pierda o te lo roben. Durante el proceso de reclamación, te pediremos que uses la función Buscar para poner el dispositivo perdido o robado en modo Perdido, borrarlo y transferir la propiedad a Apple para que podamos asignarte un nuevo dispositivo. Para asegurarte de que puedas iniciar sesión en Buscar y acceder a esta función, es importante que recuerdes tu ID de Apple y contraseña, y que mantengas la información de tu cuenta actualizada. Si usas la autenticación de doble factor para el ID de Apple, te recomendamos que añadas un número de teléfono adicional de confianza a tu cuenta en el que puedas recibir el código de verificación de 6 dígitos que necesitas para iniciar sesión aunque no tengas tu iPhone. Para obtener más información, visita las páginas de Soporte técnico de Apple.""},""orderConfirmation"":{""agreementNumber"":""328426400373"",""coverageDurationStatement"":""Finaliza el 22/09/2028"",""termConditionURL"":""http://www.apple.com/legal/sales-support/"",""partNumber"":""SHMP3ZX/A"",""partAlias"":""ACPTL"",""partType"":""AC+TL"",""purchaseMode"":""C"",""appleCareSalesDate"":""23/09/2026"",""pocType"":""APOC"",""purchaseOrderNumber"":""2001174""}},""transactionId"":""6f91dd97-2998-4fcd-a990-5be4c5d4d134-1790174853752""}"
True;5167527;2026-09-23 11:48:14.987000;2026-09-23 00:00:00;1801173;CREATEORDER;SG49W6DDJY5;MJXQ4BE/A;"{""orderDetailsResponses"":{""deviceEligibility"":{""secondaryDisplay"":""0"",""partDescription"":""AppleCare+ con robo y pérdida para iPhone 18 Pro Max"",""coverageDuration"":""2"",""productStatement"":""Tu AppleCare+ con robo y pérdida para iPhone 18 Pro Max amplía la cobertura de servicio y soporte técnico a 2 años desde la fecha de compra de AppleCare+ con robo y pérdida e incluye cobertura para una cantidad ilimitada de incidentes por daño accidental debido a la manipulación del producto o un máximo de dos incidentes de robo y pérdida cada 12 meses, cada uno de ellos sujeto a un cargo adicional de R$28000  por los daños de la pantalla o la carcasa externa o de R$144000  por robo o pérdida o de R$96000  por Otros daños accidentales. Lee todos los detalles en los Términos y condiciones de AppleCare+."",""deviceDateOfPurchase"":""22/09/2026"",""deviceId"":""SG49W6DDJY5"",""registeredDevice"":""0"",""pocType"":""APOC"",""serialNumber"":""G49W6DDJY5"",""partNumber"":""SHMP3ZX/A"",""partAlias"":""ACPTL"",""purchaseMode"":""I"",""productDescription"":""iPhone 18 Pro Max"",""tlDisclosure"":""La cobertura de robo y pérdida requiere que tengas la función Buscar habilitada en tu dispositivo antes de que se pierda o te lo roben. Durante el proceso de reclamación, te pediremos que uses la función Buscar para poner el dispositivo perdido o robado en modo Perdido, borrarlo y transferir la propiedad a Apple para que podamos asignarte un nuevo dispositivo. Para asegurarte de que puedas iniciar sesión en Buscar y acceder a esta función, es importante que recuerdes tu ID de Apple y contraseña, y que mantengas la información de tu cuenta actualizada. Si usas la autenticación de doble factor para el ID de Apple, te recomendamos que añadas un número de teléfono adicional de confianza a tu cuenta en el que puedas recibir el código de verificación de 6 dígitos que necesitas para iniciar sesión aunque no tengas tu iPhone. Para obtener más información, visita las páginas de Soporte técnico de Apple.""},""orderConfirmation"":{""agreementNumber"":""328426380438"",""coverageDurationStatement"":""Finaliza el 22/09/2028"",""termConditionURL"":""http://www.apple.com/legal/sales-support/"",""partNumber"":""SHMP3ZX/A"",""partAlias"":""ACPTL"",""partType"":""AC+TL"",""purchaseMode"":""I"",""appleCareSalesDate"":""23/09/2026"",""pocType"":""APOC"",""purchaseOrderNumber"":""1801173""}},""transactionId"":""2a7535c6-f439-4ed3-ab22-4edea7b27714-1790174890028""}"
True;5202413;2026-09-23 11:50:20.913000;2026-09-23 00:00:00;32701074;CREATEORDER;SHWF2QJ3C2Q;MJRR4BE/A;"{""orderDetailsResponses"":{""deviceEligibility"":{""secondaryDisplay"":""0"",""partDescription"":""AppleCare+ con robo y pérdida para iPhone 18 Pro"",""coverageDuration"":""2"",""productStatement"":""Tu AppleCare+ con robo y pérdida para iPhone 18 Pro amplía la cobertura de servicio y soporte técnico a 2 años desde la fecha de compra de AppleCare+ con robo y pérdida e incluye cobertura para una cantidad ilimitada de incidentes por daño accidental debido a la manipulación del producto o un máximo de dos incidentes de robo y pérdida cada 12 meses, cada uno de ellos sujeto a un cargo adicional de R$28000  por los daños de la pantalla o la carcasa externa o de R$144000  por robo o pérdida o de R$96000  por Otros daños accidentales. Lee todos los detalles en los Términos y condiciones de AppleCare+."",""deviceDateOfPurchase"":""23/09/2026"",""deviceId"":""SHWF2QJ3C2Q"",""registeredDevice"":""1"",""pocType"":""APOC"",""serialNumber"":""HWF2QJ3C2Q"",""partNumber"":""SHMD3ZX/A"",""partAlias"":""ACPTL"",""purchaseMode"":""C"",""productDescription"":""iPhone 18 Pro"",""tlDisclosure"":""La cobertura de robo y pérdida requiere que tengas la función Buscar habilitada en tu dispositivo antes de que se pierda o te lo roben. Durante el proceso de reclamación, te pediremos que uses la función Buscar para poner el dispositivo perdido o robado en modo Perdido, borrarlo y transferir la propiedad a Apple para que podamos asignarte un nuevo dispositivo. Para asegurarte de que puedas iniciar sesión en Buscar y acceder a esta función, es importante que recuerdes tu ID de Apple y contraseña, y que mantengas la información de tu cuenta actualizada. Si usas la autenticación de doble factor para el ID de Apple, te recomendamos que añadas un número de teléfono adicional de confianza a tu cuenta en el que puedas recibir el código de verificación de 6 dígitos que necesitas para iniciar sesión aunque no tengas tu iPhone. Para obtener más información, visita las páginas de Soporte técnico de Apple.""},""orderConfirmation"":{""agreementNumber"":""328426401339"",""coverageDurationStatement"":""Finaliza el 22/09/2028"",""termConditionURL"":""http://www.apple.com/legal/sales-support/"",""partNumber"":""SHMD3ZX/A"",""partAlias"":""ACPTL"",""partType"":""AC+TL"",""purchaseMode"":""C"",""appleCareSalesDate"":""23/09/2026"",""pocType"":""APOC"",""purchaseOrderNumber"":""32701074""}},""transactionId"":""4a3b43aa-cd63-4247-82a0-c0e8d690801d-1790175016067""}"
True;5183518;2026-09-23 11:58:46.703000;2026-09-23 00:00:00;15601129;VERIFYORDER;SG4VTV6D7M3;MGDR4CI/A;"{""orderDetailsResponses"":{""deviceEligibility"":{""secondaryDisplay"":""1"",""partDescription"":""AppleCare+ para 14-in MacBook Pro (M5 Pro/M5 Max)"",""coverageDuration"":""3"",""productStatement"":""AppleCare+ para 14-in MacBook Pro (M5 Pro/M5 Max) amplía la cobertura de servicio y soporte técnico a 3 años desde la fecha de compra de AppleCare+ e incluye cobertura para una cantidad ilimitada de incidentes por daño accidental debido a la manipulación del producto, cada uno de ellos sujeto a un cargo adicional de R$96000  por daños en la pantalla o la carcasa externa o de R$289000  por Otros daños accidentales. Lee todos los detalles en los Términos y condiciones de AppleCare+."",""deviceDateOfPurchase"":""23/09/2026"",""deviceId"":""SG4VTV6D7M3"",""registeredDevice"":""1"",""pocType"":""APOC"",""serialNumber"":""G4VTV6D7M3"",""partNumber"":""SCXT3ZX/A"",""partAlias"":""ACP"",""purchaseMode"":""C"",""productDescription"":""MacBook Pro (14-inch, M5 Pro or M5 Max)""}},""transactionId"":""28961763-9cdf-40c3-a05a-128ebc246a0c-1790175526112""}"
True;5183518;2026-09-23 12:01:29.123000;2026-09-23 00:00:00;15601129;CREATEORDER;SG4VTV6D7M3;MGDR4CI/A;"{""orderDetailsResponses"":{""deviceEligibility"":{""secondaryDisplay"":""1"",""partDescription"":""AppleCare+ para 14-in MacBook Pro (M5 Pro/M5 Max)"",""coverageDuration"":""3"",""productStatement"":""AppleCare+ para 14-in MacBook Pro (M5 Pro/M5 Max) amplía la cobertura de servicio y soporte técnico a 3 años desde la fecha de compra de AppleCare+ e incluye cobertura para una cantidad ilimitada de incidentes por daño accidental debido a la manipulación del producto, cada uno de ellos sujeto a un cargo adicional de R$96000  por daños en la pantalla o la carcasa externa o de R$289000  por Otros daños accidentales. Lee todos los detalles en los Términos y condiciones de AppleCare+."",""deviceDateOfPurchase"":""23/09/2026"",""deviceId"":""SG4VTV6D7M3"",""registeredDevice"":""1"",""pocType"":""APOC"",""serialNumber"":""G4VTV6D7M3"",""partNumber"":""SCXT3ZX/A"",""partAlias"":""ACP"",""purchaseMode"":""C"",""productDescription"":""MacBook Pro (14-inch, M5 Pro or M5 Max)""},""orderConfirmation"":{""agreementNumber"":""328426320993"",""coverageDurationStatement"":""Finaliza el 22/09/2029"",""termConditionURL"":""http://www.apple.com/legal/sales-support/"",""partNumber"":""SCXT3ZX/A"",""partAlias"":""ACP"",""partType"":""AppleCare+"",""purchaseMode"":""C"",""appleCareSalesDate"":""23/09/2026"",""pocType"":""APOC"",""purchaseOrderNumber"":""15601129""}},""transactionId"":""363cce75-b5cf-4bd9-8b3d-2ebebc33241e-1790175684829""}"
True;5134850;2026-09-23 12:02:00.970000;2026-09-23 00:00:00;57101104;VERIFYORDER;sdc6h494vtx;MJXT4BE/A;"{""orderDetailsResponses"":{""deviceEligibility"":{""secondaryDisplay"":""0"",""partDescription"":""AppleCare+ con robo y pérdida para iPhone 18 Pro Max"",""coverageDuration"":""2"",""productStatement"":""Tu AppleCare+ con robo y pérdida para iPhone 18 Pro Max amplía la cobertura de servicio y soporte técnico a 2 años desde la fecha de compra de AppleCare+ con robo y pérdida e incluye cobertura para una cantidad ilimitada de incidentes por daño accidental debido a la manipulación del producto o un máximo de dos incidentes de robo y pérdida cada 12 meses, cada uno de ellos sujeto a un cargo adicional de R$28000  por los daños de la pantalla o la carcasa externa o de R$144000  por robo o pérdida o de R$96000  por Otros daños accidentales. Lee todos los detalles en los Términos y condiciones de AppleCare+."",""deviceDateOfPurchase"":""23/09/2026"",""deviceId"":""SDC6H494VTX"",""registeredDevice"":""1"",""pocType"":""APOC"",""serialNumber"":""DC6H494VTX"",""partNumber"":""SHMP3ZX/A"",""partAlias"":""ACPTL"",""purchaseMode"":""C"",""productDescription"":""iPhone 18 Pro Max"",""tlDisclosure"":""La cobertura de robo y pérdida requiere que tengas la función Buscar habilitada en tu dispositivo antes de que se pierda o te lo roben. Durante el proceso de reclamación, te pediremos que uses la función Buscar para poner el dispositivo perdido o robado en modo Perdido, borrarlo y transferir la propiedad a Apple para que podamos asignarte un nuevo dispositivo. Para asegurarte de que puedas iniciar sesión en Buscar y acceder a esta función, es importante que recuerdes tu ID de Apple y contraseña, y que mantengas la información de tu cuenta actualizada. Si usas la autenticación de doble factor para el ID de Apple, te recomendamos que añadas un número de teléfono adicional de confianza a tu cuenta en el que puedas recibir el código de verificación de 6 dígitos que necesitas para iniciar sesión aunque no tengas tu iPhone. Para obtener más información, visita las páginas de Soporte técnico de Apple.""}},""transactionId"":""c6a0d152-90d8-4211-9df2-003c71609a37-1790175720361""}"
True;1338748;2026-09-23 12:06:30.627000;2026-09-23 00:00:00;26501127;VERIFYORDER;sm6ghv7w723;MJRW4BE/A;"{""orderDetailsResponses"":{""deviceEligibility"":{""secondaryDisplay"":""0"",""partDescription"":""AppleCare+ con robo y pérdida para iPhone 18 Pro"",""coverageDuration"":""2"",""productStatement"":""Tu AppleCare+ con robo y pérdida para iPhone 18 Pro amplía la cobertura de servicio y soporte técnico a 2 años desde la fecha de compra de AppleCare+ con robo y pérdida e incluye cobertura para una cantidad ilimitada de incidentes por daño accidental debido a la manipulación del producto o un máximo de dos incidentes de robo y pérdida cada 12 meses, cada uno de ellos sujeto a un cargo adicional de R$28000  por los daños de la pantalla o la carcasa externa o de R$144000  por robo o pérdida o de R$96000  por Otros daños accidentales. Lee todos los detalles en los Términos y condiciones de AppleCare+."",""deviceDateOfPurchase"":""23/09/2026"",""deviceId"":""SM6GHV7W723"",""registeredDevice"":""1"",""pocType"":""APOC"",""serialNumber"":""M6GHV7W723"",""partNumber"":""SHMD3ZX/A"",""partAlias"":""ACPTL"",""purchaseMode"":""C"",""productDescription"":""iPhone 18 Pro"",""tlDisclosure"":""La cobertura de robo y pérdida requiere que tengas la función Buscar habilitada en tu dispositivo antes de que se pierda o te lo roben. Durante el proceso de reclamación, te pediremos que uses la función Buscar para poner el dispositivo perdido o robado en modo Perdido, borrarlo y transferir la propiedad a Apple para que podamos asignarte un nuevo dispositivo. Para asegurarte de que puedas iniciar sesión en Buscar y acceder a esta función, es importante que recuerdes tu ID de Apple y contraseña, y que mantengas la información de tu cuenta actualizada. Si usas la autenticación de doble factor para el ID de Apple, te recomendamos que añadas un número de teléfono adicional de confianza a tu cuenta en el que puedas recibir el código de verificación de 6 dígitos que necesitas para iniciar sesión aunque no tengas tu iPhone. Para obtener más información, visita las páginas de Soporte técnico de Apple.""}},""transactionId"":""a3983e96-9cdc-4a2c-b516-8a94c55e304e-1790175989914""}"
True;5140386;2026-09-23 12:06:43.763000;2026-09-23 00:00:00;24301116;VERIFYORDER;SGF6PL4H3WQ;MJY04BE/A;"{""orderDetailsResponses"":{""deviceEligibility"":{""secondaryDisplay"":""0"",""partDescription"":""AppleCare+ con robo y pérdida para iPhone 18 Pro Max"",""coverageDuration"":""2"",""productStatement"":""Tu AppleCare+ con robo y pérdida para iPhone 18 Pro Max amplía la cobertura de servicio y soporte técnico a 2 años desde la fecha de compra de AppleCare+ con robo y pérdida e incluye cobertura para una cantidad ilimitada de incidentes por daño accidental debido a la manipulación del producto o un máximo de dos incidentes de robo y pérdida cada 12 meses, cada uno de ellos sujeto a un cargo adicional de R$28000  por los daños de la pantalla o la carcasa externa o de R$144000  por robo o pérdida o de R$96000  por Otros daños accidentales. Lee todos los detalles en los Términos y condiciones de AppleCare+."",""deviceDateOfPurchase"":""23/09/2026"",""deviceId"":""SGF6PL4H3WQ"",""registeredDevice"":""1"",""pocType"":""APOC"",""serialNumber"":""GF6PL4H3WQ"",""partNumber"":""SHMP3ZX/A"",""partAlias"":""ACPTL"",""purchaseMode"":""C"",""productDescription"":""iPhone 18 Pro Max"",""tlDisclosure"":""La cobertura de robo y pérdida requiere que tengas la función Buscar habilitada en tu dispositivo antes de que se pierda o te lo roben. Durante el proceso de reclamación, te pediremos que uses la función Buscar para poner el dispositivo perdido o robado en modo Perdido, borrarlo y transferir la propiedad a Apple para que podamos asignarte un nuevo dispositivo. Para asegurarte de que puedas iniciar sesión en Buscar y acceder a esta función, es importante que recuerdes tu ID de Apple y contraseña, y que mantengas la información de tu cuenta actualizada. Si usas la autenticación de doble factor para el ID de Apple, te recomendamos que añadas un número de teléfono adicional de confianza a tu cuenta en el que puedas recibir el código de verificación de 6 dígitos que necesitas para iniciar sesión aunque no tengas tu iPhone. Para obtener más información, visita las páginas de Soporte técnico de Apple.""}},""transactionId"":""b374ea2e-37f2-442e-be70-b256b334097e-1790176003206""}"
True;5132786;2026-09-23 12:07:38.670000;2026-09-23 00:00:00;23301133;VERIFYORDER;sctx94h6r9v;MG6J4BE/A;"{""orderDetailsResponses"":{""deviceEligibility"":{""secondaryDisplay"":""0"",""partDescription"":""AppleCare+ con robo y pérdida para iPhone 17"",""coverageDuration"":""2"",""productStatement"":""Tu AppleCare+ con robo y pérdida para iPhone 17 amplía la cobertura de servicio y soporte técnico a 2 años desde la fecha de compra de AppleCare+ con robo y pérdida e incluye cobertura para una cantidad ilimitada de incidentes por daño accidental debido a la manipulación del producto o un máximo de dos incidentes de robo y pérdida cada 12 meses, cada uno de ellos sujeto a un cargo adicional de R$96000  por Otros daños accidentales o de R$28000  por los daños de la pantalla o la carcasa externa o de R$144000  por robo o pérdida. Lee todos los detalles en los Términos y condiciones de AppleCare+."",""deviceDateOfPurchase"":""23/09/2026"",""deviceId"":""SCTX94H6R9V"",""registeredDevice"":""1"",""pocType"":""APOC"",""serialNumber"":""CTX94H6R9V"",""partNumber"":""SX2V2ZX/A"",""partAlias"":""ACPTL"",""purchaseMode"":""C"",""productDescription"":""iPhone 17"",""tlDisclosure"":""La cobertura de robo y pérdida requiere que tengas la función Buscar habilitada en tu dispositivo antes de que se pierda o te lo roben. Durante el proceso de reclamación, te pediremos que uses la función Buscar para poner el dispositivo perdido o robado en modo Perdido, borrarlo y transferir la propiedad a Apple para que podamos asignarte un nuevo dispositivo. Para asegurarte de que puedas iniciar sesión en Buscar y acceder a esta función, es importante que recuerdes tu ID de Apple y contraseña, y que mantengas la información de tu cuenta actualizada. Si usas la autenticación de doble factor para el ID de Apple, te recomendamos que añadas un número de teléfono adicional de confianza a tu cuenta en el que puedas recibir el código de verificación de 6 dígitos que necesitas para iniciar sesión aunque no tengas tu iPhone. Para obtener más información, visita las páginas de Soporte técnico de Apple.""}},""transactionId"":""a9a98c64-6742-48e8-9cb7-b9cb23e25d45-1790176058103""}"
True;5172896;2026-09-23 12:08:22.200000;2026-09-23 00:00:00;2201151;VERIFYORDER;SDL976CXX9K;MJXN4BE/A;"{""orderDetailsResponses"":{""deviceEligibility"":{""secondaryDisplay"":""0"",""partDescription"":""AppleCare+ con robo y pérdida para iPhone 18 Pro Max"",""coverageDuration"":""2"",""productStatement"":""Tu AppleCare+ con robo y pérdida para iPhone 18 Pro Max amplía la cobertura de servicio y soporte técnico a 2 años desde la fecha de compra de AppleCare+ con robo y pérdida e incluye cobertura para una cantidad ilimitada de incidentes por daño accidental debido a la manipulación del producto o un máximo de dos incidentes de robo y pérdida cada 12 meses, cada uno de ellos sujeto a un cargo adicional de R$28000  por los daños de la pantalla o la carcasa externa o de R$144000  por robo o pérdida o de R$96000  por Otros daños accidentales. Lee todos los detalles en los Términos y condiciones de AppleCare+."",""deviceDateOfPurchase"":""23/09/2026"",""deviceId"":""SDL976CXX9K"",""registeredDevice"":""1"",""pocType"":""APOC"",""serialNumber"":""DL976CXX9K"",""partNumber"":""SHMP3ZX/A"",""partAlias"":""ACPTL"",""purchaseMode"":""C"",""productDescription"":""iPhone 18 Pro Max"",""tlDisclosure"":""La cobertura de robo y pérdida requiere que tengas la función Buscar habilitada en tu dispositivo antes de que se pierda o te lo roben. Durante el proceso de reclamación, te pediremos que uses la función Buscar para poner el dispositivo perdido o robado en modo Perdido, borrarlo y transferir la propiedad a Apple para que podamos asignarte un nuevo dispositivo. Para asegurarte de que puedas iniciar sesión en Buscar y acceder a esta función, es importante que recuerdes tu ID de Apple y contraseña, y que mantengas la información de tu cuenta actualizada. Si usas la autenticación de doble factor para el ID de Apple, te recomendamos que añadas un número de teléfono adicional de confianza a tu cuenta en el que puedas recibir el código de verificación de 6 dígitos que necesitas para iniciar sesión aunque no tengas tu iPhone. Para obtener más información, visita las páginas de Soporte técnico de Apple.""}},""transactionId"":""df60fa05-1c48-43c6-a1e9-8aedbda57e4c-1790176101616""}"
True;5132786;2026-09-23 12:08:49.330000;2026-09-23 00:00:00;23301133;CREATEORDER;sctx94h6r9v;MG6J4BE/A;"{""orderDetailsResponses"":{""deviceEligibility"":{""secondaryDisplay"":""0"",""partDescription"":""AppleCare+ con robo y pérdida para iPhone 17"",""coverageDuration"":""2"",""productStatement"":""Tu AppleCare+ con robo y pérdida para iPhone 17 amplía la cobertura de servicio y soporte técnico a 2 años desde la fecha de compra de AppleCare+ con robo y pérdida e incluye cobertura para una cantidad ilimitada de incidentes por daño accidental debido a la manipulación del producto o un máximo de dos incidentes de robo y pérdida cada 12 meses, cada uno de ellos sujeto a un cargo adicional de R$96000  por Otros daños accidentales o de R$28000  por los daños de la pantalla o la carcasa externa o de R$144000  por robo o pérdida. Lee todos los detalles en los Términos y condiciones de AppleCare+."",""deviceDateOfPurchase"":""23/09/2026"",""deviceId"":""SCTX94H6R9V"",""registeredDevice"":""1"",""pocType"":""APOC"",""serialNumber"":""CTX94H6R9V"",""partNumber"":""SX2V2ZX/A"",""partAlias"":""ACPTL"",""purchaseMode"":""C"",""productDescription"":""iPhone 17"",""tlDisclosure"":""La cobertura de robo y pérdida requiere que tengas la función Buscar habilitada en tu dispositivo antes de que se pierda o te lo roben. Durante el proceso de reclamación, te pediremos que uses la función Buscar para poner el dispositivo perdido o robado en modo Perdido, borrarlo y transferir la propiedad a Apple para que podamos asignarte un nuevo dispositivo. Para asegurarte de que puedas iniciar sesión en Buscar y acceder a esta función, es importante que recuerdes tu ID de Apple y contraseña, y que mantengas la información de tu cuenta actualizada. Si usas la autenticación de doble factor para el ID de Apple, te recomendamos que añadas un número de teléfono adicional de confianza a tu cuenta en el que puedas recibir el código de verificación de 6 dígitos que necesitas para iniciar sesión aunque no tengas tu iPhone. Para obtener más información, visita las páginas de Soporte técnico de Apple.""},""orderConfirmation"":{""agreementNumber"":""328426440183"",""coverageDurationStatement"":""Finaliza el 22/09/2028"",""termConditionURL"":""http://www.apple.com/legal/sales-support/"",""partNumber"":""SX2V2ZX/A"",""partAlias"":""ACPTL"",""partType"":""AC+TL"",""purchaseMode"":""C"",""appleCareSalesDate"":""23/09/2026"",""pocType"":""APOC"",""purchaseOrderNumber"":""23301133""}},""transactionId"":""6661fc90-74ef-4772-9aab-ad2193dc5cc8-1790176124231""}"
True;1338748;2026-09-23 12:08:52.527000;2026-09-23 00:00:00;26501127;CREATEORDER;sm6ghv7w723;MJRW4BE/A;"{""orderDetailsResponses"":{""deviceEligibility"":{""secondaryDisplay"":""0"",""partDescription"":""AppleCare+ con robo y pérdida para iPhone 18 Pro"",""coverageDuration"":""2"",""productStatement"":""Tu AppleCare+ con robo y pérdida para iPhone 18 Pro amplía la cobertura de servicio y soporte técnico a 2 años desde la fecha de compra de AppleCare+ con robo y pérdida e incluye cobertura para una cantidad ilimitada de incidentes por daño accidental debido a la manipulación del producto o un máximo de dos incidentes de robo y pérdida cada 12 meses, cada uno de ellos sujeto a un cargo adicional de R$28000  por los daños de la pantalla o la carcasa externa o de R$144000  por robo o pérdida o de R$96000  por Otros daños accidentales. Lee todos los detalles en los Términos y condiciones de AppleCare+."",""deviceDateOfPurchase"":""23/09/2026"",""deviceId"":""SM6GHV7W723"",""registeredDevice"":""1"",""pocType"":""APOC"",""serialNumber"":""M6GHV7W723"",""partNumber"":""SHMD3ZX/A"",""partAlias"":""ACPTL"",""purchaseMode"":""C"",""productDescription"":""iPhone 18 Pro"",""tlDisclosure"":""La cobertura de robo y pérdida requiere que tengas la función Buscar habilitada en tu dispositivo antes de que se pierda o te lo roben. Durante el proceso de reclamación, te pediremos que uses la función Buscar para poner el dispositivo perdido o robado en modo Perdido, borrarlo y transferir la propiedad a Apple para que podamos asignarte un nuevo dispositivo. Para asegurarte de que puedas iniciar sesión en Buscar y acceder a esta función, es importante que recuerdes tu ID de Apple y contraseña, y que mantengas la información de tu cuenta actualizada. Si usas la autenticación de doble factor para el ID de Apple, te recomendamos que añadas un número de teléfono adicional de confianza a tu cuenta en el que puedas recibir el código de verificación de 6 dígitos que necesitas para iniciar sesión aunque no tengas tu iPhone. Para obtener más información, visita las páginas de Soporte técnico de Apple.""},""orderConfirmation"":{""agreementNumber"":""328426400465"",""coverageDurationStatement"":""Finaliza el 22/09/2028"",""termConditionURL"":""http://www.apple.com/legal/sales-support/"",""partNumber"":""SHMD3ZX/A"",""partAlias"":""ACPTL"",""partType"":""AC+TL"",""purchaseMode"":""C"",""appleCareSalesDate"":""23/09/2026"",""pocType"":""APOC"",""purchaseOrderNumber"":""26501127""}},""transactionId"":""b1a3c20a-5861-4792-8b78-8e04578bac03-1790176127098""}"
True;5134850;2026-09-23 12:09:00.663000;2026-09-23 00:00:00;57101104;CREATEORDER;sdc6h494vtx;MJXT4BE/A;"{""orderDetailsResponses"":{""deviceEligibility"":{""secondaryDisplay"":""0"",""partDescription"":""AppleCare+ con robo y pérdida para iPhone 18 Pro Max"",""coverageDuration"":""2"",""productStatement"":""Tu AppleCare+ con robo y pérdida para iPhone 18 Pro Max amplía la cobertura de servicio y soporte técnico a 2 años desde la fecha de compra de AppleCare+ con robo y pérdida e incluye cobertura para una cantidad ilimitada de incidentes por daño accidental debido a la manipulación del producto o un máximo de dos incidentes de robo y pérdida cada 12 meses, cada uno de ellos sujeto a un cargo adicional de R$28000  por los daños de la pantalla o la carcasa externa o de R$144000  por robo o pérdida o de R$96000  por Otros daños accidentales. Lee todos los detalles en los Términos y condiciones de AppleCare+."",""deviceDateOfPurchase"":""23/09/2026"",""deviceId"":""SDC6H494VTX"",""registeredDevice"":""1"",""pocType"":""APOC"",""serialNumber"":""DC6H494VTX"",""partNumber"":""SHMP3ZX/A"",""partAlias"":""ACPTL"",""purchaseMode"":""C"",""productDescription"":""iPhone 18 Pro Max"",""tlDisclosure"":""La cobertura de robo y pérdida requiere que tengas la función Buscar habilitada en tu dispositivo antes de que se pierda o te lo roben. Durante el proceso de reclamación, te pediremos que uses la función Buscar para poner el dispositivo perdido o robado en modo Perdido, borrarlo y transferir la propiedad a Apple para que podamos asignarte un nuevo dispositivo. Para asegurarte de que puedas iniciar sesión en Buscar y acceder a esta función, es importante que recuerdes tu ID de Apple y contraseña, y que mantengas la información de tu cuenta actualizada. Si usas la autenticación de doble factor para el ID de Apple, te recomendamos que añadas un número de teléfono adicional de confianza a tu cuenta en el que puedas recibir el código de verificación de 6 dígitos que necesitas para iniciar sesión aunque no tengas tu iPhone. Para obtener más información, visita las páginas de Soporte técnico de Apple.""},""orderConfirmation"":{""agreementNumber"":""328426420239"",""coverageDurationStatement"":""Finaliza el 22/09/2028"",""termConditionURL"":""http://www.apple.com/legal/sales-support/"",""partNumber"":""SHMP3ZX/A"",""partAlias"":""ACPTL"",""partType"":""AC+TL"",""purchaseMode"":""C"",""appleCareSalesDate"":""23/09/2026"",""pocType"":""APOC"",""purchaseOrderNumber"":""57101104""}},""transactionId"":""ce4fc2d1-c7bd-49c2-9cf0-66e13c649b72-1790176135503""}"
True;1326452;2026-09-23 12:10:03.337000;2026-09-23 00:00:00;1001139;VERIFYORDER;SH9T9G73XGC;MDH94CI/A;"{""orderDetailsResponses"":{""deviceEligibility"":{""secondaryDisplay"":""1"",""partDescription"":""AppleCare+ para 13-inch MacBook Air (M5)"",""coverageDuration"":""3"",""productStatement"":""AppleCare+ para 13-inch MacBook Air (M5) amplía la cobertura de servicio y soporte técnico a 3 años desde la fecha de compra de AppleCare+ e incluye cobertura para una cantidad ilimitada de incidentes por daño accidental debido a la manipulación del producto, cada uno de ellos sujeto a un cargo adicional de R$96000  por daños en la pantalla o la carcasa externa o de R$289000  por Otros daños accidentales. Lee todos los detalles en los Términos y condiciones de AppleCare+."",""deviceDateOfPurchase"":""23/09/2026"",""deviceId"":""SH9T9G73XGC"",""registeredDevice"":""1"",""pocType"":""APOC"",""serialNumber"":""H9T9G73XGC"",""partNumber"":""SCW83ZX/A"",""partAlias"":""ACP"",""purchaseMode"":""C"",""productDescription"":""MacBook Air (13-inch, M5)""}},""transactionId"":""7cac3e53-5314-452b-b1c1-777cc28e6243-1790176202765""}"
True;5174327;2026-09-23 12:10:54.100000;2026-09-23 00:00:00;41301077;VERIFYORDER;skh56ymtf61;MFYP4BE/A;"{""orderDetailsResponses"":{""deviceEligibility"":{""secondaryDisplay"":""0"",""partDescription"":""AppleCare+ con robo y pérdida para iPhone 17 Pro Max"",""coverageDuration"":""2"",""productStatement"":""Tu AppleCare+ con robo y pérdida para iPhone 17 Pro Max amplía la cobertura de servicio y soporte técnico a 2 años desde la fecha de compra de AppleCare+ con robo y pérdida e incluye cobertura para una cantidad ilimitada de incidentes por daño accidental debido a la manipulación del producto o un máximo de dos incidentes de robo y pérdida cada 12 meses, cada uno de ellos sujeto a un cargo adicional de R$96000  por Otros daños accidentales o de R$28000  por los daños de la pantalla o la carcasa externa o de R$144000  por robo o pérdida. Lee todos los detalles en los Términos y condiciones de AppleCare+."",""deviceDateOfPurchase"":""23/09/2026"",""deviceId"":""SKH56YMTF61"",""registeredDevice"":""1"",""pocType"":""APOC"",""serialNumber"":""KH56YMTF61"",""partNumber"":""SX382ZX/A"",""partAlias"":""ACPTL"",""purchaseMode"":""C"",""productDescription"":""iPhone 17 Pro Max"",""tlDisclosure"":""La cobertura de robo y pérdida requiere que tengas la función Buscar habilitada en tu dispositivo antes de que se pierda o te lo roben. Durante el proceso de reclamación, te pediremos que uses la función Buscar para poner el dispositivo perdido o robado en modo Perdido, borrarlo y transferir la propiedad a Apple para que podamos asignarte un nuevo dispositivo. Para asegurarte de que puedas iniciar sesión en Buscar y acceder a esta función, es importante que recuerdes tu ID de Apple y contraseña, y que mantengas la información de tu cuenta actualizada. Si usas la autenticación de doble factor para el ID de Apple, te recomendamos que añadas un número de teléfono adicional de confianza a tu cuenta en el que puedas recibir el código de verificación de 6 dígitos que necesitas para iniciar sesión aunque no tengas tu iPhone. Para obtener más información, visita las páginas de Soporte técnico de Apple.""}},""transactionId"":""62141260-31aa-4866-aa71-23581aac85d5-1790176253580""}"
True;5140386;2026-09-23 12:11:03.893000;2026-09-23 00:00:00;24301116;CREATEORDER;SGF6PL4H3WQ;MJY04BE/A;"{""orderDetailsResponses"":{""deviceEligibility"":{""secondaryDisplay"":""0"",""partDescription"":""AppleCare+ con robo y pérdida para iPhone 18 Pro Max"",""coverageDuration"":""2"",""productStatement"":""Tu AppleCare+ con robo y pérdida para iPhone 18 Pro Max amplía la cobertura de servicio y soporte técnico a 2 años desde la fecha de compra de AppleCare+ con robo y pérdida e incluye cobertura para una cantidad ilimitada de incidentes por daño accidental debido a la manipulación del producto o un máximo de dos incidentes de robo y pérdida cada 12 meses, cada uno de ellos sujeto a un cargo adicional de R$28000  por los daños de la pantalla o la carcasa externa o de R$144000  por robo o pérdida o de R$96000  por Otros daños accidentales. Lee todos los detalles en los Términos y condiciones de AppleCare+."",""deviceDateOfPurchase"":""23/09/2026"",""deviceId"":""SGF6PL4H3WQ"",""registeredDevice"":""1"",""pocType"":""APOC"",""serialNumber"":""GF6PL4H3WQ"",""partNumber"":""SHMP3ZX/A"",""partAlias"":""ACPTL"",""purchaseMode"":""C"",""productDescription"":""iPhone 18 Pro Max"",""tlDisclosure"":""La cobertura de robo y pérdida requiere que tengas la función Buscar habilitada en tu dispositivo antes de que se pierda o te lo roben. Durante el proceso de reclamación, te pediremos que uses la función Buscar para poner el dispositivo perdido o robado en modo Perdido, borrarlo y transferir la propiedad a Apple para que podamos asignarte un nuevo dispositivo. Para asegurarte de que puedas iniciar sesión en Buscar y acceder a esta función, es importante que recuerdes tu ID de Apple y contraseña, y que mantengas la información de tu cuenta actualizada. Si usas la autenticación de doble factor para el ID de Apple, te recomendamos que añadas un número de teléfono adicional de confianza a tu cuenta en el que puedas recibir el código de verificación de 6 dígitos que necesitas para iniciar sesión aunque no tengas tu iPhone. Para obtener más información, visita las páginas de Soporte técnico de Apple.""},""orderConfirmation"":{""agreementNumber"":""328426401415"",""coverageDurationStatement"":""Finaliza el 22/09/2028"",""termConditionURL"":""http://www.apple.com/legal/sales-support/"",""partNumber"":""SHMP3ZX/A"",""partAlias"":""ACPTL"",""partType"":""AC+TL"",""purchaseMode"":""C"",""appleCareSalesDate"":""23/09/2026"",""pocType"":""APOC"",""purchaseOrderNumber"":""24301116""}},""transactionId"":""2ed24152-524e-437b-b98d-2c778bcc59f7-1790176258696""}"
True;5174327;2026-09-23 12:14:01.063000;2026-09-23 00:00:00;41301077;CREATEORDER;skh56ymtf61;MFYP4BE/A;"{""orderDetailsResponses"":{""deviceEligibility"":{""secondaryDisplay"":""0"",""partDescription"":""AppleCare+ con robo y pérdida para iPhone 17 Pro Max"",""coverageDuration"":""2"",""productStatement"":""Tu AppleCare+ con robo y pérdida para iPhone 17 Pro Max amplía la cobertura de servicio y soporte técnico a 2 años desde la fecha de compra de AppleCare+ con robo y pérdida e incluye cobertura para una cantidad ilimitada de incidentes por daño accidental debido a la manipulación del producto o un máximo de dos incidentes de robo y pérdida cada 12 meses, cada uno de ellos sujeto a un cargo adicional de R$96000  por Otros daños accidentales o de R$28000  por los daños de la pantalla o la carcasa externa o de R$144000  por robo o pérdida. Lee todos los detalles en los Términos y condiciones de AppleCare+."",""deviceDateOfPurchase"":""23/09/2026"",""deviceId"":""SKH56YMTF61"",""registeredDevice"":""1"",""pocType"":""APOC"",""serialNumber"":""KH56YMTF61"",""partNumber"":""SX382ZX/A"",""partAlias"":""ACPTL"",""purchaseMode"":""C"",""productDescription"":""iPhone 17 Pro Max"",""tlDisclosure"":""La cobertura de robo y pérdida requiere que tengas la función Buscar habilitada en tu dispositivo antes de que se pierda o te lo roben. Durante el proceso de reclamación, te pediremos que uses la función Buscar para poner el dispositivo perdido o robado en modo Perdido, borrarlo y transferir la propiedad a Apple para que podamos asignarte un nuevo dispositivo. Para asegurarte de que puedas iniciar sesión en Buscar y acceder a esta función, es importante que recuerdes tu ID de Apple y contraseña, y que mantengas la información de tu cuenta actualizada. Si usas la autenticación de doble factor para el ID de Apple, te recomendamos que añadas un número de teléfono adicional de confianza a tu cuenta en el que puedas recibir el código de verificación de 6 dígitos que necesitas para iniciar sesión aunque no tengas tu iPhone. Para obtener más información, visita las páginas de Soporte técnico de Apple.""},""orderConfirmation"":{""agreementNumber"":""328426341828"",""coverageDurationStatement"":""Finaliza el 22/09/2028"",""termConditionURL"":""http://www.apple.com/legal/sales-support/"",""partNumber"":""SX382ZX/A"",""partAlias"":""ACPTL"",""partType"":""AC+TL"",""purchaseMode"":""C"",""appleCareSalesDate"":""23/09/2026"",""pocType"":""APOC"",""purchaseOrderNumber"":""41301077""}},""transactionId"":""ed9dbcfa-18c5-4989-afbb-8719b24e2bd1-1790176436095""}"
True;5191416;2026-09-23 12:15:07.077000;2026-09-23 00:00:00;38301088;VERIFYORDER;SGL7TP96RLV;MJRR4BE/A;"{""orderDetailsResponses"":{""deviceEligibility"":{""secondaryDisplay"":""0"",""partDescription"":""AppleCare+ con robo y pérdida para iPhone 18 Pro"",""coverageDuration"":""2"",""productStatement"":""Tu AppleCare+ con robo y pérdida para iPhone 18 Pro amplía la cobertura de servicio y soporte técnico a 2 años desde la fecha de compra de AppleCare+ con robo y pérdida e incluye cobertura para una cantidad ilimitada de incidentes por daño accidental debido a la manipulación del producto o un máximo de dos incidentes de robo y pérdida cada 12 meses, cada uno de ellos sujeto a un cargo adicional de R$28000  por los daños de la pantalla o la carcasa externa o de R$144000  por robo o pérdida o de R$96000  por Otros daños accidentales. Lee todos los detalles en los Términos y condiciones de AppleCare+."",""deviceDateOfPurchase"":""23/09/2026"",""deviceId"":""SGL7TP96RLV"",""registeredDevice"":""1"",""pocType"":""APOC"",""serialNumber"":""GL7TP96RLV"",""partNumber"":""SHMD3ZX/A"",""partAlias"":""ACPTL"",""purchaseMode"":""C"",""productDescription"":""iPhone 18 Pro"",""tlDisclosure"":""La cobertura de robo y pérdida requiere que tengas la función Buscar habilitada en tu dispositivo antes de que se pierda o te lo roben. Durante el proceso de reclamación, te pediremos que uses la función Buscar para poner el dispositivo perdido o robado en modo Perdido, borrarlo y transferir la propiedad a Apple para que podamos asignarte un nuevo dispositivo. Para asegurarte de que puedas iniciar sesión en Buscar y acceder a esta función, es importante que recuerdes tu ID de Apple y contraseña, y que mantengas la información de tu cuenta actualizada. Si usas la autenticación de doble factor para el ID de Apple, te recomendamos que añadas un número de teléfono adicional de confianza a tu cuenta en el que puedas recibir el código de verificación de 6 dígitos que necesitas para iniciar sesión aunque no tengas tu iPhone. Para obtener más información, visita las páginas de Soporte técnico de Apple.""}},""transactionId"":""07fc76e3-2c1c-4e1f-933f-917e2052dba0-1790176506526""}"
True;1326452;2026-09-23 12:16:04.710000;2026-09-23 00:00:00;1001139;CREATEORDER;SH9T9G73XGC;MDH94CI/A;"{""orderDetailsResponses"":{""deviceEligibility"":{""secondaryDisplay"":""1"",""partDescription"":""AppleCare+ para 13-inch MacBook Air (M5)"",""coverageDuration"":""3"",""productStatement"":""AppleCare+ para 13-inch MacBook Air (M5) amplía la cobertura de servicio y soporte técnico a 3 años desde la fecha de compra de AppleCare+ e incluye cobertura para una cantidad ilimitada de incidentes por daño accidental debido a la manipulación del producto, cada uno de ellos sujeto a un cargo adicional de R$96000  por daños en la pantalla o la carcasa externa o de R$289000  por Otros daños accidentales. Lee todos los detalles en los Términos y condiciones de AppleCare+."",""deviceDateOfPurchase"":""23/09/2026"",""deviceId"":""SH9T9G73XGC"",""registeredDevice"":""1"",""pocType"":""APOC"",""serialNumber"":""H9T9G73XGC"",""partNumber"":""SCW83ZX/A"",""partAlias"":""ACP"",""purchaseMode"":""C"",""productDescription"":""MacBook Air (13-inch, M5)""},""orderConfirmation"":{""agreementNumber"":""328426440198"",""coverageDurationStatement"":""Finaliza el 22/09/2029"",""termConditionURL"":""http://www.apple.com/legal/sales-support/"",""partNumber"":""SCW83ZX/A"",""partAlias"":""ACP"",""partType"":""AppleCare+"",""purchaseMode"":""C"",""appleCareSalesDate"":""23/09/2026"",""pocType"":""APOC"",""purchaseOrderNumber"":""1001139""}},""transactionId"":""f5b8c63c-2c2f-4d3b-a6be-5c49650a0eef-1790176562061""}"
True;5183520;2026-09-23 12:17:56.140000;2026-09-23 00:00:00;15701129;VERIFYORDER;sgqc04vcwrf;MJXW4BE/A;"{""orderDetailsResponses"":{""deviceEligibility"":{""secondaryDisplay"":""0"",""partDescription"":""AppleCare+ con robo y pérdida para iPhone 18 Pro Max"",""coverageDuration"":""2"",""productStatement"":""Tu AppleCare+ con robo y pérdida para iPhone 18 Pro Max amplía la cobertura de servicio y soporte técnico a 2 años desde la fecha de compra de AppleCare+ con robo y pérdida e incluye cobertura para una cantidad ilimitada de incidentes por daño accidental debido a la manipulación del producto o un máximo de dos incidentes de robo y pérdida cada 12 meses, cada uno de ellos sujeto a un cargo adicional de R$28000  por los daños de la pantalla o la carcasa externa o de R$144000  por robo o pérdida o de R$96000  por Otros daños accidentales. Lee todos los detalles en los Términos y condiciones de AppleCare+."",""deviceDateOfPurchase"":""23/09/2026"",""deviceId"":""SGQC04VCWRF"",""registeredDevice"":""1"",""pocType"":""APOC"",""serialNumber"":""GQC04VCWRF"",""partNumber"":""SHMP3ZX/A"",""partAlias"":""ACPTL"",""purchaseMode"":""C"",""productDescription"":""iPhone 18 Pro Max"",""tlDisclosure"":""La cobertura de robo y pérdida requiere que tengas la función Buscar habilitada en tu dispositivo antes de que se pierda o te lo roben. Durante el proceso de reclamación, te pediremos que uses la función Buscar para poner el dispositivo perdido o robado en modo Perdido, borrarlo y transferir la propiedad a Apple para que podamos asignarte un nuevo dispositivo. Para asegurarte de que puedas iniciar sesión en Buscar y acceder a esta función, es importante que recuerdes tu ID de Apple y contraseña, y que mantengas la información de tu cuenta actualizada. Si usas la autenticación de doble factor para el ID de Apple, te recomendamos que añadas un número de teléfono adicional de confianza a tu cuenta en el que puedas recibir el código de verificación de 6 dígitos que necesitas para iniciar sesión aunque no tengas tu iPhone. Para obtener más información, visita las páginas de Soporte técnico de Apple.""}},""transactionId"":""7ad49a6a-0e95-4c07-8c4e-a23b91913dc3-1790176675276""}"
True;5183520;2026-09-23 12:21:09.007000;2026-09-23 00:00:00;15701129;CREATEORDER;sgqc04vcwrf;MJXW4BE/A;"{""orderDetailsResponses"":{""deviceEligibility"":{""secondaryDisplay"":""0"",""partDescription"":""AppleCare+ con robo y pérdida para iPhone 18 Pro Max"",""coverageDuration"":""2"",""productStatement"":""Tu AppleCare+ con robo y pérdida para iPhone 18 Pro Max amplía la cobertura de servicio y soporte técnico a 2 años desde la fecha de compra de AppleCare+ con robo y pérdida e incluye cobertura para una cantidad ilimitada de incidentes por daño accidental debido a la manipulación del producto o un máximo de dos incidentes de robo y pérdida cada 12 meses, cada uno de ellos sujeto a un cargo adicional de R$28000  por los daños de la pantalla o la carcasa externa o de R$144000  por robo o pérdida o de R$96000  por Otros daños accidentales. Lee todos los detalles en los Términos y condiciones de AppleCare+."",""deviceDateOfPurchase"":""23/09/2026"",""deviceId"":""SGQC04VCWRF"",""registeredDevice"":""1"",""pocType"":""APOC"",""serialNumber"":""GQC04VCWRF"",""partNumber"":""SHMP3ZX/A"",""partAlias"":""ACPTL"",""purchaseMode"":""C"",""productDescription"":""iPhone 18 Pro Max"",""tlDisclosure"":""La cobertura de robo y pérdida requiere que tengas la función Buscar habilitada en tu dispositivo antes de que se pierda o te lo roben. Durante el proceso de reclamación, te pediremos que uses la función Buscar para poner el dispositivo perdido o robado en modo Perdido, borrarlo y transferir la propiedad a Apple para que podamos asignarte un nuevo dispositivo. Para asegurarte de que puedas iniciar sesión en Buscar y acceder a esta función, es importante que recuerdes tu ID de Apple y contraseña, y que mantengas la información de tu cuenta actualizada. Si usas la autenticación de doble factor para el ID de Apple, te recomendamos que añadas un número de teléfono adicional de confianza a tu cuenta en el que puedas recibir el código de verificación de 6 dígitos que necesitas para iniciar sesión aunque no tengas tu iPhone. Para obtener más información, visita las páginas de Soporte técnico de Apple.""},""orderConfirmation"":{""agreementNumber"":""328426401440"",""coverageDurationStatement"":""Finaliza el 22/09/2028"",""termConditionURL"":""http://www.apple.com/legal/sales-support/"",""partNumber"":""SHMP3ZX/A"",""partAlias"":""ACPTL"",""partType"":""AC+TL"",""purchaseMode"":""C"",""appleCareSalesDate"":""23/09/2026"",""pocType"":""APOC"",""purchaseOrderNumber"":""15701129""}},""transactionId"":""da6d56ae-3d89-47ef-9ed8-49a4bbbc876d-1790176864029""}"
True;5172896;2026-09-23 12:22:21.700000;2026-09-23 00:00:00;2201151;CREATEORDER;SDL976CXX9K;MJXN4BE/A;"{""orderDetailsResponses"":{""deviceEligibility"":{""secondaryDisplay"":""0"",""partDescription"":""AppleCare+ con robo y pérdida para iPhone 18 Pro Max"",""coverageDuration"":""2"",""productStatement"":""Tu AppleCare+ con robo y pérdida para iPhone 18 Pro Max amplía la cobertura de servicio y soporte técnico a 2 años desde la fecha de compra de AppleCare+ con robo y pérdida e incluye cobertura para una cantidad ilimitada de incidentes por daño accidental debido a la manipulación del producto o un máximo de dos incidentes de robo y pérdida cada 12 meses, cada uno de ellos sujeto a un cargo adicional de R$28000  por los daños de la pantalla o la carcasa externa o de R$144000  por robo o pérdida o de R$96000  por Otros daños accidentales. Lee todos los detalles en los Términos y condiciones de AppleCare+."",""deviceDateOfPurchase"":""23/09/2026"",""deviceId"":""SDL976CXX9K"",""registeredDevice"":""1"",""pocType"":""APOC"",""serialNumber"":""DL976CXX9K"",""partNumber"":""SHMP3ZX/A"",""partAlias"":""ACPTL"",""purchaseMode"":""C"",""productDescription"":""iPhone 18 Pro Max"",""tlDisclosure"":""La cobertura de robo y pérdida requiere que tengas la función Buscar habilitada en tu dispositivo antes de que se pierda o te lo roben. Durante el proceso de reclamación, te pediremos que uses la función Buscar para poner el dispositivo perdido o robado en modo Perdido, borrarlo y transferir la propiedad a Apple para que podamos asignarte un nuevo dispositivo. Para asegurarte de que puedas iniciar sesión en Buscar y acceder a esta función, es importante que recuerdes tu ID de Apple y contraseña, y que mantengas la información de tu cuenta actualizada. Si usas la autenticación de doble factor para el ID de Apple, te recomendamos que añadas un número de teléfono adicional de confianza a tu cuenta en el que puedas recibir el código de verificación de 6 dígitos que necesitas para iniciar sesión aunque no tengas tu iPhone. Para obtener más información, visita las páginas de Soporte técnico de Apple.""},""orderConfirmation"":{""agreementNumber"":""328426460028"",""coverageDurationStatement"":""Finaliza el 22/09/2028"",""termConditionURL"":""http://www.apple.com/legal/sales-support/"",""partNumber"":""SHMP3ZX/A"",""partAlias"":""ACPTL"",""partType"":""AC+TL"",""purchaseMode"":""C"",""appleCareSalesDate"":""23/09/2026"",""pocType"":""APOC"",""purchaseOrderNumber"":""2201151""}},""transactionId"":""712ebd46-4ef4-435a-96b1-bdfa2f522826-1790176936454""}"
True;1333801;2026-09-23 12:25:49.963000;2026-09-23 00:00:00;61201087;VERIFYORDER;shwr4ld9q25;MJRR4BE/A;"{""orderDetailsResponses"":{""deviceEligibility"":{""secondaryDisplay"":""0"",""partDescription"":""AppleCare+ con robo y pérdida para iPhone 18 Pro"",""coverageDuration"":""2"",""productStatement"":""Tu AppleCare+ con robo y pérdida para iPhone 18 Pro amplía la cobertura de servicio y soporte técnico a 2 años desde la fecha de compra de AppleCare+ con robo y pérdida e incluye cobertura para una cantidad ilimitada de incidentes por daño accidental debido a la manipulación del producto o un máximo de dos incidentes de robo y pérdida cada 12 meses, cada uno de ellos sujeto a un cargo adicional de R$28000  por los daños de la pantalla o la carcasa externa o de R$144000  por robo o pérdida o de R$96000  por Otros daños accidentales. Lee todos los detalles en los Términos y condiciones de AppleCare+."",""deviceDateOfPurchase"":""23/09/2026"",""deviceId"":""SHWR4LD9Q25"",""registeredDevice"":""1"",""pocType"":""APOC"",""serialNumber"":""HWR4LD9Q25"",""partNumber"":""SHMD3ZX/A"",""partAlias"":""ACPTL"",""purchaseMode"":""C"",""productDescription"":""iPhone 18 Pro"",""tlDisclosure"":""La cobertura de robo y pérdida requiere que tengas la función Buscar habilitada en tu dispositivo antes de que se pierda o te lo roben. Durante el proceso de reclamación, te pediremos que uses la función Buscar para poner el dispositivo perdido o robado en modo Perdido, borrarlo y transferir la propiedad a Apple para que podamos asignarte un nuevo dispositivo. Para asegurarte de que puedas iniciar sesión en Buscar y acceder a esta función, es importante que recuerdes tu ID de Apple y contraseña, y que mantengas la información de tu cuenta actualizada. Si usas la autenticación de doble factor para el ID de Apple, te recomendamos que añadas un número de teléfono adicional de confianza a tu cuenta en el que puedas recibir el código de verificación de 6 dígitos que necesitas para iniciar sesión aunque no tengas tu iPhone. Para obtener más información, visita las páginas de Soporte técnico de Apple.""}},""transactionId"":""b3a347d1-ae61-4cb7-814d-74ca5771569e-1790177149350""}"
True;5191416;2026-09-23 12:26:19.520000;2026-09-23 00:00:00;38301088;CREATEORDER;SGL7TP96RLV;MJRR4BE/A;"{""orderDetailsResponses"":{""deviceEligibility"":{""secondaryDisplay"":""0"",""partDescription"":""AppleCare+ con robo y pérdida para iPhone 18 Pro"",""coverageDuration"":""2"",""productStatement"":""Tu AppleCare+ con robo y pérdida para iPhone 18 Pro amplía la cobertura de servicio y soporte técnico a 2 años desde la fecha de compra de AppleCare+ con robo y pérdida e incluye cobertura para una cantidad ilimitada de incidentes por daño accidental debido a la manipulación del producto o un máximo de dos incidentes de robo y pérdida cada 12 meses, cada uno de ellos sujeto a un cargo adicional de R$28000  por los daños de la pantalla o la carcasa externa o de R$144000  por robo o pérdida o de R$96000  por Otros daños accidentales. Lee todos los detalles en los Términos y condiciones de AppleCare+."",""deviceDateOfPurchase"":""23/09/2026"",""deviceId"":""SGL7TP96RLV"",""registeredDevice"":""1"",""pocType"":""APOC"",""serialNumber"":""GL7TP96RLV"",""partNumber"":""SHMD3ZX/A"",""partAlias"":""ACPTL"",""purchaseMode"":""C"",""productDescription"":""iPhone 18 Pro"",""tlDisclosure"":""La cobertura de robo y pérdida requiere que tengas la función Buscar habilitada en tu dispositivo antes de que se pierda o te lo roben. Durante el proceso de reclamación, te pediremos que uses la función Buscar para poner el dispositivo perdido o robado en modo Perdido, borrarlo y transferir la propiedad a Apple para que podamos asignarte un nuevo dispositivo. Para asegurarte de que puedas iniciar sesión en Buscar y acceder a esta función, es importante que recuerdes tu ID de Apple y contraseña, y que mantengas la información de tu cuenta actualizada. Si usas la autenticación de doble factor para el ID de Apple, te recomendamos que añadas un número de teléfono adicional de confianza a tu cuenta en el que puedas recibir el código de verificación de 6 dígitos que necesitas para iniciar sesión aunque no tengas tu iPhone. Para obtener más información, visita las páginas de Soporte técnico de Apple.""},""orderConfirmation"":{""agreementNumber"":""328426380538"",""coverageDurationStatement"":""Finaliza el 22/09/2028"",""termConditionURL"":""http://www.apple.com/legal/sales-support/"",""partNumber"":""SHMD3ZX/A"",""partAlias"":""ACPTL"",""partType"":""AC+TL"",""purchaseMode"":""C"",""appleCareSalesDate"":""23/09/2026"",""pocType"":""APOC"",""purchaseOrderNumber"":""38301088""}},""transactionId"":""d564d5a0-ca36-4f81-9977-d4dd2f06ce6f-1790177174589""}"
True;5191417;2026-09-23 12:27:10.890000;2026-09-23 00:00:00;38401088;VERIFYORDER;SC94FX7TDC0;MJRP4BE/A;"{""orderDetailsResponses"":{""deviceEligibility"":{""secondaryDisplay"":""0"",""partDescription"":""AppleCare+ con robo y pérdida para iPhone 18 Pro"",""coverageDuration"":""2"",""productStatement"":""Tu AppleCare+ con robo y pérdida para iPhone 18 Pro amplía la cobertura de servicio y soporte técnico a 2 años desde la fecha de compra de AppleCare+ con robo y pérdida e incluye cobertura para una cantidad ilimitada de incidentes por daño accidental debido a la manipulación del producto o un máximo de dos incidentes de robo y pérdida cada 12 meses, cada uno de ellos sujeto a un cargo adicional de R$28000  por los daños de la pantalla o la carcasa externa o de R$144000  por robo o pérdida o de R$96000  por Otros daños accidentales. Lee todos los detalles en los Términos y condiciones de AppleCare+."",""deviceDateOfPurchase"":""23/09/2026"",""deviceId"":""SC94FX7TDC0"",""registeredDevice"":""1"",""pocType"":""APOC"",""serialNumber"":""C94FX7TDC0"",""partNumber"":""SHMD3ZX/A"",""partAlias"":""ACPTL"",""purchaseMode"":""C"",""productDescription"":""iPhone 18 Pro"",""tlDisclosure"":""La cobertura de robo y pérdida requiere que tengas la función Buscar habilitada en tu dispositivo antes de que se pierda o te lo roben. Durante el proceso de reclamación, te pediremos que uses la función Buscar para poner el dispositivo perdido o robado en modo Perdido, borrarlo y transferir la propiedad a Apple para que podamos asignarte un nuevo dispositivo. Para asegurarte de que puedas iniciar sesión en Buscar y acceder a esta función, es importante que recuerdes tu ID de Apple y contraseña, y que mantengas la información de tu cuenta actualizada. Si usas la autenticación de doble factor para el ID de Apple, te recomendamos que añadas un número de teléfono adicional de confianza a tu cuenta en el que puedas recibir el código de verificación de 6 dígitos que necesitas para iniciar sesión aunque no tengas tu iPhone. Para obtener más información, visita las páginas de Soporte técnico de Apple.""}},""transactionId"":""c7c2744f-c3e1-4762-8f3c-cc1add171c2c-1790177230170""}"
True;1333801;2026-09-23 12:27:17.383000;2026-09-23 00:00:00;61201087;CREATEORDER;shwr4ld9q25;MJRR4BE/A;"{""orderDetailsResponses"":{""deviceEligibility"":{""secondaryDisplay"":""0"",""partDescription"":""AppleCare+ con robo y pérdida para iPhone 18 Pro"",""coverageDuration"":""2"",""productStatement"":""Tu AppleCare+ con robo y pérdida para iPhone 18 Pro amplía la cobertura de servicio y soporte técnico a 2 años desde la fecha de compra de AppleCare+ con robo y pérdida e incluye cobertura para una cantidad ilimitada de incidentes por daño accidental debido a la manipulación del producto o un máximo de dos incidentes de robo y pérdida cada 12 meses, cada uno de ellos sujeto a un cargo adicional de R$28000  por los daños de la pantalla o la carcasa externa o de R$144000  por robo o pérdida o de R$96000  por Otros daños accidentales. Lee todos los detalles en los Términos y condiciones de AppleCare+."",""deviceDateOfPurchase"":""23/09/2026"",""deviceId"":""SHWR4LD9Q25"",""registeredDevice"":""1"",""pocType"":""APOC"",""serialNumber"":""HWR4LD9Q25"",""partNumber"":""SHMD3ZX/A"",""partAlias"":""ACPTL"",""purchaseMode"":""C"",""productDescription"":""iPhone 18 Pro"",""tlDisclosure"":""La cobertura de robo y pérdida requiere que tengas la función Buscar habilitada en tu dispositivo antes de que se pierda o te lo roben. Durante el proceso de reclamación, te pediremos que uses la función Buscar para poner el dispositivo perdido o robado en modo Perdido, borrarlo y transferir la propiedad a Apple para que podamos asignarte un nuevo dispositivo. Para asegurarte de que puedas iniciar sesión en Buscar y acceder a esta función, es importante que recuerdes tu ID de Apple y contraseña, y que mantengas la información de tu cuenta actualizada. Si usas la autenticación de doble factor para el ID de Apple, te recomendamos que añadas un número de teléfono adicional de confianza a tu cuenta en el que puedas recibir el código de verificación de 6 dígitos que necesitas para iniciar sesión aunque no tengas tu iPhone. Para obtener más información, visita las páginas de Soporte técnico de Apple.""},""orderConfirmation"":{""agreementNumber"":""328426460044"",""coverageDurationStatement"":""Finaliza el 22/09/2028"",""termConditionURL"":""http://www.apple.com/legal/sales-support/"",""partNumber"":""SHMD3ZX/A"",""partAlias"":""ACPTL"",""partType"":""AC+TL"",""purchaseMode"":""C"",""appleCareSalesDate"":""23/09/2026"",""pocType"":""APOC"",""purchaseOrderNumber"":""61201087""}},""transactionId"":""99efc5f0-3b16-40c0-a97e-313cac4f06ed-1790177232676""}"
True;5172274;2026-09-23 12:29:32.490000;2026-09-23 00:00:00;1201149;VERIFYORDER;SKY09X6KTKX;MFHP4AM/A;"{""orderDetailsResponses"":{""deviceEligibility"":{""secondaryDisplay"":""0"",""partDescription"":""AppleCare+ para Headphones - AirPods Pro"",""coverageDuration"":""2"",""productStatement"":""AppleCare+ para Headphones - AirPods Pro amplía la cobertura de servicio y soporte técnico a 2 años desde la fecha de compra de AppleCare+ e incluye cobertura para una cantidad ilimitada de incidentes por daño accidental debido a la manipulación del producto, cada uno de ellos sujeto a un cargo adicional de R$28000 . Lee todos los detalles en los Términos y condiciones de AppleCare+."",""deviceDateOfPurchase"":""23/09/2026"",""deviceId"":""SKY09X6KTKX"",""registeredDevice"":""1"",""pocType"":""APOC"",""serialNumber"":""KY09X6KTKX"",""partNumber"":""SYLW2ZX/A"",""partAlias"":""ACP"",""purchaseMode"":""C"",""productDescription"":""AirPods Pro 3""}},""transactionId"":""1853ccec-1f4e-4993-8066-a42c9a228ddb-1790177371760""}"
True;5191417;2026-09-23 12:30:48.603000;2026-09-23 00:00:00;38401088;CREATEORDER;SC94FX7TDC0;MJRP4BE/A;"{""orderDetailsResponses"":{""deviceEligibility"":{""secondaryDisplay"":""0"",""partDescription"":""AppleCare+ con robo y pérdida para iPhone 18 Pro"",""coverageDuration"":""2"",""productStatement"":""Tu AppleCare+ con robo y pérdida para iPhone 18 Pro amplía la cobertura de servicio y soporte técnico a 2 años desde la fecha de compra de AppleCare+ con robo y pérdida e incluye cobertura para una cantidad ilimitada de incidentes por daño accidental debido a la manipulación del producto o un máximo de dos incidentes de robo y pérdida cada 12 meses, cada uno de ellos sujeto a un cargo adicional de R$28000  por los daños de la pantalla o la carcasa externa o de R$144000  por robo o pérdida o de R$96000  por Otros daños accidentales. Lee todos los detalles en los Términos y condiciones de AppleCare+."",""deviceDateOfPurchase"":""23/09/2026"",""deviceId"":""SC94FX7TDC0"",""registeredDevice"":""1"",""pocType"":""APOC"",""serialNumber"":""C94FX7TDC0"",""partNumber"":""SHMD3ZX/A"",""partAlias"":""ACPTL"",""purchaseMode"":""C"",""productDescription"":""iPhone 18 Pro"",""tlDisclosure"":""La cobertura de robo y pérdida requiere que tengas la función Buscar habilitada en tu dispositivo antes de que se pierda o te lo roben. Durante el proceso de reclamación, te pediremos que uses la función Buscar para poner el dispositivo perdido o robado en modo Perdido, borrarlo y transferir la propiedad a Apple para que podamos asignarte un nuevo dispositivo. Para asegurarte de que puedas iniciar sesión en Buscar y acceder a esta función, es importante que recuerdes tu ID de Apple y contraseña, y que mantengas la información de tu cuenta actualizada. Si usas la autenticación de doble factor para el ID de Apple, te recomendamos que añadas un número de teléfono adicional de confianza a tu cuenta en el que puedas recibir el código de verificación de 6 dígitos que necesitas para iniciar sesión aunque no tengas tu iPhone. Para obtener más información, visita las páginas de Soporte técnico de Apple.""},""orderConfirmation"":{""agreementNumber"":""328426440232"",""coverageDurationStatement"":""Finaliza el 22/09/2028"",""termConditionURL"":""http://www.apple.com/legal/sales-support/"",""partNumber"":""SHMD3ZX/A"",""partAlias"":""ACPTL"",""partType"":""AC+TL"",""purchaseMode"":""C"",""appleCareSalesDate"":""23/09/2026"",""pocType"":""APOC"",""purchaseOrderNumber"":""38401088""}},""transactionId"":""074ffec0-4df9-4b75-beb9-f0d313129705-1790177443801""}"
True;5172274;2026-09-23 12:35:35.730000;2026-09-23 00:00:00;1201149;CREATEORDER;SKY09X6KTKX;MFHP4AM/A;"{""orderDetailsResponses"":{""deviceEligibility"":{""secondaryDisplay"":""0"",""partDescription"":""AppleCare+ para Headphones - AirPods Pro"",""coverageDuration"":""2"",""productStatement"":""AppleCare+ para Headphones - AirPods Pro amplía la cobertura de servicio y soporte técnico a 2 años desde la fecha de compra de AppleCare+ e incluye cobertura para una cantidad ilimitada de incidentes por daño accidental debido a la manipulación del producto, cada uno de ellos sujeto a un cargo adicional de R$28000 . Lee todos los detalles en los Términos y condiciones de AppleCare+."",""deviceDateOfPurchase"":""23/09/2026"",""deviceId"":""SKY09X6KTKX"",""registeredDevice"":""1"",""pocType"":""APOC"",""serialNumber"":""KY09X6KTKX"",""partNumber"":""SYLW2ZX/A"",""partAlias"":""ACP"",""purchaseMode"":""C"",""productDescription"":""AirPods Pro 3""},""orderConfirmation"":{""agreementNumber"":""328426380557"",""coverageDurationStatement"":""Finaliza el 22/09/2028"",""termConditionURL"":""http://www.apple.com/legal/sales-support/"",""partNumber"":""SYLW2ZX/A"",""partAlias"":""ACP"",""partType"":""AppleCare+"",""purchaseMode"":""C"",""appleCareSalesDate"":""23/09/2026"",""pocType"":""APOC"",""purchaseOrderNumber"":""1201149""}},""transactionId"":""8a91b356-9200-4fc6-816c-1aa653001a06-1790177730711""}"
True;5109402;2026-09-23 12:37:09.407000;2026-09-23 00:00:00;5109402;VERIFYORDER;SGV22R6Y3L5;MG8J4BE/A;"{""orderDetailsResponses"":{""deviceEligibility"":{""secondaryDisplay"":""0"",""partDescription"":""AppleCare+ con robo y pérdida para iPhone 17 Pro"",""coverageDuration"":""2"",""productStatement"":""Tu AppleCare+ con robo y pérdida para iPhone 17 Pro amplía la cobertura de servicio y soporte técnico a 2 años desde la fecha de compra de AppleCare+ con robo y pérdida e incluye cobertura para una cantidad ilimitada de incidentes por daño accidental debido a la manipulación del producto o un máximo de dos incidentes de robo y pérdida cada 12 meses, cada uno de ellos sujeto a un cargo adicional de R$96000  por Otros daños accidentales o de R$28000  por los daños de la pantalla o la carcasa externa o de R$144000  por robo o pérdida. Lee todos los detalles en los Términos y condiciones de AppleCare+."",""deviceDateOfPurchase"":""23/09/2026"",""deviceId"":""SGV22R6Y3L5"",""registeredDevice"":""1"",""pocType"":""APOC"",""serialNumber"":""GV22R6Y3L5"",""partNumber"":""SX342ZX/A"",""partAlias"":""ACPTL"",""purchaseMode"":""C"",""productDescription"":""iPhone 17 Pro"",""tlDisclosure"":""La cobertura de robo y pérdida requiere que tengas la función Buscar habilitada en tu dispositivo antes de que se pierda o te lo roben. Durante el proceso de reclamación, te pediremos que uses la función Buscar para poner el dispositivo perdido o robado en modo Perdido, borrarlo y transferir la propiedad a Apple para que podamos asignarte un nuevo dispositivo. Para asegurarte de que puedas iniciar sesión en Buscar y acceder a esta función, es importante que recuerdes tu ID de Apple y contraseña, y que mantengas la información de tu cuenta actualizada. Si usas la autenticación de doble factor para el ID de Apple, te recomendamos que añadas un número de teléfono adicional de confianza a tu cuenta en el que puedas recibir el código de verificación de 6 dígitos que necesitas para iniciar sesión aunque no tengas tu iPhone. Para obtener más información, visita las páginas de Soporte técnico de Apple.""}},""transactionId"":""7eee27de-599c-452c-8c9c-8dabf20e758e-1790177828787""}"
True;5109402;2026-09-23 12:37:10.817000;2026-09-23 00:00:00;5109402;CREATEORDER;SGV22R6Y3L5;MG8J4BE/A;"{""orderDetailsResponses"":{""deviceEligibility"":{""secondaryDisplay"":""0"",""partDescription"":""AppleCare+ con robo y pérdida para iPhone 17 Pro"",""coverageDuration"":""2"",""productStatement"":""Tu AppleCare+ con robo y pérdida para iPhone 17 Pro amplía la cobertura de servicio y soporte técnico a 2 años desde la fecha de compra de AppleCare+ con robo y pérdida e incluye cobertura para una cantidad ilimitada de incidentes por daño accidental debido a la manipulación del producto o un máximo de dos incidentes de robo y pérdida cada 12 meses, cada uno de ellos sujeto a un cargo adicional de R$96000  por Otros daños accidentales o de R$28000  por los daños de la pantalla o la carcasa externa o de R$144000  por robo o pérdida. Lee todos los detalles en los Términos y condiciones de AppleCare+."",""deviceDateOfPurchase"":""23/09/2026"",""deviceId"":""SGV22R6Y3L5"",""registeredDevice"":""1"",""pocType"":""RPOC"",""serialNumber"":""GV22R6Y3L5"",""partNumber"":""SX342ZX/A"",""partAlias"":""ACPTL"",""purchaseMode"":""C"",""productDescription"":""iPhone 17 Pro"",""tlDisclosure"":""La cobertura de robo y pérdida requiere que tengas la función Buscar habilitada en tu dispositivo antes de que se pierda o te lo roben. Durante el proceso de reclamación, te pediremos que uses la función Buscar para poner el dispositivo perdido o robado en modo Perdido, borrarlo y transferir la propiedad a Apple para que podamos asignarte un nuevo dispositivo. Para asegurarte de que puedas iniciar sesión en Buscar y acceder a esta función, es importante que recuerdes tu ID de Apple y contraseña, y que mantengas la información de tu cuenta actualizada. Si usas la autenticación de doble factor para el ID de Apple, te recomendamos que añadas un número de teléfono adicional de confianza a tu cuenta en el que puedas recibir el código de verificación de 6 dígitos que necesitas para iniciar sesión aunque no tengas tu iPhone. Para obtener más información, visita las páginas de Soporte técnico de Apple.""},""orderConfirmation"":{""agreementNumber"":""328426340953"",""coverageDurationStatement"":""Finaliza el 22/09/2028"",""termConditionURL"":""http://www.apple.com/legal/sales-support/"",""partNumber"":""SX342ZX/A"",""partAlias"":""ACPTL"",""partType"":""AC+TL"",""purchaseMode"":""C"",""appleCareSalesDate"":""23/09/2026"",""pocType"":""RPOC"",""purchaseOrderNumber"":""5109402""}},""transactionId"":""f9a93551-bde5-48c1-9b90-1476074dd081-1790177829934""}"
True;5140389;2026-09-23 12:54:14.420000;2026-09-23 00:00:00;24401116;VERIFYORDER;smhg73ch2tf;MJRR4BE/A;"{""orderDetailsResponses"":{""deviceEligibility"":{""secondaryDisplay"":""0"",""partDescription"":""AppleCare+ con robo y pérdida para iPhone 18 Pro"",""coverageDuration"":""2"",""productStatement"":""Tu AppleCare+ con robo y pérdida para iPhone 18 Pro amplía la cobertura de servicio y soporte técnico a 2 años desde la fecha de compra de AppleCare+ con robo y pérdida e incluye cobertura para una cantidad ilimitada de incidentes por daño accidental debido a la manipulación del producto o un máximo de dos incidentes de robo y pérdida cada 12 meses, cada uno de ellos sujeto a un cargo adicional de R$28000  por los daños de la pantalla o la carcasa externa o de R$144000  por robo o pérdida o de R$96000  por Otros daños accidentales. Lee todos los detalles en los Términos y condiciones de AppleCare+."",""deviceDateOfPurchase"":""23/09/2026"",""deviceId"":""SMHG73CH2TF"",""registeredDevice"":""1"",""pocType"":""APOC"",""serialNumber"":""MHG73CH2TF"",""partNumber"":""SHMD3ZX/A"",""partAlias"":""ACPTL"",""purchaseMode"":""C"",""productDescription"":""iPhone 18 Pro"",""tlDisclosure"":""La cobertura de robo y pérdida requiere que tengas la función Buscar habilitada en tu dispositivo antes de que se pierda o te lo roben. Durante el proceso de reclamación, te pediremos que uses la función Buscar para poner el dispositivo perdido o robado en modo Perdido, borrarlo y transferir la propiedad a Apple para que podamos asignarte un nuevo dispositivo. Para asegurarte de que puedas iniciar sesión en Buscar y acceder a esta función, es importante que recuerdes tu ID de Apple y contraseña, y que mantengas la información de tu cuenta actualizada. Si usas la autenticación de doble factor para el ID de Apple, te recomendamos que añadas un número de teléfono adicional de confianza a tu cuenta en el que puedas recibir el código de verificación de 6 dígitos que necesitas para iniciar sesión aunque no tengas tu iPhone. Para obtener más información, visita las páginas de Soporte técnico de Apple.""}},""transactionId"":""d40fa6e8-a14e-4689-938f-d4b0e60336bc-1790178853878""}"
True;5140389;2026-09-23 12:56:41.663000;2026-09-23 00:00:00;24401116;CREATEORDER;smhg73ch2tf;MJRR4BE/A;"{""orderDetailsResponses"":{""deviceEligibility"":{""secondaryDisplay"":""0"",""partDescription"":""AppleCare+ con robo y pérdida para iPhone 18 Pro"",""coverageDuration"":""2"",""productStatement"":""Tu AppleCare+ con robo y pérdida para iPhone 18 Pro amplía la cobertura de servicio y soporte técnico a 2 años desde la fecha de compra de AppleCare+ con robo y pérdida e incluye cobertura para una cantidad ilimitada de incidentes por daño accidental debido a la manipulación del producto o un máximo de dos incidentes de robo y pérdida cada 12 meses, cada uno de ellos sujeto a un cargo adicional de R$28000  por los daños de la pantalla o la carcasa externa o de R$144000  por robo o pérdida o de R$96000  por Otros daños accidentales. Lee todos los detalles en los Términos y condiciones de AppleCare+."",""deviceDateOfPurchase"":""23/09/2026"",""deviceId"":""SMHG73CH2TF"",""registeredDevice"":""1"",""pocType"":""APOC"",""serialNumber"":""MHG73CH2TF"",""partNumber"":""SHMD3ZX/A"",""partAlias"":""ACPTL"",""purchaseMode"":""C"",""productDescription"":""iPhone 18 Pro"",""tlDisclosure"":""La cobertura de robo y pérdida requiere que tengas la función Buscar habilitada en tu dispositivo antes de que se pierda o te lo roben. Durante el proceso de reclamación, te pediremos que uses la función Buscar para poner el dispositivo perdido o robado en modo Perdido, borrarlo y transferir la propiedad a Apple para que podamos asignarte un nuevo dispositivo. Para asegurarte de que puedas iniciar sesión en Buscar y acceder a esta función, es importante que recuerdes tu ID de Apple y contraseña, y que mantengas la información de tu cuenta actualizada. Si usas la autenticación de doble factor para el ID de Apple, te recomendamos que añadas un número de teléfono adicional de confianza a tu cuenta en el que puedas recibir el código de verificación de 6 dígitos que necesitas para iniciar sesión aunque no tengas tu iPhone. Para obtener más información, visita las páginas de Soporte técnico de Apple.""},""orderConfirmation"":{""agreementNumber"":""328426342992"",""coverageDurationStatement"":""Finaliza el 22/09/2028"",""termConditionURL"":""http://www.apple.com/legal/sales-support/"",""partNumber"":""SHMD3ZX/A"",""partAlias"":""ACPTL"",""partType"":""AC+TL"",""purchaseMode"":""C"",""appleCareSalesDate"":""23/09/2026"",""pocType"":""APOC"",""purchaseOrderNumber"":""24401116""}},""transactionId"":""a1fbba65-1c59-4709-97dc-aff1e201d96f-1790178996518""}"
True;5077840;2026-09-23 13:12:20.957000;2026-09-23 00:00:00;20501030;VERIFYORDER;SDK27YM4739;MJXU4BE/A;"{""orderDetailsResponses"":{""deviceEligibility"":{""secondaryDisplay"":""0"",""partDescription"":""AppleCare+ con robo y pérdida para iPhone 18 Pro Max"",""coverageDuration"":""2"",""productStatement"":""Tu AppleCare+ con robo y pérdida para iPhone 18 Pro Max amplía la cobertura de servicio y soporte técnico a 2 años desde la fecha de compra de AppleCare+ con robo y pérdida e incluye cobertura para una cantidad ilimitada de incidentes por daño accidental debido a la manipulación del producto o un máximo de dos incidentes de robo y pérdida cada 12 meses, cada uno de ellos sujeto a un cargo adicional de R$28000  por los daños de la pantalla o la carcasa externa o de R$144000  por robo o pérdida o de R$96000  por Otros daños accidentales. Lee todos los detalles en los Términos y condiciones de AppleCare+."",""deviceDateOfPurchase"":""23/09/2026"",""deviceId"":""SDK27YM4739"",""registeredDevice"":""1"",""pocType"":""APOC"",""serialNumber"":""DK27YM4739"",""partNumber"":""SHMP3ZX/A"",""partAlias"":""ACPTL"",""purchaseMode"":""C"",""productDescription"":""iPhone 18 Pro Max"",""tlDisclosure"":""La cobertura de robo y pérdida requiere que tengas la función Buscar habilitada en tu dispositivo antes de que se pierda o te lo roben. Durante el proceso de reclamación, te pediremos que uses la función Buscar para poner el dispositivo perdido o robado en modo Perdido, borrarlo y transferir la propiedad a Apple para que podamos asignarte un nuevo dispositivo. Para asegurarte de que puedas iniciar sesión en Buscar y acceder a esta función, es importante que recuerdes tu ID de Apple y contraseña, y que mantengas la información de tu cuenta actualizada. Si usas la autenticación de doble factor para el ID de Apple, te recomendamos que añadas un número de teléfono adicional de confianza a tu cuenta en el que puedas recibir el código de verificación de 6 dígitos que necesitas para iniciar sesión aunque no tengas tu iPhone. Para obtener más información, visita las páginas de Soporte técnico de Apple.""}},""transactionId"":""64d77000-151b-476c-af36-a2b9a52c50eb-1790179938913""}"
True;5048049;2026-09-23 13:12:45.007000;2026-09-23 00:00:00;68601117;VERIFYORDER;SLDJ7X71GJW;MJRQ4BE/A;"{""orderDetailsResponses"":{""deviceEligibility"":{""secondaryDisplay"":""0"",""partDescription"":""AppleCare+ con robo y pérdida para iPhone 18 Pro"",""coverageDuration"":""2"",""productStatement"":""Tu AppleCare+ con robo y pérdida para iPhone 18 Pro amplía la cobertura de servicio y soporte técnico a 2 años desde la fecha de compra de AppleCare+ con robo y pérdida e incluye cobertura para una cantidad ilimitada de incidentes por daño accidental debido a la manipulación del producto o un máximo de dos incidentes de robo y pérdida cada 12 meses, cada uno de ellos sujeto a un cargo adicional de R$28000  por los daños de la pantalla o la carcasa externa o de R$144000  por robo o pérdida o de R$96000  por Otros daños accidentales. Lee todos los detalles en los Términos y condiciones de AppleCare+."",""deviceDateOfPurchase"":""23/09/2026"",""deviceId"":""SLDJ7X71GJW"",""registeredDevice"":""1"",""pocType"":""APOC"",""serialNumber"":""LDJ7X71GJW"",""partNumber"":""SHMD3ZX/A"",""partAlias"":""ACPTL"",""purchaseMode"":""C"",""productDescription"":""iPhone 18 Pro"",""tlDisclosure"":""La cobertura de robo y pérdida requiere que tengas la función Buscar habilitada en tu dispositivo antes de que se pierda o te lo roben. Durante el proceso de reclamación, te pediremos que uses la función Buscar para poner el dispositivo perdido o robado en modo Perdido, borrarlo y transferir la propiedad a Apple para que podamos asignarte un nuevo dispositivo. Para asegurarte de que puedas iniciar sesión en Buscar y acceder a esta función, es importante que recuerdes tu ID de Apple y contraseña, y que mantengas la información de tu cuenta actualizada. Si usas la autenticación de doble factor para el ID de Apple, te recomendamos que añadas un número de teléfono adicional de confianza a tu cuenta en el que puedas recibir el código de verificación de 6 dígitos que necesitas para iniciar sesión aunque no tengas tu iPhone. Para obtener más información, visita las páginas de Soporte técnico de Apple.""}},""transactionId"":""eb41cd02-fd82-464f-8b92-559568c411e6-1790179964411""}"
True;1337827;2026-09-23 13:13:59.160000;2026-09-23 00:00:00;29501094;VERIFYORDER;SHR4PKT0394;MJXT4BE/A;"{""orderDetailsResponses"":{""deviceEligibility"":{""secondaryDisplay"":""0"",""partDescription"":""AppleCare+ con robo y pérdida para iPhone 18 Pro Max"",""coverageDuration"":""2"",""productStatement"":""Tu AppleCare+ con robo y pérdida para iPhone 18 Pro Max amplía la cobertura de servicio y soporte técnico a 2 años desde la fecha de compra de AppleCare+ con robo y pérdida e incluye cobertura para una cantidad ilimitada de incidentes por daño accidental debido a la manipulación del producto o un máximo de dos incidentes de robo y pérdida cada 12 meses, cada uno de ellos sujeto a un cargo adicional de R$28000  por los daños de la pantalla o la carcasa externa o de R$144000  por robo o pérdida o de R$96000  por Otros daños accidentales. Lee todos los detalles en los Términos y condiciones de AppleCare+."",""deviceDateOfPurchase"":""23/09/2026"",""deviceId"":""SHR4PKT0394"",""registeredDevice"":""1"",""pocType"":""APOC"",""serialNumber"":""HR4PKT0394"",""partNumber"":""SHMP3ZX/A"",""partAlias"":""ACPTL"",""purchaseMode"":""C"",""productDescription"":""iPhone 18 Pro Max"",""tlDisclosure"":""La cobertura de robo y pérdida requiere que tengas la función Buscar habilitada en tu dispositivo antes de que se pierda o te lo roben. Durante el proceso de reclamación, te pediremos que uses la función Buscar para poner el dispositivo perdido o robado en modo Perdido, borrarlo y transferir la propiedad a Apple para que podamos asignarte un nuevo dispositivo. Para asegurarte de que puedas iniciar sesión en Buscar y acceder a esta función, es importante que recuerdes tu ID de Apple y contraseña, y que mantengas la información de tu cuenta actualizada. Si usas la autenticación de doble factor para el ID de Apple, te recomendamos que añadas un número de teléfono adicional de confianza a tu cuenta en el que puedas recibir el código de verificación de 6 dígitos que necesitas para iniciar sesión aunque no tengas tu iPhone. Para obtener más información, visita las páginas de Soporte técnico de Apple.""}},""transactionId"":""911e82ee-6869-46a0-92f7-7c42e77e12f8-1790180038531""}"
True;5168078;2026-09-23 13:14:15.420000;2026-09-23 00:00:00;2101174;VERIFYORDER;SJHQGWLG6XP;MG8J4BE/A;"{""orderDetailsResponses"":{""deviceEligibility"":{""secondaryDisplay"":""0"",""partDescription"":""AppleCare+ con robo y pérdida para iPhone 17 Pro"",""coverageDuration"":""2"",""productStatement"":""Tu AppleCare+ con robo y pérdida para iPhone 17 Pro amplía la cobertura de servicio y soporte técnico a 2 años desde la fecha de compra de AppleCare+ con robo y pérdida e incluye cobertura para una cantidad ilimitada de incidentes por daño accidental debido a la manipulación del producto o un máximo de dos incidentes de robo y pérdida cada 12 meses, cada uno de ellos sujeto a un cargo adicional de R$96000  por Otros daños accidentales o de R$28000  por los daños de la pantalla o la carcasa externa o de R$144000  por robo o pérdida. Lee todos los detalles en los Términos y condiciones de AppleCare+."",""deviceDateOfPurchase"":""23/09/2026"",""deviceId"":""SJHQGWLG6XP"",""registeredDevice"":""1"",""pocType"":""APOC"",""serialNumber"":""JHQGWLG6XP"",""partNumber"":""SX342ZX/A"",""partAlias"":""ACPTL"",""purchaseMode"":""C"",""productDescription"":""iPhone 17 Pro"",""tlDisclosure"":""La cobertura de robo y pérdida requiere que tengas la función Buscar habilitada en tu dispositivo antes de que se pierda o te lo roben. Durante el proceso de reclamación, te pediremos que uses la función Buscar para poner el dispositivo perdido o robado en modo Perdido, borrarlo y transferir la propiedad a Apple para que podamos asignarte un nuevo dispositivo. Para asegurarte de que puedas iniciar sesión en Buscar y acceder a esta función, es importante que recuerdes tu ID de Apple y contraseña, y que mantengas la información de tu cuenta actualizada. Si usas la autenticación de doble factor para el ID de Apple, te recomendamos que añadas un número de teléfono adicional de confianza a tu cuenta en el que puedas recibir el código de verificación de 6 dígitos que necesitas para iniciar sesión aunque no tengas tu iPhone. Para obtener más información, visita las páginas de Soporte técnico de Apple.""}},""transactionId"":""8f8f43c0-75ba-4cc9-86bc-a95ca017346f-1790180054879""}"
True;5048049;2026-09-23 13:14:40.443000;2026-09-23 00:00:00;68601117;CREATEORDER;SLDJ7X71GJW;MJRQ4BE/A;"{""orderDetailsResponses"":{""deviceEligibility"":{""secondaryDisplay"":""0"",""partDescription"":""AppleCare+ con robo y pérdida para iPhone 18 Pro"",""coverageDuration"":""2"",""productStatement"":""Tu AppleCare+ con robo y pérdida para iPhone 18 Pro amplía la cobertura de servicio y soporte técnico a 2 años desde la fecha de compra de AppleCare+ con robo y pérdida e incluye cobertura para una cantidad ilimitada de incidentes por daño accidental debido a la manipulación del producto o un máximo de dos incidentes de robo y pérdida cada 12 meses, cada uno de ellos sujeto a un cargo adicional de R$28000  por los daños de la pantalla o la carcasa externa o de R$144000  por robo o pérdida o de R$96000  por Otros daños accidentales. Lee todos los detalles en los Términos y condiciones de AppleCare+."",""deviceDateOfPurchase"":""23/09/2026"",""deviceId"":""SLDJ7X71GJW"",""registeredDevice"":""1"",""pocType"":""APOC"",""serialNumber"":""LDJ7X71GJW"",""partNumber"":""SHMD3ZX/A"",""partAlias"":""ACPTL"",""purchaseMode"":""C"",""productDescription"":""iPhone 18 Pro"",""tlDisclosure"":""La cobertura de robo y pérdida requiere que tengas la función Buscar habilitada en tu dispositivo antes de que se pierda o te lo roben. Durante el proceso de reclamación, te pediremos que uses la función Buscar para poner el dispositivo perdido o robado en modo Perdido, borrarlo y transferir la propiedad a Apple para que podamos asignarte un nuevo dispositivo. Para asegurarte de que puedas iniciar sesión en Buscar y acceder a esta función, es importante que recuerdes tu ID de Apple y contraseña, y que mantengas la información de tu cuenta actualizada. Si usas la autenticación de doble factor para el ID de Apple, te recomendamos que añadas un número de teléfono adicional de confianza a tu cuenta en el que puedas recibir el código de verificación de 6 dígitos que necesitas para iniciar sesión aunque no tengas tu iPhone. Para obtener más información, visita las páginas de Soporte técnico de Apple.""},""orderConfirmation"":{""agreementNumber"":""328426420418"",""coverageDurationStatement"":""Finaliza el 22/09/2028"",""termConditionURL"":""http://www.apple.com/legal/sales-support/"",""partNumber"":""SHMD3ZX/A"",""partAlias"":""ACPTL"",""partType"":""AC+TL"",""purchaseMode"":""C"",""appleCareSalesDate"":""23/09/2026"",""pocType"":""APOC"",""purchaseOrderNumber"":""68601117""}},""transactionId"":""930c11dc-061e-420a-99ff-bab99402fabf-1790180075489""}"
True;5183523;2026-09-23 13:14:40.537000;2026-09-23 00:00:00;15801129;VERIFYORDER;SLCYMGJ4PHX;MJXW4BE/A;"{""orderDetailsResponses"":{""deviceEligibility"":{""secondaryDisplay"":""0"",""partDescription"":""AppleCare+ con robo y pérdida para iPhone 18 Pro Max"",""coverageDuration"":""2"",""productStatement"":""Tu AppleCare+ con robo y pérdida para iPhone 18 Pro Max amplía la cobertura de servicio y soporte técnico a 2 años desde la fecha de compra de AppleCare+ con robo y pérdida e incluye cobertura para una cantidad ilimitada de incidentes por daño accidental debido a la manipulación del producto o un máximo de dos incidentes de robo y pérdida cada 12 meses, cada uno de ellos sujeto a un cargo adicional de R$28000  por los daños de la pantalla o la carcasa externa o de R$144000  por robo o pérdida o de R$96000  por Otros daños accidentales. Lee todos los detalles en los Términos y condiciones de AppleCare+."",""deviceDateOfPurchase"":""23/09/2026"",""deviceId"":""SLCYMGJ4PHX"",""registeredDevice"":""1"",""pocType"":""APOC"",""serialNumber"":""LCYMGJ4PHX"",""partNumber"":""SHMP3ZX/A"",""partAlias"":""ACPTL"",""purchaseMode"":""C"",""productDescription"":""iPhone 18 Pro Max"",""tlDisclosure"":""La cobertura de robo y pérdida requiere que tengas la función Buscar habilitada en tu dispositivo antes de que se pierda o te lo roben. Durante el proceso de reclamación, te pediremos que uses la función Buscar para poner el dispositivo perdido o robado en modo Perdido, borrarlo y transferir la propiedad a Apple para que podamos asignarte un nuevo dispositivo. Para asegurarte de que puedas iniciar sesión en Buscar y acceder a esta función, es importante que recuerdes tu ID de Apple y contraseña, y que mantengas la información de tu cuenta actualizada. Si usas la autenticación de doble factor para el ID de Apple, te recomendamos que añadas un número de teléfono adicional de confianza a tu cuenta en el que puedas recibir el código de verificación de 6 dígitos que necesitas para iniciar sesión aunque no tengas tu iPhone. Para obtener más información, visita las páginas de Soporte técnico de Apple.""}},""transactionId"":""3f44c80c-28c6-4ed9-8887-dd42374c6fbb-1790180079970""}"
True;5183523;2026-09-23 13:16:05.570000;2026-09-23 00:00:00;15801129;CREATEORDER;SLCYMGJ4PHX;MJXW4BE/A;"{""orderDetailsResponses"":{""deviceEligibility"":{""secondaryDisplay"":""0"",""partDescription"":""AppleCare+ con robo y pérdida para iPhone 18 Pro Max"",""coverageDuration"":""2"",""productStatement"":""Tu AppleCare+ con robo y pérdida para iPhone 18 Pro Max amplía la cobertura de servicio y soporte técnico a 2 años desde la fecha de compra de AppleCare+ con robo y pérdida e incluye cobertura para una cantidad ilimitada de incidentes por daño accidental debido a la manipulación del producto o un máximo de dos incidentes de robo y pérdida cada 12 meses, cada uno de ellos sujeto a un cargo adicional de R$28000  por los daños de la pantalla o la carcasa externa o de R$144000  por robo o pérdida o de R$96000  por Otros daños accidentales. Lee todos los detalles en los Términos y condiciones de AppleCare+."",""deviceDateOfPurchase"":""23/09/2026"",""deviceId"":""SLCYMGJ4PHX"",""registeredDevice"":""1"",""pocType"":""APOC"",""serialNumber"":""LCYMGJ4PHX"",""partNumber"":""SHMP3ZX/A"",""partAlias"":""ACPTL"",""purchaseMode"":""C"",""productDescription"":""iPhone 18 Pro Max"",""tlDisclosure"":""La cobertura de robo y pérdida requiere que tengas la función Buscar habilitada en tu dispositivo antes de que se pierda o te lo roben. Durante el proceso de reclamación, te pediremos que uses la función Buscar para poner el dispositivo perdido o robado en modo Perdido, borrarlo y transferir la propiedad a Apple para que podamos asignarte un nuevo dispositivo. Para asegurarte de que puedas iniciar sesión en Buscar y acceder a esta función, es importante que recuerdes tu ID de Apple y contraseña, y que mantengas la información de tu cuenta actualizada. Si usas la autenticación de doble factor para el ID de Apple, te recomendamos que añadas un número de teléfono adicional de confianza a tu cuenta en el que puedas recibir el código de verificación de 6 dígitos que necesitas para iniciar sesión aunque no tengas tu iPhone. Para obtener más información, visita las páginas de Soporte técnico de Apple.""},""orderConfirmation"":{""agreementNumber"":""328426480057"",""coverageDurationStatement"":""Finaliza el 22/09/2028"",""termConditionURL"":""http://www.apple.com/legal/sales-support/"",""partNumber"":""SHMP3ZX/A"",""partAlias"":""ACPTL"",""partType"":""AC+TL"",""purchaseMode"":""C"",""appleCareSalesDate"":""23/09/2026"",""pocType"":""APOC"",""purchaseOrderNumber"":""15801129""}},""transactionId"":""734ea646-d3ae-4974-93be-2a894a2af89b-1790180160195""}"
True;1337827;2026-09-23 13:17:09.123000;2026-09-23 00:00:00;29501094;CREATEORDER;SHR4PKT0394;MJXT4BE/A;"{""orderDetailsResponses"":{""deviceEligibility"":{""secondaryDisplay"":""0"",""partDescription"":""AppleCare+ con robo y pérdida para iPhone 18 Pro Max"",""coverageDuration"":""2"",""productStatement"":""Tu AppleCare+ con robo y pérdida para iPhone 18 Pro Max amplía la cobertura de servicio y soporte técnico a 2 años desde la fecha de compra de AppleCare+ con robo y pérdida e incluye cobertura para una cantidad ilimitada de incidentes por daño accidental debido a la manipulación del producto o un máximo de dos incidentes de robo y pérdida cada 12 meses, cada uno de ellos sujeto a un cargo adicional de R$28000  por los daños de la pantalla o la carcasa externa o de R$144000  por robo o pérdida o de R$96000  por Otros daños accidentales. Lee todos los detalles en los Términos y condiciones de AppleCare+."",""deviceDateOfPurchase"":""23/09/2026"",""deviceId"":""SHR4PKT0394"",""registeredDevice"":""1"",""pocType"":""APOC"",""serialNumber"":""HR4PKT0394"",""partNumber"":""SHMP3ZX/A"",""partAlias"":""ACPTL"",""purchaseMode"":""C"",""productDescription"":""iPhone 18 Pro Max"",""tlDisclosure"":""La cobertura de robo y pérdida requiere que tengas la función Buscar habilitada en tu dispositivo antes de que se pierda o te lo roben. Durante el proceso de reclamación, te pediremos que uses la función Buscar para poner el dispositivo perdido o robado en modo Perdido, borrarlo y transferir la propiedad a Apple para que podamos asignarte un nuevo dispositivo. Para asegurarte de que puedas iniciar sesión en Buscar y acceder a esta función, es importante que recuerdes tu ID de Apple y contraseña, y que mantengas la información de tu cuenta actualizada. Si usas la autenticación de doble factor para el ID de Apple, te recomendamos que añadas un número de teléfono adicional de confianza a tu cuenta en el que puedas recibir el código de verificación de 6 dígitos que necesitas para iniciar sesión aunque no tengas tu iPhone. Para obtener más información, visita las páginas de Soporte técnico de Apple.""},""orderConfirmation"":{""agreementNumber"":""328426401608"",""coverageDurationStatement"":""Finaliza el 22/09/2028"",""termConditionURL"":""http://www.apple.com/legal/sales-support/"",""partNumber"":""SHMP3ZX/A"",""partAlias"":""ACPTL"",""partType"":""AC+TL"",""purchaseMode"":""C"",""appleCareSalesDate"":""23/09/2026"",""pocType"":""APOC"",""purchaseOrderNumber"":""29501094""}},""transactionId"":""fc491cfd-3b1a-4728-9875-a6fe1aec1531-1790180224371""}"
True;5187454;2026-09-23 13:17:47.297000;2026-09-23 00:00:00;65901084;VERIFYORDER;SG755V759GN;MJEU4BE/A;"{""orderDetailsResponses"":{""deviceEligibility"":{""secondaryDisplay"":""0"",""partDescription"":""AppleCare+ para Apple Watch Series 12"",""coverageDuration"":""2"",""productStatement"":""AppleCare+ para Apple Watch Series 12 amplía la cobertura de servicio y soporte técnico a 2 años desde la fecha de compra de AppleCare+ e incluye cobertura para una cantidad ilimitada de incidentes por daño accidental debido a la manipulación del producto, cada uno de ellos sujeto a un cargo adicional de R$67000  por Otros daños accidentales. Lee todos los detalles en los Términos y condiciones de AppleCare+."",""deviceDateOfPurchase"":""23/09/2026"",""deviceId"":""SG755V759GN"",""registeredDevice"":""1"",""pocType"":""APOC"",""serialNumber"":""G755V759GN"",""partNumber"":""SH0G3ZX/A"",""partAlias"":""ACP"",""purchaseMode"":""C"",""productDescription"":""Watch Series 12 (GPS) Aluminum 46MM""}},""transactionId"":""cd29335d-8d0f-49f8-a7e4-6b177c0602ec-1790180266760""}"
True;1327165;2026-09-23 13:18:31.767000;2026-09-23 00:00:00;32801074;VERIFYORDER;sdxgk4tc4t6;MJRP4BE/A;"{""orderDetailsResponses"":{""deviceEligibility"":{""secondaryDisplay"":""0"",""partDescription"":""AppleCare+ con robo y pérdida para iPhone 18 Pro"",""coverageDuration"":""2"",""productStatement"":""Tu AppleCare+ con robo y pérdida para iPhone 18 Pro amplía la cobertura de servicio y soporte técnico a 2 años desde la fecha de compra de AppleCare+ con robo y pérdida e incluye cobertura para una cantidad ilimitada de incidentes por daño accidental debido a la manipulación del producto o un máximo de dos incidentes de robo y pérdida cada 12 meses, cada uno de ellos sujeto a un cargo adicional de R$28000  por los daños de la pantalla o la carcasa externa o de R$144000  por robo o pérdida o de R$96000  por Otros daños accidentales. Lee todos los detalles en los Términos y condiciones de AppleCare+."",""deviceDateOfPurchase"":""23/09/2026"",""deviceId"":""SDXGK4TC4T6"",""registeredDevice"":""1"",""pocType"":""APOC"",""serialNumber"":""DXGK4TC4T6"",""partNumber"":""SHMD3ZX/A"",""partAlias"":""ACPTL"",""purchaseMode"":""C"",""productDescription"":""iPhone 18 Pro"",""tlDisclosure"":""La cobertura de robo y pérdida requiere que tengas la función Buscar habilitada en tu dispositivo antes de que se pierda o te lo roben. Durante el proceso de reclamación, te pediremos que uses la función Buscar para poner el dispositivo perdido o robado en modo Perdido, borrarlo y transferir la propiedad a Apple para que podamos asignarte un nuevo dispositivo. Para asegurarte de que puedas iniciar sesión en Buscar y acceder a esta función, es importante que recuerdes tu ID de Apple y contraseña, y que mantengas la información de tu cuenta actualizada. Si usas la autenticación de doble factor para el ID de Apple, te recomendamos que añadas un número de teléfono adicional de confianza a tu cuenta en el que puedas recibir el código de verificación de 6 dígitos que necesitas para iniciar sesión aunque no tengas tu iPhone. Para obtener más información, visita las páginas de Soporte técnico de Apple.""}},""transactionId"":""af4383d1-737f-42b3-87f0-9ea4116246af-1790180311236""}"
True;5174333;2026-09-23 13:18:35.663000;2026-09-23 00:00:00;41401077;VERIFYORDER;SHKVK6L0R3J;MFHP4AM/A;"{""orderDetailsResponses"":{""deviceEligibility"":{""secondaryDisplay"":""0"",""partDescription"":""AppleCare+ para Headphones - AirPods Pro"",""coverageDuration"":""2"",""productStatement"":""AppleCare+ para Headphones - AirPods Pro amplía la cobertura de servicio y soporte técnico a 2 años desde la fecha de compra de AppleCare+ e incluye cobertura para una cantidad ilimitada de incidentes por daño accidental debido a la manipulación del producto, cada uno de ellos sujeto a un cargo adicional de R$28000 . Lee todos los detalles en los Términos y condiciones de AppleCare+."",""deviceDateOfPurchase"":""23/09/2026"",""deviceId"":""SHKVK6L0R3J"",""registeredDevice"":""1"",""pocType"":""APOC"",""serialNumber"":""HKVK6L0R3J"",""partNumber"":""SYLW2ZX/A"",""partAlias"":""ACP"",""purchaseMode"":""C"",""productDescription"":""AirPods Pro 3""}},""transactionId"":""a68295bd-a942-4da0-bd3d-467dcb972d4c-1790180315153""}"
True;5183524;2026-09-23 13:19:04.793000;2026-09-23 00:00:00;15901129;VERIFYORDER;SFN24WL7NY4;MJRQ4BE/A;"{""orderDetailsResponses"":{""deviceEligibility"":{""secondaryDisplay"":""0"",""partDescription"":""AppleCare+ con robo y pérdida para iPhone 18 Pro"",""coverageDuration"":""2"",""productStatement"":""Tu AppleCare+ con robo y pérdida para iPhone 18 Pro amplía la cobertura de servicio y soporte técnico a 2 años desde la fecha de compra de AppleCare+ con robo y pérdida e incluye cobertura para una cantidad ilimitada de incidentes por daño accidental debido a la manipulación del producto o un máximo de dos incidentes de robo y pérdida cada 12 meses, cada uno de ellos sujeto a un cargo adicional de R$28000  por los daños de la pantalla o la carcasa externa o de R$144000  por robo o pérdida o de R$96000  por Otros daños accidentales. Lee todos los detalles en los Términos y condiciones de AppleCare+."",""deviceDateOfPurchase"":""23/09/2026"",""deviceId"":""SFN24WL7NY4"",""registeredDevice"":""1"",""pocType"":""APOC"",""serialNumber"":""FN24WL7NY4"",""partNumber"":""SHMD3ZX/A"",""partAlias"":""ACPTL"",""purchaseMode"":""C"",""productDescription"":""iPhone 18 Pro"",""tlDisclosure"":""La cobertura de robo y pérdida requiere que tengas la función Buscar habilitada en tu dispositivo antes de que se pierda o te lo roben. Durante el proceso de reclamación, te pediremos que uses la función Buscar para poner el dispositivo perdido o robado en modo Perdido, borrarlo y transferir la propiedad a Apple para que podamos asignarte un nuevo dispositivo. Para asegurarte de que puedas iniciar sesión en Buscar y acceder a esta función, es importante que recuerdes tu ID de Apple y contraseña, y que mantengas la información de tu cuenta actualizada. Si usas la autenticación de doble factor para el ID de Apple, te recomendamos que añadas un número de teléfono adicional de confianza a tu cuenta en el que puedas recibir el código de verificación de 6 dígitos que necesitas para iniciar sesión aunque no tengas tu iPhone. Para obtener más información, visita las páginas de Soporte técnico de Apple.""}},""transactionId"":""c081f366-a500-407c-858c-554ab1d397ca-1790180344236""}"
True;5168078;2026-09-23 13:19:08.717000;2026-09-23 00:00:00;2101174;CREATEORDER;SJHQGWLG6XP;MG8J4BE/A;"{""orderDetailsResponses"":{""deviceEligibility"":{""secondaryDisplay"":""0"",""partDescription"":""AppleCare+ con robo y pérdida para iPhone 17 Pro"",""coverageDuration"":""2"",""productStatement"":""Tu AppleCare+ con robo y pérdida para iPhone 17 Pro amplía la cobertura de servicio y soporte técnico a 2 años desde la fecha de compra de AppleCare+ con robo y pérdida e incluye cobertura para una cantidad ilimitada de incidentes por daño accidental debido a la manipulación del producto o un máximo de dos incidentes de robo y pérdida cada 12 meses, cada uno de ellos sujeto a un cargo adicional de R$96000  por Otros daños accidentales o de R$28000  por los daños de la pantalla o la carcasa externa o de R$144000  por robo o pérdida. Lee todos los detalles en los Términos y condiciones de AppleCare+."",""deviceDateOfPurchase"":""23/09/2026"",""deviceId"":""SJHQGWLG6XP"",""registeredDevice"":""1"",""pocType"":""APOC"",""serialNumber"":""JHQGWLG6XP"",""partNumber"":""SX342ZX/A"",""partAlias"":""ACPTL"",""purchaseMode"":""C"",""productDescription"":""iPhone 17 Pro"",""tlDisclosure"":""La cobertura de robo y pérdida requiere que tengas la función Buscar habilitada en tu dispositivo antes de que se pierda o te lo roben. Durante el proceso de reclamación, te pediremos que uses la función Buscar para poner el dispositivo perdido o robado en modo Perdido, borrarlo y transferir la propiedad a Apple para que podamos asignarte un nuevo dispositivo. Para asegurarte de que puedas iniciar sesión en Buscar y acceder a esta función, es importante que recuerdes tu ID de Apple y contraseña, y que mantengas la información de tu cuenta actualizada. Si usas la autenticación de doble factor para el ID de Apple, te recomendamos que añadas un número de teléfono adicional de confianza a tu cuenta en el que puedas recibir el código de verificación de 6 dígitos que necesitas para iniciar sesión aunque no tengas tu iPhone. Para obtener más información, visita las páginas de Soporte técnico de Apple.""},""orderConfirmation"":{""agreementNumber"":""328426461088"",""coverageDurationStatement"":""Finaliza el 22/09/2028"",""termConditionURL"":""http://www.apple.com/legal/sales-support/"",""partNumber"":""SX342ZX/A"",""partAlias"":""ACPTL"",""partType"":""AC+TL"",""purchaseMode"":""C"",""appleCareSalesDate"":""23/09/2026"",""pocType"":""APOC"",""purchaseOrderNumber"":""2101174""}},""transactionId"":""7662a9ed-ef65-409e-9943-a1b9a103afc1-1790180343775""}"
True;1310195;2026-09-23 13:19:44.550000;2026-09-23 00:00:00;14101115;VERIFYORDER;SLXDWJ9Y6D6;MJXV4BE/A;"{""orderDetailsResponses"":{""deviceEligibility"":{""secondaryDisplay"":""0"",""partDescription"":""AppleCare+ con robo y pérdida para iPhone 18 Pro Max"",""coverageDuration"":""2"",""productStatement"":""Tu AppleCare+ con robo y pérdida para iPhone 18 Pro Max amplía la cobertura de servicio y soporte técnico a 2 años desde la fecha de compra de AppleCare+ con robo y pérdida e incluye cobertura para una cantidad ilimitada de incidentes por daño accidental debido a la manipulación del producto o un máximo de dos incidentes de robo y pérdida cada 12 meses, cada uno de ellos sujeto a un cargo adicional de R$28000  por los daños de la pantalla o la carcasa externa o de R$144000  por robo o pérdida o de R$96000  por Otros daños accidentales. Lee todos los detalles en los Términos y condiciones de AppleCare+."",""deviceDateOfPurchase"":""23/09/2026"",""deviceId"":""SLXDWJ9Y6D6"",""registeredDevice"":""1"",""pocType"":""APOC"",""serialNumber"":""LXDWJ9Y6D6"",""partNumber"":""SHMP3ZX/A"",""partAlias"":""ACPTL"",""purchaseMode"":""C"",""productDescription"":""iPhone 18 Pro Max"",""tlDisclosure"":""La cobertura de robo y pérdida requiere que tengas la función Buscar habilitada en tu dispositivo antes de que se pierda o te lo roben. Durante el proceso de reclamación, te pediremos que uses la función Buscar para poner el dispositivo perdido o robado en modo Perdido, borrarlo y transferir la propiedad a Apple para que podamos asignarte un nuevo dispositivo. Para asegurarte de que puedas iniciar sesión en Buscar y acceder a esta función, es importante que recuerdes tu ID de Apple y contraseña, y que mantengas la información de tu cuenta actualizada. Si usas la autenticación de doble factor para el ID de Apple, te recomendamos que añadas un número de teléfono adicional de confianza a tu cuenta en el que puedas recibir el código de verificación de 6 dígitos que necesitas para iniciar sesión aunque no tengas tu iPhone. Para obtener más información, visita las páginas de Soporte técnico de Apple.""}},""transactionId"":""f2a40985-616b-424f-8372-bbe2df4e2ec2-1790180383934""}"
True;5077840;2026-09-23 13:19:47.270000;2026-09-23 00:00:00;20501030;CREATEORDER;SDK27YM4739;MJXU4BE/A;"{""orderDetailsResponses"":{""deviceEligibility"":{""secondaryDisplay"":""0"",""partDescription"":""AppleCare+ con robo y pérdida para iPhone 18 Pro Max"",""coverageDuration"":""2"",""productStatement"":""Tu AppleCare+ con robo y pérdida para iPhone 18 Pro Max amplía la cobertura de servicio y soporte técnico a 2 años desde la fecha de compra de AppleCare+ con robo y pérdida e incluye cobertura para una cantidad ilimitada de incidentes por daño accidental debido a la manipulación del producto o un máximo de dos incidentes de robo y pérdida cada 12 meses, cada uno de ellos sujeto a un cargo adicional de R$28000  por los daños de la pantalla o la carcasa externa o de R$144000  por robo o pérdida o de R$96000  por Otros daños accidentales. Lee todos los detalles en los Términos y condiciones de AppleCare+."",""deviceDateOfPurchase"":""23/09/2026"",""deviceId"":""SDK27YM4739"",""registeredDevice"":""1"",""pocType"":""APOC"",""serialNumber"":""DK27YM4739"",""partNumber"":""SHMP3ZX/A"",""partAlias"":""ACPTL"",""purchaseMode"":""C"",""productDescription"":""iPhone 18 Pro Max"",""tlDisclosure"":""La cobertura de robo y pérdida requiere que tengas la función Buscar habilitada en tu dispositivo antes de que se pierda o te lo roben. Durante el proceso de reclamación, te pediremos que uses la función Buscar para poner el dispositivo perdido o robado en modo Perdido, borrarlo y transferir la propiedad a Apple para que podamos asignarte un nuevo dispositivo. Para asegurarte de que puedas iniciar sesión en Buscar y acceder a esta función, es importante que recuerdes tu ID de Apple y contraseña, y que mantengas la información de tu cuenta actualizada. Si usas la autenticación de doble factor para el ID de Apple, te recomendamos que añadas un número de teléfono adicional de confianza a tu cuenta en el que puedas recibir el código de verificación de 6 dígitos que necesitas para iniciar sesión aunque no tengas tu iPhone. Para obtener más información, visita las páginas de Soporte técnico de Apple.""},""orderConfirmation"":{""agreementNumber"":""328426420436"",""coverageDurationStatement"":""Finaliza el 22/09/2028"",""termConditionURL"":""http://www.apple.com/legal/sales-support/"",""partNumber"":""SHMP3ZX/A"",""partAlias"":""ACPTL"",""partType"":""AC+TL"",""purchaseMode"":""C"",""appleCareSalesDate"":""23/09/2026"",""pocType"":""APOC"",""purchaseOrderNumber"":""20501030""}},""transactionId"":""1b6d486b-48a0-440a-b5cf-4602ad3ac644-1790180381894""}"
True;1327165;2026-09-23 13:19:54.663000;2026-09-23 00:00:00;32801074;CREATEORDER;sdxgk4tc4t6;MJRP4BE/A;"{""orderDetailsResponses"":{""deviceEligibility"":{""secondaryDisplay"":""0"",""partDescription"":""AppleCare+ con robo y pérdida para iPhone 18 Pro"",""coverageDuration"":""2"",""productStatement"":""Tu AppleCare+ con robo y pérdida para iPhone 18 Pro amplía la cobertura de servicio y soporte técnico a 2 años desde la fecha de compra de AppleCare+ con robo y pérdida e incluye cobertura para una cantidad ilimitada de incidentes por daño accidental debido a la manipulación del producto o un máximo de dos incidentes de robo y pérdida cada 12 meses, cada uno de ellos sujeto a un cargo adicional de R$28000  por los daños de la pantalla o la carcasa externa o de R$144000  por robo o pérdida o de R$96000  por Otros daños accidentales. Lee todos los detalles en los Términos y condiciones de AppleCare+."",""deviceDateOfPurchase"":""23/09/2026"",""deviceId"":""SDXGK4TC4T6"",""registeredDevice"":""1"",""pocType"":""APOC"",""serialNumber"":""DXGK4TC4T6"",""partNumber"":""SHMD3ZX/A"",""partAlias"":""ACPTL"",""purchaseMode"":""C"",""productDescription"":""iPhone 18 Pro"",""tlDisclosure"":""La cobertura de robo y pérdida requiere que tengas la función Buscar habilitada en tu dispositivo antes de que se pierda o te lo roben. Durante el proceso de reclamación, te pediremos que uses la función Buscar para poner el dispositivo perdido o robado en modo Perdido, borrarlo y transferir la propiedad a Apple para que podamos asignarte un nuevo dispositivo. Para asegurarte de que puedas iniciar sesión en Buscar y acceder a esta función, es importante que recuerdes tu ID de Apple y contraseña, y que mantengas la información de tu cuenta actualizada. Si usas la autenticación de doble factor para el ID de Apple, te recomendamos que añadas un número de teléfono adicional de confianza a tu cuenta en el que puedas recibir el código de verificación de 6 dígitos que necesitas para iniciar sesión aunque no tengas tu iPhone. Para obtener más información, visita las páginas de Soporte técnico de Apple.""},""orderConfirmation"":{""agreementNumber"":""328426401616"",""coverageDurationStatement"":""Finaliza el 22/09/2028"",""termConditionURL"":""http://www.apple.com/legal/sales-support/"",""partNumber"":""SHMD3ZX/A"",""partAlias"":""ACPTL"",""partType"":""AC+TL"",""purchaseMode"":""C"",""appleCareSalesDate"":""23/09/2026"",""pocType"":""APOC"",""purchaseOrderNumber"":""32801074""}},""transactionId"":""245d3ddd-3b2d-46bd-ada2-218b0fa53a8b-1790180389214""}"
True;5183524;2026-09-23 13:20:54.663000;2026-09-23 00:00:00;15901129;CREATEORDER;SFN24WL7NY4;MJRQ4BE/A;"{""orderDetailsResponses"":{""deviceEligibility"":{""secondaryDisplay"":""0"",""partDescription"":""AppleCare+ con robo y pérdida para iPhone 18 Pro"",""coverageDuration"":""2"",""productStatement"":""Tu AppleCare+ con robo y pérdida para iPhone 18 Pro amplía la cobertura de servicio y soporte técnico a 2 años desde la fecha de compra de AppleCare+ con robo y pérdida e incluye cobertura para una cantidad ilimitada de incidentes por daño accidental debido a la manipulación del producto o un máximo de dos incidentes de robo y pérdida cada 12 meses, cada uno de ellos sujeto a un cargo adicional de R$28000  por los daños de la pantalla o la carcasa externa o de R$144000  por robo o pérdida o de R$96000  por Otros daños accidentales. Lee todos los detalles en los Términos y condiciones de AppleCare+."",""deviceDateOfPurchase"":""23/09/2026"",""deviceId"":""SFN24WL7NY4"",""registeredDevice"":""1"",""pocType"":""APOC"",""serialNumber"":""FN24WL7NY4"",""partNumber"":""SHMD3ZX/A"",""partAlias"":""ACPTL"",""purchaseMode"":""C"",""productDescription"":""iPhone 18 Pro"",""tlDisclosure"":""La cobertura de robo y pérdida requiere que tengas la función Buscar habilitada en tu dispositivo antes de que se pierda o te lo roben. Durante el proceso de reclamación, te pediremos que uses la función Buscar para poner el dispositivo perdido o robado en modo Perdido, borrarlo y transferir la propiedad a Apple para que podamos asignarte un nuevo dispositivo. Para asegurarte de que puedas iniciar sesión en Buscar y acceder a esta función, es importante que recuerdes tu ID de Apple y contraseña, y que mantengas la información de tu cuenta actualizada. Si usas la autenticación de doble factor para el ID de Apple, te recomendamos que añadas un número de teléfono adicional de confianza a tu cuenta en el que puedas recibir el código de verificación de 6 dígitos que necesitas para iniciar sesión aunque no tengas tu iPhone. Para obtener más información, visita las páginas de Soporte técnico de Apple.""},""orderConfirmation"":{""agreementNumber"":""328426461091"",""coverageDurationStatement"":""Finaliza el 22/09/2028"",""termConditionURL"":""http://www.apple.com/legal/sales-support/"",""partNumber"":""SHMD3ZX/A"",""partAlias"":""ACPTL"",""partType"":""AC+TL"",""purchaseMode"":""C"",""appleCareSalesDate"":""23/09/2026"",""pocType"":""APOC"",""purchaseOrderNumber"":""15901129""}},""transactionId"":""7025ef19-2255-4b81-bdeb-64faee652bdc-1790180449269""}"
True;5174333;2026-09-23 13:20:54.983000;2026-09-23 00:00:00;41401077;CREATEORDER;SHKVK6L0R3J;MFHP4AM/A;"{""orderDetailsResponses"":{""deviceEligibility"":{""secondaryDisplay"":""0"",""partDescription"":""AppleCare+ para Headphones - AirPods Pro"",""coverageDuration"":""2"",""productStatement"":""AppleCare+ para Headphones - AirPods Pro amplía la cobertura de servicio y soporte técnico a 2 años desde la fecha de compra de AppleCare+ e incluye cobertura para una cantidad ilimitada de incidentes por daño accidental debido a la manipulación del producto, cada uno de ellos sujeto a un cargo adicional de R$28000 . Lee todos los detalles en los Términos y condiciones de AppleCare+."",""deviceDateOfPurchase"":""23/09/2026"",""deviceId"":""SHKVK6L0R3J"",""registeredDevice"":""1"",""pocType"":""APOC"",""serialNumber"":""HKVK6L0R3J"",""partNumber"":""SYLW2ZX/A"",""partAlias"":""ACP"",""purchaseMode"":""C"",""productDescription"":""AirPods Pro 3""},""orderConfirmation"":{""agreementNumber"":""328426461092"",""coverageDurationStatement"":""Finaliza el 22/09/2028"",""termConditionURL"":""http://www.apple.com/legal/sales-support/"",""partNumber"":""SYLW2ZX/A"",""partAlias"":""ACP"",""partType"":""AppleCare+"",""purchaseMode"":""C"",""appleCareSalesDate"":""23/09/2026"",""pocType"":""APOC"",""purchaseOrderNumber"":""41401077""}},""transactionId"":""6ebf887c-b1d0-41ea-b9af-89bbd675f81e-1790180449658""}"
True;5187454;2026-09-23 13:22:28.090000;2026-09-23 00:00:00;65901084;CREATEORDER;SG755V759GN;MJEU4BE/A;"{""orderDetailsResponses"":{""deviceEligibility"":{""secondaryDisplay"":""0"",""partDescription"":""AppleCare+ para Apple Watch Series 12"",""coverageDuration"":""2"",""productStatement"":""AppleCare+ para Apple Watch Series 12 amplía la cobertura de servicio y soporte técnico a 2 años desde la fecha de compra de AppleCare+ e incluye cobertura para una cantidad ilimitada de incidentes por daño accidental debido a la manipulación del producto, cada uno de ellos sujeto a un cargo adicional de R$67000  por Otros daños accidentales. Lee todos los detalles en los Términos y condiciones de AppleCare+."",""deviceDateOfPurchase"":""23/09/2026"",""deviceId"":""SG755V759GN"",""registeredDevice"":""1"",""pocType"":""APOC"",""serialNumber"":""G755V759GN"",""partNumber"":""SH0G3ZX/A"",""partAlias"":""ACP"",""purchaseMode"":""C"",""productDescription"":""Watch Series 12 (GPS) Aluminum 46MM""},""orderConfirmation"":{""agreementNumber"":""328426360810"",""coverageDurationStatement"":""Finaliza el 22/09/2028"",""termConditionURL"":""http://www.apple.com/legal/sales-support/"",""partNumber"":""SH0G3ZX/A"",""partAlias"":""ACP"",""partType"":""AppleCare+"",""purchaseMode"":""C"",""appleCareSalesDate"":""23/09/2026"",""pocType"":""APOC"",""purchaseOrderNumber"":""65901084""}},""transactionId"":""ffeca0a3-362d-4e74-bb2c-9adeb8997284-1790180543210""}"
True;1333488;2026-09-23 13:24:40.120000;2026-09-23 00:00:00;201141;VERIFYORDER;SMTFWPVXW1G;MJXN4BE/A;"{""orderDetailsResponses"":{""deviceEligibility"":{""secondaryDisplay"":""0"",""partDescription"":""AppleCare+ para iPhone 18 Pro Max"",""coverageDuration"":""2"",""productStatement"":""AppleCare+ para iPhone 18 Pro Max amplía la cobertura de servicio y soporte técnico a 2 años desde la fecha de compra de AppleCare+ e incluye cobertura para una cantidad ilimitada de incidentes por daño accidental debido a la manipulación del producto, cada uno de ellos sujeto a un cargo adicional de R$28000  por los daños de la pantalla o la carcasa externa o de R$96000  por Otros daños accidentales. Lee todos los detalles en los Términos y condiciones de AppleCare+."",""deviceDateOfPurchase"":""23/09/2026"",""deviceId"":""SMTFWPVXW1G"",""registeredDevice"":""1"",""pocType"":""APOC"",""serialNumber"":""MTFWPVXW1G"",""partNumber"":""SHJ83ZX/A"",""partAlias"":""ACP"",""purchaseMode"":""C"",""productDescription"":""iPhone 18 Pro Max""}},""transactionId"":""45b20578-1d0e-43da-8fb9-378dafba6cfb-1790180679564""}"
True;1310195;2026-09-23 13:26:02.337000;2026-09-23 00:00:00;14101115;CREATEORDER;SLXDWJ9Y6D6;MJXV4BE/A;"{""orderDetailsResponses"":{""deviceEligibility"":{""secondaryDisplay"":""0"",""partDescription"":""AppleCare+ con robo y pérdida para iPhone 18 Pro Max"",""coverageDuration"":""2"",""productStatement"":""Tu AppleCare+ con robo y pérdida para iPhone 18 Pro Max amplía la cobertura de servicio y soporte técnico a 2 años desde la fecha de compra de AppleCare+ con robo y pérdida e incluye cobertura para una cantidad ilimitada de incidentes por daño accidental debido a la manipulación del producto o un máximo de dos incidentes de robo y pérdida cada 12 meses, cada uno de ellos sujeto a un cargo adicional de R$28000  por los daños de la pantalla o la carcasa externa o de R$144000  por robo o pérdida o de R$96000  por Otros daños accidentales. Lee todos los detalles en los Términos y condiciones de AppleCare+."",""deviceDateOfPurchase"":""23/09/2026"",""deviceId"":""SLXDWJ9Y6D6"",""registeredDevice"":""1"",""pocType"":""APOC"",""serialNumber"":""LXDWJ9Y6D6"",""partNumber"":""SHMP3ZX/A"",""partAlias"":""ACPTL"",""purchaseMode"":""C"",""productDescription"":""iPhone 18 Pro Max"",""tlDisclosure"":""La cobertura de robo y pérdida requiere que tengas la función Buscar habilitada en tu dispositivo antes de que se pierda o te lo roben. Durante el proceso de reclamación, te pediremos que uses la función Buscar para poner el dispositivo perdido o robado en modo Perdido, borrarlo y transferir la propiedad a Apple para que podamos asignarte un nuevo dispositivo. Para asegurarte de que puedas iniciar sesión en Buscar y acceder a esta función, es importante que recuerdes tu ID de Apple y contraseña, y que mantengas la información de tu cuenta actualizada. Si usas la autenticación de doble factor para el ID de Apple, te recomendamos que añadas un número de teléfono adicional de confianza a tu cuenta en el que puedas recibir el código de verificación de 6 dígitos que necesitas para iniciar sesión aunque no tengas tu iPhone. Para obtener más información, visita las páginas de Soporte técnico de Apple.""},""orderConfirmation"":{""agreementNumber"":""328426360817"",""coverageDurationStatement"":""Finaliza el 22/09/2028"",""termConditionURL"":""http://www.apple.com/legal/sales-support/"",""partNumber"":""SHMP3ZX/A"",""partAlias"":""ACPTL"",""partType"":""AC+TL"",""purchaseMode"":""C"",""appleCareSalesDate"":""23/09/2026"",""pocType"":""APOC"",""purchaseOrderNumber"":""14101115""}},""transactionId"":""3ec81952-f4ea-4cc8-8bc8-7b4f990db5c1-1790180757108""}"
True;1333488;2026-09-23 13:26:41.097000;2026-09-23 00:00:00;201141;CREATEORDER;SMTFWPVXW1G;MJXN4BE/A;"{""orderDetailsResponses"":{""deviceEligibility"":{""secondaryDisplay"":""0"",""partDescription"":""AppleCare+ para iPhone 18 Pro Max"",""coverageDuration"":""2"",""productStatement"":""AppleCare+ para iPhone 18 Pro Max amplía la cobertura de servicio y soporte técnico a 2 años desde la fecha de compra de AppleCare+ e incluye cobertura para una cantidad ilimitada de incidentes por daño accidental debido a la manipulación del producto, cada uno de ellos sujeto a un cargo adicional de R$28000  por los daños de la pantalla o la carcasa externa o de R$96000  por Otros daños accidentales. Lee todos los detalles en los Términos y condiciones de AppleCare+."",""deviceDateOfPurchase"":""23/09/2026"",""deviceId"":""SMTFWPVXW1G"",""registeredDevice"":""1"",""pocType"":""APOC"",""serialNumber"":""MTFWPVXW1G"",""partNumber"":""SHJ83ZX/A"",""partAlias"":""ACP"",""purchaseMode"":""C"",""productDescription"":""iPhone 18 Pro Max""},""orderConfirmation"":{""agreementNumber"":""328426461106"",""coverageDurationStatement"":""Finaliza el 22/09/2028"",""termConditionURL"":""http://www.apple.com/legal/sales-support/"",""partNumber"":""SHJ83ZX/A"",""partAlias"":""ACP"",""partType"":""AppleCare+"",""purchaseMode"":""C"",""appleCareSalesDate"":""23/09/2026"",""pocType"":""APOC"",""purchaseOrderNumber"":""201141""}},""transactionId"":""4df9d85c-6f92-4570-b471-945ec5b28a19-1790180796129""}"
True;5187185;2026-09-23 13:38:09.013000;2026-09-23 00:00:00;21801004;VERIFYORDER;SMXYF5PQ4YD;MJXV4BE/A;"{""orderDetailsResponses"":{""deviceEligibility"":{""secondaryDisplay"":""0"",""partDescription"":""AppleCare+ para iPhone 18 Pro Max"",""coverageDuration"":""2"",""productStatement"":""AppleCare+ para iPhone 18 Pro Max amplía la cobertura de servicio y soporte técnico a 2 años desde la fecha de compra de AppleCare+ e incluye cobertura para una cantidad ilimitada de incidentes por daño accidental debido a la manipulación del producto, cada uno de ellos sujeto a un cargo adicional de R$28000  por los daños de la pantalla o la carcasa externa o de R$96000  por Otros daños accidentales. Lee todos los detalles en los Términos y condiciones de AppleCare+."",""deviceDateOfPurchase"":""23/09/2026"",""deviceId"":""SMXYF5PQ4YD"",""registeredDevice"":""1"",""pocType"":""APOC"",""serialNumber"":""MXYF5PQ4YD"",""partNumber"":""SHJ83ZX/A"",""partAlias"":""ACP"",""purchaseMode"":""C"",""productDescription"":""iPhone 18 Pro Max""}},""transactionId"":""72ed5416-eb31-4080-a9ca-d10cb870f5b9-1790181488441""}"
True;1341892;2026-09-23 13:38:41.513000;2026-09-23 00:00:00;33501090;VERIFYORDER;SDQNP4M9VPJ;MFHP4AM/A;"{""orderDetailsResponses"":{""deviceEligibility"":{""secondaryDisplay"":""0"",""partDescription"":""AppleCare+ para Headphones - AirPods Pro"",""coverageDuration"":""2"",""productStatement"":""AppleCare+ para Headphones - AirPods Pro amplía la cobertura de servicio y soporte técnico a 2 años desde la fecha de compra de AppleCare+ e incluye cobertura para una cantidad ilimitada de incidentes por daño accidental debido a la manipulación del producto, cada uno de ellos sujeto a un cargo adicional de R$28000 . Lee todos los detalles en los Términos y condiciones de AppleCare+."",""deviceDateOfPurchase"":""23/09/2026"",""deviceId"":""SDQNP4M9VPJ"",""registeredDevice"":""1"",""pocType"":""APOC"",""serialNumber"":""DQNP4M9VPJ"",""partNumber"":""SYLW2ZX/A"",""partAlias"":""ACP"",""purchaseMode"":""C"",""productDescription"":""AirPods Pro 3""}},""transactionId"":""c8dd3d7b-3fdd-4c23-863b-cc7547f26d5e-1790181520927""}"
True;5178633;2026-09-23 13:40:14.337000;2026-09-23 00:00:00;21701091;VERIFYORDER;SH5W7P9JJRM;MJXV4BE/A;"{""orderDetailsResponses"":{""deviceEligibility"":{""secondaryDisplay"":""0"",""partDescription"":""AppleCare+ con robo y pérdida para iPhone 18 Pro Max"",""coverageDuration"":""2"",""productStatement"":""Tu AppleCare+ con robo y pérdida para iPhone 18 Pro Max amplía la cobertura de servicio y soporte técnico a 2 años desde la fecha de compra de AppleCare+ con robo y pérdida e incluye cobertura para una cantidad ilimitada de incidentes por daño accidental debido a la manipulación del producto o un máximo de dos incidentes de robo y pérdida cada 12 meses, cada uno de ellos sujeto a un cargo adicional de R$28000  por los daños de la pantalla o la carcasa externa o de R$144000  por robo o pérdida o de R$96000  por Otros daños accidentales. Lee todos los detalles en los Términos y condiciones de AppleCare+."",""deviceDateOfPurchase"":""23/09/2026"",""deviceId"":""SH5W7P9JJRM"",""registeredDevice"":""1"",""pocType"":""APOC"",""serialNumber"":""H5W7P9JJRM"",""partNumber"":""SHMP3ZX/A"",""partAlias"":""ACPTL"",""purchaseMode"":""C"",""productDescription"":""iPhone 18 Pro Max"",""tlDisclosure"":""La cobertura de robo y pérdida requiere que tengas la función Buscar habilitada en tu dispositivo antes de que se pierda o te lo roben. Durante el proceso de reclamación, te pediremos que uses la función Buscar para poner el dispositivo perdido o robado en modo Perdido, borrarlo y transferir la propiedad a Apple para que podamos asignarte un nuevo dispositivo. Para asegurarte de que puedas iniciar sesión en Buscar y acceder a esta función, es importante que recuerdes tu ID de Apple y contraseña, y que mantengas la información de tu cuenta actualizada. Si usas la autenticación de doble factor para el ID de Apple, te recomendamos que añadas un número de teléfono adicional de confianza a tu cuenta en el que puedas recibir el código de verificación de 6 dígitos que necesitas para iniciar sesión aunque no tengas tu iPhone. Para obtener más información, visita las páginas de Soporte técnico de Apple.""}},""transactionId"":""86287abb-86d0-475c-b2cc-aa6cc6dc3d47-1790181613786""}"
True;1341892;2026-09-23 13:40:41.063000;2026-09-23 00:00:00;33501090;CREATEORDER;SDQNP4M9VPJ;MFHP4AM/A;"{""orderDetailsResponses"":{""deviceEligibility"":{""secondaryDisplay"":""0"",""partDescription"":""AppleCare+ para Headphones - AirPods Pro"",""coverageDuration"":""2"",""productStatement"":""AppleCare+ para Headphones - AirPods Pro amplía la cobertura de servicio y soporte técnico a 2 años desde la fecha de compra de AppleCare+ e incluye cobertura para una cantidad ilimitada de incidentes por daño accidental debido a la manipulación del producto, cada uno de ellos sujeto a un cargo adicional de R$28000 . Lee todos los detalles en los Términos y condiciones de AppleCare+."",""deviceDateOfPurchase"":""23/09/2026"",""deviceId"":""SDQNP4M9VPJ"",""registeredDevice"":""1"",""pocType"":""APOC"",""serialNumber"":""DQNP4M9VPJ"",""partNumber"":""SYLW2ZX/A"",""partAlias"":""ACP"",""purchaseMode"":""C"",""productDescription"":""AirPods Pro 3""},""orderConfirmation"":{""agreementNumber"":""328426461195"",""coverageDurationStatement"":""Finaliza el 22/09/2028"",""termConditionURL"":""http://www.apple.com/legal/sales-support/"",""partNumber"":""SYLW2ZX/A"",""partAlias"":""ACP"",""partType"":""AppleCare+"",""purchaseMode"":""C"",""appleCareSalesDate"":""23/09/2026"",""pocType"":""APOC"",""purchaseOrderNumber"":""33501090""}},""transactionId"":""89b0119e-eced-4a2f-ba95-ed9bbc74dbb7-1790181636065""}"
True;5187185;2026-09-23 13:40:51.027000;2026-09-23 00:00:00;21801004;CREATEORDER;SMXYF5PQ4YD;MJXV4BE/A;"{""orderDetailsResponses"":{""deviceEligibility"":{""secondaryDisplay"":""0"",""partDescription"":""AppleCare+ para iPhone 18 Pro Max"",""coverageDuration"":""2"",""productStatement"":""AppleCare+ para iPhone 18 Pro Max amplía la cobertura de servicio y soporte técnico a 2 años desde la fecha de compra de AppleCare+ e incluye cobertura para una cantidad ilimitada de incidentes por daño accidental debido a la manipulación del producto, cada uno de ellos sujeto a un cargo adicional de R$28000  por los daños de la pantalla o la carcasa externa o de R$96000  por Otros daños accidentales. Lee todos los detalles en los Términos y condiciones de AppleCare+."",""deviceDateOfPurchase"":""23/09/2026"",""deviceId"":""SMXYF5PQ4YD"",""registeredDevice"":""1"",""pocType"":""APOC"",""serialNumber"":""MXYF5PQ4YD"",""partNumber"":""SHJ83ZX/A"",""partAlias"":""ACP"",""purchaseMode"":""C"",""productDescription"":""iPhone 18 Pro Max""},""orderConfirmation"":{""agreementNumber"":""328426360904"",""coverageDurationStatement"":""Finaliza el 22/09/2028"",""termConditionURL"":""http://www.apple.com/legal/sales-support/"",""partNumber"":""SHJ83ZX/A"",""partAlias"":""ACP"",""partType"":""AppleCare+"",""purchaseMode"":""C"",""appleCareSalesDate"":""23/09/2026"",""pocType"":""APOC"",""purchaseOrderNumber"":""21801004""}},""transactionId"":""68deac93-b26c-4753-bdef-8c546c05e686-1790181646004""}"
True;1324892;2026-09-23 13:40:53.667000;2026-09-23 00:00:00;20601030;VERIFYORDER;SKXR4X4K7QV;MJXT4BE/A;"{""orderDetailsResponses"":{""deviceEligibility"":{""secondaryDisplay"":""0"",""partDescription"":""AppleCare+ con robo y pérdida para iPhone 18 Pro Max"",""coverageDuration"":""2"",""productStatement"":""Tu AppleCare+ con robo y pérdida para iPhone 18 Pro Max amplía la cobertura de servicio y soporte técnico a 2 años desde la fecha de compra de AppleCare+ con robo y pérdida e incluye cobertura para una cantidad ilimitada de incidentes por daño accidental debido a la manipulación del producto o un máximo de dos incidentes de robo y pérdida cada 12 meses, cada uno de ellos sujeto a un cargo adicional de R$28000  por los daños de la pantalla o la carcasa externa o de R$144000  por robo o pérdida o de R$96000  por Otros daños accidentales. Lee todos los detalles en los Términos y condiciones de AppleCare+."",""deviceDateOfPurchase"":""23/09/2026"",""deviceId"":""SKXR4X4K7QV"",""registeredDevice"":""1"",""pocType"":""APOC"",""serialNumber"":""KXR4X4K7QV"",""partNumber"":""SHMP3ZX/A"",""partAlias"":""ACPTL"",""purchaseMode"":""C"",""productDescription"":""iPhone 18 Pro Max"",""tlDisclosure"":""La cobertura de robo y pérdida requiere que tengas la función Buscar habilitada en tu dispositivo antes de que se pierda o te lo roben. Durante el proceso de reclamación, te pediremos que uses la función Buscar para poner el dispositivo perdido o robado en modo Perdido, borrarlo y transferir la propiedad a Apple para que podamos asignarte un nuevo dispositivo. Para asegurarte de que puedas iniciar sesión en Buscar y acceder a esta función, es importante que recuerdes tu ID de Apple y contraseña, y que mantengas la información de tu cuenta actualizada. Si usas la autenticación de doble factor para el ID de Apple, te recomendamos que añadas un número de teléfono adicional de confianza a tu cuenta en el que puedas recibir el código de verificación de 6 dígitos que necesitas para iniciar sesión aunque no tengas tu iPhone. Para obtener más información, visita las páginas de Soporte técnico de Apple.""}},""transactionId"":""30c47637-6f35-4b9a-bbd9-818952d161d1-1790181653127""}"
True;1341893;2026-09-23 13:42:00.887000;2026-09-23 00:00:00;33601090;VERIFYORDER;SJPXD7L1QND;MJXQ4BE/A;"{""orderDetailsResponses"":{""deviceEligibility"":{""secondaryDisplay"":""0"",""partDescription"":""AppleCare+ para iPhone 18 Pro Max"",""coverageDuration"":""2"",""productStatement"":""AppleCare+ para iPhone 18 Pro Max amplía la cobertura de servicio y soporte técnico a 2 años desde la fecha de compra de AppleCare+ e incluye cobertura para una cantidad ilimitada de incidentes por daño accidental debido a la manipulación del producto, cada uno de ellos sujeto a un cargo adicional de R$28000  por los daños de la pantalla o la carcasa externa o de R$96000  por Otros daños accidentales. Lee todos los detalles en los Términos y condiciones de AppleCare+."",""deviceDateOfPurchase"":""23/09/2026"",""deviceId"":""SJPXD7L1QND"",""registeredDevice"":""1"",""pocType"":""APOC"",""serialNumber"":""JPXD7L1QND"",""partNumber"":""SHJ83ZX/A"",""partAlias"":""ACP"",""purchaseMode"":""C"",""productDescription"":""iPhone 18 Pro Max""}},""transactionId"":""fddf9f60-3259-45ad-82b2-81e50f6a4746-1790181720313""}"
True;1341893;2026-09-23 13:43:57.110000;2026-09-23 00:00:00;33601090;VERIFYORDER;SJPXD7L1QND;MJXQ4BE/A;"{""orderDetailsResponses"":{""deviceEligibility"":{""secondaryDisplay"":""0"",""partDescription"":""AppleCare+ para iPhone 18 Pro Max"",""coverageDuration"":""2"",""productStatement"":""AppleCare+ para iPhone 18 Pro Max amplía la cobertura de servicio y soporte técnico a 2 años desde la fecha de compra de AppleCare+ e incluye cobertura para una cantidad ilimitada de incidentes por daño accidental debido a la manipulación del producto, cada uno de ellos sujeto a un cargo adicional de R$28000  por los daños de la pantalla o la carcasa externa o de R$96000  por Otros daños accidentales. Lee todos los detalles en los Términos y condiciones de AppleCare+."",""deviceDateOfPurchase"":""23/09/2026"",""deviceId"":""SJPXD7L1QND"",""registeredDevice"":""1"",""pocType"":""APOC"",""serialNumber"":""JPXD7L1QND"",""partNumber"":""SHJ83ZX/A"",""partAlias"":""ACP"",""purchaseMode"":""C"",""productDescription"":""iPhone 18 Pro Max""}},""transactionId"":""b0192fbb-df49-4775-822f-632438b0f18b-1790181836548""}"
True;5178633;2026-09-23 13:44:34.003000;2026-09-23 00:00:00;21701091;CREATEORDER;SH5W7P9JJRM;MJXV4BE/A;"{""orderDetailsResponses"":{""deviceEligibility"":{""secondaryDisplay"":""0"",""partDescription"":""AppleCare+ con robo y pérdida para iPhone 18 Pro Max"",""coverageDuration"":""2"",""productStatement"":""Tu AppleCare+ con robo y pérdida para iPhone 18 Pro Max amplía la cobertura de servicio y soporte técnico a 2 años desde la fecha de compra de AppleCare+ con robo y pérdida e incluye cobertura para una cantidad ilimitada de incidentes por daño accidental debido a la manipulación del producto o un máximo de dos incidentes de robo y pérdida cada 12 meses, cada uno de ellos sujeto a un cargo adicional de R$28000  por los daños de la pantalla o la carcasa externa o de R$144000  por robo o pérdida o de R$96000  por Otros daños accidentales. Lee todos los detalles en los Términos y condiciones de AppleCare+."",""deviceDateOfPurchase"":""23/09/2026"",""deviceId"":""SH5W7P9JJRM"",""registeredDevice"":""1"",""pocType"":""APOC"",""serialNumber"":""H5W7P9JJRM"",""partNumber"":""SHMP3ZX/A"",""partAlias"":""ACPTL"",""purchaseMode"":""C"",""productDescription"":""iPhone 18 Pro Max"",""tlDisclosure"":""La cobertura de robo y pérdida requiere que tengas la función Buscar habilitada en tu dispositivo antes de que se pierda o te lo roben. Durante el proceso de reclamación, te pediremos que uses la función Buscar para poner el dispositivo perdido o robado en modo Perdido, borrarlo y transferir la propiedad a Apple para que podamos asignarte un nuevo dispositivo. Para asegurarte de que puedas iniciar sesión en Buscar y acceder a esta función, es importante que recuerdes tu ID de Apple y contraseña, y que mantengas la información de tu cuenta actualizada. Si usas la autenticación de doble factor para el ID de Apple, te recomendamos que añadas un número de teléfono adicional de confianza a tu cuenta en el que puedas recibir el código de verificación de 6 dígitos que necesitas para iniciar sesión aunque no tengas tu iPhone. Para obtener más información, visita las páginas de Soporte técnico de Apple.""},""orderConfirmation"":{""agreementNumber"":""328426420585"",""coverageDurationStatement"":""Finaliza el 22/09/2028"",""termConditionURL"":""http://www.apple.com/legal/sales-support/"",""partNumber"":""SHMP3ZX/A"",""partAlias"":""ACPTL"",""partType"":""AC+TL"",""purchaseMode"":""C"",""appleCareSalesDate"":""23/09/2026"",""pocType"":""APOC"",""purchaseOrderNumber"":""21701091""}},""transactionId"":""39b81333-08f1-4a8f-aa02-7725657026ab-1790181869036""}"
True;5141668;2026-09-23 13:44:40.740000;2026-09-23 00:00:00;901160;VERIFYORDER;SGMKMHKGFWC;MD3Y4CI/A;"{""orderDetailsResponses"":{""deviceEligibility"":{""secondaryDisplay"":""1"",""partDescription"":""AppleCare+ para iPad (A16)"",""coverageDuration"":""2"",""productStatement"":""AppleCare+ para iPad (A16) amplía la cobertura de servicio y soporte técnico a 2 años desde la fecha de compra de AppleCare+ e incluye cobertura para una cantidad ilimitada de incidentes por daño accidental debido a la manipulación del producto, cada uno de ellos sujeto a un cargo adicional de R$96000  por Otros daños accidentales o de R$28000  por Daños que afectan solo a la pantalla o de R$28000  por Apple Pencil / Keyboard. Lee todos los detalles en los Términos y condiciones de AppleCare+."",""deviceDateOfPurchase"":""23/09/2026"",""deviceId"":""SGMKMHKGFWC"",""registeredDevice"":""1"",""pocType"":""APOC"",""serialNumber"":""GMKMHKGFWC"",""partNumber"":""SUYD2ZX/A"",""partAlias"":""ACP"",""purchaseMode"":""C"",""productDescription"":""iPad (A16) Wi-Fi""}},""transactionId"":""db5bceb8-8e25-481e-badb-a754a129d371-1790181880227""}"
True;1341893;2026-09-23 13:45:00.780000;2026-09-23 00:00:00;33601090;CREATEORDER;SJPXD7L1QND;MJXQ4BE/A;"{""orderDetailsResponses"":{""deviceEligibility"":{""secondaryDisplay"":""0"",""partDescription"":""AppleCare+ para iPhone 18 Pro Max"",""coverageDuration"":""2"",""productStatement"":""AppleCare+ para iPhone 18 Pro Max amplía la cobertura de servicio y soporte técnico a 2 años desde la fecha de compra de AppleCare+ e incluye cobertura para una cantidad ilimitada de incidentes por daño accidental debido a la manipulación del producto, cada uno de ellos sujeto a un cargo adicional de R$28000  por los daños de la pantalla o la carcasa externa o de R$96000  por Otros daños accidentales. Lee todos los detalles en los Términos y condiciones de AppleCare+."",""deviceDateOfPurchase"":""23/09/2026"",""deviceId"":""SJPXD7L1QND"",""registeredDevice"":""1"",""pocType"":""APOC"",""serialNumber"":""JPXD7L1QND"",""partNumber"":""SHJ83ZX/A"",""partAlias"":""ACP"",""purchaseMode"":""C"",""productDescription"":""iPhone 18 Pro Max""},""orderConfirmation"":{""agreementNumber"":""328426400829"",""coverageDurationStatement"":""Finaliza el 22/09/2028"",""termConditionURL"":""http://www.apple.com/legal/sales-support/"",""partNumber"":""SHJ83ZX/A"",""partAlias"":""ACP"",""partType"":""AppleCare+"",""purchaseMode"":""C"",""appleCareSalesDate"":""23/09/2026"",""pocType"":""APOC"",""purchaseOrderNumber"":""33601090""}},""transactionId"":""83d4894d-02cb-4561-997c-154edd78845c-1790181895875""}"
True;5164135;2026-09-23 13:45:40.177000;2026-09-23 00:00:00;2301167;VERIFYORDER;SJTXJRY7WND;MKFW4AM/A;"{""orderDetailsResponses"":{""deviceEligibility"":{""secondaryDisplay"":""0"",""partDescription"":""AppleCare+ para AirPods"",""coverageDuration"":""2"",""productStatement"":""AppleCare+ para AirPods amplía la cobertura de servicio y soporte técnico a 2 años desde la fecha de compra de AppleCare+ e incluye cobertura para una cantidad ilimitada de incidentes por daño accidental debido a la manipulación del producto, cada uno de ellos sujeto a un cargo adicional de CLP28000 . Lee todos los detalles en los Términos y condiciones de AppleCare+."",""deviceDateOfPurchase"":""23/09/2026"",""deviceId"":""SJTXJRY7WND"",""registeredDevice"":""1"",""pocType"":""APOC"",""serialNumber"":""JTXJRY7WND"",""partNumber"":""S9066ZX/A"",""partAlias"":""ACP"",""purchaseMode"":""C"",""productDescription"":""AirPods 5""}},""transactionId"":""87ead6d6-e20f-4856-8abc-4eeb4ce5c6eb-1790181939642""}"
True;1324892;2026-09-23 13:48:28.480000;2026-09-23 00:00:00;20601030;CREATEORDER;SKXR4X4K7QV;MJXT4BE/A;"{""orderDetailsResponses"":{""deviceEligibility"":{""secondaryDisplay"":""0"",""partDescription"":""AppleCare+ con robo y pérdida para iPhone 18 Pro Max"",""coverageDuration"":""2"",""productStatement"":""Tu AppleCare+ con robo y pérdida para iPhone 18 Pro Max amplía la cobertura de servicio y soporte técnico a 2 años desde la fecha de compra de AppleCare+ con robo y pérdida e incluye cobertura para una cantidad ilimitada de incidentes por daño accidental debido a la manipulación del producto o un máximo de dos incidentes de robo y pérdida cada 12 meses, cada uno de ellos sujeto a un cargo adicional de R$28000  por los daños de la pantalla o la carcasa externa o de R$144000  por robo o pérdida o de R$96000  por Otros daños accidentales. Lee todos los detalles en los Términos y condiciones de AppleCare+."",""deviceDateOfPurchase"":""23/09/2026"",""deviceId"":""SKXR4X4K7QV"",""registeredDevice"":""1"",""pocType"":""APOC"",""serialNumber"":""KXR4X4K7QV"",""partNumber"":""SHMP3ZX/A"",""partAlias"":""ACPTL"",""purchaseMode"":""C"",""productDescription"":""iPhone 18 Pro Max"",""tlDisclosure"":""La cobertura de robo y pérdida requiere que tengas la función Buscar habilitada en tu dispositivo antes de que se pierda o te lo roben. Durante el proceso de reclamación, te pediremos que uses la función Buscar para poner el dispositivo perdido o robado en modo Perdido, borrarlo y transferir la propiedad a Apple para que podamos asignarte un nuevo dispositivo. Para asegurarte de que puedas iniciar sesión en Buscar y acceder a esta función, es importante que recuerdes tu ID de Apple y contraseña, y que mantengas la información de tu cuenta actualizada. Si usas la autenticación de doble factor para el ID de Apple, te recomendamos que añadas un número de teléfono adicional de confianza a tu cuenta en el que puedas recibir el código de verificación de 6 dígitos que necesitas para iniciar sesión aunque no tengas tu iPhone. Para obtener más información, visita las páginas de Soporte técnico de Apple.""},""orderConfirmation"":{""agreementNumber"":""328426380891"",""coverageDurationStatement"":""Finaliza el 22/09/2028"",""termConditionURL"":""http://www.apple.com/legal/sales-support/"",""partNumber"":""SHMP3ZX/A"",""partAlias"":""ACPTL"",""partType"":""AC+TL"",""purchaseMode"":""C"",""appleCareSalesDate"":""23/09/2026"",""pocType"":""APOC"",""purchaseOrderNumber"":""20601030""}},""transactionId"":""440ff429-2a6e-47b5-b26d-86c9bc83c27d-1790182103050""}"
True;5123797;2026-09-23 13:48:31.420000;2026-09-23 00:00:00;18601032;VERIFYORDER;SCP7P45MWF5;MJXR4BE/A;"{""orderDetailsResponses"":{""deviceEligibility"":{""secondaryDisplay"":""0"",""partDescription"":""AppleCare+ con robo y pérdida para iPhone 18 Pro Max"",""coverageDuration"":""2"",""productStatement"":""Tu AppleCare+ con robo y pérdida para iPhone 18 Pro Max amplía la cobertura de servicio y soporte técnico a 2 años desde la fecha de compra de AppleCare+ con robo y pérdida e incluye cobertura para una cantidad ilimitada de incidentes por daño accidental debido a la manipulación del producto o un máximo de dos incidentes de robo y pérdida cada 12 meses, cada uno de ellos sujeto a un cargo adicional de R$28000  por los daños de la pantalla o la carcasa externa o de R$144000  por robo o pérdida o de R$96000  por Otros daños accidentales. Lee todos los detalles en los Términos y condiciones de AppleCare+."",""deviceDateOfPurchase"":""22/09/2026"",""deviceId"":""SCP7P45MWF5"",""registeredDevice"":""0"",""pocType"":""APOC"",""serialNumber"":""CP7P45MWF5"",""partNumber"":""SHMP3ZX/A"",""partAlias"":""ACPTL"",""purchaseMode"":""I"",""productDescription"":""iPhone 18 Pro Max"",""tlDisclosure"":""La cobertura de robo y pérdida requiere que tengas la función Buscar habilitada en tu dispositivo antes de que se pierda o te lo roben. Durante el proceso de reclamación, te pediremos que uses la función Buscar para poner el dispositivo perdido o robado en modo Perdido, borrarlo y transferir la propiedad a Apple para que podamos asignarte un nuevo dispositivo. Para asegurarte de que puedas iniciar sesión en Buscar y acceder a esta función, es importante que recuerdes tu ID de Apple y contraseña, y que mantengas la información de tu cuenta actualizada. Si usas la autenticación de doble factor para el ID de Apple, te recomendamos que añadas un número de teléfono adicional de confianza a tu cuenta en el que puedas recibir el código de verificación de 6 dígitos que necesitas para iniciar sesión aunque no tengas tu iPhone. Para obtener más información, visita las páginas de Soporte técnico de Apple.""}},""transactionId"":""9b22b223-63cb-4e1e-8a39-8e15cdae4ea6-1790182110858""}"
True;5168471;2026-09-23 13:48:52.033000;2026-09-23 00:00:00;2801154;VERIFYORDER;SC3GMWTW3CN;MJXV4BE/A;"{""orderDetailsResponses"":{""deviceEligibility"":{""secondaryDisplay"":""0"",""partDescription"":""AppleCare+ para iPhone 18 Pro Max"",""coverageDuration"":""2"",""productStatement"":""AppleCare+ para iPhone 18 Pro Max amplía la cobertura de servicio y soporte técnico a 2 años desde la fecha de compra de AppleCare+ e incluye cobertura para una cantidad ilimitada de incidentes por daño accidental debido a la manipulación del producto, cada uno de ellos sujeto a un cargo adicional de R$28000  por los daños de la pantalla o la carcasa externa o de R$96000  por Otros daños accidentales. Lee todos los detalles en los Términos y condiciones de AppleCare+."",""deviceDateOfPurchase"":""23/09/2026"",""deviceId"":""SC3GMWTW3CN"",""registeredDevice"":""1"",""pocType"":""APOC"",""serialNumber"":""C3GMWTW3CN"",""partNumber"":""SHJ83ZX/A"",""partAlias"":""ACP"",""purchaseMode"":""C"",""productDescription"":""iPhone 18 Pro Max""}},""transactionId"":""d82dda9e-d728-42e4-bf9f-3d29a796dcb7-1790182131507""}"
True;5123797;2026-09-23 13:49:49.503000;2026-09-23 00:00:00;18601032;VERIFYORDER;SCP7P45MWF5;MJXR4BE/A;"{""orderDetailsResponses"":{""deviceEligibility"":{""secondaryDisplay"":""0"",""partDescription"":""AppleCare+ con robo y pérdida para iPhone 18 Pro Max"",""coverageDuration"":""2"",""productStatement"":""Tu AppleCare+ con robo y pérdida para iPhone 18 Pro Max amplía la cobertura de servicio y soporte técnico a 2 años desde la fecha de compra de AppleCare+ con robo y pérdida e incluye cobertura para una cantidad ilimitada de incidentes por daño accidental debido a la manipulación del producto o un máximo de dos incidentes de robo y pérdida cada 12 meses, cada uno de ellos sujeto a un cargo adicional de R$28000  por los daños de la pantalla o la carcasa externa o de R$144000  por robo o pérdida o de R$96000  por Otros daños accidentales. Lee todos los detalles en los Términos y condiciones de AppleCare+."",""deviceDateOfPurchase"":""22/09/2026"",""deviceId"":""SCP7P45MWF5"",""registeredDevice"":""0"",""pocType"":""APOC"",""serialNumber"":""CP7P45MWF5"",""partNumber"":""SHMP3ZX/A"",""partAlias"":""ACPTL"",""purchaseMode"":""I"",""productDescription"":""iPhone 18 Pro Max"",""tlDisclosure"":""La cobertura de robo y pérdida requiere que tengas la función Buscar habilitada en tu dispositivo antes de que se pierda o te lo roben. Durante el proceso de reclamación, te pediremos que uses la función Buscar para poner el dispositivo perdido o robado en modo Perdido, borrarlo y transferir la propiedad a Apple para que podamos asignarte un nuevo dispositivo. Para asegurarte de que puedas iniciar sesión en Buscar y acceder a esta función, es importante que recuerdes tu ID de Apple y contraseña, y que mantengas la información de tu cuenta actualizada. Si usas la autenticación de doble factor para el ID de Apple, te recomendamos que añadas un número de teléfono adicional de confianza a tu cuenta en el que puedas recibir el código de verificación de 6 dígitos que necesitas para iniciar sesión aunque no tengas tu iPhone. Para obtener más información, visita las páginas de Soporte técnico de Apple.""}},""transactionId"":""836bea75-69bd-494d-b50c-55ff508f074a-1790182188992""}"
True;5164135;2026-09-23 13:50:08.823000;2026-09-23 00:00:00;2301167;CREATEORDER;SJTXJRY7WND;MKFW4AM/A;"{""orderDetailsResponses"":{""deviceEligibility"":{""secondaryDisplay"":""0"",""partDescription"":""AppleCare+ para AirPods"",""coverageDuration"":""2"",""productStatement"":""AppleCare+ para AirPods amplía la cobertura de servicio y soporte técnico a 2 años desde la fecha de compra de AppleCare+ e incluye cobertura para una cantidad ilimitada de incidentes por daño accidental debido a la manipulación del producto, cada uno de ellos sujeto a un cargo adicional de CLP28000 . Lee todos los detalles en los Términos y condiciones de AppleCare+."",""deviceDateOfPurchase"":""23/09/2026"",""deviceId"":""SJTXJRY7WND"",""registeredDevice"":""1"",""pocType"":""APOC"",""serialNumber"":""JTXJRY7WND"",""partNumber"":""S9066ZX/A"",""partAlias"":""ACP"",""purchaseMode"":""C"",""productDescription"":""AirPods 5""},""orderConfirmation"":{""agreementNumber"":""328426500249"",""coverageDurationStatement"":""Finaliza el 22/09/2028"",""termConditionURL"":""http://www.apple.com/legal/sales-support/"",""partNumber"":""S9066ZX/A"",""partAlias"":""ACP"",""partType"":""AppleCare+"",""purchaseMode"":""C"",""appleCareSalesDate"":""23/09/2026"",""pocType"":""APOC"",""purchaseOrderNumber"":""2301167""}},""transactionId"":""744999d2-a22d-4959-9a60-d259ba23f177-1790182203709""}"
True;5141668;2026-09-23 13:50:13.613000;2026-09-23 00:00:00;901160;CREATEORDER;SGMKMHKGFWC;MD3Y4CI/A;"{""orderDetailsResponses"":{""deviceEligibility"":{""secondaryDisplay"":""1"",""partDescription"":""AppleCare+ para iPad (A16)"",""coverageDuration"":""2"",""productStatement"":""AppleCare+ para iPad (A16) amplía la cobertura de servicio y soporte técnico a 2 años desde la fecha de compra de AppleCare+ e incluye cobertura para una cantidad ilimitada de incidentes por daño accidental debido a la manipulación del producto, cada uno de ellos sujeto a un cargo adicional de R$96000  por Otros daños accidentales o de R$28000  por Daños que afectan solo a la pantalla o de R$28000  por Apple Pencil / Keyboard. Lee todos los detalles en los Términos y condiciones de AppleCare+."",""deviceDateOfPurchase"":""23/09/2026"",""deviceId"":""SGMKMHKGFWC"",""registeredDevice"":""1"",""pocType"":""APOC"",""serialNumber"":""GMKMHKGFWC"",""partNumber"":""SUYD2ZX/A"",""partAlias"":""ACP"",""purchaseMode"":""C"",""productDescription"":""iPad (A16) Wi-Fi""},""orderConfirmation"":{""agreementNumber"":""328426461325"",""coverageDurationStatement"":""Finaliza el 22/09/2028"",""termConditionURL"":""http://www.apple.com/legal/sales-support/"",""partNumber"":""SUYD2ZX/A"",""partAlias"":""ACP"",""partType"":""AppleCare+"",""purchaseMode"":""C"",""appleCareSalesDate"":""23/09/2026"",""pocType"":""APOC"",""purchaseOrderNumber"":""901160""}},""transactionId"":""c847f6c4-735d-439a-9f18-5bd519ae5110-1790182208746""}"
True;5123797;2026-09-23 13:52:34.377000;2026-09-23 00:00:00;18601032;CREATEORDER;SCP7P45MWF5;MJXR4BE/A;"{""orderDetailsResponses"":{""deviceEligibility"":{""secondaryDisplay"":""0"",""partDescription"":""AppleCare+ con robo y pérdida para iPhone 18 Pro Max"",""coverageDuration"":""2"",""productStatement"":""Tu AppleCare+ con robo y pérdida para iPhone 18 Pro Max amplía la cobertura de servicio y soporte técnico a 2 años desde la fecha de compra de AppleCare+ con robo y pérdida e incluye cobertura para una cantidad ilimitada de incidentes por daño accidental debido a la manipulación del producto o un máximo de dos incidentes de robo y pérdida cada 12 meses, cada uno de ellos sujeto a un cargo adicional de R$28000  por los daños de la pantalla o la carcasa externa o de R$144000  por robo o pérdida o de R$96000  por Otros daños accidentales. Lee todos los detalles en los Términos y condiciones de AppleCare+."",""deviceDateOfPurchase"":""22/09/2026"",""deviceId"":""SCP7P45MWF5"",""registeredDevice"":""0"",""pocType"":""APOC"",""serialNumber"":""CP7P45MWF5"",""partNumber"":""SHMP3ZX/A"",""partAlias"":""ACPTL"",""purchaseMode"":""I"",""productDescription"":""iPhone 18 Pro Max"",""tlDisclosure"":""La cobertura de robo y pérdida requiere que tengas la función Buscar habilitada en tu dispositivo antes de que se pierda o te lo roben. Durante el proceso de reclamación, te pediremos que uses la función Buscar para poner el dispositivo perdido o robado en modo Perdido, borrarlo y transferir la propiedad a Apple para que podamos asignarte un nuevo dispositivo. Para asegurarte de que puedas iniciar sesión en Buscar y acceder a esta función, es importante que recuerdes tu ID de Apple y contraseña, y que mantengas la información de tu cuenta actualizada. Si usas la autenticación de doble factor para el ID de Apple, te recomendamos que añadas un número de teléfono adicional de confianza a tu cuenta en el que puedas recibir el código de verificación de 6 dígitos que necesitas para iniciar sesión aunque no tengas tu iPhone. Para obtener más información, visita las páginas de Soporte técnico de Apple.""},""orderConfirmation"":{""agreementNumber"":""328426420691"",""coverageDurationStatement"":""Finaliza el 22/09/2028"",""termConditionURL"":""http://www.apple.com/legal/sales-support/"",""partNumber"":""SHMP3ZX/A"",""partAlias"":""ACPTL"",""partType"":""AC+TL"",""purchaseMode"":""I"",""appleCareSalesDate"":""23/09/2026"",""pocType"":""APOC"",""purchaseOrderNumber"":""18601032""}},""transactionId"":""965f040e-76a6-4511-aaa3-743496e31bd7-1790182348472""}"
True;5123798;2026-09-23 13:54:11.743000;2026-09-23 00:00:00;18701032;VERIFYORDER;SLP4VC32FVX;MKFT4AM/A;"{""orderDetailsResponses"":{""deviceEligibility"":{""secondaryDisplay"":""0"",""partDescription"":""AppleCare+ para AirPods"",""coverageDuration"":""2"",""productStatement"":""AppleCare+ para AirPods amplía la cobertura de servicio y soporte técnico a 2 años desde la fecha de compra de AppleCare+ e incluye cobertura para una cantidad ilimitada de incidentes por daño accidental debido a la manipulación del producto, cada uno de ellos sujeto a un cargo adicional de CLP28000 . Lee todos los detalles en los Términos y condiciones de AppleCare+."",""deviceDateOfPurchase"":""23/09/2026"",""deviceId"":""SLP4VC32FVX"",""registeredDevice"":""1"",""pocType"":""APOC"",""serialNumber"":""LP4VC32FVX"",""partNumber"":""S9066ZX/A"",""partAlias"":""ACP"",""purchaseMode"":""C"",""productDescription"":""AirPods 5 (Wireless Charging)""}},""transactionId"":""87cc3de9-a2d1-49df-b637-f7e0938ad497-1790182451171""}"
True;5123798;2026-09-23 13:55:47.307000;2026-09-23 00:00:00;18701032;CREATEORDER;SLP4VC32FVX;MKFT4AM/A;"{""orderDetailsResponses"":{""deviceEligibility"":{""secondaryDisplay"":""0"",""partDescription"":""AppleCare+ para AirPods"",""coverageDuration"":""2"",""productStatement"":""AppleCare+ para AirPods amplía la cobertura de servicio y soporte técnico a 2 años desde la fecha de compra de AppleCare+ e incluye cobertura para una cantidad ilimitada de incidentes por daño accidental debido a la manipulación del producto, cada uno de ellos sujeto a un cargo adicional de CLP28000 . Lee todos los detalles en los Términos y condiciones de AppleCare+."",""deviceDateOfPurchase"":""23/09/2026"",""deviceId"":""SLP4VC32FVX"",""registeredDevice"":""1"",""pocType"":""APOC"",""serialNumber"":""LP4VC32FVX"",""partNumber"":""S9066ZX/A"",""partAlias"":""ACP"",""purchaseMode"":""C"",""productDescription"":""AirPods 5 (Wireless Charging)""},""orderConfirmation"":{""agreementNumber"":""328426440693"",""coverageDurationStatement"":""Finaliza el 22/09/2028"",""termConditionURL"":""http://www.apple.com/legal/sales-support/"",""partNumber"":""S9066ZX/A"",""partAlias"":""ACP"",""partType"":""AppleCare+"",""purchaseMode"":""C"",""appleCareSalesDate"":""23/09/2026"",""pocType"":""APOC"",""purchaseOrderNumber"":""18701032""}},""transactionId"":""1ec4ca66-1151-44ce-92fa-c940fff8351e-1790182542149""}"
True;5168471;2026-09-23 13:56:01.007000;2026-09-23 00:00:00;2801154;CREATEORDER;SC3GMWTW3CN;MJXV4BE/A;"{""orderDetailsResponses"":{""deviceEligibility"":{""secondaryDisplay"":""0"",""partDescription"":""AppleCare+ para iPhone 18 Pro Max"",""coverageDuration"":""2"",""productStatement"":""AppleCare+ para iPhone 18 Pro Max amplía la cobertura de servicio y soporte técnico a 2 años desde la fecha de compra de AppleCare+ e incluye cobertura para una cantidad ilimitada de incidentes por daño accidental debido a la manipulación del producto, cada uno de ellos sujeto a un cargo adicional de R$28000  por los daños de la pantalla o la carcasa externa o de R$96000  por Otros daños accidentales. Lee todos los detalles en los Términos y condiciones de AppleCare+."",""deviceDateOfPurchase"":""23/09/2026"",""deviceId"":""SC3GMWTW3CN"",""registeredDevice"":""1"",""pocType"":""APOC"",""serialNumber"":""C3GMWTW3CN"",""partNumber"":""SHJ83ZX/A"",""partAlias"":""ACP"",""purchaseMode"":""C"",""productDescription"":""iPhone 18 Pro Max""},""orderConfirmation"":{""agreementNumber"":""328426500327"",""coverageDurationStatement"":""Finaliza el 22/09/2028"",""termConditionURL"":""http://www.apple.com/legal/sales-support/"",""partNumber"":""SHJ83ZX/A"",""partAlias"":""ACP"",""partType"":""AppleCare+"",""purchaseMode"":""C"",""appleCareSalesDate"":""23/09/2026"",""pocType"":""APOC"",""purchaseOrderNumber"":""2801154""}},""transactionId"":""27065c7c-a532-4084-9416-e69405faf785-1790182555944""}"
True;5181376;2026-09-23 14:16:48.990000;2026-09-23 00:00:00;11701131;VERIFYORDER;SFTH9C6MV6L;MJXP4BE/A;"{""orderDetailsResponses"":{""deviceEligibility"":{""secondaryDisplay"":""0"",""partDescription"":""AppleCare+ con robo y pérdida para iPhone 18 Pro Max"",""coverageDuration"":""2"",""productStatement"":""Tu AppleCare+ con robo y pérdida para iPhone 18 Pro Max amplía la cobertura de servicio y soporte técnico a 2 años desde la fecha de compra de AppleCare+ con robo y pérdida e incluye cobertura para una cantidad ilimitada de incidentes por daño accidental debido a la manipulación del producto o un máximo de dos incidentes de robo y pérdida cada 12 meses, cada uno de ellos sujeto a un cargo adicional de R$28000  por los daños de la pantalla o la carcasa externa o de R$144000  por robo o pérdida o de R$96000  por Otros daños accidentales. Lee todos los detalles en los Términos y condiciones de AppleCare+."",""deviceDateOfPurchase"":""22/09/2026"",""deviceId"":""SFTH9C6MV6L"",""registeredDevice"":""0"",""pocType"":""APOC"",""serialNumber"":""FTH9C6MV6L"",""partNumber"":""SHMP3ZX/A"",""partAlias"":""ACPTL"",""purchaseMode"":""I"",""productDescription"":""iPhone 18 Pro Max"",""tlDisclosure"":""La cobertura de robo y pérdida requiere que tengas la función Buscar habilitada en tu dispositivo antes de que se pierda o te lo roben. Durante el proceso de reclamación, te pediremos que uses la función Buscar para poner el dispositivo perdido o robado en modo Perdido, borrarlo y transferir la propiedad a Apple para que podamos asignarte un nuevo dispositivo. Para asegurarte de que puedas iniciar sesión en Buscar y acceder a esta función, es importante que recuerdes tu ID de Apple y contraseña, y que mantengas la información de tu cuenta actualizada. Si usas la autenticación de doble factor para el ID de Apple, te recomendamos que añadas un número de teléfono adicional de confianza a tu cuenta en el que puedas recibir el código de verificación de 6 dígitos que necesitas para iniciar sesión aunque no tengas tu iPhone. Para obtener más información, visita las páginas de Soporte técnico de Apple.""}},""transactionId"":""6b2a3f97-d0c1-48f3-ac1c-3cb497f99f13-1790183808435""}"
True;5181376;2026-09-23 14:18:06.433000;2026-09-23 00:00:00;11701131;VERIFYORDER;SFTH9C6MV6L;MJXP4BE/A;"{""orderDetailsResponses"":{""deviceEligibility"":{""secondaryDisplay"":""0"",""partDescription"":""AppleCare+ con robo y pérdida para iPhone 18 Pro Max"",""coverageDuration"":""2"",""productStatement"":""Tu AppleCare+ con robo y pérdida para iPhone 18 Pro Max amplía la cobertura de servicio y soporte técnico a 2 años desde la fecha de compra de AppleCare+ con robo y pérdida e incluye cobertura para una cantidad ilimitada de incidentes por daño accidental debido a la manipulación del producto o un máximo de dos incidentes de robo y pérdida cada 12 meses, cada uno de ellos sujeto a un cargo adicional de R$28000  por los daños de la pantalla o la carcasa externa o de R$144000  por robo o pérdida o de R$96000  por Otros daños accidentales. Lee todos los detalles en los Términos y condiciones de AppleCare+."",""deviceDateOfPurchase"":""22/09/2026"",""deviceId"":""SFTH9C6MV6L"",""registeredDevice"":""0"",""pocType"":""APOC"",""serialNumber"":""FTH9C6MV6L"",""partNumber"":""SHMP3ZX/A"",""partAlias"":""ACPTL"",""purchaseMode"":""I"",""productDescription"":""iPhone 18 Pro Max"",""tlDisclosure"":""La cobertura de robo y pérdida requiere que tengas la función Buscar habilitada en tu dispositivo antes de que se pierda o te lo roben. Durante el proceso de reclamación, te pediremos que uses la función Buscar para poner el dispositivo perdido o robado en modo Perdido, borrarlo y transferir la propiedad a Apple para que podamos asignarte un nuevo dispositivo. Para asegurarte de que puedas iniciar sesión en Buscar y acceder a esta función, es importante que recuerdes tu ID de Apple y contraseña, y que mantengas la información de tu cuenta actualizada. Si usas la autenticación de doble factor para el ID de Apple, te recomendamos que añadas un número de teléfono adicional de confianza a tu cuenta en el que puedas recibir el código de verificación de 6 dígitos que necesitas para iniciar sesión aunque no tengas tu iPhone. Para obtener más información, visita las páginas de Soporte técnico de Apple.""}},""transactionId"":""62109455-fbd1-4be8-b857-8696df7b41c9-1790183885899""}"
True;5181376;2026-09-23 14:19:26.580000;2026-09-23 00:00:00;11701131;CREATEORDER;SFTH9C6MV6L;MJXP4BE/A;"{""orderDetailsResponses"":{""deviceEligibility"":{""secondaryDisplay"":""0"",""partDescription"":""AppleCare+ con robo y pérdida para iPhone 18 Pro Max"",""coverageDuration"":""2"",""productStatement"":""Tu AppleCare+ con robo y pérdida para iPhone 18 Pro Max amplía la cobertura de servicio y soporte técnico a 2 años desde la fecha de compra de AppleCare+ con robo y pérdida e incluye cobertura para una cantidad ilimitada de incidentes por daño accidental debido a la manipulación del producto o un máximo de dos incidentes de robo y pérdida cada 12 meses, cada uno de ellos sujeto a un cargo adicional de R$28000  por los daños de la pantalla o la carcasa externa o de R$144000  por robo o pérdida o de R$96000  por Otros daños accidentales. Lee todos los detalles en los Términos y condiciones de AppleCare+."",""deviceDateOfPurchase"":""22/09/2026"",""deviceId"":""SFTH9C6MV6L"",""registeredDevice"":""0"",""pocType"":""APOC"",""serialNumber"":""FTH9C6MV6L"",""partNumber"":""SHMP3ZX/A"",""partAlias"":""ACPTL"",""purchaseMode"":""I"",""productDescription"":""iPhone 18 Pro Max"",""tlDisclosure"":""La cobertura de robo y pérdida requiere que tengas la función Buscar habilitada en tu dispositivo antes de que se pierda o te lo roben. Durante el proceso de reclamación, te pediremos que uses la función Buscar para poner el dispositivo perdido o robado en modo Perdido, borrarlo y transferir la propiedad a Apple para que podamos asignarte un nuevo dispositivo. Para asegurarte de que puedas iniciar sesión en Buscar y acceder a esta función, es importante que recuerdes tu ID de Apple y contraseña, y que mantengas la información de tu cuenta actualizada. Si usas la autenticación de doble factor para el ID de Apple, te recomendamos que añadas un número de teléfono adicional de confianza a tu cuenta en el que puedas recibir el código de verificación de 6 dígitos que necesitas para iniciar sesión aunque no tengas tu iPhone. Para obtener más información, visita las páginas de Soporte técnico de Apple.""},""orderConfirmation"":{""agreementNumber"":""328426480654"",""coverageDurationStatement"":""Finaliza el 22/09/2028"",""termConditionURL"":""http://www.apple.com/legal/sales-support/"",""partNumber"":""SHMP3ZX/A"",""partAlias"":""ACPTL"",""partType"":""AC+TL"",""purchaseMode"":""I"",""appleCareSalesDate"":""23/09/2026"",""pocType"":""APOC"",""purchaseOrderNumber"":""11701131""}},""transactionId"":""03baae62-ac37-4f6b-9998-d82570361dda-1790183961256""}"
True;5198419;2026-09-23 14:19:32.637000;2026-09-23 00:00:00;49101033;VERIFYORDER;SDCQ0D4L4N4;MJRT4BE/A;"{""orderDetailsResponses"":{""deviceEligibility"":{""secondaryDisplay"":""0"",""partDescription"":""AppleCare+ con robo y pérdida para iPhone 18 Pro"",""coverageDuration"":""2"",""productStatement"":""Tu AppleCare+ con robo y pérdida para iPhone 18 Pro amplía la cobertura de servicio y soporte técnico a 2 años desde la fecha de compra de AppleCare+ con robo y pérdida e incluye cobertura para una cantidad ilimitada de incidentes por daño accidental debido a la manipulación del producto o un máximo de dos incidentes de robo y pérdida cada 12 meses, cada uno de ellos sujeto a un cargo adicional de R$28000  por los daños de la pantalla o la carcasa externa o de R$144000  por robo o pérdida o de R$96000  por Otros daños accidentales. Lee todos los detalles en los Términos y condiciones de AppleCare+."",""deviceDateOfPurchase"":""23/09/2026"",""deviceId"":""SDCQ0D4L4N4"",""registeredDevice"":""0"",""pocType"":""APOC"",""serialNumber"":""DCQ0D4L4N4"",""partNumber"":""SHMD3ZX/A"",""partAlias"":""ACPTL"",""purchaseMode"":""C"",""productDescription"":""iPhone 18 Pro"",""tlDisclosure"":""La cobertura de robo y pérdida requiere que tengas la función Buscar habilitada en tu dispositivo antes de que se pierda o te lo roben. Durante el proceso de reclamación, te pediremos que uses la función Buscar para poner el dispositivo perdido o robado en modo Perdido, borrarlo y transferir la propiedad a Apple para que podamos asignarte un nuevo dispositivo. Para asegurarte de que puedas iniciar sesión en Buscar y acceder a esta función, es importante que recuerdes tu ID de Apple y contraseña, y que mantengas la información de tu cuenta actualizada. Si usas la autenticación de doble factor para el ID de Apple, te recomendamos que añadas un número de teléfono adicional de confianza a tu cuenta en el que puedas recibir el código de verificación de 6 dígitos que necesitas para iniciar sesión aunque no tengas tu iPhone. Para obtener más información, visita las páginas de Soporte técnico de Apple.""}},""transactionId"":""5f706e4f-7833-4876-8205-76d8826372f7-1790183972085""}"
True;5198419;2026-09-23 14:20:45.327000;2026-09-23 00:00:00;49101033;VERIFYORDER;SDCQ0D4L4N4;MJRT4BE/A;"{""orderDetailsResponses"":{""deviceEligibility"":{""secondaryDisplay"":""0"",""partDescription"":""AppleCare+ con robo y pérdida para iPhone 18 Pro"",""coverageDuration"":""2"",""productStatement"":""Tu AppleCare+ con robo y pérdida para iPhone 18 Pro amplía la cobertura de servicio y soporte técnico a 2 años desde la fecha de compra de AppleCare+ con robo y pérdida e incluye cobertura para una cantidad ilimitada de incidentes por daño accidental debido a la manipulación del producto o un máximo de dos incidentes de robo y pérdida cada 12 meses, cada uno de ellos sujeto a un cargo adicional de R$28000  por los daños de la pantalla o la carcasa externa o de R$144000  por robo o pérdida o de R$96000  por Otros daños accidentales. Lee todos los detalles en los Términos y condiciones de AppleCare+."",""deviceDateOfPurchase"":""23/09/2026"",""deviceId"":""SDCQ0D4L4N4"",""registeredDevice"":""0"",""pocType"":""APOC"",""serialNumber"":""DCQ0D4L4N4"",""partNumber"":""SHMD3ZX/A"",""partAlias"":""ACPTL"",""purchaseMode"":""C"",""productDescription"":""iPhone 18 Pro"",""tlDisclosure"":""La cobertura de robo y pérdida requiere que tengas la función Buscar habilitada en tu dispositivo antes de que se pierda o te lo roben. Durante el proceso de reclamación, te pediremos que uses la función Buscar para poner el dispositivo perdido o robado en modo Perdido, borrarlo y transferir la propiedad a Apple para que podamos asignarte un nuevo dispositivo. Para asegurarte de que puedas iniciar sesión en Buscar y acceder a esta función, es importante que recuerdes tu ID de Apple y contraseña, y que mantengas la información de tu cuenta actualizada. Si usas la autenticación de doble factor para el ID de Apple, te recomendamos que añadas un número de teléfono adicional de confianza a tu cuenta en el que puedas recibir el código de verificación de 6 dígitos que necesitas para iniciar sesión aunque no tengas tu iPhone. Para obtener más información, visita las páginas de Soporte técnico de Apple.""}},""transactionId"":""1eff18fd-9b3f-4a50-b17b-696a448ee31e-1790184044686""}"
True;1340732;2026-09-23 14:20:47.440000;2026-09-23 00:00:00;3201134;VERIFYORDER;SLHXC0YH402;MJXR4BE/A;"{""orderDetailsResponses"":{""deviceEligibility"":{""secondaryDisplay"":""0"",""partDescription"":""AppleCare+ con robo y pérdida para iPhone 18 Pro Max"",""coverageDuration"":""2"",""productStatement"":""Tu AppleCare+ con robo y pérdida para iPhone 18 Pro Max amplía la cobertura de servicio y soporte técnico a 2 años desde la fecha de compra de AppleCare+ con robo y pérdida e incluye cobertura para una cantidad ilimitada de incidentes por daño accidental debido a la manipulación del producto o un máximo de dos incidentes de robo y pérdida cada 12 meses, cada uno de ellos sujeto a un cargo adicional de R$28000  por los daños de la pantalla o la carcasa externa o de R$144000  por robo o pérdida o de R$96000  por Otros daños accidentales. Lee todos los detalles en los Términos y condiciones de AppleCare+."",""deviceDateOfPurchase"":""23/09/2026"",""deviceId"":""SLHXC0YH402"",""registeredDevice"":""1"",""pocType"":""APOC"",""serialNumber"":""LHXC0YH402"",""partNumber"":""SHMP3ZX/A"",""partAlias"":""ACPTL"",""purchaseMode"":""C"",""productDescription"":""iPhone 18 Pro Max"",""tlDisclosure"":""La cobertura de robo y pérdida requiere que tengas la función Buscar habilitada en tu dispositivo antes de que se pierda o te lo roben. Durante el proceso de reclamación, te pediremos que uses la función Buscar para poner el dispositivo perdido o robado en modo Perdido, borrarlo y transferir la propiedad a Apple para que podamos asignarte un nuevo dispositivo. Para asegurarte de que puedas iniciar sesión en Buscar y acceder a esta función, es importante que recuerdes tu ID de Apple y contraseña, y que mantengas la información de tu cuenta actualizada. Si usas la autenticación de doble factor para el ID de Apple, te recomendamos que añadas un número de teléfono adicional de confianza a tu cuenta en el que puedas recibir el código de verificación de 6 dígitos que necesitas para iniciar sesión aunque no tengas tu iPhone. Para obtener más información, visita las páginas de Soporte técnico de Apple.""}},""transactionId"":""d23ad3dc-c7ff-41aa-9b9c-54c82ea13f38-1790184046874""}"
True;5198419;2026-09-23 14:21:47.853000;2026-09-23 00:00:00;49101033;CREATEORDER;SDCQ0D4L4N4;MJRT4BE/A;"{""orderDetailsResponses"":{""deviceEligibility"":{""secondaryDisplay"":""0"",""partDescription"":""AppleCare+ con robo y pérdida para iPhone 18 Pro"",""coverageDuration"":""2"",""productStatement"":""Tu AppleCare+ con robo y pérdida para iPhone 18 Pro amplía la cobertura de servicio y soporte técnico a 2 años desde la fecha de compra de AppleCare+ con robo y pérdida e incluye cobertura para una cantidad ilimitada de incidentes por daño accidental debido a la manipulación del producto o un máximo de dos incidentes de robo y pérdida cada 12 meses, cada uno de ellos sujeto a un cargo adicional de R$28000  por los daños de la pantalla o la carcasa externa o de R$144000  por robo o pérdida o de R$96000  por Otros daños accidentales. Lee todos los detalles en los Términos y condiciones de AppleCare+."",""deviceDateOfPurchase"":""23/09/2026"",""deviceId"":""SDCQ0D4L4N4"",""registeredDevice"":""0"",""pocType"":""APOC"",""serialNumber"":""DCQ0D4L4N4"",""partNumber"":""SHMD3ZX/A"",""partAlias"":""ACPTL"",""purchaseMode"":""C"",""productDescription"":""iPhone 18 Pro"",""tlDisclosure"":""La cobertura de robo y pérdida requiere que tengas la función Buscar habilitada en tu dispositivo antes de que se pierda o te lo roben. Durante el proceso de reclamación, te pediremos que uses la función Buscar para poner el dispositivo perdido o robado en modo Perdido, borrarlo y transferir la propiedad a Apple para que podamos asignarte un nuevo dispositivo. Para asegurarte de que puedas iniciar sesión en Buscar y acceder a esta función, es importante que recuerdes tu ID de Apple y contraseña, y que mantengas la información de tu cuenta actualizada. Si usas la autenticación de doble factor para el ID de Apple, te recomendamos que añadas un número de teléfono adicional de confianza a tu cuenta en el que puedas recibir el código de verificación de 6 dígitos que necesitas para iniciar sesión aunque no tengas tu iPhone. Para obtener más información, visita las páginas de Soporte técnico de Apple.""},""orderConfirmation"":{""agreementNumber"":""328426480674"",""coverageDurationStatement"":""Finaliza el 22/09/2028"",""termConditionURL"":""http://www.apple.com/legal/sales-support/"",""partNumber"":""SHMD3ZX/A"",""partAlias"":""ACPTL"",""partType"":""AC+TL"",""purchaseMode"":""C"",""appleCareSalesDate"":""23/09/2026"",""pocType"":""APOC"",""purchaseOrderNumber"":""49101033""}},""transactionId"":""55df9219-cb94-4b62-8356-f38efdbb49f8-1790184096079""}"
True;1340732;2026-09-23 14:25:04.940000;2026-09-23 00:00:00;3201134;CREATEORDER;SLHXC0YH402;MJXR4BE/A;"{""orderDetailsResponses"":{""deviceEligibility"":{""secondaryDisplay"":""0"",""partDescription"":""AppleCare+ con robo y pérdida para iPhone 18 Pro Max"",""coverageDuration"":""2"",""productStatement"":""Tu AppleCare+ con robo y pérdida para iPhone 18 Pro Max amplía la cobertura de servicio y soporte técnico a 2 años desde la fecha de compra de AppleCare+ con robo y pérdida e incluye cobertura para una cantidad ilimitada de incidentes por daño accidental debido a la manipulación del producto o un máximo de dos incidentes de robo y pérdida cada 12 meses, cada uno de ellos sujeto a un cargo adicional de R$28000  por los daños de la pantalla o la carcasa externa o de R$144000  por robo o pérdida o de R$96000  por Otros daños accidentales. Lee todos los detalles en los Términos y condiciones de AppleCare+."",""deviceDateOfPurchase"":""23/09/2026"",""deviceId"":""SLHXC0YH402"",""registeredDevice"":""1"",""pocType"":""APOC"",""serialNumber"":""LHXC0YH402"",""partNumber"":""SHMP3ZX/A"",""partAlias"":""ACPTL"",""purchaseMode"":""C"",""productDescription"":""iPhone 18 Pro Max"",""tlDisclosure"":""La cobertura de robo y pérdida requiere que tengas la función Buscar habilitada en tu dispositivo antes de que se pierda o te lo roben. Durante el proceso de reclamación, te pediremos que uses la función Buscar para poner el dispositivo perdido o robado en modo Perdido, borrarlo y transferir la propiedad a Apple para que podamos asignarte un nuevo dispositivo. Para asegurarte de que puedas iniciar sesión en Buscar y acceder a esta función, es importante que recuerdes tu ID de Apple y contraseña, y que mantengas la información de tu cuenta actualizada. Si usas la autenticación de doble factor para el ID de Apple, te recomendamos que añadas un número de teléfono adicional de confianza a tu cuenta en el que puedas recibir el código de verificación de 6 dígitos que necesitas para iniciar sesión aunque no tengas tu iPhone. Para obtener más información, visita las páginas de Soporte técnico de Apple.""},""orderConfirmation"":{""agreementNumber"":""328426460858"",""coverageDurationStatement"":""Finaliza el 22/09/2028"",""termConditionURL"":""http://www.apple.com/legal/sales-support/"",""partNumber"":""SHMP3ZX/A"",""partAlias"":""ACPTL"",""partType"":""AC+TL"",""purchaseMode"":""C"",""appleCareSalesDate"":""23/09/2026"",""pocType"":""APOC"",""purchaseOrderNumber"":""3201134""}},""transactionId"":""8195cfc9-e796-4ab6-98e6-29739e39e868-1790184299659""}"
True;5188338;2026-09-23 14:25:35.097000;2026-09-23 00:00:00;26601127;VERIFYORDER;SF04MY7GHJ5;MJAQ4BE/A;"{""orderDetailsResponses"":{""deviceEligibility"":{""secondaryDisplay"":""0"",""partDescription"":""AppleCare+ para Apple Watch Ultra 4"",""coverageDuration"":""2"",""productStatement"":""AppleCare+ para Apple Watch Ultra 4 amplía la cobertura de servicio y soporte técnico a 2 años desde la fecha de compra de AppleCare+ e incluye cobertura para una cantidad ilimitada de incidentes por daño accidental debido a la manipulación del producto, cada uno de ellos sujeto a un cargo adicional de R$76000  por Otros daños accidentales. Lee todos los detalles en los Términos y condiciones de AppleCare+."",""deviceDateOfPurchase"":""23/09/2026"",""deviceId"":""SF04MY7GHJ5"",""registeredDevice"":""1"",""pocType"":""APOC"",""serialNumber"":""F04MY7GHJ5"",""partNumber"":""SH1E3ZX/A"",""partAlias"":""ACP"",""purchaseMode"":""C"",""productDescription"":""Watch Ultra 4 (GPS+Cell) Titanium 49MM""}},""transactionId"":""8aba88ec-a4d5-4da7-b562-7f918bdbce73-1790184334586""}"
True;5179374;2026-09-23 14:26:17.880000;2026-09-23 00:00:00;29601123;VERIFYORDER;SD66XLJ2JN1;MJXQ4BE/A;"{""orderDetailsResponses"":{""deviceEligibility"":{""secondaryDisplay"":""0"",""partDescription"":""AppleCare+ con robo y pérdida para iPhone 18 Pro Max"",""coverageDuration"":""2"",""productStatement"":""Tu AppleCare+ con robo y pérdida para iPhone 18 Pro Max amplía la cobertura de servicio y soporte técnico a 2 años desde la fecha de compra de AppleCare+ con robo y pérdida e incluye cobertura para una cantidad ilimitada de incidentes por daño accidental debido a la manipulación del producto o un máximo de dos incidentes de robo y pérdida cada 12 meses, cada uno de ellos sujeto a un cargo adicional de R$28000  por los daños de la pantalla o la carcasa externa o de R$144000  por robo o pérdida o de R$96000  por Otros daños accidentales. Lee todos los detalles en los Términos y condiciones de AppleCare+."",""deviceDateOfPurchase"":""23/09/2026"",""deviceId"":""SD66XLJ2JN1"",""registeredDevice"":""1"",""pocType"":""APOC"",""serialNumber"":""D66XLJ2JN1"",""partNumber"":""SHMP3ZX/A"",""partAlias"":""ACPTL"",""purchaseMode"":""C"",""productDescription"":""iPhone 18 Pro Max"",""tlDisclosure"":""La cobertura de robo y pérdida requiere que tengas la función Buscar habilitada en tu dispositivo antes de que se pierda o te lo roben. Durante el proceso de reclamación, te pediremos que uses la función Buscar para poner el dispositivo perdido o robado en modo Perdido, borrarlo y transferir la propiedad a Apple para que podamos asignarte un nuevo dispositivo. Para asegurarte de que puedas iniciar sesión en Buscar y acceder a esta función, es importante que recuerdes tu ID de Apple y contraseña, y que mantengas la información de tu cuenta actualizada. Si usas la autenticación de doble factor para el ID de Apple, te recomendamos que añadas un número de teléfono adicional de confianza a tu cuenta en el que puedas recibir el código de verificación de 6 dígitos que necesitas para iniciar sesión aunque no tengas tu iPhone. Para obtener más información, visita las páginas de Soporte técnico de Apple.""}},""transactionId"":""2e51c7bd-10e1-41c7-aa7a-ced774c202d3-1790184376334""}"
True;1328281;2026-09-23 14:26:43.710000;2026-09-23 00:00:00;1328281;VERIFYORDER;SF6CG6CTXGF;MJRU4BE/A;"{""orderDetailsResponses"":{""deviceEligibility"":{""secondaryDisplay"":""0"",""partDescription"":""AppleCare+ con robo y pérdida para iPhone 18 Pro"",""coverageDuration"":""2"",""productStatement"":""Tu AppleCare+ con robo y pérdida para iPhone 18 Pro amplía la cobertura de servicio y soporte técnico a 2 años desde la fecha de compra de AppleCare+ con robo y pérdida e incluye cobertura para una cantidad ilimitada de incidentes por daño accidental debido a la manipulación del producto o un máximo de dos incidentes de robo y pérdida cada 12 meses, cada uno de ellos sujeto a un cargo adicional de R$28000  por los daños de la pantalla o la carcasa externa o de R$144000  por robo o pérdida o de R$96000  por Otros daños accidentales. Lee todos los detalles en los Términos y condiciones de AppleCare+."",""deviceDateOfPurchase"":""23/09/2026"",""deviceId"":""SF6CG6CTXGF"",""registeredDevice"":""1"",""pocType"":""APOC"",""serialNumber"":""F6CG6CTXGF"",""partNumber"":""SHMD3ZX/A"",""partAlias"":""ACPTL"",""purchaseMode"":""C"",""productDescription"":""iPhone 18 Pro"",""tlDisclosure"":""La cobertura de robo y pérdida requiere que tengas la función Buscar habilitada en tu dispositivo antes de que se pierda o te lo roben. Durante el proceso de reclamación, te pediremos que uses la función Buscar para poner el dispositivo perdido o robado en modo Perdido, borrarlo y transferir la propiedad a Apple para que podamos asignarte un nuevo dispositivo. Para asegurarte de que puedas iniciar sesión en Buscar y acceder a esta función, es importante que recuerdes tu ID de Apple y contraseña, y que mantengas la información de tu cuenta actualizada. Si usas la autenticación de doble factor para el ID de Apple, te recomendamos que añadas un número de teléfono adicional de confianza a tu cuenta en el que puedas recibir el código de verificación de 6 dígitos que necesitas para iniciar sesión aunque no tengas tu iPhone. Para obtener más información, visita las páginas de Soporte técnico de Apple.""}},""transactionId"":""4aed68c3-e4a2-4561-8c97-2ba4e574c6a0-1790184403199""}"
True;1328281;2026-09-23 14:26:46.570000;2026-09-23 00:00:00;1328281;CREATEORDER;SF6CG6CTXGF;MJRU4BE/A;"{""orderDetailsResponses"":{""deviceEligibility"":{""secondaryDisplay"":""0"",""partDescription"":""AppleCare+ con robo y pérdida para iPhone 18 Pro"",""coverageDuration"":""2"",""productStatement"":""Tu AppleCare+ con robo y pérdida para iPhone 18 Pro amplía la cobertura de servicio y soporte técnico a 2 años desde la fecha de compra de AppleCare+ con robo y pérdida e incluye cobertura para una cantidad ilimitada de incidentes por daño accidental debido a la manipulación del producto o un máximo de dos incidentes de robo y pérdida cada 12 meses, cada uno de ellos sujeto a un cargo adicional de R$28000  por los daños de la pantalla o la carcasa externa o de R$144000  por robo o pérdida o de R$96000  por Otros daños accidentales. Lee todos los detalles en los Términos y condiciones de AppleCare+."",""deviceDateOfPurchase"":""23/09/2026"",""deviceId"":""SF6CG6CTXGF"",""registeredDevice"":""1"",""pocType"":""RPOC"",""serialNumber"":""F6CG6CTXGF"",""partNumber"":""SHMD3ZX/A"",""partAlias"":""ACPTL"",""purchaseMode"":""C"",""productDescription"":""iPhone 18 Pro"",""tlDisclosure"":""La cobertura de robo y pérdida requiere que tengas la función Buscar habilitada en tu dispositivo antes de que se pierda o te lo roben. Durante el proceso de reclamación, te pediremos que uses la función Buscar para poner el dispositivo perdido o robado en modo Perdido, borrarlo y transferir la propiedad a Apple para que podamos asignarte un nuevo dispositivo. Para asegurarte de que puedas iniciar sesión en Buscar y acceder a esta función, es importante que recuerdes tu ID de Apple y contraseña, y que mantengas la información de tu cuenta actualizada. Si usas la autenticación de doble factor para el ID de Apple, te recomendamos que añadas un número de teléfono adicional de confianza a tu cuenta en el que puedas recibir el código de verificación de 6 dígitos que necesitas para iniciar sesión aunque no tengas tu iPhone. Para obtener más información, visita las páginas de Soporte técnico de Apple.""},""orderConfirmation"":{""agreementNumber"":""328426521353"",""coverageDurationStatement"":""Finaliza el 22/09/2028"",""termConditionURL"":""http://www.apple.com/legal/sales-support/"",""partNumber"":""SHMD3ZX/A"",""partAlias"":""ACPTL"",""partType"":""AC+TL"",""purchaseMode"":""C"",""appleCareSalesDate"":""23/09/2026"",""pocType"":""RPOC"",""purchaseOrderNumber"":""1328281""}},""transactionId"":""2fc11728-9754-4608-9dad-55b0b74fb3dc-1790184405758""}"
True;5109109;2026-09-23 14:26:58.260000;2026-09-22 00:00:00;5109109;VERIFYORDER;SGXKMVTR9WR;MJRW4BE/A;"{""orderDetailsResponses"":{""deviceEligibility"":{""secondaryDisplay"":""0"",""partDescription"":""AppleCare+ con robo y pérdida para iPhone 18 Pro"",""coverageDuration"":""2"",""productStatement"":""Tu AppleCare+ con robo y pérdida para iPhone 18 Pro amplía la cobertura de servicio y soporte técnico a 2 años desde la fecha de compra de AppleCare+ con robo y pérdida e incluye cobertura para una cantidad ilimitada de incidentes por daño accidental debido a la manipulación del producto o un máximo de dos incidentes de robo y pérdida cada 12 meses, cada uno de ellos sujeto a un cargo adicional de R$28000  por los daños de la pantalla o la carcasa externa o de R$144000  por robo o pérdida o de R$96000  por Otros daños accidentales. Lee todos los detalles en los Términos y condiciones de AppleCare+."",""deviceDateOfPurchase"":""23/09/2026"",""deviceId"":""SGXKMVTR9WR"",""registeredDevice"":""1"",""pocType"":""APOC"",""serialNumber"":""GXKMVTR9WR"",""partNumber"":""SHMD3ZX/A"",""partAlias"":""ACPTL"",""purchaseMode"":""C"",""productDescription"":""iPhone 18 Pro"",""tlDisclosure"":""La cobertura de robo y pérdida requiere que tengas la función Buscar habilitada en tu dispositivo antes de que se pierda o te lo roben. Durante el proceso de reclamación, te pediremos que uses la función Buscar para poner el dispositivo perdido o robado en modo Perdido, borrarlo y transferir la propiedad a Apple para que podamos asignarte un nuevo dispositivo. Para asegurarte de que puedas iniciar sesión en Buscar y acceder a esta función, es importante que recuerdes tu ID de Apple y contraseña, y que mantengas la información de tu cuenta actualizada. Si usas la autenticación de doble factor para el ID de Apple, te recomendamos que añadas un número de teléfono adicional de confianza a tu cuenta en el que puedas recibir el código de verificación de 6 dígitos que necesitas para iniciar sesión aunque no tengas tu iPhone. Para obtener más información, visita las páginas de Soporte técnico de Apple.""}},""transactionId"":""2665c5ab-c8ab-41cc-bd81-09259e015102-1790184417749""}"
True;5109109;2026-09-23 14:27:00.270000;2026-09-22 00:00:00;5109109;CREATEORDER;SGXKMVTR9WR;MJRW4BE/A;"{""orderDetailsResponses"":{""deviceEligibility"":{""secondaryDisplay"":""0"",""partDescription"":""AppleCare+ con robo y pérdida para iPhone 18 Pro"",""coverageDuration"":""2"",""productStatement"":""Tu AppleCare+ con robo y pérdida para iPhone 18 Pro amplía la cobertura de servicio y soporte técnico a 2 años desde la fecha de compra de AppleCare+ con robo y pérdida e incluye cobertura para una cantidad ilimitada de incidentes por daño accidental debido a la manipulación del producto o un máximo de dos incidentes de robo y pérdida cada 12 meses, cada uno de ellos sujeto a un cargo adicional de R$28000  por los daños de la pantalla o la carcasa externa o de R$144000  por robo o pérdida o de R$96000  por Otros daños accidentales. Lee todos los detalles en los Términos y condiciones de AppleCare+."",""deviceDateOfPurchase"":""23/09/2026"",""deviceId"":""SGXKMVTR9WR"",""registeredDevice"":""1"",""pocType"":""RPOC"",""serialNumber"":""GXKMVTR9WR"",""partNumber"":""SHMD3ZX/A"",""partAlias"":""ACPTL"",""purchaseMode"":""C"",""productDescription"":""iPhone 18 Pro"",""tlDisclosure"":""La cobertura de robo y pérdida requiere que tengas la función Buscar habilitada en tu dispositivo antes de que se pierda o te lo roben. Durante el proceso de reclamación, te pediremos que uses la función Buscar para poner el dispositivo perdido o robado en modo Perdido, borrarlo y transferir la propiedad a Apple para que podamos asignarte un nuevo dispositivo. Para asegurarte de que puedas iniciar sesión en Buscar y acceder a esta función, es importante que recuerdes tu ID de Apple y contraseña, y que mantengas la información de tu cuenta actualizada. Si usas la autenticación de doble factor para el ID de Apple, te recomendamos que añadas un número de teléfono adicional de confianza a tu cuenta en el que puedas recibir el código de verificación de 6 dígitos que necesitas para iniciar sesión aunque no tengas tu iPhone. Para obtener más información, visita las páginas de Soporte técnico de Apple.""},""orderConfirmation"":{""agreementNumber"":""328426461783"",""coverageDurationStatement"":""Finaliza el 22/09/2028"",""termConditionURL"":""http://www.apple.com/legal/sales-support/"",""partNumber"":""SHMD3ZX/A"",""partAlias"":""ACPTL"",""partType"":""AC+TL"",""purchaseMode"":""C"",""appleCareSalesDate"":""23/09/2026"",""pocType"":""RPOC"",""purchaseOrderNumber"":""5109109""}},""transactionId"":""453afd86-e464-4be0-bf52-453242ee82b3-1790184419263""}"
True;5120663;2026-09-23 14:30:57.633000;2026-09-23 00:00:00;64001082;VERIFYORDER;SM71GJF744Y;MJRP4BE/A;"{""orderDetailsResponses"":{""deviceEligibility"":{""secondaryDisplay"":""0"",""partDescription"":""AppleCare+ con robo y pérdida para iPhone 18 Pro"",""coverageDuration"":""2"",""productStatement"":""Tu AppleCare+ con robo y pérdida para iPhone 18 Pro amplía la cobertura de servicio y soporte técnico a 2 años desde la fecha de compra de AppleCare+ con robo y pérdida e incluye cobertura para una cantidad ilimitada de incidentes por daño accidental debido a la manipulación del producto o un máximo de dos incidentes de robo y pérdida cada 12 meses, cada uno de ellos sujeto a un cargo adicional de R$28000  por los daños de la pantalla o la carcasa externa o de R$144000  por robo o pérdida o de R$96000  por Otros daños accidentales. Lee todos los detalles en los Términos y condiciones de AppleCare+."",""deviceDateOfPurchase"":""22/09/2026"",""deviceId"":""SM71GJF744Y"",""registeredDevice"":""0"",""pocType"":""APOC"",""serialNumber"":""M71GJF744Y"",""partNumber"":""SHMD3ZX/A"",""partAlias"":""ACPTL"",""purchaseMode"":""I"",""productDescription"":""iPhone 18 Pro"",""tlDisclosure"":""La cobertura de robo y pérdida requiere que tengas la función Buscar habilitada en tu dispositivo antes de que se pierda o te lo roben. Durante el proceso de reclamación, te pediremos que uses la función Buscar para poner el dispositivo perdido o robado en modo Perdido, borrarlo y transferir la propiedad a Apple para que podamos asignarte un nuevo dispositivo. Para asegurarte de que puedas iniciar sesión en Buscar y acceder a esta función, es importante que recuerdes tu ID de Apple y contraseña, y que mantengas la información de tu cuenta actualizada. Si usas la autenticación de doble factor para el ID de Apple, te recomendamos que añadas un número de teléfono adicional de confianza a tu cuenta en el que puedas recibir el código de verificación de 6 dígitos que necesitas para iniciar sesión aunque no tengas tu iPhone. Para obtener más información, visita las páginas de Soporte técnico de Apple.""}},""transactionId"":""be6e4d63-a9d7-4aca-9bfc-59c3380c892d-1790184657081""}"
True;5188338;2026-09-23 14:31:24.843000;2026-09-23 00:00:00;26601127;CREATEORDER;SF04MY7GHJ5;MJAQ4BE/A;"{""orderDetailsResponses"":{""deviceEligibility"":{""secondaryDisplay"":""0"",""partDescription"":""AppleCare+ para Apple Watch Ultra 4"",""coverageDuration"":""2"",""productStatement"":""AppleCare+ para Apple Watch Ultra 4 amplía la cobertura de servicio y soporte técnico a 2 años desde la fecha de compra de AppleCare+ e incluye cobertura para una cantidad ilimitada de incidentes por daño accidental debido a la manipulación del producto, cada uno de ellos sujeto a un cargo adicional de R$76000  por Otros daños accidentales. Lee todos los detalles en los Términos y condiciones de AppleCare+."",""deviceDateOfPurchase"":""23/09/2026"",""deviceId"":""SF04MY7GHJ5"",""registeredDevice"":""1"",""pocType"":""APOC"",""serialNumber"":""F04MY7GHJ5"",""partNumber"":""SH1E3ZX/A"",""partAlias"":""ACP"",""purchaseMode"":""C"",""productDescription"":""Watch Ultra 4 (GPS+Cell) Titanium 49MM""},""orderConfirmation"":{""agreementNumber"":""328426480802"",""coverageDurationStatement"":""Finaliza el 22/09/2028"",""termConditionURL"":""http://www.apple.com/legal/sales-support/"",""partNumber"":""SH1E3ZX/A"",""partAlias"":""ACP"",""partType"":""AppleCare+"",""purchaseMode"":""C"",""appleCareSalesDate"":""23/09/2026"",""pocType"":""APOC"",""purchaseOrderNumber"":""26601127""}},""transactionId"":""d8e0b145-08b0-4ee4-84d0-f331a25a13d0-1790184679739""}"
True;5120663;2026-09-23 14:33:31.040000;2026-09-23 00:00:00;64001082;CREATEORDER;SM71GJF744Y;MJRP4BE/A;"{""orderDetailsResponses"":{""deviceEligibility"":{""secondaryDisplay"":""0"",""partDescription"":""AppleCare+ con robo y pérdida para iPhone 18 Pro"",""coverageDuration"":""2"",""productStatement"":""Tu AppleCare+ con robo y pérdida para iPhone 18 Pro amplía la cobertura de servicio y soporte técnico a 2 años desde la fecha de compra de AppleCare+ con robo y pérdida e incluye cobertura para una cantidad ilimitada de incidentes por daño accidental debido a la manipulación del producto o un máximo de dos incidentes de robo y pérdida cada 12 meses, cada uno de ellos sujeto a un cargo adicional de R$28000  por los daños de la pantalla o la carcasa externa o de R$144000  por robo o pérdida o de R$96000  por Otros daños accidentales. Lee todos los detalles en los Términos y condiciones de AppleCare+."",""deviceDateOfPurchase"":""22/09/2026"",""deviceId"":""SM71GJF744Y"",""registeredDevice"":""0"",""pocType"":""APOC"",""serialNumber"":""M71GJF744Y"",""partNumber"":""SHMD3ZX/A"",""partAlias"":""ACPTL"",""purchaseMode"":""I"",""productDescription"":""iPhone 18 Pro"",""tlDisclosure"":""La cobertura de robo y pérdida requiere que tengas la función Buscar habilitada en tu dispositivo antes de que se pierda o te lo roben. Durante el proceso de reclamación, te pediremos que uses la función Buscar para poner el dispositivo perdido o robado en modo Perdido, borrarlo y transferir la propiedad a Apple para que podamos asignarte un nuevo dispositivo. Para asegurarte de que puedas iniciar sesión en Buscar y acceder a esta función, es importante que recuerdes tu ID de Apple y contraseña, y que mantengas la información de tu cuenta actualizada. Si usas la autenticación de doble factor para el ID de Apple, te recomendamos que añadas un número de teléfono adicional de confianza a tu cuenta en el que puedas recibir el código de verificación de 6 dígitos que necesitas para iniciar sesión aunque no tengas tu iPhone. Para obtener más información, visita las páginas de Soporte técnico de Apple.""},""orderConfirmation"":{""agreementNumber"":""328426501541"",""coverageDurationStatement"":""Finaliza el 22/09/2028"",""termConditionURL"":""http://www.apple.com/legal/sales-support/"",""partNumber"":""SHMD3ZX/A"",""partAlias"":""ACPTL"",""partType"":""AC+TL"",""purchaseMode"":""I"",""appleCareSalesDate"":""23/09/2026"",""pocType"":""APOC"",""purchaseOrderNumber"":""64001082""}},""transactionId"":""8833bac2-8bdd-490a-9d2b-75167be3ec68-1790184806061""}"
True;5120664;2026-09-23 14:37:51.560000;2026-09-23 00:00:00;64101082;VERIFYORDER;SLW60LGKMGT;MJRR4BE/A;"{""orderDetailsResponses"":{""deviceEligibility"":{""secondaryDisplay"":""0"",""partDescription"":""AppleCare+ con robo y pérdida para iPhone 18 Pro"",""coverageDuration"":""2"",""productStatement"":""Tu AppleCare+ con robo y pérdida para iPhone 18 Pro amplía la cobertura de servicio y soporte técnico a 2 años desde la fecha de compra de AppleCare+ con robo y pérdida e incluye cobertura para una cantidad ilimitada de incidentes por daño accidental debido a la manipulación del producto o un máximo de dos incidentes de robo y pérdida cada 12 meses, cada uno de ellos sujeto a un cargo adicional de R$28000  por los daños de la pantalla o la carcasa externa o de R$144000  por robo o pérdida o de R$96000  por Otros daños accidentales. Lee todos los detalles en los Términos y condiciones de AppleCare+."",""deviceDateOfPurchase"":""23/09/2026"",""deviceId"":""SLW60LGKMGT"",""registeredDevice"":""1"",""pocType"":""APOC"",""serialNumber"":""LW60LGKMGT"",""partNumber"":""SHMD3ZX/A"",""partAlias"":""ACPTL"",""purchaseMode"":""C"",""productDescription"":""iPhone 18 Pro"",""tlDisclosure"":""La cobertura de robo y pérdida requiere que tengas la función Buscar habilitada en tu dispositivo antes de que se pierda o te lo roben. Durante el proceso de reclamación, te pediremos que uses la función Buscar para poner el dispositivo perdido o robado en modo Perdido, borrarlo y transferir la propiedad a Apple para que podamos asignarte un nuevo dispositivo. Para asegurarte de que puedas iniciar sesión en Buscar y acceder a esta función, es importante que recuerdes tu ID de Apple y contraseña, y que mantengas la información de tu cuenta actualizada. Si usas la autenticación de doble factor para el ID de Apple, te recomendamos que añadas un número de teléfono adicional de confianza a tu cuenta en el que puedas recibir el código de verificación de 6 dígitos que necesitas para iniciar sesión aunque no tengas tu iPhone. Para obtener más información, visita las páginas de Soporte técnico de Apple.""}},""transactionId"":""d136a17f-c321-4b03-ac4f-3c1b899e6013-1790185070741""}"
True;5123799;2026-09-23 14:38:57.017000;2026-09-23 00:00:00;18801032;VERIFYORDER;SCRXR500V9D;MJXV4BE/A;"{""orderDetailsResponses"":{""deviceEligibility"":{""secondaryDisplay"":""0"",""partDescription"":""AppleCare+ con robo y pérdida para iPhone 18 Pro Max"",""coverageDuration"":""2"",""productStatement"":""Tu AppleCare+ con robo y pérdida para iPhone 18 Pro Max amplía la cobertura de servicio y soporte técnico a 2 años desde la fecha de compra de AppleCare+ con robo y pérdida e incluye cobertura para una cantidad ilimitada de incidentes por daño accidental debido a la manipulación del producto o un máximo de dos incidentes de robo y pérdida cada 12 meses, cada uno de ellos sujeto a un cargo adicional de R$28000  por los daños de la pantalla o la carcasa externa o de R$144000  por robo o pérdida o de R$96000  por Otros daños accidentales. Lee todos los detalles en los Términos y condiciones de AppleCare+."",""deviceDateOfPurchase"":""23/09/2026"",""deviceId"":""SCRXR500V9D"",""registeredDevice"":""1"",""pocType"":""APOC"",""serialNumber"":""CRXR500V9D"",""partNumber"":""SHMP3ZX/A"",""partAlias"":""ACPTL"",""purchaseMode"":""C"",""productDescription"":""iPhone 18 Pro Max"",""tlDisclosure"":""La cobertura de robo y pérdida requiere que tengas la función Buscar habilitada en tu dispositivo antes de que se pierda o te lo roben. Durante el proceso de reclamación, te pediremos que uses la función Buscar para poner el dispositivo perdido o robado en modo Perdido, borrarlo y transferir la propiedad a Apple para que podamos asignarte un nuevo dispositivo. Para asegurarte de que puedas iniciar sesión en Buscar y acceder a esta función, es importante que recuerdes tu ID de Apple y contraseña, y que mantengas la información de tu cuenta actualizada. Si usas la autenticación de doble factor para el ID de Apple, te recomendamos que añadas un número de teléfono adicional de confianza a tu cuenta en el que puedas recibir el código de verificación de 6 dígitos que necesitas para iniciar sesión aunque no tengas tu iPhone. Para obtener más información, visita las páginas de Soporte técnico de Apple.""}},""transactionId"":""4965b254-0a6a-4e9a-bf76-9010af414a62-1790185136485""}"
True;1335304;2026-09-23 14:40:07.223000;2026-09-23 00:00:00;68701117;VERIFYORDER;HHW6F2XY04;MJXN4BE/A;"{""orderDetailsResponses"":{""deviceEligibility"":{""secondaryDisplay"":""0"",""partDescription"":""AppleCare+ con robo y pérdida para iPhone 18 Pro Max"",""coverageDuration"":""2"",""productStatement"":""Tu AppleCare+ con robo y pérdida para iPhone 18 Pro Max amplía la cobertura de servicio y soporte técnico a 2 años desde la fecha de compra de AppleCare+ con robo y pérdida e incluye cobertura para una cantidad ilimitada de incidentes por daño accidental debido a la manipulación del producto o un máximo de dos incidentes de robo y pérdida cada 12 meses, cada uno de ellos sujeto a un cargo adicional de R$28000  por los daños de la pantalla o la carcasa externa o de R$144000  por robo o pérdida o de R$96000  por Otros daños accidentales. Lee todos los detalles en los Términos y condiciones de AppleCare+."",""deviceDateOfPurchase"":""23/09/2026"",""deviceId"":""HHW6F2XY04"",""registeredDevice"":""1"",""pocType"":""APOC"",""serialNumber"":""HHW6F2XY04"",""partNumber"":""SHMP3ZX/A"",""partAlias"":""ACPTL"",""purchaseMode"":""C"",""productDescription"":""iPhone 18 Pro Max"",""tlDisclosure"":""La cobertura de robo y pérdida requiere que tengas la función Buscar habilitada en tu dispositivo antes de que se pierda o te lo roben. Durante el proceso de reclamación, te pediremos que uses la función Buscar para poner el dispositivo perdido o robado en modo Perdido, borrarlo y transferir la propiedad a Apple para que podamos asignarte un nuevo dispositivo. Para asegurarte de que puedas iniciar sesión en Buscar y acceder a esta función, es importante que recuerdes tu ID de Apple y contraseña, y que mantengas la información de tu cuenta actualizada. Si usas la autenticación de doble factor para el ID de Apple, te recomendamos que añadas un número de teléfono adicional de confianza a tu cuenta en el que puedas recibir el código de verificación de 6 dígitos que necesitas para iniciar sesión aunque no tengas tu iPhone. Para obtener más información, visita las páginas de Soporte técnico de Apple.""}},""transactionId"":""390ca337-832e-4900-b3fe-5fbe269d7db2-1790185206655""}"
True;5123799;2026-09-23 14:40:49.143000;2026-09-23 00:00:00;18801032;CREATEORDER;SCRXR500V9D;MJXV4BE/A;"{""orderDetailsResponses"":{""deviceEligibility"":{""secondaryDisplay"":""0"",""partDescription"":""AppleCare+ con robo y pérdida para iPhone 18 Pro Max"",""coverageDuration"":""2"",""productStatement"":""Tu AppleCare+ con robo y pérdida para iPhone 18 Pro Max amplía la cobertura de servicio y soporte técnico a 2 años desde la fecha de compra de AppleCare+ con robo y pérdida e incluye cobertura para una cantidad ilimitada de incidentes por daño accidental debido a la manipulación del producto o un máximo de dos incidentes de robo y pérdida cada 12 meses, cada uno de ellos sujeto a un cargo adicional de R$28000  por los daños de la pantalla o la carcasa externa o de R$144000  por robo o pérdida o de R$96000  por Otros daños accidentales. Lee todos los detalles en los Términos y condiciones de AppleCare+."",""deviceDateOfPurchase"":""23/09/2026"",""deviceId"":""SCRXR500V9D"",""registeredDevice"":""1"",""pocType"":""APOC"",""serialNumber"":""CRXR500V9D"",""partNumber"":""SHMP3ZX/A"",""partAlias"":""ACPTL"",""purchaseMode"":""C"",""productDescription"":""iPhone 18 Pro Max"",""tlDisclosure"":""La cobertura de robo y pérdida requiere que tengas la función Buscar habilitada en tu dispositivo antes de que se pierda o te lo roben. Durante el proceso de reclamación, te pediremos que uses la función Buscar para poner el dispositivo perdido o robado en modo Perdido, borrarlo y transferir la propiedad a Apple para que podamos asignarte un nuevo dispositivo. Para asegurarte de que puedas iniciar sesión en Buscar y acceder a esta función, es importante que recuerdes tu ID de Apple y contraseña, y que mantengas la información de tu cuenta actualizada. Si usas la autenticación de doble factor para el ID de Apple, te recomendamos que añadas un número de teléfono adicional de confianza a tu cuenta en el que puedas recibir el código de verificación de 6 dígitos que necesitas para iniciar sesión aunque no tengas tu iPhone. Para obtener más información, visita las páginas de Soporte técnico de Apple.""},""orderConfirmation"":{""agreementNumber"":""328426480929"",""coverageDurationStatement"":""Finaliza el 22/09/2028"",""termConditionURL"":""http://www.apple.com/legal/sales-support/"",""partNumber"":""SHMP3ZX/A"",""partAlias"":""ACPTL"",""partType"":""AC+TL"",""purchaseMode"":""C"",""appleCareSalesDate"":""23/09/2026"",""pocType"":""APOC"",""purchaseOrderNumber"":""18801032""}},""transactionId"":""0a2167cd-4f6a-4372-95b8-4a0f5a887309-1790185243910""}"
True;5138575;2026-09-23 14:42:54.850000;2026-09-23 00:00:00;1101139;VERIFYORDER;sly7j9j36l6;MEQX4AM/A;"{""orderDetailsResponses"":{""deviceEligibility"":{""secondaryDisplay"":""0"",""partDescription"":""AppleCare+ para Apple Watch Series 11"",""coverageDuration"":""2"",""productStatement"":""AppleCare+ para Apple Watch Series 11 amplía la cobertura de servicio y soporte técnico a 2 años desde la fecha de compra de AppleCare+ e incluye cobertura para una cantidad ilimitada de incidentes por daño accidental debido a la manipulación del producto, cada uno de ellos sujeto a un cargo adicional de R$67000  por Otros daños accidentales. Lee todos los detalles en los Términos y condiciones de AppleCare+."",""deviceDateOfPurchase"":""23/09/2026"",""deviceId"":""SLY7J9J36L6"",""registeredDevice"":""1"",""pocType"":""APOC"",""serialNumber"":""LY7J9J36L6"",""partNumber"":""SXCJ2ZX/A"",""partAlias"":""ACP"",""purchaseMode"":""C"",""productDescription"":""Watch Series 11 (GPS) Aluminum 42MM""}},""transactionId"":""54d61f3f-3533-484a-9852-808410683373-1790185374332""}"
True;1341159;2026-09-23 14:43:14.947000;2026-09-23 00:00:00;25101111;VERIFYORDER;SH967CWYRQK;MJXQ4BE/A;"{""orderDetailsResponses"":{""deviceEligibility"":{""secondaryDisplay"":""0"",""partDescription"":""AppleCare+ con robo y pérdida para iPhone 18 Pro Max"",""coverageDuration"":""2"",""productStatement"":""Tu AppleCare+ con robo y pérdida para iPhone 18 Pro Max amplía la cobertura de servicio y soporte técnico a 2 años desde la fecha de compra de AppleCare+ con robo y pérdida e incluye cobertura para una cantidad ilimitada de incidentes por daño accidental debido a la manipulación del producto o un máximo de dos incidentes de robo y pérdida cada 12 meses, cada uno de ellos sujeto a un cargo adicional de R$28000  por los daños de la pantalla o la carcasa externa o de R$144000  por robo o pérdida o de R$96000  por Otros daños accidentales. Lee todos los detalles en los Términos y condiciones de AppleCare+."",""deviceDateOfPurchase"":""23/09/2026"",""deviceId"":""SH967CWYRQK"",""registeredDevice"":""1"",""pocType"":""APOC"",""serialNumber"":""H967CWYRQK"",""partNumber"":""SHMP3ZX/A"",""partAlias"":""ACPTL"",""purchaseMode"":""C"",""productDescription"":""iPhone 18 Pro Max"",""tlDisclosure"":""La cobertura de robo y pérdida requiere que tengas la función Buscar habilitada en tu dispositivo antes de que se pierda o te lo roben. Durante el proceso de reclamación, te pediremos que uses la función Buscar para poner el dispositivo perdido o robado en modo Perdido, borrarlo y transferir la propiedad a Apple para que podamos asignarte un nuevo dispositivo. Para asegurarte de que puedas iniciar sesión en Buscar y acceder a esta función, es importante que recuerdes tu ID de Apple y contraseña, y que mantengas la información de tu cuenta actualizada. Si usas la autenticación de doble factor para el ID de Apple, te recomendamos que añadas un número de teléfono adicional de confianza a tu cuenta en el que puedas recibir el código de verificación de 6 dígitos que necesitas para iniciar sesión aunque no tengas tu iPhone. Para obtener más información, visita las páginas de Soporte técnico de Apple.""}},""transactionId"":""8afe3739-8d78-4872-a212-82d2eaa82f2b-1790185394404""}"
True;1335304;2026-09-23 14:43:23.593000;2026-09-23 00:00:00;68701117;CREATEORDER;HHW6F2XY04;MJXN4BE/A;"{""orderDetailsResponses"":{""deviceEligibility"":{""secondaryDisplay"":""0"",""partDescription"":""AppleCare+ con robo y pérdida para iPhone 18 Pro Max"",""coverageDuration"":""2"",""productStatement"":""Tu AppleCare+ con robo y pérdida para iPhone 18 Pro Max amplía la cobertura de servicio y soporte técnico a 2 años desde la fecha de compra de AppleCare+ con robo y pérdida e incluye cobertura para una cantidad ilimitada de incidentes por daño accidental debido a la manipulación del producto o un máximo de dos incidentes de robo y pérdida cada 12 meses, cada uno de ellos sujeto a un cargo adicional de R$28000  por los daños de la pantalla o la carcasa externa o de R$144000  por robo o pérdida o de R$96000  por Otros daños accidentales. Lee todos los detalles en los Términos y condiciones de AppleCare+."",""deviceDateOfPurchase"":""23/09/2026"",""deviceId"":""HHW6F2XY04"",""registeredDevice"":""1"",""pocType"":""APOC"",""serialNumber"":""HHW6F2XY04"",""partNumber"":""SHMP3ZX/A"",""partAlias"":""ACPTL"",""purchaseMode"":""C"",""productDescription"":""iPhone 18 Pro Max"",""tlDisclosure"":""La cobertura de robo y pérdida requiere que tengas la función Buscar habilitada en tu dispositivo antes de que se pierda o te lo roben. Durante el proceso de reclamación, te pediremos que uses la función Buscar para poner el dispositivo perdido o robado en modo Perdido, borrarlo y transferir la propiedad a Apple para que podamos asignarte un nuevo dispositivo. Para asegurarte de que puedas iniciar sesión en Buscar y acceder a esta función, es importante que recuerdes tu ID de Apple y contraseña, y que mantengas la información de tu cuenta actualizada. Si usas la autenticación de doble factor para el ID de Apple, te recomendamos que añadas un número de teléfono adicional de confianza a tu cuenta en el que puedas recibir el código de verificación de 6 dígitos que necesitas para iniciar sesión aunque no tengas tu iPhone. Para obtener más información, visita las páginas de Soporte técnico de Apple.""},""orderConfirmation"":{""agreementNumber"":""328426500930"",""coverageDurationStatement"":""Finaliza el 22/09/2028"",""termConditionURL"":""http://www.apple.com/legal/sales-support/"",""partNumber"":""SHMP3ZX/A"",""partAlias"":""ACPTL"",""partType"":""AC+TL"",""purchaseMode"":""C"",""appleCareSalesDate"":""23/09/2026"",""pocType"":""APOC"",""purchaseOrderNumber"":""68701117""}},""transactionId"":""835e1325-cefe-4ba0-8362-80847ac56966-1790185398618""}"
True;5179374;2026-09-23 14:44:44.067000;2026-09-23 00:00:00;29601123;CREATEORDER;SD66XLJ2JN1;MJXQ4BE/A;"{""orderDetailsResponses"":{""deviceEligibility"":{""secondaryDisplay"":""0"",""partDescription"":""AppleCare+ con robo y pérdida para iPhone 18 Pro Max"",""coverageDuration"":""2"",""productStatement"":""Tu AppleCare+ con robo y pérdida para iPhone 18 Pro Max amplía la cobertura de servicio y soporte técnico a 2 años desde la fecha de compra de AppleCare+ con robo y pérdida e incluye cobertura para una cantidad ilimitada de incidentes por daño accidental debido a la manipulación del producto o un máximo de dos incidentes de robo y pérdida cada 12 meses, cada uno de ellos sujeto a un cargo adicional de R$28000  por los daños de la pantalla o la carcasa externa o de R$144000  por robo o pérdida o de R$96000  por Otros daños accidentales. Lee todos los detalles en los Términos y condiciones de AppleCare+."",""deviceDateOfPurchase"":""23/09/2026"",""deviceId"":""SD66XLJ2JN1"",""registeredDevice"":""1"",""pocType"":""APOC"",""serialNumber"":""D66XLJ2JN1"",""partNumber"":""SHMP3ZX/A"",""partAlias"":""ACPTL"",""purchaseMode"":""C"",""productDescription"":""iPhone 18 Pro Max"",""tlDisclosure"":""La cobertura de robo y pérdida requiere que tengas la función Buscar habilitada en tu dispositivo antes de que se pierda o te lo roben. Durante el proceso de reclamación, te pediremos que uses la función Buscar para poner el dispositivo perdido o robado en modo Perdido, borrarlo y transferir la propiedad a Apple para que podamos asignarte un nuevo dispositivo. Para asegurarte de que puedas iniciar sesión en Buscar y acceder a esta función, es importante que recuerdes tu ID de Apple y contraseña, y que mantengas la información de tu cuenta actualizada. Si usas la autenticación de doble factor para el ID de Apple, te recomendamos que añadas un número de teléfono adicional de confianza a tu cuenta en el que puedas recibir el código de verificación de 6 dígitos que necesitas para iniciar sesión aunque no tengas tu iPhone. Para obtener más información, visita las páginas de Soporte técnico de Apple.""},""orderConfirmation"":{""agreementNumber"":""328426541329"",""coverageDurationStatement"":""Finaliza el 22/09/2028"",""termConditionURL"":""http://www.apple.com/legal/sales-support/"",""partNumber"":""SHMP3ZX/A"",""partAlias"":""ACPTL"",""partType"":""AC+TL"",""purchaseMode"":""C"",""appleCareSalesDate"":""23/09/2026"",""pocType"":""APOC"",""purchaseOrderNumber"":""29601123""}},""transactionId"":""8bbcd346-3005-40c4-be7e-4795cb73b454-1790185479185""}"
True;5120664;2026-09-23 14:44:46.467000;2026-09-23 00:00:00;64101082;CREATEORDER;SLW60LGKMGT;MJRR4BE/A;"{""orderDetailsResponses"":{""deviceEligibility"":{""secondaryDisplay"":""0"",""partDescription"":""AppleCare+ con robo y pérdida para iPhone 18 Pro"",""coverageDuration"":""2"",""productStatement"":""Tu AppleCare+ con robo y pérdida para iPhone 18 Pro amplía la cobertura de servicio y soporte técnico a 2 años desde la fecha de compra de AppleCare+ con robo y pérdida e incluye cobertura para una cantidad ilimitada de incidentes por daño accidental debido a la manipulación del producto o un máximo de dos incidentes de robo y pérdida cada 12 meses, cada uno de ellos sujeto a un cargo adicional de R$28000  por los daños de la pantalla o la carcasa externa o de R$144000  por robo o pérdida o de R$96000  por Otros daños accidentales. Lee todos los detalles en los Términos y condiciones de AppleCare+."",""deviceDateOfPurchase"":""23/09/2026"",""deviceId"":""SLW60LGKMGT"",""registeredDevice"":""1"",""pocType"":""APOC"",""serialNumber"":""LW60LGKMGT"",""partNumber"":""SHMD3ZX/A"",""partAlias"":""ACPTL"",""purchaseMode"":""C"",""productDescription"":""iPhone 18 Pro"",""tlDisclosure"":""La cobertura de robo y pérdida requiere que tengas la función Buscar habilitada en tu dispositivo antes de que se pierda o te lo roben. Durante el proceso de reclamación, te pediremos que uses la función Buscar para poner el dispositivo perdido o robado en modo Perdido, borrarlo y transferir la propiedad a Apple para que podamos asignarte un nuevo dispositivo. Para asegurarte de que puedas iniciar sesión en Buscar y acceder a esta función, es importante que recuerdes tu ID de Apple y contraseña, y que mantengas la información de tu cuenta actualizada. Si usas la autenticación de doble factor para el ID de Apple, te recomendamos que añadas un número de teléfono adicional de confianza a tu cuenta en el que puedas recibir el código de verificación de 6 dígitos que necesitas para iniciar sesión aunque no tengas tu iPhone. Para obtener más información, visita las páginas de Soporte técnico de Apple.""},""orderConfirmation"":{""agreementNumber"":""328426522501"",""coverageDurationStatement"":""Finaliza el 22/09/2028"",""termConditionURL"":""http://www.apple.com/legal/sales-support/"",""partNumber"":""SHMD3ZX/A"",""partAlias"":""ACPTL"",""partType"":""AC+TL"",""purchaseMode"":""C"",""appleCareSalesDate"":""23/09/2026"",""pocType"":""APOC"",""purchaseOrderNumber"":""64101082""}},""transactionId"":""aad9477d-785c-4f18-bf43-d966077dd921-1790185481796""}"
True;1341159;2026-09-23 14:44:57.827000;2026-09-23 00:00:00;25101111;CREATEORDER;SH967CWYRQK;MJXQ4BE/A;"{""orderDetailsResponses"":{""deviceEligibility"":{""secondaryDisplay"":""0"",""partDescription"":""AppleCare+ con robo y pérdida para iPhone 18 Pro Max"",""coverageDuration"":""2"",""productStatement"":""Tu AppleCare+ con robo y pérdida para iPhone 18 Pro Max amplía la cobertura de servicio y soporte técnico a 2 años desde la fecha de compra de AppleCare+ con robo y pérdida e incluye cobertura para una cantidad ilimitada de incidentes por daño accidental debido a la manipulación del producto o un máximo de dos incidentes de robo y pérdida cada 12 meses, cada uno de ellos sujeto a un cargo adicional de R$28000  por los daños de la pantalla o la carcasa externa o de R$144000  por robo o pérdida o de R$96000  por Otros daños accidentales. Lee todos los detalles en los Términos y condiciones de AppleCare+."",""deviceDateOfPurchase"":""23/09/2026"",""deviceId"":""SH967CWYRQK"",""registeredDevice"":""1"",""pocType"":""APOC"",""serialNumber"":""H967CWYRQK"",""partNumber"":""SHMP3ZX/A"",""partAlias"":""ACPTL"",""purchaseMode"":""C"",""productDescription"":""iPhone 18 Pro Max"",""tlDisclosure"":""La cobertura de robo y pérdida requiere que tengas la función Buscar habilitada en tu dispositivo antes de que se pierda o te lo roben. Durante el proceso de reclamación, te pediremos que uses la función Buscar para poner el dispositivo perdido o robado en modo Perdido, borrarlo y transferir la propiedad a Apple para que podamos asignarte un nuevo dispositivo. Para asegurarte de que puedas iniciar sesión en Buscar y acceder a esta función, es importante que recuerdes tu ID de Apple y contraseña, y que mantengas la información de tu cuenta actualizada. Si usas la autenticación de doble factor para el ID de Apple, te recomendamos que añadas un número de teléfono adicional de confianza a tu cuenta en el que puedas recibir el código de verificación de 6 dígitos que necesitas para iniciar sesión aunque no tengas tu iPhone. Para obtener más información, visita las páginas de Soporte técnico de Apple.""},""orderConfirmation"":{""agreementNumber"":""328426541333"",""coverageDurationStatement"":""Finaliza el 22/09/2028"",""termConditionURL"":""http://www.apple.com/legal/sales-support/"",""partNumber"":""SHMP3ZX/A"",""partAlias"":""ACPTL"",""partType"":""AC+TL"",""purchaseMode"":""C"",""appleCareSalesDate"":""23/09/2026"",""pocType"":""APOC"",""purchaseOrderNumber"":""25101111""}},""transactionId"":""b5c569a7-54a8-467a-89ad-b9cec8a7b858-1790185493002""}"
True;1340863;2026-09-23 14:45:00.560000;2026-09-23 00:00:00;57201104;VERIFYORDER;SCK9TW6GCHQ;MJRR4BE/A;"{""orderDetailsResponses"":{""deviceEligibility"":{""secondaryDisplay"":""0"",""partDescription"":""AppleCare+ con robo y pérdida para iPhone 18 Pro"",""coverageDuration"":""2"",""productStatement"":""Tu AppleCare+ con robo y pérdida para iPhone 18 Pro amplía la cobertura de servicio y soporte técnico a 2 años desde la fecha de compra de AppleCare+ con robo y pérdida e incluye cobertura para una cantidad ilimitada de incidentes por daño accidental debido a la manipulación del producto o un máximo de dos incidentes de robo y pérdida cada 12 meses, cada uno de ellos sujeto a un cargo adicional de R$28000  por los daños de la pantalla o la carcasa externa o de R$144000  por robo o pérdida o de R$96000  por Otros daños accidentales. Lee todos los detalles en los Términos y condiciones de AppleCare+."",""deviceDateOfPurchase"":""23/09/2026"",""deviceId"":""SCK9TW6GCHQ"",""registeredDevice"":""1"",""pocType"":""APOC"",""serialNumber"":""CK9TW6GCHQ"",""partNumber"":""SHMD3ZX/A"",""partAlias"":""ACPTL"",""purchaseMode"":""C"",""productDescription"":""iPhone 18 Pro"",""tlDisclosure"":""La cobertura de robo y pérdida requiere que tengas la función Buscar habilitada en tu dispositivo antes de que se pierda o te lo roben. Durante el proceso de reclamación, te pediremos que uses la función Buscar para poner el dispositivo perdido o robado en modo Perdido, borrarlo y transferir la propiedad a Apple para que podamos asignarte un nuevo dispositivo. Para asegurarte de que puedas iniciar sesión en Buscar y acceder a esta función, es importante que recuerdes tu ID de Apple y contraseña, y que mantengas la información de tu cuenta actualizada. Si usas la autenticación de doble factor para el ID de Apple, te recomendamos que añadas un número de teléfono adicional de confianza a tu cuenta en el que puedas recibir el código de verificación de 6 dígitos que necesitas para iniciar sesión aunque no tengas tu iPhone. Para obtener más información, visita las páginas de Soporte técnico de Apple.""}},""transactionId"":""e2283d51-1906-4413-973d-397976fbb1e0-1790185499369""}"
True;5188344;2026-09-23 14:45:28.520000;2026-09-23 00:00:00;26701127;VERIFYORDER;SJVQN4L9149;MHFH4CI/A;"{""orderDetailsResponses"":{""deviceEligibility"":{""secondaryDisplay"":""0"",""partDescription"":""AppleCare+ para 13-inch MacBook Neo (A18PRO)"",""coverageDuration"":""3"",""productStatement"":""AppleCare+ para 13-inch MacBook Neo (A18PRO) amplía la cobertura de servicio y soporte técnico a 3 años desde la fecha de compra de AppleCare+ e incluye cobertura para una cantidad ilimitada de incidentes por daño accidental debido a la manipulación del producto, cada uno de ellos sujeto a un cargo adicional de R$51990  por daños en la pantalla o la carcasa externa o de R$156990  por Otros daños accidentales. Lee todos los detalles en los Términos y condiciones de AppleCare+."",""deviceDateOfPurchase"":""23/09/2026"",""deviceId"":""SJVQN4L9149"",""registeredDevice"":""1"",""pocType"":""APOC"",""serialNumber"":""JVQN4L9149"",""partNumber"":""SD0T3ZX/A"",""partAlias"":""ACP"",""purchaseMode"":""C"",""productDescription"":""MacBook Neo""}},""transactionId"":""c1166ea3-cda7-4191-91fb-3f13010d635e-1790185528013""}"
True;1340863;2026-09-23 14:46:15.063000;2026-09-23 00:00:00;57201104;CREATEORDER;SCK9TW6GCHQ;MJRR4BE/A;"{""orderDetailsResponses"":{""deviceEligibility"":{""secondaryDisplay"":""0"",""partDescription"":""AppleCare+ con robo y pérdida para iPhone 18 Pro"",""coverageDuration"":""2"",""productStatement"":""Tu AppleCare+ con robo y pérdida para iPhone 18 Pro amplía la cobertura de servicio y soporte técnico a 2 años desde la fecha de compra de AppleCare+ con robo y pérdida e incluye cobertura para una cantidad ilimitada de incidentes por daño accidental debido a la manipulación del producto o un máximo de dos incidentes de robo y pérdida cada 12 meses, cada uno de ellos sujeto a un cargo adicional de R$28000  por los daños de la pantalla o la carcasa externa o de R$144000  por robo o pérdida o de R$96000  por Otros daños accidentales. Lee todos los detalles en los Términos y condiciones de AppleCare+."",""deviceDateOfPurchase"":""23/09/2026"",""deviceId"":""SCK9TW6GCHQ"",""registeredDevice"":""1"",""pocType"":""APOC"",""serialNumber"":""CK9TW6GCHQ"",""partNumber"":""SHMD3ZX/A"",""partAlias"":""ACPTL"",""purchaseMode"":""C"",""productDescription"":""iPhone 18 Pro"",""tlDisclosure"":""La cobertura de robo y pérdida requiere que tengas la función Buscar habilitada en tu dispositivo antes de que se pierda o te lo roben. Durante el proceso de reclamación, te pediremos que uses la función Buscar para poner el dispositivo perdido o robado en modo Perdido, borrarlo y transferir la propiedad a Apple para que podamos asignarte un nuevo dispositivo. Para asegurarte de que puedas iniciar sesión en Buscar y acceder a esta función, es importante que recuerdes tu ID de Apple y contraseña, y que mantengas la información de tu cuenta actualizada. Si usas la autenticación de doble factor para el ID de Apple, te recomendamos que añadas un número de teléfono adicional de confianza a tu cuenta en el que puedas recibir el código de verificación de 6 dígitos que necesitas para iniciar sesión aunque no tengas tu iPhone. Para obtener más información, visita las páginas de Soporte técnico de Apple.""},""orderConfirmation"":{""agreementNumber"":""328426542138"",""coverageDurationStatement"":""Finaliza el 22/09/2028"",""termConditionURL"":""http://www.apple.com/legal/sales-support/"",""partNumber"":""SHMD3ZX/A"",""partAlias"":""ACPTL"",""partType"":""AC+TL"",""purchaseMode"":""C"",""appleCareSalesDate"":""23/09/2026"",""pocType"":""APOC"",""purchaseOrderNumber"":""57201104""}},""transactionId"":""6c889184-d3ac-4a21-8c72-f2218ae829fd-1790185570010""}"
True;5188344;2026-09-23 14:47:04.243000;2026-09-23 00:00:00;26701127;CREATEORDER;SJVQN4L9149;MHFH4CI/A;"{""orderDetailsResponses"":{""deviceEligibility"":{""secondaryDisplay"":""0"",""partDescription"":""AppleCare+ para 13-inch MacBook Neo (A18PRO)"",""coverageDuration"":""3"",""productStatement"":""AppleCare+ para 13-inch MacBook Neo (A18PRO) amplía la cobertura de servicio y soporte técnico a 3 años desde la fecha de compra de AppleCare+ e incluye cobertura para una cantidad ilimitada de incidentes por daño accidental debido a la manipulación del producto, cada uno de ellos sujeto a un cargo adicional de R$51990  por daños en la pantalla o la carcasa externa o de R$156990  por Otros daños accidentales. Lee todos los detalles en los Términos y condiciones de AppleCare+."",""deviceDateOfPurchase"":""23/09/2026"",""deviceId"":""SJVQN4L9149"",""registeredDevice"":""1"",""pocType"":""APOC"",""serialNumber"":""JVQN4L9149"",""partNumber"":""SD0T3ZX/A"",""partAlias"":""ACP"",""purchaseMode"":""C"",""productDescription"":""MacBook Neo""},""orderConfirmation"":{""agreementNumber"":""328426501746"",""coverageDurationStatement"":""Finaliza el 22/09/2029"",""termConditionURL"":""http://www.apple.com/legal/sales-support/"",""partNumber"":""SD0T3ZX/A"",""partAlias"":""ACP"",""partType"":""AppleCare+"",""purchaseMode"":""C"",""appleCareSalesDate"":""23/09/2026"",""pocType"":""APOC"",""purchaseOrderNumber"":""26701127""}},""transactionId"":""74334785-404b-4ee0-a503-83ab48f978df-1790185619204""}"
True;5138575;2026-09-23 14:47:56.163000;2026-09-23 00:00:00;1101139;CREATEORDER;sly7j9j36l6;MEQX4AM/A;"{""orderDetailsResponses"":{""deviceEligibility"":{""secondaryDisplay"":""0"",""partDescription"":""AppleCare+ para Apple Watch Series 11"",""coverageDuration"":""2"",""productStatement"":""AppleCare+ para Apple Watch Series 11 amplía la cobertura de servicio y soporte técnico a 2 años desde la fecha de compra de AppleCare+ e incluye cobertura para una cantidad ilimitada de incidentes por daño accidental debido a la manipulación del producto, cada uno de ellos sujeto a un cargo adicional de R$67000  por Otros daños accidentales. Lee todos los detalles en los Términos y condiciones de AppleCare+."",""deviceDateOfPurchase"":""23/09/2026"",""deviceId"":""SLY7J9J36L6"",""registeredDevice"":""1"",""pocType"":""APOC"",""serialNumber"":""LY7J9J36L6"",""partNumber"":""SXCJ2ZX/A"",""partAlias"":""ACP"",""purchaseMode"":""C"",""productDescription"":""Watch Series 11 (GPS) Aluminum 42MM""},""orderConfirmation"":{""agreementNumber"":""328426544024"",""coverageDurationStatement"":""Finaliza el 22/09/2028"",""termConditionURL"":""http://www.apple.com/legal/sales-support/"",""partNumber"":""SXCJ2ZX/A"",""partAlias"":""ACP"",""partType"":""AppleCare+"",""purchaseMode"":""C"",""appleCareSalesDate"":""23/09/2026"",""pocType"":""APOC"",""purchaseOrderNumber"":""1101139""}},""transactionId"":""7631177b-10b5-408e-aedf-891936336bad-1790185671400""}"
True;5198246;2026-09-23 14:57:03.653000;2026-09-23 00:00:00;29601094;VERIFYORDER;shyxr36dw7p;MJXQ4BE/A;"{""orderDetailsResponses"":{""deviceEligibility"":{""secondaryDisplay"":""0"",""partDescription"":""AppleCare+ con robo y pérdida para iPhone 18 Pro Max"",""coverageDuration"":""2"",""productStatement"":""Tu AppleCare+ con robo y pérdida para iPhone 18 Pro Max amplía la cobertura de servicio y soporte técnico a 2 años desde la fecha de compra de AppleCare+ con robo y pérdida e incluye cobertura para una cantidad ilimitada de incidentes por daño accidental debido a la manipulación del producto o un máximo de dos incidentes de robo y pérdida cada 12 meses, cada uno de ellos sujeto a un cargo adicional de R$28000  por los daños de la pantalla o la carcasa externa o de R$144000  por robo o pérdida o de R$96000  por Otros daños accidentales. Lee todos los detalles en los Términos y condiciones de AppleCare+."",""deviceDateOfPurchase"":""23/09/2026"",""deviceId"":""SHYXR36DW7P"",""registeredDevice"":""1"",""pocType"":""APOC"",""serialNumber"":""HYXR36DW7P"",""partNumber"":""SHMP3ZX/A"",""partAlias"":""ACPTL"",""purchaseMode"":""C"",""productDescription"":""iPhone 18 Pro Max"",""tlDisclosure"":""La cobertura de robo y pérdida requiere que tengas la función Buscar habilitada en tu dispositivo antes de que se pierda o te lo roben. Durante el proceso de reclamación, te pediremos que uses la función Buscar para poner el dispositivo perdido o robado en modo Perdido, borrarlo y transferir la propiedad a Apple para que podamos asignarte un nuevo dispositivo. Para asegurarte de que puedas iniciar sesión en Buscar y acceder a esta función, es importante que recuerdes tu ID de Apple y contraseña, y que mantengas la información de tu cuenta actualizada. Si usas la autenticación de doble factor para el ID de Apple, te recomendamos que añadas un número de teléfono adicional de confianza a tu cuenta en el que puedas recibir el código de verificación de 6 dígitos que necesitas para iniciar sesión aunque no tengas tu iPhone. Para obtener más información, visita las páginas de Soporte técnico de Apple.""}},""transactionId"":""9a5b7d4c-bdf8-49da-9c30-1db197057d32-1790186223055""}"
True;1338367;2026-09-23 14:57:57;2026-09-23 00:00:00;1301149;VERIFYORDER;SMKXXV76XH0;MJRU4BE/A;"{""orderDetailsResponses"":{""deviceEligibility"":{""secondaryDisplay"":""0"",""partDescription"":""AppleCare+ para iPhone 18 Pro"",""coverageDuration"":""2"",""productStatement"":""AppleCare+ para iPhone 18 Pro amplía la cobertura de servicio y soporte técnico a 2 años desde la fecha de compra de AppleCare+ e incluye cobertura para una cantidad ilimitada de incidentes por daño accidental debido a la manipulación del producto, cada uno de ellos sujeto a un cargo adicional de R$28000  por los daños de la pantalla o la carcasa externa o de R$96000  por Otros daños accidentales. Lee todos los detalles en los Términos y condiciones de AppleCare+."",""deviceDateOfPurchase"":""23/09/2026"",""deviceId"":""SMKXXV76XH0"",""registeredDevice"":""1"",""pocType"":""APOC"",""serialNumber"":""MKXXV76XH0"",""partNumber"":""SHHL3ZX/A"",""partAlias"":""ACP"",""purchaseMode"":""C"",""productDescription"":""iPhone 18 Pro""}},""transactionId"":""a87ee2a1-d921-41dc-9769-05ee8632d566-1790186276476""}"
True;1338367;2026-09-23 14:59:42.333000;2026-09-23 00:00:00;1301149;CREATEORDER;SMKXXV76XH0;MJRU4BE/A;"{""orderDetailsResponses"":{""deviceEligibility"":{""secondaryDisplay"":""0"",""partDescription"":""AppleCare+ para iPhone 18 Pro"",""coverageDuration"":""2"",""productStatement"":""AppleCare+ para iPhone 18 Pro amplía la cobertura de servicio y soporte técnico a 2 años desde la fecha de compra de AppleCare+ e incluye cobertura para una cantidad ilimitada de incidentes por daño accidental debido a la manipulación del producto, cada uno de ellos sujeto a un cargo adicional de R$28000  por los daños de la pantalla o la carcasa externa o de R$96000  por Otros daños accidentales. Lee todos los detalles en los Términos y condiciones de AppleCare+."",""deviceDateOfPurchase"":""23/09/2026"",""deviceId"":""SMKXXV76XH0"",""registeredDevice"":""1"",""pocType"":""APOC"",""serialNumber"":""MKXXV76XH0"",""partNumber"":""SHHL3ZX/A"",""partAlias"":""ACP"",""purchaseMode"":""C"",""productDescription"":""iPhone 18 Pro""},""orderConfirmation"":{""agreementNumber"":""328426544158"",""coverageDurationStatement"":""Finaliza el 22/09/2028"",""termConditionURL"":""http://www.apple.com/legal/sales-support/"",""partNumber"":""SHHL3ZX/A"",""partAlias"":""ACP"",""partType"":""AppleCare+"",""purchaseMode"":""C"",""appleCareSalesDate"":""23/09/2026"",""pocType"":""APOC"",""purchaseOrderNumber"":""1301149""}},""transactionId"":""6764f85b-0c4e-4e8e-8437-5a8ca2ba3146-1790186377254""}"
True;5176785;2026-09-23 15:00:40.650000;2026-09-23 00:00:00;21201124;VERIFYORDER;SM29FC4223Y;MJXV4BE/A;"{""orderDetailsResponses"":{""deviceEligibility"":{""secondaryDisplay"":""0"",""partDescription"":""AppleCare+ con robo y pérdida para iPhone 18 Pro Max"",""coverageDuration"":""2"",""productStatement"":""Tu AppleCare+ con robo y pérdida para iPhone 18 Pro Max amplía la cobertura de servicio y soporte técnico a 2 años desde la fecha de compra de AppleCare+ con robo y pérdida e incluye cobertura para una cantidad ilimitada de incidentes por daño accidental debido a la manipulación del producto o un máximo de dos incidentes de robo y pérdida cada 12 meses, cada uno de ellos sujeto a un cargo adicional de R$28000  por los daños de la pantalla o la carcasa externa o de R$144000  por robo o pérdida o de R$96000  por Otros daños accidentales. Lee todos los detalles en los Términos y condiciones de AppleCare+."",""deviceDateOfPurchase"":""23/09/2026"",""deviceId"":""SM29FC4223Y"",""registeredDevice"":""0"",""pocType"":""APOC"",""serialNumber"":""M29FC4223Y"",""partNumber"":""SHMP3ZX/A"",""partAlias"":""ACPTL"",""purchaseMode"":""C"",""productDescription"":""iPhone 18 Pro Max"",""tlDisclosure"":""La cobertura de robo y pérdida requiere que tengas la función Buscar habilitada en tu dispositivo antes de que se pierda o te lo roben. Durante el proceso de reclamación, te pediremos que uses la función Buscar para poner el dispositivo perdido o robado en modo Perdido, borrarlo y transferir la propiedad a Apple para que podamos asignarte un nuevo dispositivo. Para asegurarte de que puedas iniciar sesión en Buscar y acceder a esta función, es importante que recuerdes tu ID de Apple y contraseña, y que mantengas la información de tu cuenta actualizada. Si usas la autenticación de doble factor para el ID de Apple, te recomendamos que añadas un número de teléfono adicional de confianza a tu cuenta en el que puedas recibir el código de verificación de 6 dígitos que necesitas para iniciar sesión aunque no tengas tu iPhone. Para obtener más información, visita las páginas de Soporte técnico de Apple.""}},""transactionId"":""0cc42ca4-9f51-4637-8385-7d6aa1baf627-1790186440046""}"
True;5176785;2026-09-23 15:01:58.323000;2026-09-23 00:00:00;21201124;CREATEORDER;SM29FC4223Y;MJXV4BE/A;"{""orderDetailsResponses"":{""deviceEligibility"":{""secondaryDisplay"":""0"",""partDescription"":""AppleCare+ con robo y pérdida para iPhone 18 Pro Max"",""coverageDuration"":""2"",""productStatement"":""Tu AppleCare+ con robo y pérdida para iPhone 18 Pro Max amplía la cobertura de servicio y soporte técnico a 2 años desde la fecha de compra de AppleCare+ con robo y pérdida e incluye cobertura para una cantidad ilimitada de incidentes por daño accidental debido a la manipulación del producto o un máximo de dos incidentes de robo y pérdida cada 12 meses, cada uno de ellos sujeto a un cargo adicional de R$28000  por los daños de la pantalla o la carcasa externa o de R$144000  por robo o pérdida o de R$96000  por Otros daños accidentales. Lee todos los detalles en los Términos y condiciones de AppleCare+."",""deviceDateOfPurchase"":""23/09/2026"",""deviceId"":""SM29FC4223Y"",""registeredDevice"":""0"",""pocType"":""APOC"",""serialNumber"":""M29FC4223Y"",""partNumber"":""SHMP3ZX/A"",""partAlias"":""ACPTL"",""purchaseMode"":""C"",""productDescription"":""iPhone 18 Pro Max"",""tlDisclosure"":""La cobertura de robo y pérdida requiere que tengas la función Buscar habilitada en tu dispositivo antes de que se pierda o te lo roben. Durante el proceso de reclamación, te pediremos que uses la función Buscar para poner el dispositivo perdido o robado en modo Perdido, borrarlo y transferir la propiedad a Apple para que podamos asignarte un nuevo dispositivo. Para asegurarte de que puedas iniciar sesión en Buscar y acceder a esta función, es importante que recuerdes tu ID de Apple y contraseña, y que mantengas la información de tu cuenta actualizada. Si usas la autenticación de doble factor para el ID de Apple, te recomendamos que añadas un número de teléfono adicional de confianza a tu cuenta en el que puedas recibir el código de verificación de 6 dígitos que necesitas para iniciar sesión aunque no tengas tu iPhone. Para obtener más información, visita las páginas de Soporte técnico de Apple.""},""orderConfirmation"":{""agreementNumber"":""328426544194"",""coverageDurationStatement"":""Finaliza el 22/09/2028"",""termConditionURL"":""http://www.apple.com/legal/sales-support/"",""partNumber"":""SHMP3ZX/A"",""partAlias"":""ACPTL"",""partType"":""AC+TL"",""purchaseMode"":""C"",""appleCareSalesDate"":""23/09/2026"",""pocType"":""APOC"",""purchaseOrderNumber"":""21201124""}},""transactionId"":""6a00687c-10b9-4ff7-b87f-542ac07c7a3d-1790186513269""}"
True;5176786;2026-09-23 15:05:08.280000;2026-09-23 00:00:00;21301124;VERIFYORDER;SL47YG4M2GK;MJXQ4BE/A;"{""orderDetailsResponses"":{""deviceEligibility"":{""secondaryDisplay"":""0"",""partDescription"":""AppleCare+ con robo y pérdida para iPhone 18 Pro Max"",""coverageDuration"":""2"",""productStatement"":""Tu AppleCare+ con robo y pérdida para iPhone 18 Pro Max amplía la cobertura de servicio y soporte técnico a 2 años desde la fecha de compra de AppleCare+ con robo y pérdida e incluye cobertura para una cantidad ilimitada de incidentes por daño accidental debido a la manipulación del producto o un máximo de dos incidentes de robo y pérdida cada 12 meses, cada uno de ellos sujeto a un cargo adicional de R$28000  por los daños de la pantalla o la carcasa externa o de R$144000  por robo o pérdida o de R$96000  por Otros daños accidentales. Lee todos los detalles en los Términos y condiciones de AppleCare+."",""deviceDateOfPurchase"":""22/09/2026"",""deviceId"":""SL47YG4M2GK"",""registeredDevice"":""0"",""pocType"":""APOC"",""serialNumber"":""L47YG4M2GK"",""partNumber"":""SHMP3ZX/A"",""partAlias"":""ACPTL"",""purchaseMode"":""I"",""productDescription"":""iPhone 18 Pro Max"",""tlDisclosure"":""La cobertura de robo y pérdida requiere que tengas la función Buscar habilitada en tu dispositivo antes de que se pierda o te lo roben. Durante el proceso de reclamación, te pediremos que uses la función Buscar para poner el dispositivo perdido o robado en modo Perdido, borrarlo y transferir la propiedad a Apple para que podamos asignarte un nuevo dispositivo. Para asegurarte de que puedas iniciar sesión en Buscar y acceder a esta función, es importante que recuerdes tu ID de Apple y contraseña, y que mantengas la información de tu cuenta actualizada. Si usas la autenticación de doble factor para el ID de Apple, te recomendamos que añadas un número de teléfono adicional de confianza a tu cuenta en el que puedas recibir el código de verificación de 6 dígitos que necesitas para iniciar sesión aunque no tengas tu iPhone. Para obtener más información, visita las páginas de Soporte técnico de Apple.""}},""transactionId"":""14e57624-427f-4ad9-a9b1-cd0048b9dc12-1790186707428""}"
True;5198246;2026-09-23 15:05:09.197000;2026-09-23 00:00:00;29601094;CREATEORDER;shyxr36dw7p;MJXQ4BE/A;"{""orderDetailsResponses"":{""deviceEligibility"":{""secondaryDisplay"":""0"",""partDescription"":""AppleCare+ con robo y pérdida para iPhone 18 Pro Max"",""coverageDuration"":""2"",""productStatement"":""Tu AppleCare+ con robo y pérdida para iPhone 18 Pro Max amplía la cobertura de servicio y soporte técnico a 2 años desde la fecha de compra de AppleCare+ con robo y pérdida e incluye cobertura para una cantidad ilimitada de incidentes por daño accidental debido a la manipulación del producto o un máximo de dos incidentes de robo y pérdida cada 12 meses, cada uno de ellos sujeto a un cargo adicional de R$28000  por los daños de la pantalla o la carcasa externa o de R$144000  por robo o pérdida o de R$96000  por Otros daños accidentales. Lee todos los detalles en los Términos y condiciones de AppleCare+."",""deviceDateOfPurchase"":""23/09/2026"",""deviceId"":""SHYXR36DW7P"",""registeredDevice"":""1"",""pocType"":""APOC"",""serialNumber"":""HYXR36DW7P"",""partNumber"":""SHMP3ZX/A"",""partAlias"":""ACPTL"",""purchaseMode"":""C"",""productDescription"":""iPhone 18 Pro Max"",""tlDisclosure"":""La cobertura de robo y pérdida requiere que tengas la función Buscar habilitada en tu dispositivo antes de que se pierda o te lo roben. Durante el proceso de reclamación, te pediremos que uses la función Buscar para poner el dispositivo perdido o robado en modo Perdido, borrarlo y transferir la propiedad a Apple para que podamos asignarte un nuevo dispositivo. Para asegurarte de que puedas iniciar sesión en Buscar y acceder a esta función, es importante que recuerdes tu ID de Apple y contraseña, y que mantengas la información de tu cuenta actualizada. Si usas la autenticación de doble factor para el ID de Apple, te recomendamos que añadas un número de teléfono adicional de confianza a tu cuenta en el que puedas recibir el código de verificación de 6 dígitos que necesitas para iniciar sesión aunque no tengas tu iPhone. Para obtener más información, visita las páginas de Soporte técnico de Apple.""},""orderConfirmation"":{""agreementNumber"":""328426543276"",""coverageDurationStatement"":""Finaliza el 22/09/2028"",""termConditionURL"":""http://www.apple.com/legal/sales-support/"",""partNumber"":""SHMP3ZX/A"",""partAlias"":""ACPTL"",""partType"":""AC+TL"",""purchaseMode"":""C"",""appleCareSalesDate"":""23/09/2026"",""pocType"":""APOC"",""purchaseOrderNumber"":""29601094""}},""transactionId"":""3f0eb51a-cb43-4af9-8b84-0c9963439579-1790186704118""}"
True;5176786;2026-09-23 15:06:29.633000;2026-09-23 00:00:00;21301124;CREATEORDER;SL47YG4M2GK;MJXQ4BE/A;"{""orderDetailsResponses"":{""deviceEligibility"":{""secondaryDisplay"":""0"",""partDescription"":""AppleCare+ con robo y pérdida para iPhone 18 Pro Max"",""coverageDuration"":""2"",""productStatement"":""Tu AppleCare+ con robo y pérdida para iPhone 18 Pro Max amplía la cobertura de servicio y soporte técnico a 2 años desde la fecha de compra de AppleCare+ con robo y pérdida e incluye cobertura para una cantidad ilimitada de incidentes por daño accidental debido a la manipulación del producto o un máximo de dos incidentes de robo y pérdida cada 12 meses, cada uno de ellos sujeto a un cargo adicional de R$28000  por los daños de la pantalla o la carcasa externa o de R$144000  por robo o pérdida o de R$96000  por Otros daños accidentales. Lee todos los detalles en los Términos y condiciones de AppleCare+."",""deviceDateOfPurchase"":""22/09/2026"",""deviceId"":""SL47YG4M2GK"",""registeredDevice"":""0"",""pocType"":""APOC"",""serialNumber"":""L47YG4M2GK"",""partNumber"":""SHMP3ZX/A"",""partAlias"":""ACPTL"",""purchaseMode"":""I"",""productDescription"":""iPhone 18 Pro Max"",""tlDisclosure"":""La cobertura de robo y pérdida requiere que tengas la función Buscar habilitada en tu dispositivo antes de que se pierda o te lo roben. Durante el proceso de reclamación, te pediremos que uses la función Buscar para poner el dispositivo perdido o robado en modo Perdido, borrarlo y transferir la propiedad a Apple para que podamos asignarte un nuevo dispositivo. Para asegurarte de que puedas iniciar sesión en Buscar y acceder a esta función, es importante que recuerdes tu ID de Apple y contraseña, y que mantengas la información de tu cuenta actualizada. Si usas la autenticación de doble factor para el ID de Apple, te recomendamos que añadas un número de teléfono adicional de confianza a tu cuenta en el que puedas recibir el código de verificación de 6 dígitos que necesitas para iniciar sesión aunque no tengas tu iPhone. Para obtener más información, visita las páginas de Soporte técnico de Apple.""},""orderConfirmation"":{""agreementNumber"":""328426540657"",""coverageDurationStatement"":""Finaliza el 22/09/2028"",""termConditionURL"":""http://www.apple.com/legal/sales-support/"",""partNumber"":""SHMP3ZX/A"",""partAlias"":""ACPTL"",""partType"":""AC+TL"",""purchaseMode"":""I"",""appleCareSalesDate"":""23/09/2026"",""pocType"":""APOC"",""purchaseOrderNumber"":""21301124""}},""transactionId"":""701369fd-9023-49f0-a47f-2b15a3c7e778-1790186784163""}"
True;5146178;2026-09-23 15:07:09.640000;2026-09-23 00:00:00;1801166;VERIFYORDER;slxm4p9pfq3;MJRW4BE/A;"{""orderDetailsResponses"":{""deviceEligibility"":{""secondaryDisplay"":""0"",""partDescription"":""AppleCare+ para iPhone 18 Pro"",""coverageDuration"":""2"",""productStatement"":""AppleCare+ para iPhone 18 Pro amplía la cobertura de servicio y soporte técnico a 2 años desde la fecha de compra de AppleCare+ e incluye cobertura para una cantidad ilimitada de incidentes por daño accidental debido a la manipulación del producto, cada uno de ellos sujeto a un cargo adicional de R$28000  por los daños de la pantalla o la carcasa externa o de R$96000  por Otros daños accidentales. Lee todos los detalles en los Términos y condiciones de AppleCare+."",""deviceDateOfPurchase"":""23/09/2026"",""deviceId"":""SLXM4P9PFQ3"",""registeredDevice"":""1"",""pocType"":""APOC"",""serialNumber"":""LXM4P9PFQ3"",""partNumber"":""SHHL3ZX/A"",""partAlias"":""ACP"",""purchaseMode"":""C"",""productDescription"":""iPhone 18 Pro""}},""transactionId"":""bf077215-cc6e-42ff-98b2-c0cb160365a2-1790186829116""}"
True;5146178;2026-09-23 15:11:45.460000;2026-09-23 00:00:00;1801166;CREATEORDER;slxm4p9pfq3;MJRW4BE/A;"{""orderDetailsResponses"":{""deviceEligibility"":{""secondaryDisplay"":""0"",""partDescription"":""AppleCare+ para iPhone 18 Pro"",""coverageDuration"":""2"",""productStatement"":""AppleCare+ para iPhone 18 Pro amplía la cobertura de servicio y soporte técnico a 2 años desde la fecha de compra de AppleCare+ e incluye cobertura para una cantidad ilimitada de incidentes por daño accidental debido a la manipulación del producto, cada uno de ellos sujeto a un cargo adicional de R$28000  por los daños de la pantalla o la carcasa externa o de R$96000  por Otros daños accidentales. Lee todos los detalles en los Términos y condiciones de AppleCare+."",""deviceDateOfPurchase"":""23/09/2026"",""deviceId"":""SLXM4P9PFQ3"",""registeredDevice"":""1"",""pocType"":""APOC"",""serialNumber"":""LXM4P9PFQ3"",""partNumber"":""SHHL3ZX/A"",""partAlias"":""ACP"",""purchaseMode"":""C"",""productDescription"":""iPhone 18 Pro""},""orderConfirmation"":{""agreementNumber"":""328426544316"",""coverageDurationStatement"":""Finaliza el 22/09/2028"",""termConditionURL"":""http://www.apple.com/legal/sales-support/"",""partNumber"":""SHHL3ZX/A"",""partAlias"":""ACP"",""partType"":""AppleCare+"",""purchaseMode"":""C"",""appleCareSalesDate"":""23/09/2026"",""pocType"":""APOC"",""purchaseOrderNumber"":""1801166""}},""transactionId"":""dde57d15-63f9-40e8-9607-cac760b1c487-1790187100295""}"
True;5130005;2026-09-23 15:13:35.400000;2026-09-23 00:00:00;8301137;VERIFYORDER;SCFVJ34XY3Y;MKFW4AM/A;"{""orderDetailsResponses"":{""deviceEligibility"":{""secondaryDisplay"":""0"",""partDescription"":""AppleCare+ para AirPods"",""coverageDuration"":""2"",""productStatement"":""AppleCare+ para AirPods amplía la cobertura de servicio y soporte técnico a 2 años desde la fecha de compra de AppleCare+ e incluye cobertura para una cantidad ilimitada de incidentes por daño accidental debido a la manipulación del producto, cada uno de ellos sujeto a un cargo adicional de CLP28000 . Lee todos los detalles en los Términos y condiciones de AppleCare+."",""deviceDateOfPurchase"":""23/09/2026"",""deviceId"":""SCFVJ34XY3Y"",""registeredDevice"":""1"",""pocType"":""APOC"",""serialNumber"":""CFVJ34XY3Y"",""partNumber"":""S9066ZX/A"",""partAlias"":""ACP"",""purchaseMode"":""C"",""productDescription"":""AirPods 5""}},""transactionId"":""e76bd926-f7da-483f-9154-af973000ae15-1790187214831""}"
True;5130005;2026-09-23 15:13:35.400000;2026-09-23 00:00:00;8301137;VERIFYORDER;SCFVJ34XY3Y;MKFW4AM/A;"{""orderDetailsResponses"":{""deviceEligibility"":{""secondaryDisplay"":""0"",""partDescription"":""AppleCare+ para AirPods"",""coverageDuration"":""2"",""productStatement"":""AppleCare+ para AirPods amplía la cobertura de servicio y soporte técnico a 2 años desde la fecha de compra de AppleCare+ e incluye cobertura para una cantidad ilimitada de incidentes por daño accidental debido a la manipulación del producto, cada uno de ellos sujeto a un cargo adicional de CLP28000 . Lee todos los detalles en los Términos y condiciones de AppleCare+."",""deviceDateOfPurchase"":""23/09/2026"",""deviceId"":""SCFVJ34XY3Y"",""registeredDevice"":""1"",""pocType"":""APOC"",""serialNumber"":""CFVJ34XY3Y"",""partNumber"":""S9066ZX/A"",""partAlias"":""ACP"",""purchaseMode"":""C"",""productDescription"":""AirPods 5""}},""transactionId"":""e76bd926-f7da-483f-9154-af973000ae15-1790187214831""}"
True;5132795;2026-09-23 15:17:00.800000;2026-09-23 00:00:00;23401133;VERIFYORDER;SKYLF096XGY;MJXR4BE/A;"{""orderDetailsResponses"":{""deviceEligibility"":{""secondaryDisplay"":""0"",""partDescription"":""AppleCare+ con robo y pérdida para iPhone 18 Pro Max"",""coverageDuration"":""2"",""productStatement"":""Tu AppleCare+ con robo y pérdida para iPhone 18 Pro Max amplía la cobertura de servicio y soporte técnico a 2 años desde la fecha de compra de AppleCare+ con robo y pérdida e incluye cobertura para una cantidad ilimitada de incidentes por daño accidental debido a la manipulación del producto o un máximo de dos incidentes de robo y pérdida cada 12 meses, cada uno de ellos sujeto a un cargo adicional de R$28000  por los daños de la pantalla o la carcasa externa o de R$144000  por robo o pérdida o de R$96000  por Otros daños accidentales. Lee todos los detalles en los Términos y condiciones de AppleCare+."",""deviceDateOfPurchase"":""23/09/2026"",""deviceId"":""SKYLF096XGY"",""registeredDevice"":""1"",""pocType"":""APOC"",""serialNumber"":""KYLF096XGY"",""partNumber"":""SHMP3ZX/A"",""partAlias"":""ACPTL"",""purchaseMode"":""C"",""productDescription"":""iPhone 18 Pro Max"",""tlDisclosure"":""La cobertura de robo y pérdida requiere que tengas la función Buscar habilitada en tu dispositivo antes de que se pierda o te lo roben. Durante el proceso de reclamación, te pediremos que uses la función Buscar para poner el dispositivo perdido o robado en modo Perdido, borrarlo y transferir la propiedad a Apple para que podamos asignarte un nuevo dispositivo. Para asegurarte de que puedas iniciar sesión en Buscar y acceder a esta función, es importante que recuerdes tu ID de Apple y contraseña, y que mantengas la información de tu cuenta actualizada. Si usas la autenticación de doble factor para el ID de Apple, te recomendamos que añadas un número de teléfono adicional de confianza a tu cuenta en el que puedas recibir el código de verificación de 6 dígitos que necesitas para iniciar sesión aunque no tengas tu iPhone. Para obtener más información, visita las páginas de Soporte técnico de Apple.""}},""transactionId"":""4a53597e-9404-4e9b-ba24-f0a379b59c4f-1790187420283""}"
True;5132795;2026-09-23 15:19:59.923000;2026-09-23 00:00:00;23401133;CREATEORDER;SKYLF096XGY;MJXR4BE/A;"{""orderDetailsResponses"":{""deviceEligibility"":{""secondaryDisplay"":""0"",""partDescription"":""AppleCare+ con robo y pérdida para iPhone 18 Pro Max"",""coverageDuration"":""2"",""productStatement"":""Tu AppleCare+ con robo y pérdida para iPhone 18 Pro Max amplía la cobertura de servicio y soporte técnico a 2 años desde la fecha de compra de AppleCare+ con robo y pérdida e incluye cobertura para una cantidad ilimitada de incidentes por daño accidental debido a la manipulación del producto o un máximo de dos incidentes de robo y pérdida cada 12 meses, cada uno de ellos sujeto a un cargo adicional de R$28000  por los daños de la pantalla o la carcasa externa o de R$144000  por robo o pérdida o de R$96000  por Otros daños accidentales. Lee todos los detalles en los Términos y condiciones de AppleCare+."",""deviceDateOfPurchase"":""23/09/2026"",""deviceId"":""SKYLF096XGY"",""registeredDevice"":""1"",""pocType"":""APOC"",""serialNumber"":""KYLF096XGY"",""partNumber"":""SHMP3ZX/A"",""partAlias"":""ACPTL"",""purchaseMode"":""C"",""productDescription"":""iPhone 18 Pro Max"",""tlDisclosure"":""La cobertura de robo y pérdida requiere que tengas la función Buscar habilitada en tu dispositivo antes de que se pierda o te lo roben. Durante el proceso de reclamación, te pediremos que uses la función Buscar para poner el dispositivo perdido o robado en modo Perdido, borrarlo y transferir la propiedad a Apple para que podamos asignarte un nuevo dispositivo. Para asegurarte de que puedas iniciar sesión en Buscar y acceder a esta función, es importante que recuerdes tu ID de Apple y contraseña, y que mantengas la información de tu cuenta actualizada. Si usas la autenticación de doble factor para el ID de Apple, te recomendamos que añadas un número de teléfono adicional de confianza a tu cuenta en el que puedas recibir el código de verificación de 6 dígitos que necesitas para iniciar sesión aunque no tengas tu iPhone. Para obtener más información, visita las páginas de Soporte técnico de Apple.""},""orderConfirmation"":{""agreementNumber"":""328426544406"",""coverageDurationStatement"":""Finaliza el 22/09/2028"",""termConditionURL"":""http://www.apple.com/legal/sales-support/"",""partNumber"":""SHMP3ZX/A"",""partAlias"":""ACPTL"",""partType"":""AC+TL"",""purchaseMode"":""C"",""appleCareSalesDate"":""23/09/2026"",""pocType"":""APOC"",""purchaseOrderNumber"":""23401133""}},""transactionId"":""6493cd88-c865-4839-a9c0-c58695a91119-1790187594857""}"
True;5130005;2026-09-23 15:21:31.423000;2026-09-23 00:00:00;8301137;CREATEORDER;SCFVJ34XY3Y;MKFW4AM/A;"{""orderDetailsResponses"":{""deviceEligibility"":{""secondaryDisplay"":""0"",""partDescription"":""AppleCare+ para AirPods"",""coverageDuration"":""2"",""productStatement"":""AppleCare+ para AirPods amplía la cobertura de servicio y soporte técnico a 2 años desde la fecha de compra de AppleCare+ e incluye cobertura para una cantidad ilimitada de incidentes por daño accidental debido a la manipulación del producto, cada uno de ellos sujeto a un cargo adicional de CLP28000 . Lee todos los detalles en los Términos y condiciones de AppleCare+."",""deviceDateOfPurchase"":""23/09/2026"",""deviceId"":""SCFVJ34XY3Y"",""registeredDevice"":""1"",""pocType"":""RPOC"",""serialNumber"":""CFVJ34XY3Y"",""partNumber"":""S9066ZX/A"",""partAlias"":""ACP"",""purchaseMode"":""C"",""productDescription"":""AirPods 5""},""orderConfirmation"":{""agreementNumber"":""328426542601"",""coverageDurationStatement"":""Finaliza el 22/09/2028"",""termConditionURL"":""http://www.apple.com/legal/sales-support/"",""partNumber"":""S9066ZX/A"",""partAlias"":""ACP"",""partType"":""AppleCare+"",""purchaseMode"":""C"",""appleCareSalesDate"":""23/09/2026"",""pocType"":""RPOC"",""purchaseOrderNumber"":""8301137""}},""transactionId"":""64dbe7c7-919e-40de-8818-e89c9be93fff-1790187690504""}"
True;5130005;2026-09-23 15:21:31.423000;2026-09-23 00:00:00;8301137;CREATEORDER;SCFVJ34XY3Y;MKFW4AM/A;"{""orderDetailsResponses"":{""deviceEligibility"":{""secondaryDisplay"":""0"",""partDescription"":""AppleCare+ para AirPods"",""coverageDuration"":""2"",""productStatement"":""AppleCare+ para AirPods amplía la cobertura de servicio y soporte técnico a 2 años desde la fecha de compra de AppleCare+ e incluye cobertura para una cantidad ilimitada de incidentes por daño accidental debido a la manipulación del producto, cada uno de ellos sujeto a un cargo adicional de CLP28000 . Lee todos los detalles en los Términos y condiciones de AppleCare+."",""deviceDateOfPurchase"":""23/09/2026"",""deviceId"":""SCFVJ34XY3Y"",""registeredDevice"":""1"",""pocType"":""RPOC"",""serialNumber"":""CFVJ34XY3Y"",""partNumber"":""S9066ZX/A"",""partAlias"":""ACP"",""purchaseMode"":""C"",""productDescription"":""AirPods 5""},""orderConfirmation"":{""agreementNumber"":""328426542601"",""coverageDurationStatement"":""Finaliza el 22/09/2028"",""termConditionURL"":""http://www.apple.com/legal/sales-support/"",""partNumber"":""S9066ZX/A"",""partAlias"":""ACP"",""partType"":""AppleCare+"",""purchaseMode"":""C"",""appleCareSalesDate"":""23/09/2026"",""pocType"":""RPOC"",""purchaseOrderNumber"":""8301137""}},""transactionId"":""64dbe7c7-919e-40de-8818-e89c9be93fff-1790187690504""}"
True;5194044;2026-09-23 15:22:16.653000;2026-09-23 00:00:00;14201115;VERIFYORDER;SFJD2N4T4Q3;MJXN4BE/A;"{""orderDetailsResponses"":{""deviceEligibility"":{""secondaryDisplay"":""0"",""partDescription"":""AppleCare+ para iPhone 18 Pro Max"",""coverageDuration"":""2"",""productStatement"":""AppleCare+ para iPhone 18 Pro Max amplía la cobertura de servicio y soporte técnico a 2 años desde la fecha de compra de AppleCare+ e incluye cobertura para una cantidad ilimitada de incidentes por daño accidental debido a la manipulación del producto, cada uno de ellos sujeto a un cargo adicional de R$28000  por los daños de la pantalla o la carcasa externa o de R$96000  por Otros daños accidentales. Lee todos los detalles en los Términos y condiciones de AppleCare+."",""deviceDateOfPurchase"":""23/09/2026"",""deviceId"":""SFJD2N4T4Q3"",""registeredDevice"":""1"",""pocType"":""APOC"",""serialNumber"":""FJD2N4T4Q3"",""partNumber"":""SHJ83ZX/A"",""partAlias"":""ACP"",""purchaseMode"":""C"",""productDescription"":""iPhone 18 Pro Max""}},""transactionId"":""1cdcf443-2140-4b19-a3bd-ef3eae0420de-1790187736109""}"
True;5194044;2026-09-23 15:24:53.350000;2026-09-23 00:00:00;14201115;CREATEORDER;SFJD2N4T4Q3;MJXN4BE/A;"{""orderDetailsResponses"":{""deviceEligibility"":{""secondaryDisplay"":""0"",""partDescription"":""AppleCare+ para iPhone 18 Pro Max"",""coverageDuration"":""2"",""productStatement"":""AppleCare+ para iPhone 18 Pro Max amplía la cobertura de servicio y soporte técnico a 2 años desde la fecha de compra de AppleCare+ e incluye cobertura para una cantidad ilimitada de incidentes por daño accidental debido a la manipulación del producto, cada uno de ellos sujeto a un cargo adicional de R$28000  por los daños de la pantalla o la carcasa externa o de R$96000  por Otros daños accidentales. Lee todos los detalles en los Términos y condiciones de AppleCare+."",""deviceDateOfPurchase"":""23/09/2026"",""deviceId"":""SFJD2N4T4Q3"",""registeredDevice"":""1"",""pocType"":""APOC"",""serialNumber"":""FJD2N4T4Q3"",""partNumber"":""SHJ83ZX/A"",""partAlias"":""ACP"",""purchaseMode"":""C"",""productDescription"":""iPhone 18 Pro Max""},""orderConfirmation"":{""agreementNumber"":""328426541857"",""coverageDurationStatement"":""Finaliza el 22/09/2028"",""termConditionURL"":""http://www.apple.com/legal/sales-support/"",""partNumber"":""SHJ83ZX/A"",""partAlias"":""ACP"",""partType"":""AppleCare+"",""purchaseMode"":""C"",""appleCareSalesDate"":""23/09/2026"",""pocType"":""APOC"",""purchaseOrderNumber"":""14201115""}},""transactionId"":""f4ca78bb-b194-4530-b735-83caddfca8d5-1790187888220""}"
True;5191913;2026-09-23 15:26:33.590000;2026-09-23 00:00:00;18501011;VERIFYORDER;SDHWYY90G2X;MJRR4BE/A;"{""orderDetailsResponses"":{""deviceEligibility"":{""secondaryDisplay"":""0"",""partDescription"":""AppleCare+ con robo y pérdida para iPhone 18 Pro"",""coverageDuration"":""2"",""productStatement"":""Tu AppleCare+ con robo y pérdida para iPhone 18 Pro amplía la cobertura de servicio y soporte técnico a 2 años desde la fecha de compra de AppleCare+ con robo y pérdida e incluye cobertura para una cantidad ilimitada de incidentes por daño accidental debido a la manipulación del producto o un máximo de dos incidentes de robo y pérdida cada 12 meses, cada uno de ellos sujeto a un cargo adicional de R$28000  por los daños de la pantalla o la carcasa externa o de R$144000  por robo o pérdida o de R$96000  por Otros daños accidentales. Lee todos los detalles en los Términos y condiciones de AppleCare+."",""deviceDateOfPurchase"":""23/09/2026"",""deviceId"":""SDHWYY90G2X"",""registeredDevice"":""1"",""pocType"":""APOC"",""serialNumber"":""DHWYY90G2X"",""partNumber"":""SHMD3ZX/A"",""partAlias"":""ACPTL"",""purchaseMode"":""C"",""productDescription"":""iPhone 18 Pro"",""tlDisclosure"":""La cobertura de robo y pérdida requiere que tengas la función Buscar habilitada en tu dispositivo antes de que se pierda o te lo roben. Durante el proceso de reclamación, te pediremos que uses la función Buscar para poner el dispositivo perdido o robado en modo Perdido, borrarlo y transferir la propiedad a Apple para que podamos asignarte un nuevo dispositivo. Para asegurarte de que puedas iniciar sesión en Buscar y acceder a esta función, es importante que recuerdes tu ID de Apple y contraseña, y que mantengas la información de tu cuenta actualizada. Si usas la autenticación de doble factor para el ID de Apple, te recomendamos que añadas un número de teléfono adicional de confianza a tu cuenta en el que puedas recibir el código de verificación de 6 dígitos que necesitas para iniciar sesión aunque no tengas tu iPhone. Para obtener más información, visita las páginas de Soporte técnico de Apple.""}},""transactionId"":""5724c5d6-1d01-432c-b25b-745bb3a70ce6-1790187993048""}"
True;1335305;2026-09-23 15:31:09.363000;2026-09-23 00:00:00;68801117;VERIFYORDER;SFNVTJRHKXM;MJED4BE/A;"{""orderDetailsResponses"":{""deviceEligibility"":{""secondaryDisplay"":""0"",""partDescription"":""AppleCare+ para Apple Watch Series 12"",""coverageDuration"":""2"",""productStatement"":""AppleCare+ para Apple Watch Series 12 amplía la cobertura de servicio y soporte técnico a 2 años desde la fecha de compra de AppleCare+ e incluye cobertura para una cantidad ilimitada de incidentes por daño accidental debido a la manipulación del producto, cada uno de ellos sujeto a un cargo adicional de R$67000  por Otros daños accidentales. Lee todos los detalles en los Términos y condiciones de AppleCare+."",""deviceDateOfPurchase"":""23/09/2026"",""deviceId"":""SFNVTJRHKXM"",""registeredDevice"":""1"",""pocType"":""APOC"",""serialNumber"":""FNVTJRHKXM"",""partNumber"":""SH0G3ZX/A"",""partAlias"":""ACP"",""purchaseMode"":""C"",""productDescription"":""Watch Series 12 (GPS) Aluminum 42MM""}},""transactionId"":""e27316ea-f503-4952-bd2a-d5bb5e770373-1790188268825""}"
True;5191913;2026-09-23 15:32:30.830000;2026-09-23 00:00:00;18501011;CREATEORDER;SDHWYY90G2X;MJRR4BE/A;"{""orderDetailsResponses"":{""deviceEligibility"":{""secondaryDisplay"":""0"",""partDescription"":""AppleCare+ con robo y pérdida para iPhone 18 Pro"",""coverageDuration"":""2"",""productStatement"":""Tu AppleCare+ con robo y pérdida para iPhone 18 Pro amplía la cobertura de servicio y soporte técnico a 2 años desde la fecha de compra de AppleCare+ con robo y pérdida e incluye cobertura para una cantidad ilimitada de incidentes por daño accidental debido a la manipulación del producto o un máximo de dos incidentes de robo y pérdida cada 12 meses, cada uno de ellos sujeto a un cargo adicional de R$28000  por los daños de la pantalla o la carcasa externa o de R$144000  por robo o pérdida o de R$96000  por Otros daños accidentales. Lee todos los detalles en los Términos y condiciones de AppleCare+."",""deviceDateOfPurchase"":""23/09/2026"",""deviceId"":""SDHWYY90G2X"",""registeredDevice"":""1"",""pocType"":""APOC"",""serialNumber"":""DHWYY90G2X"",""partNumber"":""SHMD3ZX/A"",""partAlias"":""ACPTL"",""purchaseMode"":""C"",""productDescription"":""iPhone 18 Pro"",""tlDisclosure"":""La cobertura de robo y pérdida requiere que tengas la función Buscar habilitada en tu dispositivo antes de que se pierda o te lo roben. Durante el proceso de reclamación, te pediremos que uses la función Buscar para poner el dispositivo perdido o robado en modo Perdido, borrarlo y transferir la propiedad a Apple para que podamos asignarte un nuevo dispositivo. Para asegurarte de que puedas iniciar sesión en Buscar y acceder a esta función, es importante que recuerdes tu ID de Apple y contraseña, y que mantengas la información de tu cuenta actualizada. Si usas la autenticación de doble factor para el ID de Apple, te recomendamos que añadas un número de teléfono adicional de confianza a tu cuenta en el que puedas recibir el código de verificación de 6 dígitos que necesitas para iniciar sesión aunque no tengas tu iPhone. Para obtener más información, visita las páginas de Soporte técnico de Apple.""},""orderConfirmation"":{""agreementNumber"":""328426562218"",""coverageDurationStatement"":""Finaliza el 22/09/2028"",""termConditionURL"":""http://www.apple.com/legal/sales-support/"",""partNumber"":""SHMD3ZX/A"",""partAlias"":""ACPTL"",""partType"":""AC+TL"",""purchaseMode"":""C"",""appleCareSalesDate"":""23/09/2026"",""pocType"":""APOC"",""purchaseOrderNumber"":""18501011""}},""transactionId"":""62ceb7fb-f9df-421b-88ff-b7ef2eb781cb-1790188345843""}"
True;1339383;2026-09-23 15:33:37.090000;2026-09-23 00:00:00;29701123;VERIFYORDER;SMN71Y0DQ66;MJXV4BE/A;"{""orderDetailsResponses"":{""deviceEligibility"":{""secondaryDisplay"":""0"",""partDescription"":""AppleCare+ con robo y pérdida para iPhone 18 Pro Max"",""coverageDuration"":""2"",""productStatement"":""Tu AppleCare+ con robo y pérdida para iPhone 18 Pro Max amplía la cobertura de servicio y soporte técnico a 2 años desde la fecha de compra de AppleCare+ con robo y pérdida e incluye cobertura para una cantidad ilimitada de incidentes por daño accidental debido a la manipulación del producto o un máximo de dos incidentes de robo y pérdida cada 12 meses, cada uno de ellos sujeto a un cargo adicional de R$28000  por los daños de la pantalla o la carcasa externa o de R$144000  por robo o pérdida o de R$96000  por Otros daños accidentales. Lee todos los detalles en los Términos y condiciones de AppleCare+."",""deviceDateOfPurchase"":""23/09/2026"",""deviceId"":""SMN71Y0DQ66"",""registeredDevice"":""0"",""pocType"":""APOC"",""serialNumber"":""MN71Y0DQ66"",""partNumber"":""SHMP3ZX/A"",""partAlias"":""ACPTL"",""purchaseMode"":""C"",""productDescription"":""iPhone 18 Pro Max"",""tlDisclosure"":""La cobertura de robo y pérdida requiere que tengas la función Buscar habilitada en tu dispositivo antes de que se pierda o te lo roben. Durante el proceso de reclamación, te pediremos que uses la función Buscar para poner el dispositivo perdido o robado en modo Perdido, borrarlo y transferir la propiedad a Apple para que podamos asignarte un nuevo dispositivo. Para asegurarte de que puedas iniciar sesión en Buscar y acceder a esta función, es importante que recuerdes tu ID de Apple y contraseña, y que mantengas la información de tu cuenta actualizada. Si usas la autenticación de doble factor para el ID de Apple, te recomendamos que añadas un número de teléfono adicional de confianza a tu cuenta en el que puedas recibir el código de verificación de 6 dígitos que necesitas para iniciar sesión aunque no tengas tu iPhone. Para obtener más información, visita las páginas de Soporte técnico de Apple.""}},""transactionId"":""8238f661-1f35-4837-a6c7-9c24da9b4176-1790188416514""}"
True;5144623;2026-09-23 15:34:07.420000;2026-09-23 00:00:00;39101055;VERIFYORDER;sk02v5t0gpc;MJXP4BE/A;"{""orderDetailsResponses"":{""deviceEligibility"":{""secondaryDisplay"":""0"",""partDescription"":""AppleCare+ con robo y pérdida para iPhone 18 Pro Max"",""coverageDuration"":""2"",""productStatement"":""Tu AppleCare+ con robo y pérdida para iPhone 18 Pro Max amplía la cobertura de servicio y soporte técnico a 2 años desde la fecha de compra de AppleCare+ con robo y pérdida e incluye cobertura para una cantidad ilimitada de incidentes por daño accidental debido a la manipulación del producto o un máximo de dos incidentes de robo y pérdida cada 12 meses, cada uno de ellos sujeto a un cargo adicional de R$28000  por los daños de la pantalla o la carcasa externa o de R$144000  por robo o pérdida o de R$96000  por Otros daños accidentales. Lee todos los detalles en los Términos y condiciones de AppleCare+."",""deviceDateOfPurchase"":""23/09/2026"",""deviceId"":""SK02V5T0GPC"",""registeredDevice"":""1"",""pocType"":""APOC"",""serialNumber"":""K02V5T0GPC"",""partNumber"":""SHMP3ZX/A"",""partAlias"":""ACPTL"",""purchaseMode"":""C"",""productDescription"":""iPhone 18 Pro Max"",""tlDisclosure"":""La cobertura de robo y pérdida requiere que tengas la función Buscar habilitada en tu dispositivo antes de que se pierda o te lo roben. Durante el proceso de reclamación, te pediremos que uses la función Buscar para poner el dispositivo perdido o robado en modo Perdido, borrarlo y transferir la propiedad a Apple para que podamos asignarte un nuevo dispositivo. Para asegurarte de que puedas iniciar sesión en Buscar y acceder a esta función, es importante que recuerdes tu ID de Apple y contraseña, y que mantengas la información de tu cuenta actualizada. Si usas la autenticación de doble factor para el ID de Apple, te recomendamos que añadas un número de teléfono adicional de confianza a tu cuenta en el que puedas recibir el código de verificación de 6 dígitos que necesitas para iniciar sesión aunque no tengas tu iPhone. Para obtener más información, visita las páginas de Soporte técnico de Apple.""}},""transactionId"":""9c8f101c-1a61-41ec-943c-be1452e147e0-1790188446861""}"
True;1335305;2026-09-23 15:34:14.373000;2026-09-23 00:00:00;68801117;CREATEORDER;SFNVTJRHKXM;MJED4BE/A;"{""orderDetailsResponses"":{""deviceEligibility"":{""secondaryDisplay"":""0"",""partDescription"":""AppleCare+ para Apple Watch Series 12"",""coverageDuration"":""2"",""productStatement"":""AppleCare+ para Apple Watch Series 12 amplía la cobertura de servicio y soporte técnico a 2 años desde la fecha de compra de AppleCare+ e incluye cobertura para una cantidad ilimitada de incidentes por daño accidental debido a la manipulación del producto, cada uno de ellos sujeto a un cargo adicional de R$67000  por Otros daños accidentales. Lee todos los detalles en los Términos y condiciones de AppleCare+."",""deviceDateOfPurchase"":""23/09/2026"",""deviceId"":""SFNVTJRHKXM"",""registeredDevice"":""1"",""pocType"":""APOC"",""serialNumber"":""FNVTJRHKXM"",""partNumber"":""SH0G3ZX/A"",""partAlias"":""ACP"",""purchaseMode"":""C"",""productDescription"":""Watch Series 12 (GPS) Aluminum 42MM""},""orderConfirmation"":{""agreementNumber"":""328426560352"",""coverageDurationStatement"":""Finaliza el 22/09/2028"",""termConditionURL"":""http://www.apple.com/legal/sales-support/"",""partNumber"":""SH0G3ZX/A"",""partAlias"":""ACP"",""partType"":""AppleCare+"",""purchaseMode"":""C"",""appleCareSalesDate"":""23/09/2026"",""pocType"":""APOC"",""purchaseOrderNumber"":""68801117""}},""transactionId"":""6139594e-f21a-4ae5-a0d8-9efbaca06e14-1790188449362""}"
True;1339383;2026-09-23 15:34:53.763000;2026-09-23 00:00:00;29701123;CREATEORDER;SMN71Y0DQ66;MJXV4BE/A;"{""orderDetailsResponses"":{""deviceEligibility"":{""secondaryDisplay"":""0"",""partDescription"":""AppleCare+ con robo y pérdida para iPhone 18 Pro Max"",""coverageDuration"":""2"",""productStatement"":""Tu AppleCare+ con robo y pérdida para iPhone 18 Pro Max amplía la cobertura de servicio y soporte técnico a 2 años desde la fecha de compra de AppleCare+ con robo y pérdida e incluye cobertura para una cantidad ilimitada de incidentes por daño accidental debido a la manipulación del producto o un máximo de dos incidentes de robo y pérdida cada 12 meses, cada uno de ellos sujeto a un cargo adicional de R$28000  por los daños de la pantalla o la carcasa externa o de R$144000  por robo o pérdida o de R$96000  por Otros daños accidentales. Lee todos los detalles en los Términos y condiciones de AppleCare+."",""deviceDateOfPurchase"":""23/09/2026"",""deviceId"":""SMN71Y0DQ66"",""registeredDevice"":""0"",""pocType"":""APOC"",""serialNumber"":""MN71Y0DQ66"",""partNumber"":""SHMP3ZX/A"",""partAlias"":""ACPTL"",""purchaseMode"":""C"",""productDescription"":""iPhone 18 Pro Max"",""tlDisclosure"":""La cobertura de robo y pérdida requiere que tengas la función Buscar habilitada en tu dispositivo antes de que se pierda o te lo roben. Durante el proceso de reclamación, te pediremos que uses la función Buscar para poner el dispositivo perdido o robado en modo Perdido, borrarlo y transferir la propiedad a Apple para que podamos asignarte un nuevo dispositivo. Para asegurarte de que puedas iniciar sesión en Buscar y acceder a esta función, es importante que recuerdes tu ID de Apple y contraseña, y que mantengas la información de tu cuenta actualizada. Si usas la autenticación de doble factor para el ID de Apple, te recomendamos que añadas un número de teléfono adicional de confianza a tu cuenta en el que puedas recibir el código de verificación de 6 dígitos que necesitas para iniciar sesión aunque no tengas tu iPhone. Para obtener más información, visita las páginas de Soporte técnico de Apple.""},""orderConfirmation"":{""agreementNumber"":""328426544595"",""coverageDurationStatement"":""Finaliza el 22/09/2028"",""termConditionURL"":""http://www.apple.com/legal/sales-support/"",""partNumber"":""SHMP3ZX/A"",""partAlias"":""ACPTL"",""partType"":""AC+TL"",""purchaseMode"":""C"",""appleCareSalesDate"":""23/09/2026"",""pocType"":""APOC"",""purchaseOrderNumber"":""29701123""}},""transactionId"":""4c6ad7aa-5e2c-4968-a9dd-bceb3b6e179a-1790188488757""}"
True;5144623;2026-09-23 15:37:14.947000;2026-09-23 00:00:00;39101055;CREATEORDER;sk02v5t0gpc;MJXP4BE/A;"{""orderDetailsResponses"":{""deviceEligibility"":{""secondaryDisplay"":""0"",""partDescription"":""AppleCare+ con robo y pérdida para iPhone 18 Pro Max"",""coverageDuration"":""2"",""productStatement"":""Tu AppleCare+ con robo y pérdida para iPhone 18 Pro Max amplía la cobertura de servicio y soporte técnico a 2 años desde la fecha de compra de AppleCare+ con robo y pérdida e incluye cobertura para una cantidad ilimitada de incidentes por daño accidental debido a la manipulación del producto o un máximo de dos incidentes de robo y pérdida cada 12 meses, cada uno de ellos sujeto a un cargo adicional de R$28000  por los daños de la pantalla o la carcasa externa o de R$144000  por robo o pérdida o de R$96000  por Otros daños accidentales. Lee todos los detalles en los Términos y condiciones de AppleCare+."",""deviceDateOfPurchase"":""23/09/2026"",""deviceId"":""SK02V5T0GPC"",""registeredDevice"":""1"",""pocType"":""APOC"",""serialNumber"":""K02V5T0GPC"",""partNumber"":""SHMP3ZX/A"",""partAlias"":""ACPTL"",""purchaseMode"":""C"",""productDescription"":""iPhone 18 Pro Max"",""tlDisclosure"":""La cobertura de robo y pérdida requiere que tengas la función Buscar habilitada en tu dispositivo antes de que se pierda o te lo roben. Durante el proceso de reclamación, te pediremos que uses la función Buscar para poner el dispositivo perdido o robado en modo Perdido, borrarlo y transferir la propiedad a Apple para que podamos asignarte un nuevo dispositivo. Para asegurarte de que puedas iniciar sesión en Buscar y acceder a esta función, es importante que recuerdes tu ID de Apple y contraseña, y que mantengas la información de tu cuenta actualizada. Si usas la autenticación de doble factor para el ID de Apple, te recomendamos que añadas un número de teléfono adicional de confianza a tu cuenta en el que puedas recibir el código de verificación de 6 dígitos que necesitas para iniciar sesión aunque no tengas tu iPhone. Para obtener más información, visita las páginas de Soporte técnico de Apple.""},""orderConfirmation"":{""agreementNumber"":""328426562275"",""coverageDurationStatement"":""Finaliza el 22/09/2028"",""termConditionURL"":""http://www.apple.com/legal/sales-support/"",""partNumber"":""SHMP3ZX/A"",""partAlias"":""ACPTL"",""partType"":""AC+TL"",""purchaseMode"":""C"",""appleCareSalesDate"":""23/09/2026"",""pocType"":""APOC"",""purchaseOrderNumber"":""39101055""}},""transactionId"":""eac05097-8917-4b0a-81fa-5060ab6a9f4d-1790188630013""}"
True;5177673;2026-09-23 15:38:19.303000;2026-09-23 00:00:00;36501058;VERIFYORDER;SML76WWR27R;MG6K4BE/A;"{""orderDetailsResponses"":{""deviceEligibility"":{""secondaryDisplay"":""0"",""partDescription"":""AppleCare+ con robo y pérdida para iPhone 17"",""coverageDuration"":""2"",""productStatement"":""Tu AppleCare+ con robo y pérdida para iPhone 17 amplía la cobertura de servicio y soporte técnico a 2 años desde la fecha de compra de AppleCare+ con robo y pérdida e incluye cobertura para una cantidad ilimitada de incidentes por daño accidental debido a la manipulación del producto o un máximo de dos incidentes de robo y pérdida cada 12 meses, cada uno de ellos sujeto a un cargo adicional de R$96000  por Otros daños accidentales o de R$28000  por los daños de la pantalla o la carcasa externa o de R$144000  por robo o pérdida. Lee todos los detalles en los Términos y condiciones de AppleCare+."",""deviceDateOfPurchase"":""23/09/2026"",""deviceId"":""SML76WWR27R"",""registeredDevice"":""1"",""pocType"":""APOC"",""serialNumber"":""ML76WWR27R"",""partNumber"":""SX2V2ZX/A"",""partAlias"":""ACPTL"",""purchaseMode"":""C"",""productDescription"":""iPhone 17"",""tlDisclosure"":""La cobertura de robo y pérdida requiere que tengas la función Buscar habilitada en tu dispositivo antes de que se pierda o te lo roben. Durante el proceso de reclamación, te pediremos que uses la función Buscar para poner el dispositivo perdido o robado en modo Perdido, borrarlo y transferir la propiedad a Apple para que podamos asignarte un nuevo dispositivo. Para asegurarte de que puedas iniciar sesión en Buscar y acceder a esta función, es importante que recuerdes tu ID de Apple y contraseña, y que mantengas la información de tu cuenta actualizada. Si usas la autenticación de doble factor para el ID de Apple, te recomendamos que añadas un número de teléfono adicional de confianza a tu cuenta en el que puedas recibir el código de verificación de 6 dígitos que necesitas para iniciar sesión aunque no tengas tu iPhone. Para obtener más información, visita las páginas de Soporte técnico de Apple.""}},""transactionId"":""42ba060e-d856-4017-bf20-9c421d859a84-1790188698746""}"
True;5194628;2026-09-23 15:42:19.060000;2026-09-23 00:00:00;801136;VERIFYORDER;SDT9FFVJL43;MJRR4BE/A;"{""orderDetailsResponses"":{""deviceEligibility"":{""secondaryDisplay"":""0"",""partDescription"":""AppleCare+ con robo y pérdida para iPhone 18 Pro"",""coverageDuration"":""2"",""productStatement"":""Tu AppleCare+ con robo y pérdida para iPhone 18 Pro amplía la cobertura de servicio y soporte técnico a 2 años desde la fecha de compra de AppleCare+ con robo y pérdida e incluye cobertura para una cantidad ilimitada de incidentes por daño accidental debido a la manipulación del producto o un máximo de dos incidentes de robo y pérdida cada 12 meses, cada uno de ellos sujeto a un cargo adicional de R$28000  por los daños de la pantalla o la carcasa externa o de R$144000  por robo o pérdida o de R$96000  por Otros daños accidentales. Lee todos los detalles en los Términos y condiciones de AppleCare+."",""deviceDateOfPurchase"":""23/09/2026"",""deviceId"":""SDT9FFVJL43"",""registeredDevice"":""1"",""pocType"":""APOC"",""serialNumber"":""DT9FFVJL43"",""partNumber"":""SHMD3ZX/A"",""partAlias"":""ACPTL"",""purchaseMode"":""C"",""productDescription"":""iPhone 18 Pro"",""tlDisclosure"":""La cobertura de robo y pérdida requiere que tengas la función Buscar habilitada en tu dispositivo antes de que se pierda o te lo roben. Durante el proceso de reclamación, te pediremos que uses la función Buscar para poner el dispositivo perdido o robado en modo Perdido, borrarlo y transferir la propiedad a Apple para que podamos asignarte un nuevo dispositivo. Para asegurarte de que puedas iniciar sesión en Buscar y acceder a esta función, es importante que recuerdes tu ID de Apple y contraseña, y que mantengas la información de tu cuenta actualizada. Si usas la autenticación de doble factor para el ID de Apple, te recomendamos que añadas un número de teléfono adicional de confianza a tu cuenta en el que puedas recibir el código de verificación de 6 dígitos que necesitas para iniciar sesión aunque no tengas tu iPhone. Para obtener más información, visita las páginas de Soporte técnico de Apple.""}},""transactionId"":""31562c34-5d3c-4497-9dbd-1baa74a6d318-1790188938514""}"
True;5177673;2026-09-23 15:44:15.270000;2026-09-23 00:00:00;36501058;CREATEORDER;SML76WWR27R;MG6K4BE/A;"{""orderDetailsResponses"":{""deviceEligibility"":{""secondaryDisplay"":""0"",""partDescription"":""AppleCare+ con robo y pérdida para iPhone 17"",""coverageDuration"":""2"",""productStatement"":""Tu AppleCare+ con robo y pérdida para iPhone 17 amplía la cobertura de servicio y soporte técnico a 2 años desde la fecha de compra de AppleCare+ con robo y pérdida e incluye cobertura para una cantidad ilimitada de incidentes por daño accidental debido a la manipulación del producto o un máximo de dos incidentes de robo y pérdida cada 12 meses, cada uno de ellos sujeto a un cargo adicional de R$96000  por Otros daños accidentales o de R$28000  por los daños de la pantalla o la carcasa externa o de R$144000  por robo o pérdida. Lee todos los detalles en los Términos y condiciones de AppleCare+."",""deviceDateOfPurchase"":""23/09/2026"",""deviceId"":""SML76WWR27R"",""registeredDevice"":""1"",""pocType"":""APOC"",""serialNumber"":""ML76WWR27R"",""partNumber"":""SX2V2ZX/A"",""partAlias"":""ACPTL"",""purchaseMode"":""C"",""productDescription"":""iPhone 17"",""tlDisclosure"":""La cobertura de robo y pérdida requiere que tengas la función Buscar habilitada en tu dispositivo antes de que se pierda o te lo roben. Durante el proceso de reclamación, te pediremos que uses la función Buscar para poner el dispositivo perdido o robado en modo Perdido, borrarlo y transferir la propiedad a Apple para que podamos asignarte un nuevo dispositivo. Para asegurarte de que puedas iniciar sesión en Buscar y acceder a esta función, es importante que recuerdes tu ID de Apple y contraseña, y que mantengas la información de tu cuenta actualizada. Si usas la autenticación de doble factor para el ID de Apple, te recomendamos que añadas un número de teléfono adicional de confianza a tu cuenta en el que puedas recibir el código de verificación de 6 dígitos que necesitas para iniciar sesión aunque no tengas tu iPhone. Para obtener más información, visita las páginas de Soporte técnico de Apple.""},""orderConfirmation"":{""agreementNumber"":""328426561364"",""coverageDurationStatement"":""Finaliza el 22/09/2028"",""termConditionURL"":""http://www.apple.com/legal/sales-support/"",""partNumber"":""SX2V2ZX/A"",""partAlias"":""ACPTL"",""partType"":""AC+TL"",""purchaseMode"":""C"",""appleCareSalesDate"":""23/09/2026"",""pocType"":""APOC"",""purchaseOrderNumber"":""36501058""}},""transactionId"":""c57e456d-2edf-40bf-8040-29bacb0d6851-1790189050146""}"
True;5194628;2026-09-23 15:46:01.180000;2026-09-23 00:00:00;801136;CREATEORDER;SDT9FFVJL43;MJRR4BE/A;"{""orderDetailsResponses"":{""deviceEligibility"":{""secondaryDisplay"":""0"",""partDescription"":""AppleCare+ con robo y pérdida para iPhone 18 Pro"",""coverageDuration"":""2"",""productStatement"":""Tu AppleCare+ con robo y pérdida para iPhone 18 Pro amplía la cobertura de servicio y soporte técnico a 2 años desde la fecha de compra de AppleCare+ con robo y pérdida e incluye cobertura para una cantidad ilimitada de incidentes por daño accidental debido a la manipulación del producto o un máximo de dos incidentes de robo y pérdida cada 12 meses, cada uno de ellos sujeto a un cargo adicional de R$28000  por los daños de la pantalla o la carcasa externa o de R$144000  por robo o pérdida o de R$96000  por Otros daños accidentales. Lee todos los detalles en los Términos y condiciones de AppleCare+."",""deviceDateOfPurchase"":""23/09/2026"",""deviceId"":""SDT9FFVJL43"",""registeredDevice"":""1"",""pocType"":""APOC"",""serialNumber"":""DT9FFVJL43"",""partNumber"":""SHMD3ZX/A"",""partAlias"":""ACPTL"",""purchaseMode"":""C"",""productDescription"":""iPhone 18 Pro"",""tlDisclosure"":""La cobertura de robo y pérdida requiere que tengas la función Buscar habilitada en tu dispositivo antes de que se pierda o te lo roben. Durante el proceso de reclamación, te pediremos que uses la función Buscar para poner el dispositivo perdido o robado en modo Perdido, borrarlo y transferir la propiedad a Apple para que podamos asignarte un nuevo dispositivo. Para asegurarte de que puedas iniciar sesión en Buscar y acceder a esta función, es importante que recuerdes tu ID de Apple y contraseña, y que mantengas la información de tu cuenta actualizada. Si usas la autenticación de doble factor para el ID de Apple, te recomendamos que añadas un número de teléfono adicional de confianza a tu cuenta en el que puedas recibir el código de verificación de 6 dígitos que necesitas para iniciar sesión aunque no tengas tu iPhone. Para obtener más información, visita las páginas de Soporte técnico de Apple.""},""orderConfirmation"":{""agreementNumber"":""328426562389"",""coverageDurationStatement"":""Finaliza el 22/09/2028"",""termConditionURL"":""http://www.apple.com/legal/sales-support/"",""partNumber"":""SHMD3ZX/A"",""partAlias"":""ACPTL"",""partType"":""AC+TL"",""purchaseMode"":""C"",""appleCareSalesDate"":""23/09/2026"",""pocType"":""APOC"",""purchaseOrderNumber"":""801136""}},""transactionId"":""6824cbde-4703-4be5-a863-45ae5e97fcdb-1790189156201""}"
True;5120670;2026-09-23 15:47:53.877000;2026-09-23 00:00:00;64201082;VERIFYORDER;SM0GW375XCT;MHWK4BE/A;"{""orderDetailsResponses"":{""deviceEligibility"":{""secondaryDisplay"":""0"",""partDescription"":""AppleCare+ para AirPods Max"",""coverageDuration"":""2"",""productStatement"":""AppleCare+ para AirPods Max amplía la cobertura de servicio y soporte técnico a 2 años desde la fecha de compra de AppleCare+ e incluye cobertura para una cantidad ilimitada de incidentes por daño accidental debido a la manipulación del producto, cada uno de ellos sujeto a un cargo adicional de CLP28000 . Lee todos los detalles en los Términos y condiciones de AppleCare+."",""deviceDateOfPurchase"":""23/09/2026"",""deviceId"":""SM0GW375XCT"",""registeredDevice"":""1"",""pocType"":""APOC"",""serialNumber"":""M0GW375XCT"",""partNumber"":""S9086ZX/A"",""partAlias"":""ACP"",""purchaseMode"":""C"",""productDescription"":""AirPods Max 2""}},""transactionId"":""8bb70150-91d9-4016-be61-b185894fa3f1-1790189273343""}"
True;5120670;2026-09-23 15:51:12.917000;2026-09-23 00:00:00;64201082;CREATEORDER;SM0GW375XCT;MHWK4BE/A;"{""orderDetailsResponses"":{""deviceEligibility"":{""secondaryDisplay"":""0"",""partDescription"":""AppleCare+ para AirPods Max"",""coverageDuration"":""2"",""productStatement"":""AppleCare+ para AirPods Max amplía la cobertura de servicio y soporte técnico a 2 años desde la fecha de compra de AppleCare+ e incluye cobertura para una cantidad ilimitada de incidentes por daño accidental debido a la manipulación del producto, cada uno de ellos sujeto a un cargo adicional de CLP28000 . Lee todos los detalles en los Términos y condiciones de AppleCare+."",""deviceDateOfPurchase"":""23/09/2026"",""deviceId"":""SM0GW375XCT"",""registeredDevice"":""1"",""pocType"":""APOC"",""serialNumber"":""M0GW375XCT"",""partNumber"":""S9086ZX/A"",""partAlias"":""ACP"",""purchaseMode"":""C"",""productDescription"":""AirPods Max 2""},""orderConfirmation"":{""agreementNumber"":""328426542995"",""coverageDurationStatement"":""Finaliza el 22/09/2028"",""termConditionURL"":""http://www.apple.com/legal/sales-support/"",""partNumber"":""S9086ZX/A"",""partAlias"":""ACP"",""partType"":""AppleCare+"",""purchaseMode"":""C"",""appleCareSalesDate"":""23/09/2026"",""pocType"":""APOC"",""purchaseOrderNumber"":""64201082""}},""transactionId"":""ef46c8b9-3cdc-41a7-8a74-637b0e690075-1790189468102""}"
True;5167542;2026-09-23 15:58:02.883000;2026-09-23 00:00:00;1901173;VERIFYORDER;SMDWFMXVK9V;MJXQ4BE/A;"{""orderDetailsResponses"":{""deviceEligibility"":{""secondaryDisplay"":""0"",""partDescription"":""AppleCare+ con robo y pérdida para iPhone 18 Pro Max"",""coverageDuration"":""2"",""productStatement"":""Tu AppleCare+ con robo y pérdida para iPhone 18 Pro Max amplía la cobertura de servicio y soporte técnico a 2 años desde la fecha de compra de AppleCare+ con robo y pérdida e incluye cobertura para una cantidad ilimitada de incidentes por daño accidental debido a la manipulación del producto o un máximo de dos incidentes de robo y pérdida cada 12 meses, cada uno de ellos sujeto a un cargo adicional de R$28000  por los daños de la pantalla o la carcasa externa o de R$144000  por robo o pérdida o de R$96000  por Otros daños accidentales. Lee todos los detalles en los Términos y condiciones de AppleCare+."",""deviceDateOfPurchase"":""22/09/2026"",""deviceId"":""SMDWFMXVK9V"",""registeredDevice"":""0"",""pocType"":""APOC"",""serialNumber"":""MDWFMXVK9V"",""partNumber"":""SHMP3ZX/A"",""partAlias"":""ACPTL"",""purchaseMode"":""I"",""productDescription"":""iPhone 18 Pro Max"",""tlDisclosure"":""La cobertura de robo y pérdida requiere que tengas la función Buscar habilitada en tu dispositivo antes de que se pierda o te lo roben. Durante el proceso de reclamación, te pediremos que uses la función Buscar para poner el dispositivo perdido o robado en modo Perdido, borrarlo y transferir la propiedad a Apple para que podamos asignarte un nuevo dispositivo. Para asegurarte de que puedas iniciar sesión en Buscar y acceder a esta función, es importante que recuerdes tu ID de Apple y contraseña, y que mantengas la información de tu cuenta actualizada. Si usas la autenticación de doble factor para el ID de Apple, te recomendamos que añadas un número de teléfono adicional de confianza a tu cuenta en el que puedas recibir el código de verificación de 6 dígitos que necesitas para iniciar sesión aunque no tengas tu iPhone. Para obtener más información, visita las páginas de Soporte técnico de Apple.""}},""transactionId"":""bcfeac54-719b-4240-9b3d-c7240138ebeb-1790189882302""}"
True;5167542;2026-09-23 16:00:31.517000;2026-09-23 00:00:00;1901173;VERIFYORDER;SMDWFMXVK9V;MJXQ4BE/A;"{""orderDetailsResponses"":{""deviceEligibility"":{""secondaryDisplay"":""0"",""partDescription"":""AppleCare+ con robo y pérdida para iPhone 18 Pro Max"",""coverageDuration"":""2"",""productStatement"":""Tu AppleCare+ con robo y pérdida para iPhone 18 Pro Max amplía la cobertura de servicio y soporte técnico a 2 años desde la fecha de compra de AppleCare+ con robo y pérdida e incluye cobertura para una cantidad ilimitada de incidentes por daño accidental debido a la manipulación del producto o un máximo de dos incidentes de robo y pérdida cada 12 meses, cada uno de ellos sujeto a un cargo adicional de R$28000  por los daños de la pantalla o la carcasa externa o de R$144000  por robo o pérdida o de R$96000  por Otros daños accidentales. Lee todos los detalles en los Términos y condiciones de AppleCare+."",""deviceDateOfPurchase"":""22/09/2026"",""deviceId"":""SMDWFMXVK9V"",""registeredDevice"":""0"",""pocType"":""APOC"",""serialNumber"":""MDWFMXVK9V"",""partNumber"":""SHMP3ZX/A"",""partAlias"":""ACPTL"",""purchaseMode"":""I"",""productDescription"":""iPhone 18 Pro Max"",""tlDisclosure"":""La cobertura de robo y pérdida requiere que tengas la función Buscar habilitada en tu dispositivo antes de que se pierda o te lo roben. Durante el proceso de reclamación, te pediremos que uses la función Buscar para poner el dispositivo perdido o robado en modo Perdido, borrarlo y transferir la propiedad a Apple para que podamos asignarte un nuevo dispositivo. Para asegurarte de que puedas iniciar sesión en Buscar y acceder a esta función, es importante que recuerdes tu ID de Apple y contraseña, y que mantengas la información de tu cuenta actualizada. Si usas la autenticación de doble factor para el ID de Apple, te recomendamos que añadas un número de teléfono adicional de confianza a tu cuenta en el que puedas recibir el código de verificación de 6 dígitos que necesitas para iniciar sesión aunque no tengas tu iPhone. Para obtener más información, visita las páginas de Soporte técnico de Apple.""}},""transactionId"":""283930a9-fd03-438c-adc3-13f5213103c0-1790190029771""}"
True;5167542;2026-09-23 16:02:28.217000;2026-09-23 00:00:00;1901173;CREATEORDER;SMDWFMXVK9V;MJXQ4BE/A;"{""orderDetailsResponses"":{""deviceEligibility"":{""secondaryDisplay"":""0"",""partDescription"":""AppleCare+ con robo y pérdida para iPhone 18 Pro Max"",""coverageDuration"":""2"",""productStatement"":""Tu AppleCare+ con robo y pérdida para iPhone 18 Pro Max amplía la cobertura de servicio y soporte técnico a 2 años desde la fecha de compra de AppleCare+ con robo y pérdida e incluye cobertura para una cantidad ilimitada de incidentes por daño accidental debido a la manipulación del producto o un máximo de dos incidentes de robo y pérdida cada 12 meses, cada uno de ellos sujeto a un cargo adicional de R$28000  por los daños de la pantalla o la carcasa externa o de R$144000  por robo o pérdida o de R$96000  por Otros daños accidentales. Lee todos los detalles en los Términos y condiciones de AppleCare+."",""deviceDateOfPurchase"":""22/09/2026"",""deviceId"":""SMDWFMXVK9V"",""registeredDevice"":""0"",""pocType"":""APOC"",""serialNumber"":""MDWFMXVK9V"",""partNumber"":""SHMP3ZX/A"",""partAlias"":""ACPTL"",""purchaseMode"":""I"",""productDescription"":""iPhone 18 Pro Max"",""tlDisclosure"":""La cobertura de robo y pérdida requiere que tengas la función Buscar habilitada en tu dispositivo antes de que se pierda o te lo roben. Durante el proceso de reclamación, te pediremos que uses la función Buscar para poner el dispositivo perdido o robado en modo Perdido, borrarlo y transferir la propiedad a Apple para que podamos asignarte un nuevo dispositivo. Para asegurarte de que puedas iniciar sesión en Buscar y acceder a esta función, es importante que recuerdes tu ID de Apple y contraseña, y que mantengas la información de tu cuenta actualizada. Si usas la autenticación de doble factor para el ID de Apple, te recomendamos que añadas un número de teléfono adicional de confianza a tu cuenta en el que puedas recibir el código de verificación de 6 dígitos que necesitas para iniciar sesión aunque no tengas tu iPhone. Para obtener más información, visita las páginas de Soporte técnico de Apple.""},""orderConfirmation"":{""agreementNumber"":""328426580033"",""coverageDurationStatement"":""Finaliza el 22/09/2028"",""termConditionURL"":""http://www.apple.com/legal/sales-support/"",""partNumber"":""SHMP3ZX/A"",""partAlias"":""ACPTL"",""partType"":""AC+TL"",""purchaseMode"":""I"",""appleCareSalesDate"":""23/09/2026"",""pocType"":""APOC"",""purchaseOrderNumber"":""1901173""}},""transactionId"":""7aed0ffe-5ce0-4e8f-96a8-389cdabde943-1790190143034""}"
True;5198422;2026-09-23 16:06:19.377000;2026-09-23 00:00:00;49201033;VERIFYORDER;SK3QGM6LW9W;MJRP4BE/A;"{""orderDetailsResponses"":{""deviceEligibility"":{""secondaryDisplay"":""0"",""partDescription"":""AppleCare+ con robo y pérdida para iPhone 18 Pro"",""coverageDuration"":""2"",""productStatement"":""Tu AppleCare+ con robo y pérdida para iPhone 18 Pro amplía la cobertura de servicio y soporte técnico a 2 años desde la fecha de compra de AppleCare+ con robo y pérdida e incluye cobertura para una cantidad ilimitada de incidentes por daño accidental debido a la manipulación del producto o un máximo de dos incidentes de robo y pérdida cada 12 meses, cada uno de ellos sujeto a un cargo adicional de R$28000  por los daños de la pantalla o la carcasa externa o de R$144000  por robo o pérdida o de R$96000  por Otros daños accidentales. Lee todos los detalles en los Términos y condiciones de AppleCare+."",""deviceDateOfPurchase"":""23/09/2026"",""deviceId"":""SK3QGM6LW9W"",""registeredDevice"":""1"",""pocType"":""APOC"",""serialNumber"":""K3QGM6LW9W"",""partNumber"":""SHMD3ZX/A"",""partAlias"":""ACPTL"",""purchaseMode"":""C"",""productDescription"":""iPhone 18 Pro"",""tlDisclosure"":""La cobertura de robo y pérdida requiere que tengas la función Buscar habilitada en tu dispositivo antes de que se pierda o te lo roben. Durante el proceso de reclamación, te pediremos que uses la función Buscar para poner el dispositivo perdido o robado en modo Perdido, borrarlo y transferir la propiedad a Apple para que podamos asignarte un nuevo dispositivo. Para asegurarte de que puedas iniciar sesión en Buscar y acceder a esta función, es importante que recuerdes tu ID de Apple y contraseña, y que mantengas la información de tu cuenta actualizada. Si usas la autenticación de doble factor para el ID de Apple, te recomendamos que añadas un número de teléfono adicional de confianza a tu cuenta en el que puedas recibir el código de verificación de 6 dígitos que necesitas para iniciar sesión aunque no tengas tu iPhone. Para obtener más información, visita las páginas de Soporte técnico de Apple.""}},""transactionId"":""6aca60be-b235-4def-b316-9722fa75228c-1790190378641""}"
True;5118799;2026-09-23 16:08:10.260000;2026-09-23 00:00:00;5501009;VERIFYORDER;LN46C2MKG1;MKFT4AM/A;"{""orderDetailsResponses"":{""deviceEligibility"":{""secondaryDisplay"":""0"",""partDescription"":""AppleCare+ para AirPods"",""coverageDuration"":""2"",""productStatement"":""AppleCare+ para AirPods amplía la cobertura de servicio y soporte técnico a 2 años desde la fecha de compra de AppleCare+ e incluye cobertura para una cantidad ilimitada de incidentes por daño accidental debido a la manipulación del producto, cada uno de ellos sujeto a un cargo adicional de CLP28000 . Lee todos los detalles en los Términos y condiciones de AppleCare+."",""deviceDateOfPurchase"":""23/09/2026"",""deviceId"":""LN46C2MKG1"",""registeredDevice"":""1"",""pocType"":""APOC"",""serialNumber"":""LN46C2MKG1"",""partNumber"":""S9066ZX/A"",""partAlias"":""ACP"",""purchaseMode"":""C"",""productDescription"":""AirPods 5 (Wireless Charging)""}},""transactionId"":""5fc65483-e893-4b1e-b3d2-7a657054d6d2-1790190489610""}"
True;5118799;2026-09-23 16:10:06.300000;2026-09-23 00:00:00;5501009;CREATEORDER;LN46C2MKG1;MKFT4AM/A;"{""orderDetailsResponses"":{""deviceEligibility"":{""secondaryDisplay"":""0"",""partDescription"":""AppleCare+ para AirPods"",""coverageDuration"":""2"",""productStatement"":""AppleCare+ para AirPods amplía la cobertura de servicio y soporte técnico a 2 años desde la fecha de compra de AppleCare+ e incluye cobertura para una cantidad ilimitada de incidentes por daño accidental debido a la manipulación del producto, cada uno de ellos sujeto a un cargo adicional de CLP28000 . Lee todos los detalles en los Términos y condiciones de AppleCare+."",""deviceDateOfPurchase"":""23/09/2026"",""deviceId"":""LN46C2MKG1"",""registeredDevice"":""1"",""pocType"":""APOC"",""serialNumber"":""LN46C2MKG1"",""partNumber"":""S9066ZX/A"",""partAlias"":""ACP"",""purchaseMode"":""C"",""productDescription"":""AirPods 5 (Wireless Charging)""},""orderConfirmation"":{""agreementNumber"":""328426565455"",""coverageDurationStatement"":""Finaliza el 22/09/2028"",""termConditionURL"":""http://www.apple.com/legal/sales-support/"",""partNumber"":""S9066ZX/A"",""partAlias"":""ACP"",""partType"":""AppleCare+"",""purchaseMode"":""C"",""appleCareSalesDate"":""23/09/2026"",""pocType"":""APOC"",""purchaseOrderNumber"":""5501009""}},""transactionId"":""c7725d2c-b156-4f22-9bb9-0e88b5e40fe0-1790190600035""}"
True;5198422;2026-09-23 16:13:33.597000;2026-09-23 00:00:00;49201033;CREATEORDER;SK3QGM6LW9W;MJRP4BE/A;"{""orderDetailsResponses"":{""deviceEligibility"":{""secondaryDisplay"":""0"",""partDescription"":""AppleCare+ con robo y pérdida para iPhone 18 Pro"",""coverageDuration"":""2"",""productStatement"":""Tu AppleCare+ con robo y pérdida para iPhone 18 Pro amplía la cobertura de servicio y soporte técnico a 2 años desde la fecha de compra de AppleCare+ con robo y pérdida e incluye cobertura para una cantidad ilimitada de incidentes por daño accidental debido a la manipulación del producto o un máximo de dos incidentes de robo y pérdida cada 12 meses, cada uno de ellos sujeto a un cargo adicional de R$28000  por los daños de la pantalla o la carcasa externa o de R$144000  por robo o pérdida o de R$96000  por Otros daños accidentales. Lee todos los detalles en los Términos y condiciones de AppleCare+."",""deviceDateOfPurchase"":""23/09/2026"",""deviceId"":""SK3QGM6LW9W"",""registeredDevice"":""1"",""pocType"":""APOC"",""serialNumber"":""K3QGM6LW9W"",""partNumber"":""SHMD3ZX/A"",""partAlias"":""ACPTL"",""purchaseMode"":""C"",""productDescription"":""iPhone 18 Pro"",""tlDisclosure"":""La cobertura de robo y pérdida requiere que tengas la función Buscar habilitada en tu dispositivo antes de que se pierda o te lo roben. Durante el proceso de reclamación, te pediremos que uses la función Buscar para poner el dispositivo perdido o robado en modo Perdido, borrarlo y transferir la propiedad a Apple para que podamos asignarte un nuevo dispositivo. Para asegurarte de que puedas iniciar sesión en Buscar y acceder a esta función, es importante que recuerdes tu ID de Apple y contraseña, y que mantengas la información de tu cuenta actualizada. Si usas la autenticación de doble factor para el ID de Apple, te recomendamos que añadas un número de teléfono adicional de confianza a tu cuenta en el que puedas recibir el código de verificación de 6 dígitos que necesitas para iniciar sesión aunque no tengas tu iPhone. Para obtener más información, visita las páginas de Soporte técnico de Apple.""},""orderConfirmation"":{""agreementNumber"":""328426563668"",""coverageDurationStatement"":""Finaliza el 22/09/2028"",""termConditionURL"":""http://www.apple.com/legal/sales-support/"",""partNumber"":""SHMD3ZX/A"",""partAlias"":""ACPTL"",""partType"":""AC+TL"",""purchaseMode"":""C"",""appleCareSalesDate"":""23/09/2026"",""pocType"":""APOC"",""purchaseOrderNumber"":""49201033""}},""transactionId"":""9300a1d4-7b0b-4c6e-a851-eab49a4fc18d-1790190808307""}"
True;1336875;2026-09-23 16:15:07.640000;2026-09-23 00:00:00;2201174;VERIFYORDER;SJ4KXCXLWQW;MJXQ4BE/A;"{""orderDetailsResponses"":{""deviceEligibility"":{""secondaryDisplay"":""0"",""partDescription"":""AppleCare+ con robo y pérdida para iPhone 18 Pro Max"",""coverageDuration"":""2"",""productStatement"":""Tu AppleCare+ con robo y pérdida para iPhone 18 Pro Max amplía la cobertura de servicio y soporte técnico a 2 años desde la fecha de compra de AppleCare+ con robo y pérdida e incluye cobertura para una cantidad ilimitada de incidentes por daño accidental debido a la manipulación del producto o un máximo de dos incidentes de robo y pérdida cada 12 meses, cada uno de ellos sujeto a un cargo adicional de R$28000  por los daños de la pantalla o la carcasa externa o de R$144000  por robo o pérdida o de R$96000  por Otros daños accidentales. Lee todos los detalles en los Términos y condiciones de AppleCare+."",""deviceDateOfPurchase"":""23/09/2026"",""deviceId"":""SJ4KXCXLWQW"",""registeredDevice"":""1"",""pocType"":""APOC"",""serialNumber"":""J4KXCXLWQW"",""partNumber"":""SHMP3ZX/A"",""partAlias"":""ACPTL"",""purchaseMode"":""C"",""productDescription"":""iPhone 18 Pro Max"",""tlDisclosure"":""La cobertura de robo y pérdida requiere que tengas la función Buscar habilitada en tu dispositivo antes de que se pierda o te lo roben. Durante el proceso de reclamación, te pediremos que uses la función Buscar para poner el dispositivo perdido o robado en modo Perdido, borrarlo y transferir la propiedad a Apple para que podamos asignarte un nuevo dispositivo. Para asegurarte de que puedas iniciar sesión en Buscar y acceder a esta función, es importante que recuerdes tu ID de Apple y contraseña, y que mantengas la información de tu cuenta actualizada. Si usas la autenticación de doble factor para el ID de Apple, te recomendamos que añadas un número de teléfono adicional de confianza a tu cuenta en el que puedas recibir el código de verificación de 6 dígitos que necesitas para iniciar sesión aunque no tengas tu iPhone. Para obtener más información, visita las páginas de Soporte técnico de Apple.""}},""transactionId"":""f042af05-4e0e-4088-b4bc-48bbc195d115-1790190907077""}"
True;5174341;2026-09-23 16:16:42.683000;2026-09-23 00:00:00;41501077;VERIFYORDER;sk2hm95qx5f;MJXV4BE/A;"{""orderDetailsResponses"":{""deviceEligibility"":{""secondaryDisplay"":""0"",""partDescription"":""AppleCare+ con robo y pérdida para iPhone 18 Pro Max"",""coverageDuration"":""2"",""productStatement"":""Tu AppleCare+ con robo y pérdida para iPhone 18 Pro Max amplía la cobertura de servicio y soporte técnico a 2 años desde la fecha de compra de AppleCare+ con robo y pérdida e incluye cobertura para una cantidad ilimitada de incidentes por daño accidental debido a la manipulación del producto o un máximo de dos incidentes de robo y pérdida cada 12 meses, cada uno de ellos sujeto a un cargo adicional de R$28000  por los daños de la pantalla o la carcasa externa o de R$144000  por robo o pérdida o de R$96000  por Otros daños accidentales. Lee todos los detalles en los Términos y condiciones de AppleCare+."",""deviceDateOfPurchase"":""23/09/2026"",""deviceId"":""SK2HM95QX5F"",""registeredDevice"":""1"",""pocType"":""APOC"",""serialNumber"":""K2HM95QX5F"",""partNumber"":""SHMP3ZX/A"",""partAlias"":""ACPTL"",""purchaseMode"":""C"",""productDescription"":""iPhone 18 Pro Max"",""tlDisclosure"":""La cobertura de robo y pérdida requiere que tengas la función Buscar habilitada en tu dispositivo antes de que se pierda o te lo roben. Durante el proceso de reclamación, te pediremos que uses la función Buscar para poner el dispositivo perdido o robado en modo Perdido, borrarlo y transferir la propiedad a Apple para que podamos asignarte un nuevo dispositivo. Para asegurarte de que puedas iniciar sesión en Buscar y acceder a esta función, es importante que recuerdes tu ID de Apple y contraseña, y que mantengas la información de tu cuenta actualizada. Si usas la autenticación de doble factor para el ID de Apple, te recomendamos que añadas un número de teléfono adicional de confianza a tu cuenta en el que puedas recibir el código de verificación de 6 dígitos que necesitas para iniciar sesión aunque no tengas tu iPhone. Para obtener más información, visita las páginas de Soporte técnico de Apple.""}},""transactionId"":""8fac39a7-083f-44be-8696-e159e9236d54-1790191002136""}"
True;1336875;2026-09-23 16:18:10.493000;2026-09-23 00:00:00;2201174;CREATEORDER;SJ4KXCXLWQW;MJXQ4BE/A;"{""orderDetailsResponses"":{""deviceEligibility"":{""secondaryDisplay"":""0"",""partDescription"":""AppleCare+ con robo y pérdida para iPhone 18 Pro Max"",""coverageDuration"":""2"",""productStatement"":""Tu AppleCare+ con robo y pérdida para iPhone 18 Pro Max amplía la cobertura de servicio y soporte técnico a 2 años desde la fecha de compra de AppleCare+ con robo y pérdida e incluye cobertura para una cantidad ilimitada de incidentes por daño accidental debido a la manipulación del producto o un máximo de dos incidentes de robo y pérdida cada 12 meses, cada uno de ellos sujeto a un cargo adicional de R$28000  por los daños de la pantalla o la carcasa externa o de R$144000  por robo o pérdida o de R$96000  por Otros daños accidentales. Lee todos los detalles en los Términos y condiciones de AppleCare+."",""deviceDateOfPurchase"":""23/09/2026"",""deviceId"":""SJ4KXCXLWQW"",""registeredDevice"":""1"",""pocType"":""APOC"",""serialNumber"":""J4KXCXLWQW"",""partNumber"":""SHMP3ZX/A"",""partAlias"":""ACPTL"",""purchaseMode"":""C"",""productDescription"":""iPhone 18 Pro Max"",""tlDisclosure"":""La cobertura de robo y pérdida requiere que tengas la función Buscar habilitada en tu dispositivo antes de que se pierda o te lo roben. Durante el proceso de reclamación, te pediremos que uses la función Buscar para poner el dispositivo perdido o robado en modo Perdido, borrarlo y transferir la propiedad a Apple para que podamos asignarte un nuevo dispositivo. Para asegurarte de que puedas iniciar sesión en Buscar y acceder a esta función, es importante que recuerdes tu ID de Apple y contraseña, y que mantengas la información de tu cuenta actualizada. Si usas la autenticación de doble factor para el ID de Apple, te recomendamos que añadas un número de teléfono adicional de confianza a tu cuenta en el que puedas recibir el código de verificación de 6 dígitos que necesitas para iniciar sesión aunque no tengas tu iPhone. Para obtener más información, visita las páginas de Soporte técnico de Apple.""},""orderConfirmation"":{""agreementNumber"":""328426564568"",""coverageDurationStatement"":""Finaliza el 22/09/2028"",""termConditionURL"":""http://www.apple.com/legal/sales-support/"",""partNumber"":""SHMP3ZX/A"",""partAlias"":""ACPTL"",""partType"":""AC+TL"",""purchaseMode"":""C"",""appleCareSalesDate"":""23/09/2026"",""pocType"":""APOC"",""purchaseOrderNumber"":""2201174""}},""transactionId"":""31a38763-4bca-42f1-9cdf-37ad56ac04e9-1790191085694""}"
True;5174341;2026-09-23 16:18:22.390000;2026-09-23 00:00:00;41501077;CREATEORDER;sk2hm95qx5f;MJXV4BE/A;"{""orderDetailsResponses"":{""deviceEligibility"":{""secondaryDisplay"":""0"",""partDescription"":""AppleCare+ con robo y pérdida para iPhone 18 Pro Max"",""coverageDuration"":""2"",""productStatement"":""Tu AppleCare+ con robo y pérdida para iPhone 18 Pro Max amplía la cobertura de servicio y soporte técnico a 2 años desde la fecha de compra de AppleCare+ con robo y pérdida e incluye cobertura para una cantidad ilimitada de incidentes por daño accidental debido a la manipulación del producto o un máximo de dos incidentes de robo y pérdida cada 12 meses, cada uno de ellos sujeto a un cargo adicional de R$28000  por los daños de la pantalla o la carcasa externa o de R$144000  por robo o pérdida o de R$96000  por Otros daños accidentales. Lee todos los detalles en los Términos y condiciones de AppleCare+."",""deviceDateOfPurchase"":""23/09/2026"",""deviceId"":""SK2HM95QX5F"",""registeredDevice"":""1"",""pocType"":""APOC"",""serialNumber"":""K2HM95QX5F"",""partNumber"":""SHMP3ZX/A"",""partAlias"":""ACPTL"",""purchaseMode"":""C"",""productDescription"":""iPhone 18 Pro Max"",""tlDisclosure"":""La cobertura de robo y pérdida requiere que tengas la función Buscar habilitada en tu dispositivo antes de que se pierda o te lo roben. Durante el proceso de reclamación, te pediremos que uses la función Buscar para poner el dispositivo perdido o robado en modo Perdido, borrarlo y transferir la propiedad a Apple para que podamos asignarte un nuevo dispositivo. Para asegurarte de que puedas iniciar sesión en Buscar y acceder a esta función, es importante que recuerdes tu ID de Apple y contraseña, y que mantengas la información de tu cuenta actualizada. Si usas la autenticación de doble factor para el ID de Apple, te recomendamos que añadas un número de teléfono adicional de confianza a tu cuenta en el que puedas recibir el código de verificación de 6 dígitos que necesitas para iniciar sesión aunque no tengas tu iPhone. Para obtener más información, visita las páginas de Soporte técnico de Apple.""},""orderConfirmation"":{""agreementNumber"":""328426563725"",""coverageDurationStatement"":""Finaliza el 22/09/2028"",""termConditionURL"":""http://www.apple.com/legal/sales-support/"",""partNumber"":""SHMP3ZX/A"",""partAlias"":""ACPTL"",""partType"":""AC+TL"",""purchaseMode"":""C"",""appleCareSalesDate"":""23/09/2026"",""pocType"":""APOC"",""purchaseOrderNumber"":""41501077""}},""transactionId"":""acd64ca8-ff28-40ec-8f30-c8e62a8be58a-1790191096024""}"
False;5118799;2026-09-23 16:21:26.150000;2026-09-23 00:00:00;5501009;REFUNDGUIDANCE;LN46C2MKG1;S9066ZX/A;"{""refundGuidanceErrorResponse"":[{""errorCode"":""GRX-50625"",""errorMessage"":""No se puede procesar la cancelación en este momento. Inténtalo de nuevo más tarde dentro del plazo de cancelación.""}],""transactionId"":""8aad5b61-7b26-4da9-8332-c24961d11978-1790191285804""}"
True;5202611;2026-09-23 16:24:05.210000;2026-09-23 00:00:00;38401073;VERIFYORDER;SFQQX2DVQ1W;MJXN4BE/A;"{""orderDetailsResponses"":{""deviceEligibility"":{""secondaryDisplay"":""0"",""partDescription"":""AppleCare+ con robo y pérdida para iPhone 18 Pro Max"",""coverageDuration"":""2"",""productStatement"":""Tu AppleCare+ con robo y pérdida para iPhone 18 Pro Max amplía la cobertura de servicio y soporte técnico a 2 años desde la fecha de compra de AppleCare+ con robo y pérdida e incluye cobertura para una cantidad ilimitada de incidentes por daño accidental debido a la manipulación del producto o un máximo de dos incidentes de robo y pérdida cada 12 meses, cada uno de ellos sujeto a un cargo adicional de R$28000  por los daños de la pantalla o la carcasa externa o de R$144000  por robo o pérdida o de R$96000  por Otros daños accidentales. Lee todos los detalles en los Términos y condiciones de AppleCare+."",""deviceDateOfPurchase"":""23/09/2026"",""deviceId"":""SFQQX2DVQ1W"",""registeredDevice"":""1"",""pocType"":""APOC"",""serialNumber"":""FQQX2DVQ1W"",""partNumber"":""SHMP3ZX/A"",""partAlias"":""ACPTL"",""purchaseMode"":""C"",""productDescription"":""iPhone 18 Pro Max"",""tlDisclosure"":""La cobertura de robo y pérdida requiere que tengas la función Buscar habilitada en tu dispositivo antes de que se pierda o te lo roben. Durante el proceso de reclamación, te pediremos que uses la función Buscar para poner el dispositivo perdido o robado en modo Perdido, borrarlo y transferir la propiedad a Apple para que podamos asignarte un nuevo dispositivo. Para asegurarte de que puedas iniciar sesión en Buscar y acceder a esta función, es importante que recuerdes tu ID de Apple y contraseña, y que mantengas la información de tu cuenta actualizada. Si usas la autenticación de doble factor para el ID de Apple, te recomendamos que añadas un número de teléfono adicional de confianza a tu cuenta en el que puedas recibir el código de verificación de 6 dígitos que necesitas para iniciar sesión aunque no tengas tu iPhone. Para obtener más información, visita las páginas de Soporte técnico de Apple.""}},""transactionId"":""d91c5435-9ff9-421f-85b8-26824076d40d-1790191444700""}"
True;5202611;2026-09-23 16:26:56.587000;2026-09-23 00:00:00;38401073;CREATEORDER;SFQQX2DVQ1W;MJXN4BE/A;"{""orderDetailsResponses"":{""deviceEligibility"":{""secondaryDisplay"":""0"",""partDescription"":""AppleCare+ con robo y pérdida para iPhone 18 Pro Max"",""coverageDuration"":""2"",""productStatement"":""Tu AppleCare+ con robo y pérdida para iPhone 18 Pro Max amplía la cobertura de servicio y soporte técnico a 2 años desde la fecha de compra de AppleCare+ con robo y pérdida e incluye cobertura para una cantidad ilimitada de incidentes por daño accidental debido a la manipulación del producto o un máximo de dos incidentes de robo y pérdida cada 12 meses, cada uno de ellos sujeto a un cargo adicional de R$28000  por los daños de la pantalla o la carcasa externa o de R$144000  por robo o pérdida o de R$96000  por Otros daños accidentales. Lee todos los detalles en los Términos y condiciones de AppleCare+."",""deviceDateOfPurchase"":""23/09/2026"",""deviceId"":""SFQQX2DVQ1W"",""registeredDevice"":""1"",""pocType"":""APOC"",""serialNumber"":""FQQX2DVQ1W"",""partNumber"":""SHMP3ZX/A"",""partAlias"":""ACPTL"",""purchaseMode"":""C"",""productDescription"":""iPhone 18 Pro Max"",""tlDisclosure"":""La cobertura de robo y pérdida requiere que tengas la función Buscar habilitada en tu dispositivo antes de que se pierda o te lo roben. Durante el proceso de reclamación, te pediremos que uses la función Buscar para poner el dispositivo perdido o robado en modo Perdido, borrarlo y transferir la propiedad a Apple para que podamos asignarte un nuevo dispositivo. Para asegurarte de que puedas iniciar sesión en Buscar y acceder a esta función, es importante que recuerdes tu ID de Apple y contraseña, y que mantengas la información de tu cuenta actualizada. Si usas la autenticación de doble factor para el ID de Apple, te recomendamos que añadas un número de teléfono adicional de confianza a tu cuenta en el que puedas recibir el código de verificación de 6 dígitos que necesitas para iniciar sesión aunque no tengas tu iPhone. Para obtener más información, visita las páginas de Soporte técnico de Apple.""},""orderConfirmation"":{""agreementNumber"":""328426565667"",""coverageDurationStatement"":""Finaliza el 22/09/2028"",""termConditionURL"":""http://www.apple.com/legal/sales-support/"",""partNumber"":""SHMP3ZX/A"",""partAlias"":""ACPTL"",""partType"":""AC+TL"",""purchaseMode"":""C"",""appleCareSalesDate"":""23/09/2026"",""pocType"":""APOC"",""purchaseOrderNumber"":""38401073""}},""transactionId"":""73714014-b0c6-4c3b-b077-4b31052ad122-1790191611847""}"
True;1341633;2026-09-23 16:36:06.070000;2026-09-23 00:00:00;21401124;VERIFYORDER;SHWJJTXJ2FD;MJXV4BE/A;"{""orderDetailsResponses"":{""deviceEligibility"":{""secondaryDisplay"":""0"",""partDescription"":""AppleCare+ con robo y pérdida para iPhone 18 Pro Max"",""coverageDuration"":""2"",""productStatement"":""Tu AppleCare+ con robo y pérdida para iPhone 18 Pro Max amplía la cobertura de servicio y soporte técnico a 2 años desde la fecha de compra de AppleCare+ con robo y pérdida e incluye cobertura para una cantidad ilimitada de incidentes por daño accidental debido a la manipulación del producto o un máximo de dos incidentes de robo y pérdida cada 12 meses, cada uno de ellos sujeto a un cargo adicional de R$28000  por los daños de la pantalla o la carcasa externa o de R$144000  por robo o pérdida o de R$96000  por Otros daños accidentales. Lee todos los detalles en los Términos y condiciones de AppleCare+."",""deviceDateOfPurchase"":""22/09/2026"",""deviceId"":""SHWJJTXJ2FD"",""registeredDevice"":""0"",""pocType"":""APOC"",""serialNumber"":""HWJJTXJ2FD"",""partNumber"":""SHMP3ZX/A"",""partAlias"":""ACPTL"",""purchaseMode"":""I"",""productDescription"":""iPhone 18 Pro Max"",""tlDisclosure"":""La cobertura de robo y pérdida requiere que tengas la función Buscar habilitada en tu dispositivo antes de que se pierda o te lo roben. Durante el proceso de reclamación, te pediremos que uses la función Buscar para poner el dispositivo perdido o robado en modo Perdido, borrarlo y transferir la propiedad a Apple para que podamos asignarte un nuevo dispositivo. Para asegurarte de que puedas iniciar sesión en Buscar y acceder a esta función, es importante que recuerdes tu ID de Apple y contraseña, y que mantengas la información de tu cuenta actualizada. Si usas la autenticación de doble factor para el ID de Apple, te recomendamos que añadas un número de teléfono adicional de confianza a tu cuenta en el que puedas recibir el código de verificación de 6 dígitos que necesitas para iniciar sesión aunque no tengas tu iPhone. Para obtener más información, visita las páginas de Soporte técnico de Apple.""}},""transactionId"":""9b6f51f5-c59f-49ff-9241-c82fe06b995f-1790192162120""}"
True;1341633;2026-09-23 16:37:43.613000;2026-09-23 00:00:00;21401124;CREATEORDER;SHWJJTXJ2FD;MJXV4BE/A;"{""orderDetailsResponses"":{""deviceEligibility"":{""secondaryDisplay"":""0"",""partDescription"":""AppleCare+ con robo y pérdida para iPhone 18 Pro Max"",""coverageDuration"":""2"",""productStatement"":""Tu AppleCare+ con robo y pérdida para iPhone 18 Pro Max amplía la cobertura de servicio y soporte técnico a 2 años desde la fecha de compra de AppleCare+ con robo y pérdida e incluye cobertura para una cantidad ilimitada de incidentes por daño accidental debido a la manipulación del producto o un máximo de dos incidentes de robo y pérdida cada 12 meses, cada uno de ellos sujeto a un cargo adicional de R$28000  por los daños de la pantalla o la carcasa externa o de R$144000  por robo o pérdida o de R$96000  por Otros daños accidentales. Lee todos los detalles en los Términos y condiciones de AppleCare+."",""deviceDateOfPurchase"":""22/09/2026"",""deviceId"":""SHWJJTXJ2FD"",""registeredDevice"":""0"",""pocType"":""APOC"",""serialNumber"":""HWJJTXJ2FD"",""partNumber"":""SHMP3ZX/A"",""partAlias"":""ACPTL"",""purchaseMode"":""I"",""productDescription"":""iPhone 18 Pro Max"",""tlDisclosure"":""La cobertura de robo y pérdida requiere que tengas la función Buscar habilitada en tu dispositivo antes de que se pierda o te lo roben. Durante el proceso de reclamación, te pediremos que uses la función Buscar para poner el dispositivo perdido o robado en modo Perdido, borrarlo y transferir la propiedad a Apple para que podamos asignarte un nuevo dispositivo. Para asegurarte de que puedas iniciar sesión en Buscar y acceder a esta función, es importante que recuerdes tu ID de Apple y contraseña, y que mantengas la información de tu cuenta actualizada. Si usas la autenticación de doble factor para el ID de Apple, te recomendamos que añadas un número de teléfono adicional de confianza a tu cuenta en el que puedas recibir el código de verificación de 6 dígitos que necesitas para iniciar sesión aunque no tengas tu iPhone. Para obtener más información, visita las páginas de Soporte técnico de Apple.""},""orderConfirmation"":{""agreementNumber"":""328426565781"",""coverageDurationStatement"":""Finaliza el 22/09/2028"",""termConditionURL"":""http://www.apple.com/legal/sales-support/"",""partNumber"":""SHMP3ZX/A"",""partAlias"":""ACPTL"",""partType"":""AC+TL"",""purchaseMode"":""I"",""appleCareSalesDate"":""23/09/2026"",""pocType"":""APOC"",""purchaseOrderNumber"":""21401124""}},""transactionId"":""7d2358bf-443c-4a1b-b874-8afc996a37f9-1790192259067""}"
True;5170930;2026-09-23 16:39:18.497000;2026-09-23 00:00:00;1201172;VERIFYORDER;SG2D239C52D;MJXT4BE/A;"{""orderDetailsResponses"":{""deviceEligibility"":{""secondaryDisplay"":""0"",""partDescription"":""AppleCare+ con robo y pérdida para iPhone 18 Pro Max"",""coverageDuration"":""2"",""productStatement"":""Tu AppleCare+ con robo y pérdida para iPhone 18 Pro Max amplía la cobertura de servicio y soporte técnico a 2 años desde la fecha de compra de AppleCare+ con robo y pérdida e incluye cobertura para una cantidad ilimitada de incidentes por daño accidental debido a la manipulación del producto o un máximo de dos incidentes de robo y pérdida cada 12 meses, cada uno de ellos sujeto a un cargo adicional de R$28000  por los daños de la pantalla o la carcasa externa o de R$144000  por robo o pérdida o de R$96000  por Otros daños accidentales. Lee todos los detalles en los Términos y condiciones de AppleCare+."",""deviceDateOfPurchase"":""22/09/2026"",""deviceId"":""SG2D239C52D"",""registeredDevice"":""0"",""pocType"":""APOC"",""serialNumber"":""G2D239C52D"",""partNumber"":""SHMP3ZX/A"",""partAlias"":""ACPTL"",""purchaseMode"":""I"",""productDescription"":""iPhone 18 Pro Max"",""tlDisclosure"":""La cobertura de robo y pérdida requiere que tengas la función Buscar habilitada en tu dispositivo antes de que se pierda o te lo roben. Durante el proceso de reclamación, te pediremos que uses la función Buscar para poner el dispositivo perdido o robado en modo Perdido, borrarlo y transferir la propiedad a Apple para que podamos asignarte un nuevo dispositivo. Para asegurarte de que puedas iniciar sesión en Buscar y acceder a esta función, es importante que recuerdes tu ID de Apple y contraseña, y que mantengas la información de tu cuenta actualizada. Si usas la autenticación de doble factor para el ID de Apple, te recomendamos que añadas un número de teléfono adicional de confianza a tu cuenta en el que puedas recibir el código de verificación de 6 dígitos que necesitas para iniciar sesión aunque no tengas tu iPhone. Para obtener más información, visita las páginas de Soporte técnico de Apple.""}},""transactionId"":""84f95bff-2d2a-4247-b959-81a4f4bb9b7c-1790192357290""}"
True;1310198;2026-09-23 16:39:40.693000;2026-09-23 00:00:00;14301115;VERIFYORDER;SMLXJ95765L;MJRT4BE/A;"{""orderDetailsResponses"":{""deviceEligibility"":{""secondaryDisplay"":""0"",""partDescription"":""AppleCare+ con robo y pérdida para iPhone 18 Pro"",""coverageDuration"":""2"",""productStatement"":""Tu AppleCare+ con robo y pérdida para iPhone 18 Pro amplía la cobertura de servicio y soporte técnico a 2 años desde la fecha de compra de AppleCare+ con robo y pérdida e incluye cobertura para una cantidad ilimitada de incidentes por daño accidental debido a la manipulación del producto o un máximo de dos incidentes de robo y pérdida cada 12 meses, cada uno de ellos sujeto a un cargo adicional de R$28000  por los daños de la pantalla o la carcasa externa o de R$144000  por robo o pérdida o de R$96000  por Otros daños accidentales. Lee todos los detalles en los Términos y condiciones de AppleCare+."",""deviceDateOfPurchase"":""23/09/2026"",""deviceId"":""SMLXJ95765L"",""registeredDevice"":""1"",""pocType"":""APOC"",""serialNumber"":""MLXJ95765L"",""partNumber"":""SHMD3ZX/A"",""partAlias"":""ACPTL"",""purchaseMode"":""C"",""productDescription"":""iPhone 18 Pro"",""tlDisclosure"":""La cobertura de robo y pérdida requiere que tengas la función Buscar habilitada en tu dispositivo antes de que se pierda o te lo roben. Durante el proceso de reclamación, te pediremos que uses la función Buscar para poner el dispositivo perdido o robado en modo Perdido, borrarlo y transferir la propiedad a Apple para que podamos asignarte un nuevo dispositivo. Para asegurarte de que puedas iniciar sesión en Buscar y acceder a esta función, es importante que recuerdes tu ID de Apple y contraseña, y que mantengas la información de tu cuenta actualizada. Si usas la autenticación de doble factor para el ID de Apple, te recomendamos que añadas un número de teléfono adicional de confianza a tu cuenta en el que puedas recibir el código de verificación de 6 dígitos que necesitas para iniciar sesión aunque no tengas tu iPhone. Para obtener más información, visita las páginas de Soporte técnico de Apple.""}},""transactionId"":""821e8320-18d9-4d4b-85d6-83c9666a40c1-1790192380031""}"
True;1310198;2026-09-23 16:41:41.183000;2026-09-23 00:00:00;14301115;CREATEORDER;SMLXJ95765L;MJRT4BE/A;"{""orderDetailsResponses"":{""deviceEligibility"":{""secondaryDisplay"":""0"",""partDescription"":""AppleCare+ con robo y pérdida para iPhone 18 Pro"",""coverageDuration"":""2"",""productStatement"":""Tu AppleCare+ con robo y pérdida para iPhone 18 Pro amplía la cobertura de servicio y soporte técnico a 2 años desde la fecha de compra de AppleCare+ con robo y pérdida e incluye cobertura para una cantidad ilimitada de incidentes por daño accidental debido a la manipulación del producto o un máximo de dos incidentes de robo y pérdida cada 12 meses, cada uno de ellos sujeto a un cargo adicional de R$28000  por los daños de la pantalla o la carcasa externa o de R$144000  por robo o pérdida o de R$96000  por Otros daños accidentales. Lee todos los detalles en los Términos y condiciones de AppleCare+."",""deviceDateOfPurchase"":""23/09/2026"",""deviceId"":""SMLXJ95765L"",""registeredDevice"":""1"",""pocType"":""APOC"",""serialNumber"":""MLXJ95765L"",""partNumber"":""SHMD3ZX/A"",""partAlias"":""ACPTL"",""purchaseMode"":""C"",""productDescription"":""iPhone 18 Pro"",""tlDisclosure"":""La cobertura de robo y pérdida requiere que tengas la función Buscar habilitada en tu dispositivo antes de que se pierda o te lo roben. Durante el proceso de reclamación, te pediremos que uses la función Buscar para poner el dispositivo perdido o robado en modo Perdido, borrarlo y transferir la propiedad a Apple para que podamos asignarte un nuevo dispositivo. Para asegurarte de que puedas iniciar sesión en Buscar y acceder a esta función, es importante que recuerdes tu ID de Apple y contraseña, y que mantengas la información de tu cuenta actualizada. Si usas la autenticación de doble factor para el ID de Apple, te recomendamos que añadas un número de teléfono adicional de confianza a tu cuenta en el que puedas recibir el código de verificación de 6 dígitos que necesitas para iniciar sesión aunque no tengas tu iPhone. Para obtener más información, visita las páginas de Soporte técnico de Apple.""},""orderConfirmation"":{""agreementNumber"":""328426566606"",""coverageDurationStatement"":""Finaliza el 22/09/2028"",""termConditionURL"":""http://www.apple.com/legal/sales-support/"",""partNumber"":""SHMD3ZX/A"",""partAlias"":""ACPTL"",""partType"":""AC+TL"",""purchaseMode"":""C"",""appleCareSalesDate"":""23/09/2026"",""pocType"":""APOC"",""purchaseOrderNumber"":""14301115""}},""transactionId"":""11a1d3c6-d7c1-4d3f-8f6f-99bd3df5fff0-1790192496013""}"
True;5170930;2026-09-23 16:42:10.470000;2026-09-23 00:00:00;1201172;CREATEORDER;SG2D239C52D;MJXT4BE/A;"{""orderDetailsResponses"":{""deviceEligibility"":{""secondaryDisplay"":""0"",""partDescription"":""AppleCare+ con robo y pérdida para iPhone 18 Pro Max"",""coverageDuration"":""2"",""productStatement"":""Tu AppleCare+ con robo y pérdida para iPhone 18 Pro Max amplía la cobertura de servicio y soporte técnico a 2 años desde la fecha de compra de AppleCare+ con robo y pérdida e incluye cobertura para una cantidad ilimitada de incidentes por daño accidental debido a la manipulación del producto o un máximo de dos incidentes de robo y pérdida cada 12 meses, cada uno de ellos sujeto a un cargo adicional de R$28000  por los daños de la pantalla o la carcasa externa o de R$144000  por robo o pérdida o de R$96000  por Otros daños accidentales. Lee todos los detalles en los Términos y condiciones de AppleCare+."",""deviceDateOfPurchase"":""22/09/2026"",""deviceId"":""SG2D239C52D"",""registeredDevice"":""0"",""pocType"":""APOC"",""serialNumber"":""G2D239C52D"",""partNumber"":""SHMP3ZX/A"",""partAlias"":""ACPTL"",""purchaseMode"":""I"",""productDescription"":""iPhone 18 Pro Max"",""tlDisclosure"":""La cobertura de robo y pérdida requiere que tengas la función Buscar habilitada en tu dispositivo antes de que se pierda o te lo roben. Durante el proceso de reclamación, te pediremos que uses la función Buscar para poner el dispositivo perdido o robado en modo Perdido, borrarlo y transferir la propiedad a Apple para que podamos asignarte un nuevo dispositivo. Para asegurarte de que puedas iniciar sesión en Buscar y acceder a esta función, es importante que recuerdes tu ID de Apple y contraseña, y que mantengas la información de tu cuenta actualizada. Si usas la autenticación de doble factor para el ID de Apple, te recomendamos que añadas un número de teléfono adicional de confianza a tu cuenta en el que puedas recibir el código de verificación de 6 dígitos que necesitas para iniciar sesión aunque no tengas tu iPhone. Para obtener más información, visita las páginas de Soporte técnico de Apple.""},""orderConfirmation"":{""agreementNumber"":""328426580471"",""coverageDurationStatement"":""Finaliza el 22/09/2028"",""termConditionURL"":""http://www.apple.com/legal/sales-support/"",""partNumber"":""SHMP3ZX/A"",""partAlias"":""ACPTL"",""partType"":""AC+TL"",""purchaseMode"":""I"",""appleCareSalesDate"":""23/09/2026"",""pocType"":""APOC"",""purchaseOrderNumber"":""1201172""}},""transactionId"":""16e43fce-4186-4b6a-9874-35571cf090d8-1790192525311""}"
True;5134342;2026-09-23 17:08:20.720000;2026-09-05 00:00:00;51601104;REFUNDGUIDANCE;smywhh4j3pm;SXHW2ZX/A;"{""refundGuidanceResponse"":{""agreementNumber"":""328417301071"",""applecareSalesDate"":""05/09/2026"",""cancellationDate"":""23/09/2026"",""purchaseAmount"":""59990"",""refundGuidanceAmount"":""59990"",""deviceId"":""SMYWHH4J3PM"",""serialNumber"":""MYWHH4J3PM""},""transactionId"":""aaccdaa3-5de7-48eb-93bc-e2fb5552aedf-1790194100430""}"
True;5134342;2026-09-23 17:08:20.720000;2026-09-05 00:00:00;51601104;REFUNDGUIDANCE;smywhh4j3pm;SXHW2ZX/A;"{""refundGuidanceResponse"":{""agreementNumber"":""328417301071"",""applecareSalesDate"":""05/09/2026"",""cancellationDate"":""23/09/2026"",""purchaseAmount"":""59990"",""refundGuidanceAmount"":""59990"",""deviceId"":""SMYWHH4J3PM"",""serialNumber"":""MYWHH4J3PM""},""transactionId"":""aaccdaa3-5de7-48eb-93bc-e2fb5552aedf-1790194100430""}"
True;1342093;2026-09-23 17:09:37.023000;2026-09-23 00:00:00;16001129;VERIFYORDER;sl64fd2h46p;MJXW4BE/A;"{""orderDetailsResponses"":{""deviceEligibility"":{""secondaryDisplay"":""0"",""partDescription"":""AppleCare+ con robo y pérdida para iPhone 18 Pro Max"",""coverageDuration"":""2"",""productStatement"":""Tu AppleCare+ con robo y pérdida para iPhone 18 Pro Max amplía la cobertura de servicio y soporte técnico a 2 años desde la fecha de compra de AppleCare+ con robo y pérdida e incluye cobertura para una cantidad ilimitada de incidentes por daño accidental debido a la manipulación del producto o un máximo de dos incidentes de robo y pérdida cada 12 meses, cada uno de ellos sujeto a un cargo adicional de R$28000  por los daños de la pantalla o la carcasa externa o de R$144000  por robo o pérdida o de R$96000  por Otros daños accidentales. Lee todos los detalles en los Términos y condiciones de AppleCare+."",""deviceDateOfPurchase"":""23/09/2026"",""deviceId"":""SL64FD2H46P"",""registeredDevice"":""1"",""pocType"":""APOC"",""serialNumber"":""L64FD2H46P"",""partNumber"":""SHMP3ZX/A"",""partAlias"":""ACPTL"",""purchaseMode"":""C"",""productDescription"":""iPhone 18 Pro Max"",""tlDisclosure"":""La cobertura de robo y pérdida requiere que tengas la función Buscar habilitada en tu dispositivo antes de que se pierda o te lo roben. Durante el proceso de reclamación, te pediremos que uses la función Buscar para poner el dispositivo perdido o robado en modo Perdido, borrarlo y transferir la propiedad a Apple para que podamos asignarte un nuevo dispositivo. Para asegurarte de que puedas iniciar sesión en Buscar y acceder a esta función, es importante que recuerdes tu ID de Apple y contraseña, y que mantengas la información de tu cuenta actualizada. Si usas la autenticación de doble factor para el ID de Apple, te recomendamos que añadas un número de teléfono adicional de confianza a tu cuenta en el que puedas recibir el código de verificación de 6 dígitos que necesitas para iniciar sesión aunque no tengas tu iPhone. Para obtener más información, visita las páginas de Soporte técnico de Apple.""}},""transactionId"":""7daaca0e-6df7-4426-b9ad-8ea341998023-1790194176497""}"
True;5134342;2026-09-23 17:10:24.643000;2026-09-05 00:00:00;51601104;REFUNDGUIDANCE;sjl43d167vn;SXHW2ZX/A;"{""refundGuidanceResponse"":{""agreementNumber"":""328417280187"",""applecareSalesDate"":""05/09/2026"",""cancellationDate"":""23/09/2026"",""purchaseAmount"":""59990"",""refundGuidanceAmount"":""59990"",""deviceId"":""SJL43D167VN"",""serialNumber"":""JL43D167VN""},""transactionId"":""04b716af-e304-4f0f-9d4e-41bab6eed16c-1790194224427""}"
True;5134342;2026-09-23 17:10:24.643000;2026-09-05 00:00:00;51601104;REFUNDGUIDANCE;sjl43d167vn;SXHW2ZX/A;"{""refundGuidanceResponse"":{""agreementNumber"":""328417280187"",""applecareSalesDate"":""05/09/2026"",""cancellationDate"":""23/09/2026"",""purchaseAmount"":""59990"",""refundGuidanceAmount"":""59990"",""deviceId"":""SJL43D167VN"",""serialNumber"":""JL43D167VN""},""transactionId"":""04b716af-e304-4f0f-9d4e-41bab6eed16c-1790194224427""}"
True;5134342;2026-09-23 17:10:24.643000;2026-09-05 00:00:00;51601104;REFUNDGUIDANCE;sjl43d167vn;SXHW2ZX/A;"{""refundGuidanceResponse"":{""agreementNumber"":""328417280187"",""applecareSalesDate"":""05/09/2026"",""cancellationDate"":""23/09/2026"",""purchaseAmount"":""59990"",""refundGuidanceAmount"":""59990"",""deviceId"":""SJL43D167VN"",""serialNumber"":""JL43D167VN""},""transactionId"":""04b716af-e304-4f0f-9d4e-41bab6eed16c-1790194224427""}"
True;1342093;2026-09-23 17:11:55.073000;2026-09-23 00:00:00;16001129;CREATEORDER;sl64fd2h46p;MJXW4BE/A;"{""orderDetailsResponses"":{""deviceEligibility"":{""secondaryDisplay"":""0"",""partDescription"":""AppleCare+ con robo y pérdida para iPhone 18 Pro Max"",""coverageDuration"":""2"",""productStatement"":""Tu AppleCare+ con robo y pérdida para iPhone 18 Pro Max amplía la cobertura de servicio y soporte técnico a 2 años desde la fecha de compra de AppleCare+ con robo y pérdida e incluye cobertura para una cantidad ilimitada de incidentes por daño accidental debido a la manipulación del producto o un máximo de dos incidentes de robo y pérdida cada 12 meses, cada uno de ellos sujeto a un cargo adicional de R$28000  por los daños de la pantalla o la carcasa externa o de R$144000  por robo o pérdida o de R$96000  por Otros daños accidentales. Lee todos los detalles en los Términos y condiciones de AppleCare+."",""deviceDateOfPurchase"":""23/09/2026"",""deviceId"":""SL64FD2H46P"",""registeredDevice"":""1"",""pocType"":""APOC"",""serialNumber"":""L64FD2H46P"",""partNumber"":""SHMP3ZX/A"",""partAlias"":""ACPTL"",""purchaseMode"":""C"",""productDescription"":""iPhone 18 Pro Max"",""tlDisclosure"":""La cobertura de robo y pérdida requiere que tengas la función Buscar habilitada en tu dispositivo antes de que se pierda o te lo roben. Durante el proceso de reclamación, te pediremos que uses la función Buscar para poner el dispositivo perdido o robado en modo Perdido, borrarlo y transferir la propiedad a Apple para que podamos asignarte un nuevo dispositivo. Para asegurarte de que puedas iniciar sesión en Buscar y acceder a esta función, es importante que recuerdes tu ID de Apple y contraseña, y que mantengas la información de tu cuenta actualizada. Si usas la autenticación de doble factor para el ID de Apple, te recomendamos que añadas un número de teléfono adicional de confianza a tu cuenta en el que puedas recibir el código de verificación de 6 dígitos que necesitas para iniciar sesión aunque no tengas tu iPhone. Para obtener más información, visita las páginas de Soporte técnico de Apple.""},""orderConfirmation"":{""agreementNumber"":""328426601202"",""coverageDurationStatement"":""Finaliza el 22/09/2028"",""termConditionURL"":""http://www.apple.com/legal/sales-support/"",""partNumber"":""SHMP3ZX/A"",""partAlias"":""ACPTL"",""partType"":""AC+TL"",""purchaseMode"":""C"",""appleCareSalesDate"":""23/09/2026"",""pocType"":""APOC"",""purchaseOrderNumber"":""16001129""}},""transactionId"":""f328f4f5-b8a0-4829-a1a1-1ba7a4d71246-1790194310093""}"
True;5134342;2026-09-23 17:12:11.363000;2026-09-05 00:00:00;51601104;CANCELORDER;smywhh4j3pm;SXHW2ZX/A;"{""cancelOrderResponse"":{""agreementNumber"":""328417301071"",""deviceId"":""SMYWHH4J3PM"",""purchaseOrderNumber"":""51601104"",""partNumber"":""SXHW2ZX/A"",""applecareSalesDate"":""05/09/2026"",""customerEmailId"":""aloruiz@gmail.com"",""productDescription"":""Watch SE (3rd gen, GPS) Aluminum 40MM"",""cancellationDate"":""23/09/2026"",""serialNumber"":""MYWHH4J3PM"",""cancellationReasonCode"":""02"",""cancellationDesc"":""Customer Remorse""},""transactionId"":""f67f02a0-475d-474d-95fc-ef379ea54370-1790194330529""}"
True;5134342;2026-09-23 17:12:11.363000;2026-09-05 00:00:00;51601104;CANCELORDER;smywhh4j3pm;SXHW2ZX/A;"{""cancelOrderResponse"":{""agreementNumber"":""328417301071"",""deviceId"":""SMYWHH4J3PM"",""purchaseOrderNumber"":""51601104"",""partNumber"":""SXHW2ZX/A"",""applecareSalesDate"":""05/09/2026"",""customerEmailId"":""aloruiz@gmail.com"",""productDescription"":""Watch SE (3rd gen, GPS) Aluminum 40MM"",""cancellationDate"":""23/09/2026"",""serialNumber"":""MYWHH4J3PM"",""cancellationReasonCode"":""02"",""cancellationDesc"":""Customer Remorse""},""transactionId"":""f67f02a0-475d-474d-95fc-ef379ea54370-1790194330529""}"
True;5189985;2026-09-23 17:17:03.603000;2026-09-23 00:00:00;61301087;VERIFYORDER;SM9F7Y2VF19;MJXR4BE/A;"{""orderDetailsResponses"":{""deviceEligibility"":{""secondaryDisplay"":""0"",""partDescription"":""AppleCare+ con robo y pérdida para iPhone 18 Pro Max"",""coverageDuration"":""2"",""productStatement"":""Tu AppleCare+ con robo y pérdida para iPhone 18 Pro Max amplía la cobertura de servicio y soporte técnico a 2 años desde la fecha de compra de AppleCare+ con robo y pérdida e incluye cobertura para una cantidad ilimitada de incidentes por daño accidental debido a la manipulación del producto o un máximo de dos incidentes de robo y pérdida cada 12 meses, cada uno de ellos sujeto a un cargo adicional de R$28000  por los daños de la pantalla o la carcasa externa o de R$144000  por robo o pérdida o de R$96000  por Otros daños accidentales. Lee todos los detalles en los Términos y condiciones de AppleCare+."",""deviceDateOfPurchase"":""23/09/2026"",""deviceId"":""SM9F7Y2VF19"",""registeredDevice"":""1"",""pocType"":""APOC"",""serialNumber"":""M9F7Y2VF19"",""partNumber"":""SHMP3ZX/A"",""partAlias"":""ACPTL"",""purchaseMode"":""C"",""productDescription"":""iPhone 18 Pro Max"",""tlDisclosure"":""La cobertura de robo y pérdida requiere que tengas la función Buscar habilitada en tu dispositivo antes de que se pierda o te lo roben. Durante el proceso de reclamación, te pediremos que uses la función Buscar para poner el dispositivo perdido o robado en modo Perdido, borrarlo y transferir la propiedad a Apple para que podamos asignarte un nuevo dispositivo. Para asegurarte de que puedas iniciar sesión en Buscar y acceder a esta función, es importante que recuerdes tu ID de Apple y contraseña, y que mantengas la información de tu cuenta actualizada. Si usas la autenticación de doble factor para el ID de Apple, te recomendamos que añadas un número de teléfono adicional de confianza a tu cuenta en el que puedas recibir el código de verificación de 6 dígitos que necesitas para iniciar sesión aunque no tengas tu iPhone. Para obtener más información, visita las páginas de Soporte técnico de Apple.""}},""transactionId"":""caa9bf06-2abc-4083-a26c-5796453e145e-1790194622960""}"
True;5134342;2026-09-23 17:17:41.387000;2026-09-05 00:00:00;51601104;REFUNDGUIDANCE;sjl43d167vn;SXHW2ZX/A;"{""refundGuidanceResponse"":{""agreementNumber"":""328417280187"",""applecareSalesDate"":""05/09/2026"",""cancellationDate"":""23/09/2026"",""purchaseAmount"":""59990"",""refundGuidanceAmount"":""59990"",""deviceId"":""SJL43D167VN"",""serialNumber"":""JL43D167VN""},""transactionId"":""d72aadd4-6629-4157-b101-6bf412ad8595-1790194661148""}"
True;5134342;2026-09-23 17:17:41.387000;2026-09-05 00:00:00;51601104;REFUNDGUIDANCE;sjl43d167vn;SXHW2ZX/A;"{""refundGuidanceResponse"":{""agreementNumber"":""328417280187"",""applecareSalesDate"":""05/09/2026"",""cancellationDate"":""23/09/2026"",""purchaseAmount"":""59990"",""refundGuidanceAmount"":""59990"",""deviceId"":""SJL43D167VN"",""serialNumber"":""JL43D167VN""},""transactionId"":""d72aadd4-6629-4157-b101-6bf412ad8595-1790194661148""}"
True;5134342;2026-09-23 17:17:41.387000;2026-09-05 00:00:00;51601104;REFUNDGUIDANCE;sjl43d167vn;SXHW2ZX/A;"{""refundGuidanceResponse"":{""agreementNumber"":""328417280187"",""applecareSalesDate"":""05/09/2026"",""cancellationDate"":""23/09/2026"",""purchaseAmount"":""59990"",""refundGuidanceAmount"":""59990"",""deviceId"":""SJL43D167VN"",""serialNumber"":""JL43D167VN""},""transactionId"":""d72aadd4-6629-4157-b101-6bf412ad8595-1790194661148""}"
True;5141275;2026-09-23 17:17:44.470000;2026-09-23 00:00:00;16701114;VERIFYORDER;SLXY0DH72JF;MJXV4BE/A;"{""orderDetailsResponses"":{""deviceEligibility"":{""secondaryDisplay"":""0"",""partDescription"":""AppleCare+ con robo y pérdida para iPhone 18 Pro Max"",""coverageDuration"":""2"",""productStatement"":""Tu AppleCare+ con robo y pérdida para iPhone 18 Pro Max amplía la cobertura de servicio y soporte técnico a 2 años desde la fecha de compra de AppleCare+ con robo y pérdida e incluye cobertura para una cantidad ilimitada de incidentes por daño accidental debido a la manipulación del producto o un máximo de dos incidentes de robo y pérdida cada 12 meses, cada uno de ellos sujeto a un cargo adicional de R$28000  por los daños de la pantalla o la carcasa externa o de R$144000  por robo o pérdida o de R$96000  por Otros daños accidentales. Lee todos los detalles en los Términos y condiciones de AppleCare+."",""deviceDateOfPurchase"":""23/09/2026"",""deviceId"":""SLXY0DH72JF"",""registeredDevice"":""1"",""pocType"":""APOC"",""serialNumber"":""LXY0DH72JF"",""partNumber"":""SHMP3ZX/A"",""partAlias"":""ACPTL"",""purchaseMode"":""C"",""productDescription"":""iPhone 18 Pro Max"",""tlDisclosure"":""La cobertura de robo y pérdida requiere que tengas la función Buscar habilitada en tu dispositivo antes de que se pierda o te lo roben. Durante el proceso de reclamación, te pediremos que uses la función Buscar para poner el dispositivo perdido o robado en modo Perdido, borrarlo y transferir la propiedad a Apple para que podamos asignarte un nuevo dispositivo. Para asegurarte de que puedas iniciar sesión en Buscar y acceder a esta función, es importante que recuerdes tu ID de Apple y contraseña, y que mantengas la información de tu cuenta actualizada. Si usas la autenticación de doble factor para el ID de Apple, te recomendamos que añadas un número de teléfono adicional de confianza a tu cuenta en el que puedas recibir el código de verificación de 6 dígitos que necesitas para iniciar sesión aunque no tengas tu iPhone. Para obtener más información, visita las páginas de Soporte técnico de Apple.""}},""transactionId"":""5b32aaab-3301-4356-9a21-529e085e1b00-1790194663944""}"
True;5134342;2026-09-23 17:18:31.200000;2026-09-05 00:00:00;51601104;CANCELORDER;sjl43d167vn;SXHW2ZX/A;"{""cancelOrderResponse"":{""agreementNumber"":""328417280187"",""deviceId"":""SJL43D167VN"",""purchaseOrderNumber"":""51601104"",""partNumber"":""SXHW2ZX/A"",""applecareSalesDate"":""05/09/2026"",""customerEmailId"":""aloruiz@gmail.com"",""productDescription"":""Watch SE (3rd gen, GPS) Aluminum 44MM"",""cancellationDate"":""23/09/2026"",""serialNumber"":""JL43D167VN"",""cancellationReasonCode"":""02"",""cancellationDesc"":""Customer Remorse""},""transactionId"":""b09bb0b9-518f-4b11-8cbb-171858fb301c-1790194710399""}"
True;5134342;2026-09-23 17:18:31.200000;2026-09-05 00:00:00;51601104;CANCELORDER;sjl43d167vn;SXHW2ZX/A;"{""cancelOrderResponse"":{""agreementNumber"":""328417280187"",""deviceId"":""SJL43D167VN"",""purchaseOrderNumber"":""51601104"",""partNumber"":""SXHW2ZX/A"",""applecareSalesDate"":""05/09/2026"",""customerEmailId"":""aloruiz@gmail.com"",""productDescription"":""Watch SE (3rd gen, GPS) Aluminum 44MM"",""cancellationDate"":""23/09/2026"",""serialNumber"":""JL43D167VN"",""cancellationReasonCode"":""02"",""cancellationDesc"":""Customer Remorse""},""transactionId"":""b09bb0b9-518f-4b11-8cbb-171858fb301c-1790194710399""}"
True;5134342;2026-09-23 17:18:31.200000;2026-09-05 00:00:00;51601104;CANCELORDER;sjl43d167vn;SXHW2ZX/A;"{""cancelOrderResponse"":{""agreementNumber"":""328417280187"",""deviceId"":""SJL43D167VN"",""purchaseOrderNumber"":""51601104"",""partNumber"":""SXHW2ZX/A"",""applecareSalesDate"":""05/09/2026"",""customerEmailId"":""aloruiz@gmail.com"",""productDescription"":""Watch SE (3rd gen, GPS) Aluminum 44MM"",""cancellationDate"":""23/09/2026"",""serialNumber"":""JL43D167VN"",""cancellationReasonCode"":""02"",""cancellationDesc"":""Customer Remorse""},""transactionId"":""b09bb0b9-518f-4b11-8cbb-171858fb301c-1790194710399""}"
True;5189985;2026-09-23 17:21:55.033000;2026-09-23 00:00:00;61301087;CREATEORDER;SM9F7Y2VF19;MJXR4BE/A;"{""orderDetailsResponses"":{""deviceEligibility"":{""secondaryDisplay"":""0"",""partDescription"":""AppleCare+ con robo y pérdida para iPhone 18 Pro Max"",""coverageDuration"":""2"",""productStatement"":""Tu AppleCare+ con robo y pérdida para iPhone 18 Pro Max amplía la cobertura de servicio y soporte técnico a 2 años desde la fecha de compra de AppleCare+ con robo y pérdida e incluye cobertura para una cantidad ilimitada de incidentes por daño accidental debido a la manipulación del producto o un máximo de dos incidentes de robo y pérdida cada 12 meses, cada uno de ellos sujeto a un cargo adicional de R$28000  por los daños de la pantalla o la carcasa externa o de R$144000  por robo o pérdida o de R$96000  por Otros daños accidentales. Lee todos los detalles en los Términos y condiciones de AppleCare+."",""deviceDateOfPurchase"":""23/09/2026"",""deviceId"":""SM9F7Y2VF19"",""registeredDevice"":""1"",""pocType"":""APOC"",""serialNumber"":""M9F7Y2VF19"",""partNumber"":""SHMP3ZX/A"",""partAlias"":""ACPTL"",""purchaseMode"":""C"",""productDescription"":""iPhone 18 Pro Max"",""tlDisclosure"":""La cobertura de robo y pérdida requiere que tengas la función Buscar habilitada en tu dispositivo antes de que se pierda o te lo roben. Durante el proceso de reclamación, te pediremos que uses la función Buscar para poner el dispositivo perdido o robado en modo Perdido, borrarlo y transferir la propiedad a Apple para que podamos asignarte un nuevo dispositivo. Para asegurarte de que puedas iniciar sesión en Buscar y acceder a esta función, es importante que recuerdes tu ID de Apple y contraseña, y que mantengas la información de tu cuenta actualizada. Si usas la autenticación de doble factor para el ID de Apple, te recomendamos que añadas un número de teléfono adicional de confianza a tu cuenta en el que puedas recibir el código de verificación de 6 dígitos que necesitas para iniciar sesión aunque no tengas tu iPhone. Para obtener más información, visita las páginas de Soporte técnico de Apple.""},""orderConfirmation"":{""agreementNumber"":""328426582510"",""coverageDurationStatement"":""Finaliza el 22/09/2028"",""termConditionURL"":""http://www.apple.com/legal/sales-support/"",""partNumber"":""SHMP3ZX/A"",""partAlias"":""ACPTL"",""partType"":""AC+TL"",""purchaseMode"":""C"",""appleCareSalesDate"":""23/09/2026"",""pocType"":""APOC"",""purchaseOrderNumber"":""61301087""}},""transactionId"":""10f1505d-ddd2-447d-8521-1e720aabb1cb-1790194910378""}"
True;5141275;2026-09-23 17:22:16.150000;2026-09-23 00:00:00;16701114;CREATEORDER;SLXY0DH72JF;MJXV4BE/A;"{""orderDetailsResponses"":{""deviceEligibility"":{""secondaryDisplay"":""0"",""partDescription"":""AppleCare+ con robo y pérdida para iPhone 18 Pro Max"",""coverageDuration"":""2"",""productStatement"":""Tu AppleCare+ con robo y pérdida para iPhone 18 Pro Max amplía la cobertura de servicio y soporte técnico a 2 años desde la fecha de compra de AppleCare+ con robo y pérdida e incluye cobertura para una cantidad ilimitada de incidentes por daño accidental debido a la manipulación del producto o un máximo de dos incidentes de robo y pérdida cada 12 meses, cada uno de ellos sujeto a un cargo adicional de R$28000  por los daños de la pantalla o la carcasa externa o de R$144000  por robo o pérdida o de R$96000  por Otros daños accidentales. Lee todos los detalles en los Términos y condiciones de AppleCare+."",""deviceDateOfPurchase"":""23/09/2026"",""deviceId"":""SLXY0DH72JF"",""registeredDevice"":""1"",""pocType"":""APOC"",""serialNumber"":""LXY0DH72JF"",""partNumber"":""SHMP3ZX/A"",""partAlias"":""ACPTL"",""purchaseMode"":""C"",""productDescription"":""iPhone 18 Pro Max"",""tlDisclosure"":""La cobertura de robo y pérdida requiere que tengas la función Buscar habilitada en tu dispositivo antes de que se pierda o te lo roben. Durante el proceso de reclamación, te pediremos que uses la función Buscar para poner el dispositivo perdido o robado en modo Perdido, borrarlo y transferir la propiedad a Apple para que podamos asignarte un nuevo dispositivo. Para asegurarte de que puedas iniciar sesión en Buscar y acceder a esta función, es importante que recuerdes tu ID de Apple y contraseña, y que mantengas la información de tu cuenta actualizada. Si usas la autenticación de doble factor para el ID de Apple, te recomendamos que añadas un número de teléfono adicional de confianza a tu cuenta en el que puedas recibir el código de verificación de 6 dígitos que necesitas para iniciar sesión aunque no tengas tu iPhone. Para obtener más información, visita las páginas de Soporte técnico de Apple.""},""orderConfirmation"":{""agreementNumber"":""328426600264"",""coverageDurationStatement"":""Finaliza el 22/09/2028"",""termConditionURL"":""http://www.apple.com/legal/sales-support/"",""partNumber"":""SHMP3ZX/A"",""partAlias"":""ACPTL"",""partType"":""AC+TL"",""purchaseMode"":""C"",""appleCareSalesDate"":""23/09/2026"",""pocType"":""APOC"",""purchaseOrderNumber"":""16701114""}},""transactionId"":""cbea7bd1-c81e-41f0-b25f-e3f0bbc5288c-1790194930933""}"
True;5120679;2026-09-23 17:25:41.923000;2026-09-23 00:00:00;64301082;VERIFYORDER;slg49j9cqwr;MJT04BE/A;"{""orderDetailsResponses"":{""deviceEligibility"":{""secondaryDisplay"":""0"",""partDescription"":""AppleCare+ con robo y pérdida para iPhone 18 Pro"",""coverageDuration"":""2"",""productStatement"":""Tu AppleCare+ con robo y pérdida para iPhone 18 Pro amplía la cobertura de servicio y soporte técnico a 2 años desde la fecha de compra de AppleCare+ con robo y pérdida e incluye cobertura para una cantidad ilimitada de incidentes por daño accidental debido a la manipulación del producto o un máximo de dos incidentes de robo y pérdida cada 12 meses, cada uno de ellos sujeto a un cargo adicional de R$28000  por los daños de la pantalla o la carcasa externa o de R$144000  por robo o pérdida o de R$96000  por Otros daños accidentales. Lee todos los detalles en los Términos y condiciones de AppleCare+."",""deviceDateOfPurchase"":""23/09/2026"",""deviceId"":""SLG49J9CQWR"",""registeredDevice"":""1"",""pocType"":""APOC"",""serialNumber"":""LG49J9CQWR"",""partNumber"":""SHMD3ZX/A"",""partAlias"":""ACPTL"",""purchaseMode"":""C"",""productDescription"":""iPhone 18 Pro"",""tlDisclosure"":""La cobertura de robo y pérdida requiere que tengas la función Buscar habilitada en tu dispositivo antes de que se pierda o te lo roben. Durante el proceso de reclamación, te pediremos que uses la función Buscar para poner el dispositivo perdido o robado en modo Perdido, borrarlo y transferir la propiedad a Apple para que podamos asignarte un nuevo dispositivo. Para asegurarte de que puedas iniciar sesión en Buscar y acceder a esta función, es importante que recuerdes tu ID de Apple y contraseña, y que mantengas la información de tu cuenta actualizada. Si usas la autenticación de doble factor para el ID de Apple, te recomendamos que añadas un número de teléfono adicional de confianza a tu cuenta en el que puedas recibir el código de verificación de 6 dígitos que necesitas para iniciar sesión aunque no tengas tu iPhone. Para obtener más información, visita las páginas de Soporte técnico de Apple.""}},""transactionId"":""9cdb5b34-da77-4798-acc3-a13db93b6e29-1790195140329""}"
True;5179874;2026-09-23 17:27:14.310000;2026-09-23 00:00:00;301158;VERIFYORDER;SK4H7H92WR9;MKFT4AM/A;"{""orderDetailsResponses"":{""deviceEligibility"":{""secondaryDisplay"":""0"",""partDescription"":""AppleCare+ para AirPods"",""coverageDuration"":""2"",""productStatement"":""AppleCare+ para AirPods amplía la cobertura de servicio y soporte técnico a 2 años desde la fecha de compra de AppleCare+ e incluye cobertura para una cantidad ilimitada de incidentes por daño accidental debido a la manipulación del producto, cada uno de ellos sujeto a un cargo adicional de CLP28000 . Lee todos los detalles en los Términos y condiciones de AppleCare+."",""deviceDateOfPurchase"":""23/09/2026"",""deviceId"":""SK4H7H92WR9"",""registeredDevice"":""1"",""pocType"":""APOC"",""serialNumber"":""K4H7H92WR9"",""partNumber"":""S9066ZX/A"",""partAlias"":""ACP"",""purchaseMode"":""C"",""productDescription"":""AirPods 5 (Wireless Charging)""}},""transactionId"":""0843fa46-d84e-4cf7-b987-ad53fdc46a00-1790195233745""}"
True;5120679;2026-09-23 17:28:38.883000;2026-09-23 00:00:00;64301082;CREATEORDER;slg49j9cqwr;MJT04BE/A;"{""orderDetailsResponses"":{""deviceEligibility"":{""secondaryDisplay"":""0"",""partDescription"":""AppleCare+ con robo y pérdida para iPhone 18 Pro"",""coverageDuration"":""2"",""productStatement"":""Tu AppleCare+ con robo y pérdida para iPhone 18 Pro amplía la cobertura de servicio y soporte técnico a 2 años desde la fecha de compra de AppleCare+ con robo y pérdida e incluye cobertura para una cantidad ilimitada de incidentes por daño accidental debido a la manipulación del producto o un máximo de dos incidentes de robo y pérdida cada 12 meses, cada uno de ellos sujeto a un cargo adicional de R$28000  por los daños de la pantalla o la carcasa externa o de R$144000  por robo o pérdida o de R$96000  por Otros daños accidentales. Lee todos los detalles en los Términos y condiciones de AppleCare+."",""deviceDateOfPurchase"":""23/09/2026"",""deviceId"":""SLG49J9CQWR"",""registeredDevice"":""1"",""pocType"":""APOC"",""serialNumber"":""LG49J9CQWR"",""partNumber"":""SHMD3ZX/A"",""partAlias"":""ACPTL"",""purchaseMode"":""C"",""productDescription"":""iPhone 18 Pro"",""tlDisclosure"":""La cobertura de robo y pérdida requiere que tengas la función Buscar habilitada en tu dispositivo antes de que se pierda o te lo roben. Durante el proceso de reclamación, te pediremos que uses la función Buscar para poner el dispositivo perdido o robado en modo Perdido, borrarlo y transferir la propiedad a Apple para que podamos asignarte un nuevo dispositivo. Para asegurarte de que puedas iniciar sesión en Buscar y acceder a esta función, es importante que recuerdes tu ID de Apple y contraseña, y que mantengas la información de tu cuenta actualizada. Si usas la autenticación de doble factor para el ID de Apple, te recomendamos que añadas un número de teléfono adicional de confianza a tu cuenta en el que puedas recibir el código de verificación de 6 dígitos que necesitas para iniciar sesión aunque no tengas tu iPhone. Para obtener más información, visita las páginas de Soporte técnico de Apple.""},""orderConfirmation"":{""agreementNumber"":""328426620087"",""coverageDurationStatement"":""Finaliza el 22/09/2028"",""termConditionURL"":""http://www.apple.com/legal/sales-support/"",""partNumber"":""SHMD3ZX/A"",""partAlias"":""ACPTL"",""partType"":""AC+TL"",""purchaseMode"":""C"",""appleCareSalesDate"":""23/09/2026"",""pocType"":""APOC"",""purchaseOrderNumber"":""64301082""}},""transactionId"":""13c2bf26-2a32-4da7-9118-f211d0b1b16d-1790195313139""}"
True;5179874;2026-09-23 17:28:38.970000;2026-09-23 00:00:00;301158;CREATEORDER;SK4H7H92WR9;MKFT4AM/A;"{""orderDetailsResponses"":{""deviceEligibility"":{""secondaryDisplay"":""0"",""partDescription"":""AppleCare+ para AirPods"",""coverageDuration"":""2"",""productStatement"":""AppleCare+ para AirPods amplía la cobertura de servicio y soporte técnico a 2 años desde la fecha de compra de AppleCare+ e incluye cobertura para una cantidad ilimitada de incidentes por daño accidental debido a la manipulación del producto, cada uno de ellos sujeto a un cargo adicional de CLP28000 . Lee todos los detalles en los Términos y condiciones de AppleCare+."",""deviceDateOfPurchase"":""23/09/2026"",""deviceId"":""SK4H7H92WR9"",""registeredDevice"":""1"",""pocType"":""APOC"",""serialNumber"":""K4H7H92WR9"",""partNumber"":""S9066ZX/A"",""partAlias"":""ACP"",""purchaseMode"":""C"",""productDescription"":""AirPods 5 (Wireless Charging)""},""orderConfirmation"":{""agreementNumber"":""328426564905"",""coverageDurationStatement"":""Finaliza el 22/09/2028"",""termConditionURL"":""http://www.apple.com/legal/sales-support/"",""partNumber"":""S9066ZX/A"",""partAlias"":""ACP"",""partType"":""AppleCare+"",""purchaseMode"":""C"",""appleCareSalesDate"":""23/09/2026"",""pocType"":""APOC"",""purchaseOrderNumber"":""301158""}},""transactionId"":""aa444460-ba7d-4746-95e0-329cd12cb743-1790195313580""}"
False;5141275;2026-09-23 17:33:32.243000;2026-09-23 00:00:00;16701114;REFUNDGUIDANCE;SLXY0DH72JF;SHMP3ZX/A;"{""refundGuidanceErrorResponse"":[{""errorCode"":""GRX-50625"",""errorMessage"":""No se puede procesar la cancelación en este momento. Inténtalo de nuevo más tarde dentro del plazo de cancelación.""}],""transactionId"":""9db8150a-7ffa-448e-a5b2-1c71cf52facb-1790195612039""}"
False;5141275;2026-09-23 17:33:54.797000;2026-09-23 00:00:00;16701114;REFUNDGUIDANCE;SLXY0DH72JF;SHMP3ZX/A;"{""refundGuidanceErrorResponse"":[{""errorCode"":""GRX-50625"",""errorMessage"":""No se puede procesar la cancelación en este momento. Inténtalo de nuevo más tarde dentro del plazo de cancelación.""}],""transactionId"":""b7274ebe-fd7d-45ef-99ff-11593c044440-1790195634600""}"
True;1340103;2026-09-23 17:39:01.920000;2026-09-23 00:00:00;64401082;VERIFYORDER;SJT9J59YG3P;MJT14BE/A;"{""orderDetailsResponses"":{""deviceEligibility"":{""secondaryDisplay"":""0"",""partDescription"":""AppleCare+ con robo y pérdida para iPhone 18 Pro"",""coverageDuration"":""2"",""productStatement"":""Tu AppleCare+ con robo y pérdida para iPhone 18 Pro amplía la cobertura de servicio y soporte técnico a 2 años desde la fecha de compra de AppleCare+ con robo y pérdida e incluye cobertura para una cantidad ilimitada de incidentes por daño accidental debido a la manipulación del producto o un máximo de dos incidentes de robo y pérdida cada 12 meses, cada uno de ellos sujeto a un cargo adicional de R$28000  por los daños de la pantalla o la carcasa externa o de R$144000  por robo o pérdida o de R$96000  por Otros daños accidentales. Lee todos los detalles en los Términos y condiciones de AppleCare+."",""deviceDateOfPurchase"":""23/09/2026"",""deviceId"":""SJT9J59YG3P"",""registeredDevice"":""1"",""pocType"":""APOC"",""serialNumber"":""JT9J59YG3P"",""partNumber"":""SHMD3ZX/A"",""partAlias"":""ACPTL"",""purchaseMode"":""C"",""productDescription"":""iPhone 18 Pro"",""tlDisclosure"":""La cobertura de robo y pérdida requiere que tengas la función Buscar habilitada en tu dispositivo antes de que se pierda o te lo roben. Durante el proceso de reclamación, te pediremos que uses la función Buscar para poner el dispositivo perdido o robado en modo Perdido, borrarlo y transferir la propiedad a Apple para que podamos asignarte un nuevo dispositivo. Para asegurarte de que puedas iniciar sesión en Buscar y acceder a esta función, es importante que recuerdes tu ID de Apple y contraseña, y que mantengas la información de tu cuenta actualizada. Si usas la autenticación de doble factor para el ID de Apple, te recomendamos que añadas un número de teléfono adicional de confianza a tu cuenta en el que puedas recibir el código de verificación de 6 dígitos que necesitas para iniciar sesión aunque no tengas tu iPhone. Para obtener más información, visita las páginas de Soporte técnico de Apple.""}},""transactionId"":""dd60ce9c-6492-4b56-83f7-d47d55388cfb-1790195941321""}"
True;5198251;2026-09-23 17:39:35.950000;2026-09-23 00:00:00;29701094;VERIFYORDER;SFX21R23NVM;MJY04BE/A;"{""orderDetailsResponses"":{""deviceEligibility"":{""secondaryDisplay"":""0"",""partDescription"":""AppleCare+ con robo y pérdida para iPhone 18 Pro Max"",""coverageDuration"":""2"",""productStatement"":""Tu AppleCare+ con robo y pérdida para iPhone 18 Pro Max amplía la cobertura de servicio y soporte técnico a 2 años desde la fecha de compra de AppleCare+ con robo y pérdida e incluye cobertura para una cantidad ilimitada de incidentes por daño accidental debido a la manipulación del producto o un máximo de dos incidentes de robo y pérdida cada 12 meses, cada uno de ellos sujeto a un cargo adicional de R$28000  por los daños de la pantalla o la carcasa externa o de R$144000  por robo o pérdida o de R$96000  por Otros daños accidentales. Lee todos los detalles en los Términos y condiciones de AppleCare+."",""deviceDateOfPurchase"":""23/09/2026"",""deviceId"":""SFX21R23NVM"",""registeredDevice"":""1"",""pocType"":""APOC"",""serialNumber"":""FX21R23NVM"",""partNumber"":""SHMP3ZX/A"",""partAlias"":""ACPTL"",""purchaseMode"":""C"",""productDescription"":""iPhone 18 Pro Max"",""tlDisclosure"":""La cobertura de robo y pérdida requiere que tengas la función Buscar habilitada en tu dispositivo antes de que se pierda o te lo roben. Durante el proceso de reclamación, te pediremos que uses la función Buscar para poner el dispositivo perdido o robado en modo Perdido, borrarlo y transferir la propiedad a Apple para que podamos asignarte un nuevo dispositivo. Para asegurarte de que puedas iniciar sesión en Buscar y acceder a esta función, es importante que recuerdes tu ID de Apple y contraseña, y que mantengas la información de tu cuenta actualizada. Si usas la autenticación de doble factor para el ID de Apple, te recomendamos que añadas un número de teléfono adicional de confianza a tu cuenta en el que puedas recibir el código de verificación de 6 dígitos que necesitas para iniciar sesión aunque no tengas tu iPhone. Para obtener más información, visita las páginas de Soporte técnico de Apple.""}},""transactionId"":""1087df02-a9c6-4ffb-b8b4-6d6e48da1705-1790195975359""}"
True;1324896;2026-09-23 17:40:52.980000;2026-09-23 00:00:00;20701030;VERIFYORDER;SFJF0KMVRKQ;MJXV4BE/A;"{""orderDetailsResponses"":{""deviceEligibility"":{""secondaryDisplay"":""0"",""partDescription"":""AppleCare+ con robo y pérdida para iPhone 18 Pro Max"",""coverageDuration"":""2"",""productStatement"":""Tu AppleCare+ con robo y pérdida para iPhone 18 Pro Max amplía la cobertura de servicio y soporte técnico a 2 años desde la fecha de compra de AppleCare+ con robo y pérdida e incluye cobertura para una cantidad ilimitada de incidentes por daño accidental debido a la manipulación del producto o un máximo de dos incidentes de robo y pérdida cada 12 meses, cada uno de ellos sujeto a un cargo adicional de R$28000  por los daños de la pantalla o la carcasa externa o de R$144000  por robo o pérdida o de R$96000  por Otros daños accidentales. Lee todos los detalles en los Términos y condiciones de AppleCare+."",""deviceDateOfPurchase"":""23/09/2026"",""deviceId"":""SFJF0KMVRKQ"",""registeredDevice"":""1"",""pocType"":""APOC"",""serialNumber"":""FJF0KMVRKQ"",""partNumber"":""SHMP3ZX/A"",""partAlias"":""ACPTL"",""purchaseMode"":""C"",""productDescription"":""iPhone 18 Pro Max"",""tlDisclosure"":""La cobertura de robo y pérdida requiere que tengas la función Buscar habilitada en tu dispositivo antes de que se pierda o te lo roben. Durante el proceso de reclamación, te pediremos que uses la función Buscar para poner el dispositivo perdido o robado en modo Perdido, borrarlo y transferir la propiedad a Apple para que podamos asignarte un nuevo dispositivo. Para asegurarte de que puedas iniciar sesión en Buscar y acceder a esta función, es importante que recuerdes tu ID de Apple y contraseña, y que mantengas la información de tu cuenta actualizada. Si usas la autenticación de doble factor para el ID de Apple, te recomendamos que añadas un número de teléfono adicional de confianza a tu cuenta en el que puedas recibir el código de verificación de 6 dígitos que necesitas para iniciar sesión aunque no tengas tu iPhone. Para obtener más información, visita las páginas de Soporte técnico de Apple.""}},""transactionId"":""7fbd6970-0a48-47f0-80d9-dea9a308a305-1790196046121""}"
True;5198251;2026-09-23 17:44:37.793000;2026-09-23 00:00:00;29701094;CREATEORDER;SFX21R23NVM;MJY04BE/A;"{""orderDetailsResponses"":{""deviceEligibility"":{""secondaryDisplay"":""0"",""partDescription"":""AppleCare+ con robo y pérdida para iPhone 18 Pro Max"",""coverageDuration"":""2"",""productStatement"":""Tu AppleCare+ con robo y pérdida para iPhone 18 Pro Max amplía la cobertura de servicio y soporte técnico a 2 años desde la fecha de compra de AppleCare+ con robo y pérdida e incluye cobertura para una cantidad ilimitada de incidentes por daño accidental debido a la manipulación del producto o un máximo de dos incidentes de robo y pérdida cada 12 meses, cada uno de ellos sujeto a un cargo adicional de R$28000  por los daños de la pantalla o la carcasa externa o de R$144000  por robo o pérdida o de R$96000  por Otros daños accidentales. Lee todos los detalles en los Términos y condiciones de AppleCare+."",""deviceDateOfPurchase"":""23/09/2026"",""deviceId"":""SFX21R23NVM"",""registeredDevice"":""1"",""pocType"":""APOC"",""serialNumber"":""FX21R23NVM"",""partNumber"":""SHMP3ZX/A"",""partAlias"":""ACPTL"",""purchaseMode"":""C"",""productDescription"":""iPhone 18 Pro Max"",""tlDisclosure"":""La cobertura de robo y pérdida requiere que tengas la función Buscar habilitada en tu dispositivo antes de que se pierda o te lo roben. Durante el proceso de reclamación, te pediremos que uses la función Buscar para poner el dispositivo perdido o robado en modo Perdido, borrarlo y transferir la propiedad a Apple para que podamos asignarte un nuevo dispositivo. Para asegurarte de que puedas iniciar sesión en Buscar y acceder a esta función, es importante que recuerdes tu ID de Apple y contraseña, y que mantengas la información de tu cuenta actualizada. Si usas la autenticación de doble factor para el ID de Apple, te recomendamos que añadas un número de teléfono adicional de confianza a tu cuenta en el que puedas recibir el código de verificación de 6 dígitos que necesitas para iniciar sesión aunque no tengas tu iPhone. Para obtener más información, visita las páginas de Soporte técnico de Apple.""},""orderConfirmation"":{""agreementNumber"":""328426582568"",""coverageDurationStatement"":""Finaliza el 22/09/2028"",""termConditionURL"":""http://www.apple.com/legal/sales-support/"",""partNumber"":""SHMP3ZX/A"",""partAlias"":""ACPTL"",""partType"":""AC+TL"",""purchaseMode"":""C"",""appleCareSalesDate"":""23/09/2026"",""pocType"":""APOC"",""purchaseOrderNumber"":""29701094""}},""transactionId"":""adfc6844-34ab-4d72-84a3-3b237bafa813-1790196273038""}"
True;1338966;2026-09-23 17:44:48.903000;2026-09-23 00:00:00;16801114;VERIFYORDER;smp79q4fq00;MJXV4BE/A;"{""orderDetailsResponses"":{""deviceEligibility"":{""secondaryDisplay"":""0"",""partDescription"":""AppleCare+ con robo y pérdida para iPhone 18 Pro Max"",""coverageDuration"":""2"",""productStatement"":""Tu AppleCare+ con robo y pérdida para iPhone 18 Pro Max amplía la cobertura de servicio y soporte técnico a 2 años desde la fecha de compra de AppleCare+ con robo y pérdida e incluye cobertura para una cantidad ilimitada de incidentes por daño accidental debido a la manipulación del producto o un máximo de dos incidentes de robo y pérdida cada 12 meses, cada uno de ellos sujeto a un cargo adicional de R$28000  por los daños de la pantalla o la carcasa externa o de R$144000  por robo o pérdida o de R$96000  por Otros daños accidentales. Lee todos los detalles en los Términos y condiciones de AppleCare+."",""deviceDateOfPurchase"":""23/09/2026"",""deviceId"":""SMP79Q4FQ00"",""registeredDevice"":""1"",""pocType"":""APOC"",""serialNumber"":""MP79Q4FQ00"",""partNumber"":""SHMP3ZX/A"",""partAlias"":""ACPTL"",""purchaseMode"":""C"",""productDescription"":""iPhone 18 Pro Max"",""tlDisclosure"":""La cobertura de robo y pérdida requiere que tengas la función Buscar habilitada en tu dispositivo antes de que se pierda o te lo roben. Durante el proceso de reclamación, te pediremos que uses la función Buscar para poner el dispositivo perdido o robado en modo Perdido, borrarlo y transferir la propiedad a Apple para que podamos asignarte un nuevo dispositivo. Para asegurarte de que puedas iniciar sesión en Buscar y acceder a esta función, es importante que recuerdes tu ID de Apple y contraseña, y que mantengas la información de tu cuenta actualizada. Si usas la autenticación de doble factor para el ID de Apple, te recomendamos que añadas un número de teléfono adicional de confianza a tu cuenta en el que puedas recibir el código de verificación de 6 dígitos que necesitas para iniciar sesión aunque no tengas tu iPhone. Para obtener más información, visita las páginas de Soporte técnico de Apple.""}},""transactionId"":""966d82c4-7821-4935-8991-8c0042fda0fc-1790196288400""}"
True;1340103;2026-09-23 17:45:57.440000;2026-09-23 00:00:00;64401082;CREATEORDER;SJT9J59YG3P;MJT14BE/A;"{""orderDetailsResponses"":{""deviceEligibility"":{""secondaryDisplay"":""0"",""partDescription"":""AppleCare+ con robo y pérdida para iPhone 18 Pro"",""coverageDuration"":""2"",""productStatement"":""Tu AppleCare+ con robo y pérdida para iPhone 18 Pro amplía la cobertura de servicio y soporte técnico a 2 años desde la fecha de compra de AppleCare+ con robo y pérdida e incluye cobertura para una cantidad ilimitada de incidentes por daño accidental debido a la manipulación del producto o un máximo de dos incidentes de robo y pérdida cada 12 meses, cada uno de ellos sujeto a un cargo adicional de R$28000  por los daños de la pantalla o la carcasa externa o de R$144000  por robo o pérdida o de R$96000  por Otros daños accidentales. Lee todos los detalles en los Términos y condiciones de AppleCare+."",""deviceDateOfPurchase"":""23/09/2026"",""deviceId"":""SJT9J59YG3P"",""registeredDevice"":""1"",""pocType"":""APOC"",""serialNumber"":""JT9J59YG3P"",""partNumber"":""SHMD3ZX/A"",""partAlias"":""ACPTL"",""purchaseMode"":""C"",""productDescription"":""iPhone 18 Pro"",""tlDisclosure"":""La cobertura de robo y pérdida requiere que tengas la función Buscar habilitada en tu dispositivo antes de que se pierda o te lo roben. Durante el proceso de reclamación, te pediremos que uses la función Buscar para poner el dispositivo perdido o robado en modo Perdido, borrarlo y transferir la propiedad a Apple para que podamos asignarte un nuevo dispositivo. Para asegurarte de que puedas iniciar sesión en Buscar y acceder a esta función, es importante que recuerdes tu ID de Apple y contraseña, y que mantengas la información de tu cuenta actualizada. Si usas la autenticación de doble factor para el ID de Apple, te recomendamos que añadas un número de teléfono adicional de confianza a tu cuenta en el que puedas recibir el código de verificación de 6 dígitos que necesitas para iniciar sesión aunque no tengas tu iPhone. Para obtener más información, visita las páginas de Soporte técnico de Apple.""},""orderConfirmation"":{""agreementNumber"":""328426620122"",""coverageDurationStatement"":""Finaliza el 22/09/2028"",""termConditionURL"":""http://www.apple.com/legal/sales-support/"",""partNumber"":""SHMD3ZX/A"",""partAlias"":""ACPTL"",""partType"":""AC+TL"",""purchaseMode"":""C"",""appleCareSalesDate"":""23/09/2026"",""pocType"":""APOC"",""purchaseOrderNumber"":""64401082""}},""transactionId"":""3117d535-ca64-47a6-a8b6-7232251214bf-1790196352146""}"
True;1339489;2026-09-23 17:50:20.820000;2026-09-23 00:00:00;49301033;VERIFYORDER;SL24F6PX1KG;MJXW4BE/A;"{""orderDetailsResponses"":{""deviceEligibility"":{""secondaryDisplay"":""0"",""partDescription"":""AppleCare+ con robo y pérdida para iPhone 18 Pro Max"",""coverageDuration"":""2"",""productStatement"":""Tu AppleCare+ con robo y pérdida para iPhone 18 Pro Max amplía la cobertura de servicio y soporte técnico a 2 años desde la fecha de compra de AppleCare+ con robo y pérdida e incluye cobertura para una cantidad ilimitada de incidentes por daño accidental debido a la manipulación del producto o un máximo de dos incidentes de robo y pérdida cada 12 meses, cada uno de ellos sujeto a un cargo adicional de R$28000  por los daños de la pantalla o la carcasa externa o de R$144000  por robo o pérdida o de R$96000  por Otros daños accidentales. Lee todos los detalles en los Términos y condiciones de AppleCare+."",""deviceDateOfPurchase"":""23/09/2026"",""deviceId"":""SL24F6PX1KG"",""registeredDevice"":""1"",""pocType"":""APOC"",""serialNumber"":""L24F6PX1KG"",""partNumber"":""SHMP3ZX/A"",""partAlias"":""ACPTL"",""purchaseMode"":""C"",""productDescription"":""iPhone 18 Pro Max"",""tlDisclosure"":""La cobertura de robo y pérdida requiere que tengas la función Buscar habilitada en tu dispositivo antes de que se pierda o te lo roben. Durante el proceso de reclamación, te pediremos que uses la función Buscar para poner el dispositivo perdido o robado en modo Perdido, borrarlo y transferir la propiedad a Apple para que podamos asignarte un nuevo dispositivo. Para asegurarte de que puedas iniciar sesión en Buscar y acceder a esta función, es importante que recuerdes tu ID de Apple y contraseña, y que mantengas la información de tu cuenta actualizada. Si usas la autenticación de doble factor para el ID de Apple, te recomendamos que añadas un número de teléfono adicional de confianza a tu cuenta en el que puedas recibir el código de verificación de 6 dígitos que necesitas para iniciar sesión aunque no tengas tu iPhone. Para obtener más información, visita las páginas de Soporte técnico de Apple.""}},""transactionId"":""890142aa-8621-4ae1-9d49-2d9270c90f18-1790196619912""}"
True;1338966;2026-09-23 17:51:28.790000;2026-09-23 00:00:00;16801114;CREATEORDER;smp79q4fq00;MJXV4BE/A;"{""orderDetailsResponses"":{""deviceEligibility"":{""secondaryDisplay"":""0"",""partDescription"":""AppleCare+ con robo y pérdida para iPhone 18 Pro Max"",""coverageDuration"":""2"",""productStatement"":""Tu AppleCare+ con robo y pérdida para iPhone 18 Pro Max amplía la cobertura de servicio y soporte técnico a 2 años desde la fecha de compra de AppleCare+ con robo y pérdida e incluye cobertura para una cantidad ilimitada de incidentes por daño accidental debido a la manipulación del producto o un máximo de dos incidentes de robo y pérdida cada 12 meses, cada uno de ellos sujeto a un cargo adicional de R$28000  por los daños de la pantalla o la carcasa externa o de R$144000  por robo o pérdida o de R$96000  por Otros daños accidentales. Lee todos los detalles en los Términos y condiciones de AppleCare+."",""deviceDateOfPurchase"":""23/09/2026"",""deviceId"":""SMP79Q4FQ00"",""registeredDevice"":""1"",""pocType"":""APOC"",""serialNumber"":""MP79Q4FQ00"",""partNumber"":""SHMP3ZX/A"",""partAlias"":""ACPTL"",""purchaseMode"":""C"",""productDescription"":""iPhone 18 Pro Max"",""tlDisclosure"":""La cobertura de robo y pérdida requiere que tengas la función Buscar habilitada en tu dispositivo antes de que se pierda o te lo roben. Durante el proceso de reclamación, te pediremos que uses la función Buscar para poner el dispositivo perdido o robado en modo Perdido, borrarlo y transferir la propiedad a Apple para que podamos asignarte un nuevo dispositivo. Para asegurarte de que puedas iniciar sesión en Buscar y acceder a esta función, es importante que recuerdes tu ID de Apple y contraseña, y que mantengas la información de tu cuenta actualizada. Si usas la autenticación de doble factor para el ID de Apple, te recomendamos que añadas un número de teléfono adicional de confianza a tu cuenta en el que puedas recibir el código de verificación de 6 dígitos que necesitas para iniciar sesión aunque no tengas tu iPhone. Para obtener más información, visita las páginas de Soporte técnico de Apple.""},""orderConfirmation"":{""agreementNumber"":""328426580638"",""coverageDurationStatement"":""Finaliza el 22/09/2028"",""termConditionURL"":""http://www.apple.com/legal/sales-support/"",""partNumber"":""SHMP3ZX/A"",""partAlias"":""ACPTL"",""partType"":""AC+TL"",""purchaseMode"":""C"",""appleCareSalesDate"":""23/09/2026"",""pocType"":""APOC"",""purchaseOrderNumber"":""16801114""}},""transactionId"":""23043032-f1f9-4e44-a67b-ef982a7c9833-1790196683882""}"
False;1324896;2026-09-23 17:51:32.730000;2026-09-23 00:00:00;20701030;CREATEORDER;SFJF0KMVRKQ;MJXV4BE/A;"{""orderDetailsResponses"":{""deviceEligibility"":{""secondaryDisplay"":""0"",""deviceDateOfPurchase"":""23/09/2026"",""deviceId"":""SFJF0KMVRKQ"",""registeredDevice"":""0"",""deviceErrorResponse"":{""errorCode"":""GRX-20024"",""errorMessage"":""Ya existe un AppleCare Plan para el dispositivo SFJF0KMVRKQ o está pendiente. Comprueba los detalles del pedido en la búsqueda 360 y ponte en contacto con el Soporte técnico de AppleCare Connect si necesitas más información.""},""pocType"":""APOC"",""serialNumber"":""FJF0KMVRKQ"",""partNumber"":""SHMP3ZX/A"",""partAlias"":""ACPTL"",""productDescription"":""iPhone 18 Pro Max"",""tlDisclosure"":""La cobertura de robo y pérdida requiere que tengas la función Buscar habilitada en tu dispositivo antes de que se pierda o te lo roben. Durante el proceso de reclamación, te pediremos que uses la función Buscar para poner el dispositivo perdido o robado en modo Perdido, borrarlo y transferir la propiedad a Apple para que podamos asignarte un nuevo dispositivo. Para asegurarte de que puedas iniciar sesión en Buscar y acceder a esta función, es importante que recuerdes tu ID de Apple y contraseña, y que mantengas la información de tu cuenta actualizada. Si usas la autenticación de doble factor para el ID de Apple, te recomendamos que añadas un número de teléfono adicional de confianza a tu cuenta en el que puedas recibir el código de verificación de 6 dígitos que necesitas para iniciar sesión aunque no tengas tu iPhone. Para obtener más información, visita las páginas de Soporte técnico de Apple.""}},""transactionId"":""5564eaf6-eab1-40fb-8b17-042cc6943abe-1790196691930""}"
False;1324896;2026-09-23 17:52:06.387000;2026-09-23 00:00:00;20701030;CREATEORDER;SFJF0KMVRKQ;MJXV4BE/A;"{""orderDetailsResponses"":{""deviceEligibility"":{""secondaryDisplay"":""0"",""deviceDateOfPurchase"":""23/09/2026"",""deviceId"":""SFJF0KMVRKQ"",""registeredDevice"":""0"",""deviceErrorResponse"":{""errorCode"":""GRX-20024"",""errorMessage"":""Ya existe un AppleCare Plan para el dispositivo SFJF0KMVRKQ o está pendiente. Comprueba los detalles del pedido en la búsqueda 360 y ponte en contacto con el Soporte técnico de AppleCare Connect si necesitas más información.""},""pocType"":""APOC"",""serialNumber"":""FJF0KMVRKQ"",""partNumber"":""SHMP3ZX/A"",""partAlias"":""ACPTL"",""productDescription"":""iPhone 18 Pro Max"",""tlDisclosure"":""La cobertura de robo y pérdida requiere que tengas la función Buscar habilitada en tu dispositivo antes de que se pierda o te lo roben. Durante el proceso de reclamación, te pediremos que uses la función Buscar para poner el dispositivo perdido o robado en modo Perdido, borrarlo y transferir la propiedad a Apple para que podamos asignarte un nuevo dispositivo. Para asegurarte de que puedas iniciar sesión en Buscar y acceder a esta función, es importante que recuerdes tu ID de Apple y contraseña, y que mantengas la información de tu cuenta actualizada. Si usas la autenticación de doble factor para el ID de Apple, te recomendamos que añadas un número de teléfono adicional de confianza a tu cuenta en el que puedas recibir el código de verificación de 6 dígitos que necesitas para iniciar sesión aunque no tengas tu iPhone. Para obtener más información, visita las páginas de Soporte técnico de Apple.""}},""transactionId"":""78ab6145-8dd1-4d14-866a-4b1683a4017f-1790196725571""}"
True;1339489;2026-09-23 17:53:16.793000;2026-09-23 00:00:00;49301033;CREATEORDER;SL24F6PX1KG;MJXW4BE/A;"{""orderDetailsResponses"":{""deviceEligibility"":{""secondaryDisplay"":""0"",""partDescription"":""AppleCare+ con robo y pérdida para iPhone 18 Pro Max"",""coverageDuration"":""2"",""productStatement"":""Tu AppleCare+ con robo y pérdida para iPhone 18 Pro Max amplía la cobertura de servicio y soporte técnico a 2 años desde la fecha de compra de AppleCare+ con robo y pérdida e incluye cobertura para una cantidad ilimitada de incidentes por daño accidental debido a la manipulación del producto o un máximo de dos incidentes de robo y pérdida cada 12 meses, cada uno de ellos sujeto a un cargo adicional de R$28000  por los daños de la pantalla o la carcasa externa o de R$144000  por robo o pérdida o de R$96000  por Otros daños accidentales. Lee todos los detalles en los Términos y condiciones de AppleCare+."",""deviceDateOfPurchase"":""23/09/2026"",""deviceId"":""SL24F6PX1KG"",""registeredDevice"":""1"",""pocType"":""APOC"",""serialNumber"":""L24F6PX1KG"",""partNumber"":""SHMP3ZX/A"",""partAlias"":""ACPTL"",""purchaseMode"":""C"",""productDescription"":""iPhone 18 Pro Max"",""tlDisclosure"":""La cobertura de robo y pérdida requiere que tengas la función Buscar habilitada en tu dispositivo antes de que se pierda o te lo roben. Durante el proceso de reclamación, te pediremos que uses la función Buscar para poner el dispositivo perdido o robado en modo Perdido, borrarlo y transferir la propiedad a Apple para que podamos asignarte un nuevo dispositivo. Para asegurarte de que puedas iniciar sesión en Buscar y acceder a esta función, es importante que recuerdes tu ID de Apple y contraseña, y que mantengas la información de tu cuenta actualizada. Si usas la autenticación de doble factor para el ID de Apple, te recomendamos que añadas un número de teléfono adicional de confianza a tu cuenta en el que puedas recibir el código de verificación de 6 dígitos que necesitas para iniciar sesión aunque no tengas tu iPhone. Para obtener más información, visita las páginas de Soporte técnico de Apple.""},""orderConfirmation"":{""agreementNumber"":""328426565975"",""coverageDurationStatement"":""Finaliza el 22/09/2028"",""termConditionURL"":""http://www.apple.com/legal/sales-support/"",""partNumber"":""SHMP3ZX/A"",""partAlias"":""ACPTL"",""partType"":""AC+TL"",""purchaseMode"":""C"",""appleCareSalesDate"":""23/09/2026"",""pocType"":""APOC"",""purchaseOrderNumber"":""49301033""}},""transactionId"":""33a680fc-9243-4467-887c-0a4395c9086a-1790196791551""}"
False;1324896;2026-09-23 17:56:37.293000;2026-09-23 00:00:00;20701030;CREATEORDER;SFJF0KMVRKQ;MJXV4BE/A;"{""orderDetailsResponses"":{""deviceEligibility"":{""secondaryDisplay"":""0"",""deviceDateOfPurchase"":""23/09/2026"",""deviceId"":""SFJF0KMVRKQ"",""registeredDevice"":""0"",""deviceErrorResponse"":{""errorCode"":""GRX-20024"",""errorMessage"":""Ya existe un AppleCare Plan para el dispositivo SFJF0KMVRKQ o está pendiente. Comprueba los detalles del pedido en la búsqueda 360 y ponte en contacto con el Soporte técnico de AppleCare Connect si necesitas más información.""},""pocType"":""APOC"",""serialNumber"":""FJF0KMVRKQ"",""partNumber"":""SHMP3ZX/A"",""partAlias"":""ACPTL"",""productDescription"":""iPhone 18 Pro Max"",""tlDisclosure"":""La cobertura de robo y pérdida requiere que tengas la función Buscar habilitada en tu dispositivo antes de que se pierda o te lo roben. Durante el proceso de reclamación, te pediremos que uses la función Buscar para poner el dispositivo perdido o robado en modo Perdido, borrarlo y transferir la propiedad a Apple para que podamos asignarte un nuevo dispositivo. Para asegurarte de que puedas iniciar sesión en Buscar y acceder a esta función, es importante que recuerdes tu ID de Apple y contraseña, y que mantengas la información de tu cuenta actualizada. Si usas la autenticación de doble factor para el ID de Apple, te recomendamos que añadas un número de teléfono adicional de confianza a tu cuenta en el que puedas recibir el código de verificación de 6 dígitos que necesitas para iniciar sesión aunque no tengas tu iPhone. Para obtener más información, visita las páginas de Soporte técnico de Apple.""}},""transactionId"":""28960ad7-e972-444b-b92d-b1a4a1a2fa94-1790196996513""}"
False;1324896;2026-09-23 17:57:12.210000;2026-09-23 00:00:00;20701030;CREATEORDER;SFJF0KMVRKQ;MJXV4BE/A;"{""orderDetailsResponses"":{""deviceEligibility"":{""secondaryDisplay"":""0"",""deviceDateOfPurchase"":""23/09/2026"",""deviceId"":""SFJF0KMVRKQ"",""registeredDevice"":""0"",""deviceErrorResponse"":{""errorCode"":""GRX-20024"",""errorMessage"":""Ya existe un AppleCare Plan para el dispositivo SFJF0KMVRKQ o está pendiente. Comprueba los detalles del pedido en la búsqueda 360 y ponte en contacto con el Soporte técnico de AppleCare Connect si necesitas más información.""},""pocType"":""APOC"",""serialNumber"":""FJF0KMVRKQ"",""partNumber"":""SHMP3ZX/A"",""partAlias"":""ACPTL"",""productDescription"":""iPhone 18 Pro Max"",""tlDisclosure"":""La cobertura de robo y pérdida requiere que tengas la función Buscar habilitada en tu dispositivo antes de que se pierda o te lo roben. Durante el proceso de reclamación, te pediremos que uses la función Buscar para poner el dispositivo perdido o robado en modo Perdido, borrarlo y transferir la propiedad a Apple para que podamos asignarte un nuevo dispositivo. Para asegurarte de que puedas iniciar sesión en Buscar y acceder a esta función, es importante que recuerdes tu ID de Apple y contraseña, y que mantengas la información de tu cuenta actualizada. Si usas la autenticación de doble factor para el ID de Apple, te recomendamos que añadas un número de teléfono adicional de confianza a tu cuenta en el que puedas recibir el código de verificación de 6 dígitos que necesitas para iniciar sesión aunque no tengas tu iPhone. Para obtener más información, visita las páginas de Soporte técnico de Apple.""}},""transactionId"":""35db9916-8e7c-42bc-96cc-174c2b97165f-1790197031413""}"
True;5144634;2026-09-23 17:58:48.450000;2026-09-23 00:00:00;39201055;VERIFYORDER;SK20X9V3R6T;mjxq4be/a;"{""orderDetailsResponses"":{""deviceEligibility"":{""secondaryDisplay"":""0"",""partDescription"":""AppleCare+ con robo y pérdida para iPhone 18 Pro Max"",""coverageDuration"":""2"",""productStatement"":""Tu AppleCare+ con robo y pérdida para iPhone 18 Pro Max amplía la cobertura de servicio y soporte técnico a 2 años desde la fecha de compra de AppleCare+ con robo y pérdida e incluye cobertura para una cantidad ilimitada de incidentes por daño accidental debido a la manipulación del producto o un máximo de dos incidentes de robo y pérdida cada 12 meses, cada uno de ellos sujeto a un cargo adicional de R$28000  por los daños de la pantalla o la carcasa externa o de R$144000  por robo o pérdida o de R$96000  por Otros daños accidentales. Lee todos los detalles en los Términos y condiciones de AppleCare+."",""deviceDateOfPurchase"":""12/09/2026"",""deviceId"":""SK20X9V3R6T"",""registeredDevice"":""1"",""pocType"":""APOC"",""serialNumber"":""K20X9V3R6T"",""partNumber"":""SHMP3ZX/A"",""partAlias"":""ACPTL"",""purchaseMode"":""C"",""productDescription"":""iPhone 18 Pro Max"",""tlDisclosure"":""La cobertura de robo y pérdida requiere que tengas la función Buscar habilitada en tu dispositivo antes de que se pierda o te lo roben. Durante el proceso de reclamación, te pediremos que uses la función Buscar para poner el dispositivo perdido o robado en modo Perdido, borrarlo y transferir la propiedad a Apple para que podamos asignarte un nuevo dispositivo. Para asegurarte de que puedas iniciar sesión en Buscar y acceder a esta función, es importante que recuerdes tu ID de Apple y contraseña, y que mantengas la información de tu cuenta actualizada. Si usas la autenticación de doble factor para el ID de Apple, te recomendamos que añadas un número de teléfono adicional de confianza a tu cuenta en el que puedas recibir el código de verificación de 6 dígitos que necesitas para iniciar sesión aunque no tengas tu iPhone. Para obtener más información, visita las páginas de Soporte técnico de Apple.""}},""transactionId"":""77378e2d-c0b9-4fa2-8e21-b940879aa364-1790197127862""}"
True;5144634;2026-09-23 18:00:06.503000;2026-09-23 00:00:00;39201055;VERIFYORDER;SK20X9V3R6T;mjxq4be/a;"{""orderDetailsResponses"":{""deviceEligibility"":{""secondaryDisplay"":""0"",""partDescription"":""AppleCare+ con robo y pérdida para iPhone 18 Pro Max"",""coverageDuration"":""2"",""productStatement"":""Tu AppleCare+ con robo y pérdida para iPhone 18 Pro Max amplía la cobertura de servicio y soporte técnico a 2 años desde la fecha de compra de AppleCare+ con robo y pérdida e incluye cobertura para una cantidad ilimitada de incidentes por daño accidental debido a la manipulación del producto o un máximo de dos incidentes de robo y pérdida cada 12 meses, cada uno de ellos sujeto a un cargo adicional de R$28000  por los daños de la pantalla o la carcasa externa o de R$144000  por robo o pérdida o de R$96000  por Otros daños accidentales. Lee todos los detalles en los Términos y condiciones de AppleCare+."",""deviceDateOfPurchase"":""12/09/2026"",""deviceId"":""SK20X9V3R6T"",""registeredDevice"":""1"",""pocType"":""APOC"",""serialNumber"":""K20X9V3R6T"",""partNumber"":""SHMP3ZX/A"",""partAlias"":""ACPTL"",""purchaseMode"":""C"",""productDescription"":""iPhone 18 Pro Max"",""tlDisclosure"":""La cobertura de robo y pérdida requiere que tengas la función Buscar habilitada en tu dispositivo antes de que se pierda o te lo roben. Durante el proceso de reclamación, te pediremos que uses la función Buscar para poner el dispositivo perdido o robado en modo Perdido, borrarlo y transferir la propiedad a Apple para que podamos asignarte un nuevo dispositivo. Para asegurarte de que puedas iniciar sesión en Buscar y acceder a esta función, es importante que recuerdes tu ID de Apple y contraseña, y que mantengas la información de tu cuenta actualizada. Si usas la autenticación de doble factor para el ID de Apple, te recomendamos que añadas un número de teléfono adicional de confianza a tu cuenta en el que puedas recibir el código de verificación de 6 dígitos que necesitas para iniciar sesión aunque no tengas tu iPhone. Para obtener más información, visita las páginas de Soporte técnico de Apple.""}},""transactionId"":""a8225ae3-81e5-4099-9742-8395055e95fb-1790197205993""}"
True;1340104;2026-09-23 18:01:02.140000;2026-09-23 00:00:00;64501082;VERIFYORDER;sf7k9fvdhhg;MJXV4BE/A;"{""orderDetailsResponses"":{""deviceEligibility"":{""secondaryDisplay"":""0"",""partDescription"":""AppleCare+ con robo y pérdida para iPhone 18 Pro Max"",""coverageDuration"":""2"",""productStatement"":""Tu AppleCare+ con robo y pérdida para iPhone 18 Pro Max amplía la cobertura de servicio y soporte técnico a 2 años desde la fecha de compra de AppleCare+ con robo y pérdida e incluye cobertura para una cantidad ilimitada de incidentes por daño accidental debido a la manipulación del producto o un máximo de dos incidentes de robo y pérdida cada 12 meses, cada uno de ellos sujeto a un cargo adicional de R$28000  por los daños de la pantalla o la carcasa externa o de R$144000  por robo o pérdida o de R$96000  por Otros daños accidentales. Lee todos los detalles en los Términos y condiciones de AppleCare+."",""deviceDateOfPurchase"":""23/09/2026"",""deviceId"":""SF7K9FVDHHG"",""registeredDevice"":""1"",""pocType"":""APOC"",""serialNumber"":""F7K9FVDHHG"",""partNumber"":""SHMP3ZX/A"",""partAlias"":""ACPTL"",""purchaseMode"":""C"",""productDescription"":""iPhone 18 Pro Max"",""tlDisclosure"":""La cobertura de robo y pérdida requiere que tengas la función Buscar habilitada en tu dispositivo antes de que se pierda o te lo roben. Durante el proceso de reclamación, te pediremos que uses la función Buscar para poner el dispositivo perdido o robado en modo Perdido, borrarlo y transferir la propiedad a Apple para que podamos asignarte un nuevo dispositivo. Para asegurarte de que puedas iniciar sesión en Buscar y acceder a esta función, es importante que recuerdes tu ID de Apple y contraseña, y que mantengas la información de tu cuenta actualizada. Si usas la autenticación de doble factor para el ID de Apple, te recomendamos que añadas un número de teléfono adicional de confianza a tu cuenta en el que puedas recibir el código de verificación de 6 dígitos que necesitas para iniciar sesión aunque no tengas tu iPhone. Para obtener más información, visita las páginas de Soporte técnico de Apple.""}},""transactionId"":""a8c9e7dd-6061-4838-ae8a-678602f7dbf1-1790197261549""}"
True;5144634;2026-09-23 18:01:06.427000;2026-09-23 00:00:00;39201055;VERIFYORDER;SK20X9V3R6T;mjxq4be/a;"{""orderDetailsResponses"":{""deviceEligibility"":{""secondaryDisplay"":""0"",""partDescription"":""AppleCare+ con robo y pérdida para iPhone 18 Pro Max"",""coverageDuration"":""2"",""productStatement"":""Tu AppleCare+ con robo y pérdida para iPhone 18 Pro Max amplía la cobertura de servicio y soporte técnico a 2 años desde la fecha de compra de AppleCare+ con robo y pérdida e incluye cobertura para una cantidad ilimitada de incidentes por daño accidental debido a la manipulación del producto o un máximo de dos incidentes de robo y pérdida cada 12 meses, cada uno de ellos sujeto a un cargo adicional de R$28000  por los daños de la pantalla o la carcasa externa o de R$144000  por robo o pérdida o de R$96000  por Otros daños accidentales. Lee todos los detalles en los Términos y condiciones de AppleCare+."",""deviceDateOfPurchase"":""12/09/2026"",""deviceId"":""SK20X9V3R6T"",""registeredDevice"":""1"",""pocType"":""APOC"",""serialNumber"":""K20X9V3R6T"",""partNumber"":""SHMP3ZX/A"",""partAlias"":""ACPTL"",""purchaseMode"":""C"",""productDescription"":""iPhone 18 Pro Max"",""tlDisclosure"":""La cobertura de robo y pérdida requiere que tengas la función Buscar habilitada en tu dispositivo antes de que se pierda o te lo roben. Durante el proceso de reclamación, te pediremos que uses la función Buscar para poner el dispositivo perdido o robado en modo Perdido, borrarlo y transferir la propiedad a Apple para que podamos asignarte un nuevo dispositivo. Para asegurarte de que puedas iniciar sesión en Buscar y acceder a esta función, es importante que recuerdes tu ID de Apple y contraseña, y que mantengas la información de tu cuenta actualizada. Si usas la autenticación de doble factor para el ID de Apple, te recomendamos que añadas un número de teléfono adicional de confianza a tu cuenta en el que puedas recibir el código de verificación de 6 dígitos que necesitas para iniciar sesión aunque no tengas tu iPhone. Para obtener más información, visita las páginas de Soporte técnico de Apple.""}},""transactionId"":""61d268d9-df74-4cf3-a187-edeaa124a524-1790197265855""}"
False;1324896;2026-09-23 18:01:43.963000;2026-09-23 00:00:00;20701030;CREATEORDER;SFJF0KMVRKQ;MJXV4BE/A;"{""orderDetailsResponses"":{""deviceEligibility"":{""secondaryDisplay"":""0"",""deviceDateOfPurchase"":""23/09/2026"",""deviceId"":""SFJF0KMVRKQ"",""registeredDevice"":""0"",""deviceErrorResponse"":{""errorCode"":""GRX-20024"",""errorMessage"":""Ya existe un AppleCare Plan para el dispositivo SFJF0KMVRKQ o está pendiente. Comprueba los detalles del pedido en la búsqueda 360 y ponte en contacto con el Soporte técnico de AppleCare Connect si necesitas más información.""},""pocType"":""APOC"",""serialNumber"":""FJF0KMVRKQ"",""partNumber"":""SHMP3ZX/A"",""partAlias"":""ACPTL"",""productDescription"":""iPhone 18 Pro Max"",""tlDisclosure"":""La cobertura de robo y pérdida requiere que tengas la función Buscar habilitada en tu dispositivo antes de que se pierda o te lo roben. Durante el proceso de reclamación, te pediremos que uses la función Buscar para poner el dispositivo perdido o robado en modo Perdido, borrarlo y transferir la propiedad a Apple para que podamos asignarte un nuevo dispositivo. Para asegurarte de que puedas iniciar sesión en Buscar y acceder a esta función, es importante que recuerdes tu ID de Apple y contraseña, y que mantengas la información de tu cuenta actualizada. Si usas la autenticación de doble factor para el ID de Apple, te recomendamos que añadas un número de teléfono adicional de confianza a tu cuenta en el que puedas recibir el código de verificación de 6 dígitos que necesitas para iniciar sesión aunque no tengas tu iPhone. Para obtener más información, visita las páginas de Soporte técnico de Apple.""}},""transactionId"":""e7d9ad3d-ebac-46fb-b37a-e8873227764a-1790197303175""}"
True;1339898;2026-09-23 18:02:03.420000;2026-09-23 00:00:00;41601077;VERIFYORDER;sdmw92ly7lk;MJXR4BE/A;"{""orderDetailsResponses"":{""deviceEligibility"":{""secondaryDisplay"":""0"",""partDescription"":""AppleCare+ con robo y pérdida para iPhone 18 Pro Max"",""coverageDuration"":""2"",""productStatement"":""Tu AppleCare+ con robo y pérdida para iPhone 18 Pro Max amplía la cobertura de servicio y soporte técnico a 2 años desde la fecha de compra de AppleCare+ con robo y pérdida e incluye cobertura para una cantidad ilimitada de incidentes por daño accidental debido a la manipulación del producto o un máximo de dos incidentes de robo y pérdida cada 12 meses, cada uno de ellos sujeto a un cargo adicional de R$28000  por los daños de la pantalla o la carcasa externa o de R$144000  por robo o pérdida o de R$96000  por Otros daños accidentales. Lee todos los detalles en los Términos y condiciones de AppleCare+."",""deviceDateOfPurchase"":""23/09/2026"",""deviceId"":""SDMW92LY7LK"",""registeredDevice"":""1"",""pocType"":""APOC"",""serialNumber"":""DMW92LY7LK"",""partNumber"":""SHMP3ZX/A"",""partAlias"":""ACPTL"",""purchaseMode"":""C"",""productDescription"":""iPhone 18 Pro Max"",""tlDisclosure"":""La cobertura de robo y pérdida requiere que tengas la función Buscar habilitada en tu dispositivo antes de que se pierda o te lo roben. Durante el proceso de reclamación, te pediremos que uses la función Buscar para poner el dispositivo perdido o robado en modo Perdido, borrarlo y transferir la propiedad a Apple para que podamos asignarte un nuevo dispositivo. Para asegurarte de que puedas iniciar sesión en Buscar y acceder a esta función, es importante que recuerdes tu ID de Apple y contraseña, y que mantengas la información de tu cuenta actualizada. Si usas la autenticación de doble factor para el ID de Apple, te recomendamos que añadas un número de teléfono adicional de confianza a tu cuenta en el que puedas recibir el código de verificación de 6 dígitos que necesitas para iniciar sesión aunque no tengas tu iPhone. Para obtener más información, visita las páginas de Soporte técnico de Apple.""}},""transactionId"":""9ad836b1-b655-461d-8ffa-e70966be466f-1790197322508""}"
False;1324896;2026-09-23 18:02:18.970000;2026-09-23 00:00:00;20701030;CREATEORDER;SFJF0KMVRKQ;MJXV4BE/A;"{""orderDetailsResponses"":{""deviceEligibility"":{""secondaryDisplay"":""0"",""deviceDateOfPurchase"":""23/09/2026"",""deviceId"":""SFJF0KMVRKQ"",""registeredDevice"":""0"",""deviceErrorResponse"":{""errorCode"":""GRX-20024"",""errorMessage"":""Ya existe un AppleCare Plan para el dispositivo SFJF0KMVRKQ o está pendiente. Comprueba los detalles del pedido en la búsqueda 360 y ponte en contacto con el Soporte técnico de AppleCare Connect si necesitas más información.""},""pocType"":""APOC"",""serialNumber"":""FJF0KMVRKQ"",""partNumber"":""SHMP3ZX/A"",""partAlias"":""ACPTL"",""productDescription"":""iPhone 18 Pro Max"",""tlDisclosure"":""La cobertura de robo y pérdida requiere que tengas la función Buscar habilitada en tu dispositivo antes de que se pierda o te lo roben. Durante el proceso de reclamación, te pediremos que uses la función Buscar para poner el dispositivo perdido o robado en modo Perdido, borrarlo y transferir la propiedad a Apple para que podamos asignarte un nuevo dispositivo. Para asegurarte de que puedas iniciar sesión en Buscar y acceder a esta función, es importante que recuerdes tu ID de Apple y contraseña, y que mantengas la información de tu cuenta actualizada. Si usas la autenticación de doble factor para el ID de Apple, te recomendamos que añadas un número de teléfono adicional de confianza a tu cuenta en el que puedas recibir el código de verificación de 6 dígitos que necesitas para iniciar sesión aunque no tengas tu iPhone. Para obtener más información, visita las páginas de Soporte técnico de Apple.""}},""transactionId"":""732b99b1-32fd-44c2-bc3d-737b25167524-1790197338234""}"
True;5144634;2026-09-23 18:02:21.697000;2026-09-23 00:00:00;39201055;CREATEORDER;SK20X9V3R6T;mjxq4be/a;"{""orderDetailsResponses"":{""deviceEligibility"":{""secondaryDisplay"":""0"",""partDescription"":""AppleCare+ con robo y pérdida para iPhone 18 Pro Max"",""coverageDuration"":""2"",""productStatement"":""Tu AppleCare+ con robo y pérdida para iPhone 18 Pro Max amplía la cobertura de servicio y soporte técnico a 2 años desde la fecha de compra de AppleCare+ con robo y pérdida e incluye cobertura para una cantidad ilimitada de incidentes por daño accidental debido a la manipulación del producto o un máximo de dos incidentes de robo y pérdida cada 12 meses, cada uno de ellos sujeto a un cargo adicional de R$28000  por los daños de la pantalla o la carcasa externa o de R$144000  por robo o pérdida o de R$96000  por Otros daños accidentales. Lee todos los detalles en los Términos y condiciones de AppleCare+."",""deviceDateOfPurchase"":""12/09/2026"",""deviceId"":""SK20X9V3R6T"",""registeredDevice"":""1"",""pocType"":""APOC"",""serialNumber"":""K20X9V3R6T"",""partNumber"":""SHMP3ZX/A"",""partAlias"":""ACPTL"",""purchaseMode"":""C"",""productDescription"":""iPhone 18 Pro Max"",""tlDisclosure"":""La cobertura de robo y pérdida requiere que tengas la función Buscar habilitada en tu dispositivo antes de que se pierda o te lo roben. Durante el proceso de reclamación, te pediremos que uses la función Buscar para poner el dispositivo perdido o robado en modo Perdido, borrarlo y transferir la propiedad a Apple para que podamos asignarte un nuevo dispositivo. Para asegurarte de que puedas iniciar sesión en Buscar y acceder a esta función, es importante que recuerdes tu ID de Apple y contraseña, y que mantengas la información de tu cuenta actualizada. Si usas la autenticación de doble factor para el ID de Apple, te recomendamos que añadas un número de teléfono adicional de confianza a tu cuenta en el que puedas recibir el código de verificación de 6 dígitos que necesitas para iniciar sesión aunque no tengas tu iPhone. Para obtener más información, visita las páginas de Soporte técnico de Apple.""},""orderConfirmation"":{""agreementNumber"":""328426564975"",""coverageDurationStatement"":""Finaliza el 22/09/2028"",""termConditionURL"":""http://www.apple.com/legal/sales-support/"",""partNumber"":""SHMP3ZX/A"",""partAlias"":""ACPTL"",""partType"":""AC+TL"",""purchaseMode"":""C"",""appleCareSalesDate"":""23/09/2026"",""pocType"":""APOC"",""purchaseOrderNumber"":""39201055""}},""transactionId"":""e2b8c93a-ec51-48bd-8479-00121d6abd64-1790197336587""}"
True;1339898;2026-09-23 18:04:25.990000;2026-09-23 00:00:00;41601077;CREATEORDER;sdmw92ly7lk;MJXR4BE/A;"{""orderDetailsResponses"":{""deviceEligibility"":{""secondaryDisplay"":""0"",""partDescription"":""AppleCare+ con robo y pérdida para iPhone 18 Pro Max"",""coverageDuration"":""2"",""productStatement"":""Tu AppleCare+ con robo y pérdida para iPhone 18 Pro Max amplía la cobertura de servicio y soporte técnico a 2 años desde la fecha de compra de AppleCare+ con robo y pérdida e incluye cobertura para una cantidad ilimitada de incidentes por daño accidental debido a la manipulación del producto o un máximo de dos incidentes de robo y pérdida cada 12 meses, cada uno de ellos sujeto a un cargo adicional de R$28000  por los daños de la pantalla o la carcasa externa o de R$144000  por robo o pérdida o de R$96000  por Otros daños accidentales. Lee todos los detalles en los Términos y condiciones de AppleCare+."",""deviceDateOfPurchase"":""23/09/2026"",""deviceId"":""SDMW92LY7LK"",""registeredDevice"":""1"",""pocType"":""APOC"",""serialNumber"":""DMW92LY7LK"",""partNumber"":""SHMP3ZX/A"",""partAlias"":""ACPTL"",""purchaseMode"":""C"",""productDescription"":""iPhone 18 Pro Max"",""tlDisclosure"":""La cobertura de robo y pérdida requiere que tengas la función Buscar habilitada en tu dispositivo antes de que se pierda o te lo roben. Durante el proceso de reclamación, te pediremos que uses la función Buscar para poner el dispositivo perdido o robado en modo Perdido, borrarlo y transferir la propiedad a Apple para que podamos asignarte un nuevo dispositivo. Para asegurarte de que puedas iniciar sesión en Buscar y acceder a esta función, es importante que recuerdes tu ID de Apple y contraseña, y que mantengas la información de tu cuenta actualizada. Si usas la autenticación de doble factor para el ID de Apple, te recomendamos que añadas un número de teléfono adicional de confianza a tu cuenta en el que puedas recibir el código de verificación de 6 dígitos que necesitas para iniciar sesión aunque no tengas tu iPhone. Para obtener más información, visita las páginas de Soporte técnico de Apple.""},""orderConfirmation"":{""agreementNumber"":""328426581631"",""coverageDurationStatement"":""Finaliza el 22/09/2028"",""termConditionURL"":""http://www.apple.com/legal/sales-support/"",""partNumber"":""SHMP3ZX/A"",""partAlias"":""ACPTL"",""partType"":""AC+TL"",""purchaseMode"":""C"",""appleCareSalesDate"":""23/09/2026"",""pocType"":""APOC"",""purchaseOrderNumber"":""41601077""}},""transactionId"":""f4be7b1f-a01e-491e-a5f6-52b2c579fb3f-1790197461011""}"
True;5134884;2026-09-23 18:04:28.043000;2026-09-23 00:00:00;57301104;VERIFYORDER;SJXYRFPP7J0;MN893CI/A;"{""orderDetailsResponses"":{""deviceEligibility"":{""secondaryDisplay"":""0"",""partDescription"":""AppleCare+ para Apple TV"",""coverageDuration"":""3"",""productStatement"":""AppleCare+ para Apple TV amplía la cobertura de servicio y soporte técnico a 3 años desde la fecha de compra de AppleCare+ e incluye cobertura para una cantidad ilimitada de incidentes por daño accidental debido a la manipulación del producto, cada uno de ellos sujeto a un cargo adicional de CLP14000 . Lee todos los detalles en los Términos y condiciones de AppleCare+."",""deviceDateOfPurchase"":""23/09/2026"",""deviceId"":""SJXYRFPP7J0"",""registeredDevice"":""1"",""pocType"":""APOC"",""serialNumber"":""JXYRFPP7J0"",""partNumber"":""S9634ZX/A"",""partAlias"":""ACP"",""purchaseMode"":""C"",""productDescription"":""APPLE TV 4K (3RD GEN) WI-FI+ETH""}},""transactionId"":""da70346b-a5fa-42a9-a3e1-631abd6d2f89-1790197467494""}"
True;5134884;2026-09-23 18:05:19.080000;2026-09-23 00:00:00;57301104;CREATEORDER;SJXYRFPP7J0;MN893CI/A;"{""orderDetailsResponses"":{""deviceEligibility"":{""secondaryDisplay"":""0"",""partDescription"":""AppleCare+ para Apple TV"",""coverageDuration"":""3"",""productStatement"":""AppleCare+ para Apple TV amplía la cobertura de servicio y soporte técnico a 3 años desde la fecha de compra de AppleCare+ e incluye cobertura para una cantidad ilimitada de incidentes por daño accidental debido a la manipulación del producto, cada uno de ellos sujeto a un cargo adicional de CLP14000 . Lee todos los detalles en los Términos y condiciones de AppleCare+."",""deviceDateOfPurchase"":""23/09/2026"",""deviceId"":""SJXYRFPP7J0"",""registeredDevice"":""1"",""pocType"":""APOC"",""serialNumber"":""JXYRFPP7J0"",""partNumber"":""S9634ZX/A"",""partAlias"":""ACP"",""purchaseMode"":""C"",""productDescription"":""APPLE TV 4K (3RD GEN) WI-FI+ETH""},""orderConfirmation"":{""agreementNumber"":""328426564984"",""coverageDurationStatement"":""Finaliza el 22/09/2029"",""termConditionURL"":""http://www.apple.com/legal/sales-support/"",""partNumber"":""S9634ZX/A"",""partAlias"":""ACP"",""partType"":""AppleCare+"",""purchaseMode"":""C"",""appleCareSalesDate"":""23/09/2026"",""pocType"":""APOC"",""purchaseOrderNumber"":""57301104""}},""transactionId"":""ed5f833d-bbee-48f4-bd42-5d3b6d33bbcb-1790197514017""}"
True;5140410;2026-09-23 18:06:02.620000;2026-09-23 00:00:00;24501116;VERIFYORDER;sdd4wtcq4tl;MFYM4BE/A;"{""orderDetailsResponses"":{""deviceEligibility"":{""secondaryDisplay"":""0"",""partDescription"":""AppleCare+ con robo y pérdida para iPhone 17 Pro Max"",""coverageDuration"":""2"",""productStatement"":""Tu AppleCare+ con robo y pérdida para iPhone 17 Pro Max amplía la cobertura de servicio y soporte técnico a 2 años desde la fecha de compra de AppleCare+ con robo y pérdida e incluye cobertura para una cantidad ilimitada de incidentes por daño accidental debido a la manipulación del producto o un máximo de dos incidentes de robo y pérdida cada 12 meses, cada uno de ellos sujeto a un cargo adicional de R$96000  por Otros daños accidentales o de R$28000  por los daños de la pantalla o la carcasa externa o de R$144000  por robo o pérdida. Lee todos los detalles en los Términos y condiciones de AppleCare+."",""deviceDateOfPurchase"":""23/09/2026"",""deviceId"":""SDD4WTCQ4TL"",""registeredDevice"":""1"",""pocType"":""APOC"",""serialNumber"":""DD4WTCQ4TL"",""partNumber"":""SX382ZX/A"",""partAlias"":""ACPTL"",""purchaseMode"":""C"",""productDescription"":""iPhone 17 Pro Max"",""tlDisclosure"":""La cobertura de robo y pérdida requiere que tengas la función Buscar habilitada en tu dispositivo antes de que se pierda o te lo roben. Durante el proceso de reclamación, te pediremos que uses la función Buscar para poner el dispositivo perdido o robado en modo Perdido, borrarlo y transferir la propiedad a Apple para que podamos asignarte un nuevo dispositivo. Para asegurarte de que puedas iniciar sesión en Buscar y acceder a esta función, es importante que recuerdes tu ID de Apple y contraseña, y que mantengas la información de tu cuenta actualizada. Si usas la autenticación de doble factor para el ID de Apple, te recomendamos que añadas un número de teléfono adicional de confianza a tu cuenta en el que puedas recibir el código de verificación de 6 dígitos que necesitas para iniciar sesión aunque no tengas tu iPhone. Para obtener más información, visita las páginas de Soporte técnico de Apple.""}},""transactionId"":""f378c4b3-a420-4281-b2c7-70c877c0c1c3-1790197561992""}"
True;1340104;2026-09-23 18:06:13.153000;2026-09-23 00:00:00;64501082;CREATEORDER;sf7k9fvdhhg;MJXV4BE/A;"{""orderDetailsResponses"":{""deviceEligibility"":{""secondaryDisplay"":""0"",""partDescription"":""AppleCare+ con robo y pérdida para iPhone 18 Pro Max"",""coverageDuration"":""2"",""productStatement"":""Tu AppleCare+ con robo y pérdida para iPhone 18 Pro Max amplía la cobertura de servicio y soporte técnico a 2 años desde la fecha de compra de AppleCare+ con robo y pérdida e incluye cobertura para una cantidad ilimitada de incidentes por daño accidental debido a la manipulación del producto o un máximo de dos incidentes de robo y pérdida cada 12 meses, cada uno de ellos sujeto a un cargo adicional de R$28000  por los daños de la pantalla o la carcasa externa o de R$144000  por robo o pérdida o de R$96000  por Otros daños accidentales. Lee todos los detalles en los Términos y condiciones de AppleCare+."",""deviceDateOfPurchase"":""23/09/2026"",""deviceId"":""SF7K9FVDHHG"",""registeredDevice"":""1"",""pocType"":""APOC"",""serialNumber"":""F7K9FVDHHG"",""partNumber"":""SHMP3ZX/A"",""partAlias"":""ACPTL"",""purchaseMode"":""C"",""productDescription"":""iPhone 18 Pro Max"",""tlDisclosure"":""La cobertura de robo y pérdida requiere que tengas la función Buscar habilitada en tu dispositivo antes de que se pierda o te lo roben. Durante el proceso de reclamación, te pediremos que uses la función Buscar para poner el dispositivo perdido o robado en modo Perdido, borrarlo y transferir la propiedad a Apple para que podamos asignarte un nuevo dispositivo. Para asegurarte de que puedas iniciar sesión en Buscar y acceder a esta función, es importante que recuerdes tu ID de Apple y contraseña, y que mantengas la información de tu cuenta actualizada. Si usas la autenticación de doble factor para el ID de Apple, te recomendamos que añadas un número de teléfono adicional de confianza a tu cuenta en el que puedas recibir el código de verificación de 6 dígitos que necesitas para iniciar sesión aunque no tengas tu iPhone. Para obtener más información, visita las páginas de Soporte técnico de Apple.""},""orderConfirmation"":{""agreementNumber"":""328426600362"",""coverageDurationStatement"":""Finaliza el 22/09/2028"",""termConditionURL"":""http://www.apple.com/legal/sales-support/"",""partNumber"":""SHMP3ZX/A"",""partAlias"":""ACPTL"",""partType"":""AC+TL"",""purchaseMode"":""C"",""appleCareSalesDate"":""23/09/2026"",""pocType"":""APOC"",""purchaseOrderNumber"":""64501082""}},""transactionId"":""fd07dfee-e9b0-45f7-a5cc-5542131fa9fc-1790197568258""}"
False;1324896;2026-09-23 18:06:34.260000;2026-09-23 00:00:00;20701030;CREATEORDER;SFJF0KMVRKQ;MJXV4BE/A;"{""orderDetailsResponses"":{""deviceEligibility"":{""secondaryDisplay"":""0"",""deviceDateOfPurchase"":""23/09/2026"",""deviceId"":""SFJF0KMVRKQ"",""registeredDevice"":""0"",""deviceErrorResponse"":{""errorCode"":""GRX-20024"",""errorMessage"":""Ya existe un AppleCare Plan para el dispositivo SFJF0KMVRKQ o está pendiente. Comprueba los detalles del pedido en la búsqueda 360 y ponte en contacto con el Soporte técnico de AppleCare Connect si necesitas más información.""},""pocType"":""APOC"",""serialNumber"":""FJF0KMVRKQ"",""partNumber"":""SHMP3ZX/A"",""partAlias"":""ACPTL"",""productDescription"":""iPhone 18 Pro Max"",""tlDisclosure"":""La cobertura de robo y pérdida requiere que tengas la función Buscar habilitada en tu dispositivo antes de que se pierda o te lo roben. Durante el proceso de reclamación, te pediremos que uses la función Buscar para poner el dispositivo perdido o robado en modo Perdido, borrarlo y transferir la propiedad a Apple para que podamos asignarte un nuevo dispositivo. Para asegurarte de que puedas iniciar sesión en Buscar y acceder a esta función, es importante que recuerdes tu ID de Apple y contraseña, y que mantengas la información de tu cuenta actualizada. Si usas la autenticación de doble factor para el ID de Apple, te recomendamos que añadas un número de teléfono adicional de confianza a tu cuenta en el que puedas recibir el código de verificación de 6 dígitos que necesitas para iniciar sesión aunque no tengas tu iPhone. Para obtener más información, visita las páginas de Soporte técnico de Apple.""}},""transactionId"":""71c7ba48-c79e-4f2c-95a4-b9a2dff8a51c-1790197593478""}"
False;1324896;2026-09-23 18:07:15.413000;2026-09-23 00:00:00;20701030;CREATEORDER;SFJF0KMVRKQ;MJXV4BE/A;"{""orderDetailsResponses"":{""deviceEligibility"":{""secondaryDisplay"":""0"",""deviceDateOfPurchase"":""23/09/2026"",""deviceId"":""SFJF0KMVRKQ"",""registeredDevice"":""0"",""deviceErrorResponse"":{""errorCode"":""GRX-20024"",""errorMessage"":""Ya existe un AppleCare Plan para el dispositivo SFJF0KMVRKQ o está pendiente. Comprueba los detalles del pedido en la búsqueda 360 y ponte en contacto con el Soporte técnico de AppleCare Connect si necesitas más información.""},""pocType"":""APOC"",""serialNumber"":""FJF0KMVRKQ"",""partNumber"":""SHMP3ZX/A"",""partAlias"":""ACPTL"",""productDescription"":""iPhone 18 Pro Max"",""tlDisclosure"":""La cobertura de robo y pérdida requiere que tengas la función Buscar habilitada en tu dispositivo antes de que se pierda o te lo roben. Durante el proceso de reclamación, te pediremos que uses la función Buscar para poner el dispositivo perdido o robado en modo Perdido, borrarlo y transferir la propiedad a Apple para que podamos asignarte un nuevo dispositivo. Para asegurarte de que puedas iniciar sesión en Buscar y acceder a esta función, es importante que recuerdes tu ID de Apple y contraseña, y que mantengas la información de tu cuenta actualizada. Si usas la autenticación de doble factor para el ID de Apple, te recomendamos que añadas un número de teléfono adicional de confianza a tu cuenta en el que puedas recibir el código de verificación de 6 dígitos que necesitas para iniciar sesión aunque no tengas tu iPhone. Para obtener más información, visita las páginas de Soporte técnico de Apple.""}},""transactionId"":""30eecd86-6726-4145-9bbc-56bafd016efd-1790197634692""}"
False;1324896;2026-09-23 18:11:33.680000;2026-09-23 00:00:00;20701030;CREATEORDER;SFJF0KMVRKQ;MJXV4BE/A;"{""orderDetailsResponses"":{""deviceEligibility"":{""secondaryDisplay"":""0"",""deviceDateOfPurchase"":""23/09/2026"",""deviceId"":""SFJF0KMVRKQ"",""registeredDevice"":""0"",""deviceErrorResponse"":{""errorCode"":""GRX-20024"",""errorMessage"":""Ya existe un AppleCare Plan para el dispositivo SFJF0KMVRKQ o está pendiente. Comprueba los detalles del pedido en la búsqueda 360 y ponte en contacto con el Soporte técnico de AppleCare Connect si necesitas más información.""},""pocType"":""APOC"",""serialNumber"":""FJF0KMVRKQ"",""partNumber"":""SHMP3ZX/A"",""partAlias"":""ACPTL"",""productDescription"":""iPhone 18 Pro Max"",""tlDisclosure"":""La cobertura de robo y pérdida requiere que tengas la función Buscar habilitada en tu dispositivo antes de que se pierda o te lo roben. Durante el proceso de reclamación, te pediremos que uses la función Buscar para poner el dispositivo perdido o robado en modo Perdido, borrarlo y transferir la propiedad a Apple para que podamos asignarte un nuevo dispositivo. Para asegurarte de que puedas iniciar sesión en Buscar y acceder a esta función, es importante que recuerdes tu ID de Apple y contraseña, y que mantengas la información de tu cuenta actualizada. Si usas la autenticación de doble factor para el ID de Apple, te recomendamos que añadas un número de teléfono adicional de confianza a tu cuenta en el que puedas recibir el código de verificación de 6 dígitos que necesitas para iniciar sesión aunque no tengas tu iPhone. Para obtener más información, visita las páginas de Soporte técnico de Apple.""}},""transactionId"":""a576f3f8-3169-4a4e-9bc2-18a02981a7ec-1790197892803""}"
False;1324896;2026-09-23 18:12:07.363000;2026-09-23 00:00:00;20701030;CREATEORDER;SFJF0KMVRKQ;MJXV4BE/A;"{""orderDetailsResponses"":{""deviceEligibility"":{""secondaryDisplay"":""0"",""deviceDateOfPurchase"":""23/09/2026"",""deviceId"":""SFJF0KMVRKQ"",""registeredDevice"":""0"",""deviceErrorResponse"":{""errorCode"":""GRX-20024"",""errorMessage"":""Ya existe un AppleCare Plan para el dispositivo SFJF0KMVRKQ o está pendiente. Comprueba los detalles del pedido en la búsqueda 360 y ponte en contacto con el Soporte técnico de AppleCare Connect si necesitas más información.""},""pocType"":""APOC"",""serialNumber"":""FJF0KMVRKQ"",""partNumber"":""SHMP3ZX/A"",""partAlias"":""ACPTL"",""productDescription"":""iPhone 18 Pro Max"",""tlDisclosure"":""La cobertura de robo y pérdida requiere que tengas la función Buscar habilitada en tu dispositivo antes de que se pierda o te lo roben. Durante el proceso de reclamación, te pediremos que uses la función Buscar para poner el dispositivo perdido o robado en modo Perdido, borrarlo y transferir la propiedad a Apple para que podamos asignarte un nuevo dispositivo. Para asegurarte de que puedas iniciar sesión en Buscar y acceder a esta función, es importante que recuerdes tu ID de Apple y contraseña, y que mantengas la información de tu cuenta actualizada. Si usas la autenticación de doble factor para el ID de Apple, te recomendamos que añadas un número de teléfono adicional de confianza a tu cuenta en el que puedas recibir el código de verificación de 6 dígitos que necesitas para iniciar sesión aunque no tengas tu iPhone. Para obtener más información, visita las páginas de Soporte técnico de Apple.""}},""transactionId"":""32b0d1e2-04a6-456f-ba77-f78fb817d3be-1790197926619""}"
True;5140410;2026-09-23 18:16:37.783000;2026-09-23 00:00:00;24501116;CREATEORDER;sdd4wtcq4tl;MFYM4BE/A;"{""orderDetailsResponses"":{""deviceEligibility"":{""secondaryDisplay"":""0"",""partDescription"":""AppleCare+ con robo y pérdida para iPhone 17 Pro Max"",""coverageDuration"":""2"",""productStatement"":""Tu AppleCare+ con robo y pérdida para iPhone 17 Pro Max amplía la cobertura de servicio y soporte técnico a 2 años desde la fecha de compra de AppleCare+ con robo y pérdida e incluye cobertura para una cantidad ilimitada de incidentes por daño accidental debido a la manipulación del producto o un máximo de dos incidentes de robo y pérdida cada 12 meses, cada uno de ellos sujeto a un cargo adicional de R$96000  por Otros daños accidentales o de R$28000  por los daños de la pantalla o la carcasa externa o de R$144000  por robo o pérdida. Lee todos los detalles en los Términos y condiciones de AppleCare+."",""deviceDateOfPurchase"":""23/09/2026"",""deviceId"":""SDD4WTCQ4TL"",""registeredDevice"":""1"",""pocType"":""APOC"",""serialNumber"":""DD4WTCQ4TL"",""partNumber"":""SX382ZX/A"",""partAlias"":""ACPTL"",""purchaseMode"":""C"",""productDescription"":""iPhone 17 Pro Max"",""tlDisclosure"":""La cobertura de robo y pérdida requiere que tengas la función Buscar habilitada en tu dispositivo antes de que se pierda o te lo roben. Durante el proceso de reclamación, te pediremos que uses la función Buscar para poner el dispositivo perdido o robado en modo Perdido, borrarlo y transferir la propiedad a Apple para que podamos asignarte un nuevo dispositivo. Para asegurarte de que puedas iniciar sesión en Buscar y acceder a esta función, es importante que recuerdes tu ID de Apple y contraseña, y que mantengas la información de tu cuenta actualizada. Si usas la autenticación de doble factor para el ID de Apple, te recomendamos que añadas un número de teléfono adicional de confianza a tu cuenta en el que puedas recibir el código de verificación de 6 dígitos que necesitas para iniciar sesión aunque no tengas tu iPhone. Para obtener más información, visita las páginas de Soporte técnico de Apple.""},""orderConfirmation"":{""agreementNumber"":""328426566893"",""coverageDurationStatement"":""Finaliza el 22/09/2028"",""termConditionURL"":""http://www.apple.com/legal/sales-support/"",""partNumber"":""SX382ZX/A"",""partAlias"":""ACPTL"",""partType"":""AC+TL"",""purchaseMode"":""C"",""appleCareSalesDate"":""23/09/2026"",""pocType"":""APOC"",""purchaseOrderNumber"":""24501116""}},""transactionId"":""3ff68798-8fa2-4327-9137-39911b82acb6-1790198192782""}"
False;1324896;2026-09-23 18:16:38.613000;2026-09-23 00:00:00;20701030;CREATEORDER;SFJF0KMVRKQ;MJXV4BE/A;"{""orderDetailsResponses"":{""deviceEligibility"":{""secondaryDisplay"":""0"",""deviceDateOfPurchase"":""23/09/2026"",""deviceId"":""SFJF0KMVRKQ"",""registeredDevice"":""0"",""deviceErrorResponse"":{""errorCode"":""GRX-20024"",""errorMessage"":""Ya existe un AppleCare Plan para el dispositivo SFJF0KMVRKQ o está pendiente. Comprueba los detalles del pedido en la búsqueda 360 y ponte en contacto con el Soporte técnico de AppleCare Connect si necesitas más información.""},""pocType"":""APOC"",""serialNumber"":""FJF0KMVRKQ"",""partNumber"":""SHMP3ZX/A"",""partAlias"":""ACPTL"",""productDescription"":""iPhone 18 Pro Max"",""tlDisclosure"":""La cobertura de robo y pérdida requiere que tengas la función Buscar habilitada en tu dispositivo antes de que se pierda o te lo roben. Durante el proceso de reclamación, te pediremos que uses la función Buscar para poner el dispositivo perdido o robado en modo Perdido, borrarlo y transferir la propiedad a Apple para que podamos asignarte un nuevo dispositivo. Para asegurarte de que puedas iniciar sesión en Buscar y acceder a esta función, es importante que recuerdes tu ID de Apple y contraseña, y que mantengas la información de tu cuenta actualizada. Si usas la autenticación de doble factor para el ID de Apple, te recomendamos que añadas un número de teléfono adicional de confianza a tu cuenta en el que puedas recibir el código de verificación de 6 dígitos que necesitas para iniciar sesión aunque no tengas tu iPhone. Para obtener más información, visita las páginas de Soporte técnico de Apple.""}},""transactionId"":""b6b012ee-85bb-4f68-bc67-331e095fd312-1790198197482""}"
False;1324896;2026-09-23 18:17:16.697000;2026-09-23 00:00:00;20701030;CREATEORDER;SFJF0KMVRKQ;MJXV4BE/A;"{""orderDetailsResponses"":{""deviceEligibility"":{""secondaryDisplay"":""0"",""deviceDateOfPurchase"":""23/09/2026"",""deviceId"":""SFJF0KMVRKQ"",""registeredDevice"":""0"",""deviceErrorResponse"":{""errorCode"":""GRX-20024"",""errorMessage"":""Ya existe un AppleCare Plan para el dispositivo SFJF0KMVRKQ o está pendiente. Comprueba los detalles del pedido en la búsqueda 360 y ponte en contacto con el Soporte técnico de AppleCare Connect si necesitas más información.""},""pocType"":""APOC"",""serialNumber"":""FJF0KMVRKQ"",""partNumber"":""SHMP3ZX/A"",""partAlias"":""ACPTL"",""productDescription"":""iPhone 18 Pro Max"",""tlDisclosure"":""La cobertura de robo y pérdida requiere que tengas la función Buscar habilitada en tu dispositivo antes de que se pierda o te lo roben. Durante el proceso de reclamación, te pediremos que uses la función Buscar para poner el dispositivo perdido o robado en modo Perdido, borrarlo y transferir la propiedad a Apple para que podamos asignarte un nuevo dispositivo. Para asegurarte de que puedas iniciar sesión en Buscar y acceder a esta función, es importante que recuerdes tu ID de Apple y contraseña, y que mantengas la información de tu cuenta actualizada. Si usas la autenticación de doble factor para el ID de Apple, te recomendamos que añadas un número de teléfono adicional de confianza a tu cuenta en el que puedas recibir el código de verificación de 6 dígitos que necesitas para iniciar sesión aunque no tengas tu iPhone. Para obtener más información, visita las páginas de Soporte técnico de Apple.""}},""transactionId"":""233548f4-f5c4-465d-b834-efec4fcc508c-1790198235972""}"
True;5048095;2026-09-23 18:17:40.237000;2026-09-23 00:00:00;68901117;VERIFYORDER;SG73PQGRY5V;MFYM4BE/A;"{""orderDetailsResponses"":{""deviceEligibility"":{""secondaryDisplay"":""0"",""partDescription"":""AppleCare+ con robo y pérdida para iPhone 17 Pro Max"",""coverageDuration"":""2"",""productStatement"":""Tu AppleCare+ con robo y pérdida para iPhone 17 Pro Max amplía la cobertura de servicio y soporte técnico a 2 años desde la fecha de compra de AppleCare+ con robo y pérdida e incluye cobertura para una cantidad ilimitada de incidentes por daño accidental debido a la manipulación del producto o un máximo de dos incidentes de robo y pérdida cada 12 meses, cada uno de ellos sujeto a un cargo adicional de R$96000  por Otros daños accidentales o de R$28000  por los daños de la pantalla o la carcasa externa o de R$144000  por robo o pérdida. Lee todos los detalles en los Términos y condiciones de AppleCare+."",""deviceDateOfPurchase"":""23/09/2026"",""deviceId"":""SG73PQGRY5V"",""registeredDevice"":""1"",""pocType"":""APOC"",""serialNumber"":""G73PQGRY5V"",""partNumber"":""SX382ZX/A"",""partAlias"":""ACPTL"",""purchaseMode"":""C"",""productDescription"":""iPhone 17 Pro Max"",""tlDisclosure"":""La cobertura de robo y pérdida requiere que tengas la función Buscar habilitada en tu dispositivo antes de que se pierda o te lo roben. Durante el proceso de reclamación, te pediremos que uses la función Buscar para poner el dispositivo perdido o robado en modo Perdido, borrarlo y transferir la propiedad a Apple para que podamos asignarte un nuevo dispositivo. Para asegurarte de que puedas iniciar sesión en Buscar y acceder a esta función, es importante que recuerdes tu ID de Apple y contraseña, y que mantengas la información de tu cuenta actualizada. Si usas la autenticación de doble factor para el ID de Apple, te recomendamos que añadas un número de teléfono adicional de confianza a tu cuenta en el que puedas recibir el código de verificación de 6 dígitos que necesitas para iniciar sesión aunque no tengas tu iPhone. Para obtener más información, visita las páginas de Soporte técnico de Apple.""}},""transactionId"":""96fbea2c-f93d-43ce-88c2-8bf2bd647218-1790198259576""}"
True;5048095;2026-09-23 18:21:09.153000;2026-09-23 00:00:00;68901117;CREATEORDER;SG73PQGRY5V;MFYM4BE/A;"{""orderDetailsResponses"":{""deviceEligibility"":{""secondaryDisplay"":""0"",""partDescription"":""AppleCare+ con robo y pérdida para iPhone 17 Pro Max"",""coverageDuration"":""2"",""productStatement"":""Tu AppleCare+ con robo y pérdida para iPhone 17 Pro Max amplía la cobertura de servicio y soporte técnico a 2 años desde la fecha de compra de AppleCare+ con robo y pérdida e incluye cobertura para una cantidad ilimitada de incidentes por daño accidental debido a la manipulación del producto o un máximo de dos incidentes de robo y pérdida cada 12 meses, cada uno de ellos sujeto a un cargo adicional de R$96000  por Otros daños accidentales o de R$28000  por los daños de la pantalla o la carcasa externa o de R$144000  por robo o pérdida. Lee todos los detalles en los Términos y condiciones de AppleCare+."",""deviceDateOfPurchase"":""23/09/2026"",""deviceId"":""SG73PQGRY5V"",""registeredDevice"":""1"",""pocType"":""APOC"",""serialNumber"":""G73PQGRY5V"",""partNumber"":""SX382ZX/A"",""partAlias"":""ACPTL"",""purchaseMode"":""C"",""productDescription"":""iPhone 17 Pro Max"",""tlDisclosure"":""La cobertura de robo y pérdida requiere que tengas la función Buscar habilitada en tu dispositivo antes de que se pierda o te lo roben. Durante el proceso de reclamación, te pediremos que uses la función Buscar para poner el dispositivo perdido o robado en modo Perdido, borrarlo y transferir la propiedad a Apple para que podamos asignarte un nuevo dispositivo. Para asegurarte de que puedas iniciar sesión en Buscar y acceder a esta función, es importante que recuerdes tu ID de Apple y contraseña, y que mantengas la información de tu cuenta actualizada. Si usas la autenticación de doble factor para el ID de Apple, te recomendamos que añadas un número de teléfono adicional de confianza a tu cuenta en el que puedas recibir el código de verificación de 6 dígitos que necesitas para iniciar sesión aunque no tengas tu iPhone. Para obtener más información, visita las páginas de Soporte técnico de Apple.""},""orderConfirmation"":{""agreementNumber"":""328426580733"",""coverageDurationStatement"":""Finaliza el 22/09/2028"",""termConditionURL"":""http://www.apple.com/legal/sales-support/"",""partNumber"":""SX382ZX/A"",""partAlias"":""ACPTL"",""partType"":""AC+TL"",""purchaseMode"":""C"",""appleCareSalesDate"":""23/09/2026"",""pocType"":""APOC"",""purchaseOrderNumber"":""68901117""}},""transactionId"":""23d87cef-824a-4507-90f5-063e8b4c485f-1790198464094""}"
False;1324896;2026-09-23 18:21:35.273000;2026-09-23 00:00:00;20701030;CREATEORDER;SFJF0KMVRKQ;MJXV4BE/A;"{""orderDetailsResponses"":{""deviceEligibility"":{""secondaryDisplay"":""0"",""deviceDateOfPurchase"":""23/09/2026"",""deviceId"":""SFJF0KMVRKQ"",""registeredDevice"":""0"",""deviceErrorResponse"":{""errorCode"":""GRX-20024"",""errorMessage"":""Ya existe un AppleCare Plan para el dispositivo SFJF0KMVRKQ o está pendiente. Comprueba los detalles del pedido en la búsqueda 360 y ponte en contacto con el Soporte técnico de AppleCare Connect si necesitas más información.""},""pocType"":""APOC"",""serialNumber"":""FJF0KMVRKQ"",""partNumber"":""SHMP3ZX/A"",""partAlias"":""ACPTL"",""productDescription"":""iPhone 18 Pro Max"",""tlDisclosure"":""La cobertura de robo y pérdida requiere que tengas la función Buscar habilitada en tu dispositivo antes de que se pierda o te lo roben. Durante el proceso de reclamación, te pediremos que uses la función Buscar para poner el dispositivo perdido o robado en modo Perdido, borrarlo y transferir la propiedad a Apple para que podamos asignarte un nuevo dispositivo. Para asegurarte de que puedas iniciar sesión en Buscar y acceder a esta función, es importante que recuerdes tu ID de Apple y contraseña, y que mantengas la información de tu cuenta actualizada. Si usas la autenticación de doble factor para el ID de Apple, te recomendamos que añadas un número de teléfono adicional de confianza a tu cuenta en el que puedas recibir el código de verificación de 6 dígitos que necesitas para iniciar sesión aunque no tengas tu iPhone. Para obtener más información, visita las páginas de Soporte técnico de Apple.""}},""transactionId"":""6e21b799-6f96-465c-a6ef-79467366bd7b-1790198494400""}"
False;1324896;2026-09-23 18:22:18.660000;2026-09-23 00:00:00;20701030;CREATEORDER;SFJF0KMVRKQ;MJXV4BE/A;"{""orderDetailsResponses"":{""deviceEligibility"":{""secondaryDisplay"":""0"",""deviceDateOfPurchase"":""23/09/2026"",""deviceId"":""SFJF0KMVRKQ"",""registeredDevice"":""0"",""deviceErrorResponse"":{""errorCode"":""GRX-20024"",""errorMessage"":""Ya existe un AppleCare Plan para el dispositivo SFJF0KMVRKQ o está pendiente. Comprueba los detalles del pedido en la búsqueda 360 y ponte en contacto con el Soporte técnico de AppleCare Connect si necesitas más información.""},""pocType"":""APOC"",""serialNumber"":""FJF0KMVRKQ"",""partNumber"":""SHMP3ZX/A"",""partAlias"":""ACPTL"",""productDescription"":""iPhone 18 Pro Max"",""tlDisclosure"":""La cobertura de robo y pérdida requiere que tengas la función Buscar habilitada en tu dispositivo antes de que se pierda o te lo roben. Durante el proceso de reclamación, te pediremos que uses la función Buscar para poner el dispositivo perdido o robado en modo Perdido, borrarlo y transferir la propiedad a Apple para que podamos asignarte un nuevo dispositivo. Para asegurarte de que puedas iniciar sesión en Buscar y acceder a esta función, es importante que recuerdes tu ID de Apple y contraseña, y que mantengas la información de tu cuenta actualizada. Si usas la autenticación de doble factor para el ID de Apple, te recomendamos que añadas un número de teléfono adicional de confianza a tu cuenta en el que puedas recibir el código de verificación de 6 dígitos que necesitas para iniciar sesión aunque no tengas tu iPhone. Para obtener más información, visita las páginas de Soporte técnico de Apple.""}},""transactionId"":""93f76c57-b7cc-447e-9310-d47f5180cd93-1790198537850""}"
True;5043315;2026-09-23 18:22:25.940000;2026-09-23 00:00:00;10001021;VERIFYORDER;SG2HQHWHW62;MJRP4BE/A;"{""orderDetailsResponses"":{""deviceEligibility"":{""secondaryDisplay"":""0"",""partDescription"":""AppleCare+ con robo y pérdida para iPhone 18 Pro"",""coverageDuration"":""2"",""productStatement"":""Tu AppleCare+ con robo y pérdida para iPhone 18 Pro amplía la cobertura de servicio y soporte técnico a 2 años desde la fecha de compra de AppleCare+ con robo y pérdida e incluye cobertura para una cantidad ilimitada de incidentes por daño accidental debido a la manipulación del producto o un máximo de dos incidentes de robo y pérdida cada 12 meses, cada uno de ellos sujeto a un cargo adicional de R$28000  por los daños de la pantalla o la carcasa externa o de R$144000  por robo o pérdida o de R$96000  por Otros daños accidentales. Lee todos los detalles en los Términos y condiciones de AppleCare+."",""deviceDateOfPurchase"":""23/09/2026"",""deviceId"":""SG2HQHWHW62"",""registeredDevice"":""1"",""pocType"":""APOC"",""serialNumber"":""G2HQHWHW62"",""partNumber"":""SHMD3ZX/A"",""partAlias"":""ACPTL"",""purchaseMode"":""C"",""productDescription"":""iPhone 18 Pro"",""tlDisclosure"":""La cobertura de robo y pérdida requiere que tengas la función Buscar habilitada en tu dispositivo antes de que se pierda o te lo roben. Durante el proceso de reclamación, te pediremos que uses la función Buscar para poner el dispositivo perdido o robado en modo Perdido, borrarlo y transferir la propiedad a Apple para que podamos asignarte un nuevo dispositivo. Para asegurarte de que puedas iniciar sesión en Buscar y acceder a esta función, es importante que recuerdes tu ID de Apple y contraseña, y que mantengas la información de tu cuenta actualizada. Si usas la autenticación de doble factor para el ID de Apple, te recomendamos que añadas un número de teléfono adicional de confianza a tu cuenta en el que puedas recibir el código de verificación de 6 dígitos que necesitas para iniciar sesión aunque no tengas tu iPhone. Para obtener más información, visita las páginas de Soporte técnico de Apple.""}},""transactionId"":""0ae4a264-144e-42de-ba1c-34494346f95b-1790198545414""}"
True;5043315;2026-09-23 18:25:06.820000;2026-09-23 00:00:00;10001021;CREATEORDER;SG2HQHWHW62;MJRP4BE/A;"{""orderDetailsResponses"":{""deviceEligibility"":{""secondaryDisplay"":""0"",""partDescription"":""AppleCare+ con robo y pérdida para iPhone 18 Pro"",""coverageDuration"":""2"",""productStatement"":""Tu AppleCare+ con robo y pérdida para iPhone 18 Pro amplía la cobertura de servicio y soporte técnico a 2 años desde la fecha de compra de AppleCare+ con robo y pérdida e incluye cobertura para una cantidad ilimitada de incidentes por daño accidental debido a la manipulación del producto o un máximo de dos incidentes de robo y pérdida cada 12 meses, cada uno de ellos sujeto a un cargo adicional de R$28000  por los daños de la pantalla o la carcasa externa o de R$144000  por robo o pérdida o de R$96000  por Otros daños accidentales. Lee todos los detalles en los Términos y condiciones de AppleCare+."",""deviceDateOfPurchase"":""23/09/2026"",""deviceId"":""SG2HQHWHW62"",""registeredDevice"":""1"",""pocType"":""APOC"",""serialNumber"":""G2HQHWHW62"",""partNumber"":""SHMD3ZX/A"",""partAlias"":""ACPTL"",""purchaseMode"":""C"",""productDescription"":""iPhone 18 Pro"",""tlDisclosure"":""La cobertura de robo y pérdida requiere que tengas la función Buscar habilitada en tu dispositivo antes de que se pierda o te lo roben. Durante el proceso de reclamación, te pediremos que uses la función Buscar para poner el dispositivo perdido o robado en modo Perdido, borrarlo y transferir la propiedad a Apple para que podamos asignarte un nuevo dispositivo. Para asegurarte de que puedas iniciar sesión en Buscar y acceder a esta función, es importante que recuerdes tu ID de Apple y contraseña, y que mantengas la información de tu cuenta actualizada. Si usas la autenticación de doble factor para el ID de Apple, te recomendamos que añadas un número de teléfono adicional de confianza a tu cuenta en el que puedas recibir el código de verificación de 6 dígitos que necesitas para iniciar sesión aunque no tengas tu iPhone. Para obtener más información, visita las páginas de Soporte técnico de Apple.""},""orderConfirmation"":{""agreementNumber"":""328426600431"",""coverageDurationStatement"":""Finaliza el 22/09/2028"",""termConditionURL"":""http://www.apple.com/legal/sales-support/"",""partNumber"":""SHMD3ZX/A"",""partAlias"":""ACPTL"",""partType"":""AC+TL"",""purchaseMode"":""C"",""appleCareSalesDate"":""23/09/2026"",""pocType"":""APOC"",""purchaseOrderNumber"":""10001021""}},""transactionId"":""9f32e00b-eefd-4b80-950d-e9d845b05170-1790198701946""}"
False;1324896;2026-09-23 18:26:34.390000;2026-09-23 00:00:00;20701030;CREATEORDER;SFJF0KMVRKQ;MJXV4BE/A;"{""orderDetailsResponses"":{""deviceEligibility"":{""secondaryDisplay"":""0"",""deviceDateOfPurchase"":""23/09/2026"",""deviceId"":""SFJF0KMVRKQ"",""registeredDevice"":""0"",""deviceErrorResponse"":{""errorCode"":""GRX-20024"",""errorMessage"":""Ya existe un AppleCare Plan para el dispositivo SFJF0KMVRKQ o está pendiente. Comprueba los detalles del pedido en la búsqueda 360 y ponte en contacto con el Soporte técnico de AppleCare Connect si necesitas más información.""},""pocType"":""APOC"",""serialNumber"":""FJF0KMVRKQ"",""partNumber"":""SHMP3ZX/A"",""partAlias"":""ACPTL"",""productDescription"":""iPhone 18 Pro Max"",""tlDisclosure"":""La cobertura de robo y pérdida requiere que tengas la función Buscar habilitada en tu dispositivo antes de que se pierda o te lo roben. Durante el proceso de reclamación, te pediremos que uses la función Buscar para poner el dispositivo perdido o robado en modo Perdido, borrarlo y transferir la propiedad a Apple para que podamos asignarte un nuevo dispositivo. Para asegurarte de que puedas iniciar sesión en Buscar y acceder a esta función, es importante que recuerdes tu ID de Apple y contraseña, y que mantengas la información de tu cuenta actualizada. Si usas la autenticación de doble factor para el ID de Apple, te recomendamos que añadas un número de teléfono adicional de confianza a tu cuenta en el que puedas recibir el código de verificación de 6 dígitos que necesitas para iniciar sesión aunque no tengas tu iPhone. Para obtener más información, visita las páginas de Soporte técnico de Apple.""}},""transactionId"":""f3c434ef-c43b-411c-9c50-68b87cddfedc-1790198793650""}"
False;1324896;2026-09-23 18:27:09.207000;2026-09-23 00:00:00;20701030;CREATEORDER;SFJF0KMVRKQ;MJXV4BE/A;"{""orderDetailsResponses"":{""deviceEligibility"":{""secondaryDisplay"":""0"",""deviceDateOfPurchase"":""23/09/2026"",""deviceId"":""SFJF0KMVRKQ"",""registeredDevice"":""0"",""deviceErrorResponse"":{""errorCode"":""GRX-20024"",""errorMessage"":""Ya existe un AppleCare Plan para el dispositivo SFJF0KMVRKQ o está pendiente. Comprueba los detalles del pedido en la búsqueda 360 y ponte en contacto con el Soporte técnico de AppleCare Connect si necesitas más información.""},""pocType"":""APOC"",""serialNumber"":""FJF0KMVRKQ"",""partNumber"":""SHMP3ZX/A"",""partAlias"":""ACPTL"",""productDescription"":""iPhone 18 Pro Max"",""tlDisclosure"":""La cobertura de robo y pérdida requiere que tengas la función Buscar habilitada en tu dispositivo antes de que se pierda o te lo roben. Durante el proceso de reclamación, te pediremos que uses la función Buscar para poner el dispositivo perdido o robado en modo Perdido, borrarlo y transferir la propiedad a Apple para que podamos asignarte un nuevo dispositivo. Para asegurarte de que puedas iniciar sesión en Buscar y acceder a esta función, es importante que recuerdes tu ID de Apple y contraseña, y que mantengas la información de tu cuenta actualizada. Si usas la autenticación de doble factor para el ID de Apple, te recomendamos que añadas un número de teléfono adicional de confianza a tu cuenta en el que puedas recibir el código de verificación de 6 dígitos que necesitas para iniciar sesión aunque no tengas tu iPhone. Para obtener más información, visita las páginas de Soporte técnico de Apple.""}},""transactionId"":""dca60b31-43c9-4481-8620-72ffa20e2c8b-1790198828416""}"
True;1341895;2026-09-23 18:27:10.107000;2026-09-23 00:00:00;33701090;VERIFYORDER;SM6MJGNPXNG;MJXP4BE/A;"{""orderDetailsResponses"":{""deviceEligibility"":{""secondaryDisplay"":""0"",""partDescription"":""AppleCare+ con robo y pérdida para iPhone 18 Pro Max"",""coverageDuration"":""2"",""productStatement"":""Tu AppleCare+ con robo y pérdida para iPhone 18 Pro Max amplía la cobertura de servicio y soporte técnico a 2 años desde la fecha de compra de AppleCare+ con robo y pérdida e incluye cobertura para una cantidad ilimitada de incidentes por daño accidental debido a la manipulación del producto o un máximo de dos incidentes de robo y pérdida cada 12 meses, cada uno de ellos sujeto a un cargo adicional de R$28000  por los daños de la pantalla o la carcasa externa o de R$144000  por robo o pérdida o de R$96000  por Otros daños accidentales. Lee todos los detalles en los Términos y condiciones de AppleCare+."",""deviceDateOfPurchase"":""23/09/2026"",""deviceId"":""SM6MJGNPXNG"",""registeredDevice"":""1"",""pocType"":""APOC"",""serialNumber"":""M6MJGNPXNG"",""partNumber"":""SHMP3ZX/A"",""partAlias"":""ACPTL"",""purchaseMode"":""C"",""productDescription"":""iPhone 18 Pro Max"",""tlDisclosure"":""La cobertura de robo y pérdida requiere que tengas la función Buscar habilitada en tu dispositivo antes de que se pierda o te lo roben. Durante el proceso de reclamación, te pediremos que uses la función Buscar para poner el dispositivo perdido o robado en modo Perdido, borrarlo y transferir la propiedad a Apple para que podamos asignarte un nuevo dispositivo. Para asegurarte de que puedas iniciar sesión en Buscar y acceder a esta función, es importante que recuerdes tu ID de Apple y contraseña, y que mantengas la información de tu cuenta actualizada. Si usas la autenticación de doble factor para el ID de Apple, te recomendamos que añadas un número de teléfono adicional de confianza a tu cuenta en el que puedas recibir el código de verificación de 6 dígitos que necesitas para iniciar sesión aunque no tengas tu iPhone. Para obtener más información, visita las páginas de Soporte técnico de Apple.""}},""transactionId"":""7af8a67f-1255-4223-ab27-e11f4b63f7e9-1790198829467""}"
True;5164149;2026-09-23 18:30:01.233000;2026-09-23 00:00:00;2401167;VERIFYORDER;SKK2H5K49GW;MJXV4BE/A;"{""orderDetailsResponses"":{""deviceEligibility"":{""secondaryDisplay"":""0"",""partDescription"":""AppleCare+ con robo y pérdida para iPhone 18 Pro Max"",""coverageDuration"":""2"",""productStatement"":""Tu AppleCare+ con robo y pérdida para iPhone 18 Pro Max amplía la cobertura de servicio y soporte técnico a 2 años desde la fecha de compra de AppleCare+ con robo y pérdida e incluye cobertura para una cantidad ilimitada de incidentes por daño accidental debido a la manipulación del producto o un máximo de dos incidentes de robo y pérdida cada 12 meses, cada uno de ellos sujeto a un cargo adicional de R$28000  por los daños de la pantalla o la carcasa externa o de R$144000  por robo o pérdida o de R$96000  por Otros daños accidentales. Lee todos los detalles en los Términos y condiciones de AppleCare+."",""deviceDateOfPurchase"":""23/09/2026"",""deviceId"":""SKK2H5K49GW"",""registeredDevice"":""1"",""pocType"":""APOC"",""serialNumber"":""KK2H5K49GW"",""partNumber"":""SHMP3ZX/A"",""partAlias"":""ACPTL"",""purchaseMode"":""C"",""productDescription"":""iPhone 18 Pro Max"",""tlDisclosure"":""La cobertura de robo y pérdida requiere que tengas la función Buscar habilitada en tu dispositivo antes de que se pierda o te lo roben. Durante el proceso de reclamación, te pediremos que uses la función Buscar para poner el dispositivo perdido o robado en modo Perdido, borrarlo y transferir la propiedad a Apple para que podamos asignarte un nuevo dispositivo. Para asegurarte de que puedas iniciar sesión en Buscar y acceder a esta función, es importante que recuerdes tu ID de Apple y contraseña, y que mantengas la información de tu cuenta actualizada. Si usas la autenticación de doble factor para el ID de Apple, te recomendamos que añadas un número de teléfono adicional de confianza a tu cuenta en el que puedas recibir el código de verificación de 6 dígitos que necesitas para iniciar sesión aunque no tengas tu iPhone. Para obtener más información, visita las páginas de Soporte técnico de Apple.""}},""transactionId"":""0a4710c1-4c9d-4f83-8030-81dfe8fe6e43-1790199000665""}"
False;1324896;2026-09-23 18:31:23.853000;2026-09-23 00:00:00;20701030;CREATEORDER;SFJF0KMVRKQ;MJXV4BE/A;"{""orderDetailsResponses"":{""deviceEligibility"":{""secondaryDisplay"":""0"",""deviceDateOfPurchase"":""23/09/2026"",""deviceId"":""SFJF0KMVRKQ"",""registeredDevice"":""0"",""deviceErrorResponse"":{""errorCode"":""GRX-20024"",""errorMessage"":""Ya existe un AppleCare Plan para el dispositivo SFJF0KMVRKQ o está pendiente. Comprueba los detalles del pedido en la búsqueda 360 y ponte en contacto con el Soporte técnico de AppleCare Connect si necesitas más información.""},""pocType"":""APOC"",""serialNumber"":""FJF0KMVRKQ"",""partNumber"":""SHMP3ZX/A"",""partAlias"":""ACPTL"",""productDescription"":""iPhone 18 Pro Max"",""tlDisclosure"":""La cobertura de robo y pérdida requiere que tengas la función Buscar habilitada en tu dispositivo antes de que se pierda o te lo roben. Durante el proceso de reclamación, te pediremos que uses la función Buscar para poner el dispositivo perdido o robado en modo Perdido, borrarlo y transferir la propiedad a Apple para que podamos asignarte un nuevo dispositivo. Para asegurarte de que puedas iniciar sesión en Buscar y acceder a esta función, es importante que recuerdes tu ID de Apple y contraseña, y que mantengas la información de tu cuenta actualizada. Si usas la autenticación de doble factor para el ID de Apple, te recomendamos que añadas un número de teléfono adicional de confianza a tu cuenta en el que puedas recibir el código de verificación de 6 dígitos que necesitas para iniciar sesión aunque no tengas tu iPhone. Para obtener más información, visita las páginas de Soporte técnico de Apple.""}},""transactionId"":""e96337c5-b4f9-4f69-93e5-ac885c52deaa-1790199083013""}"
False;1324896;2026-09-23 18:32:00.623000;2026-09-23 00:00:00;20701030;CREATEORDER;SFJF0KMVRKQ;MJXV4BE/A;"{""orderDetailsResponses"":{""deviceEligibility"":{""secondaryDisplay"":""0"",""deviceDateOfPurchase"":""23/09/2026"",""deviceId"":""SFJF0KMVRKQ"",""registeredDevice"":""0"",""deviceErrorResponse"":{""errorCode"":""GRX-20024"",""errorMessage"":""Ya existe un AppleCare Plan para el dispositivo SFJF0KMVRKQ o está pendiente. Comprueba los detalles del pedido en la búsqueda 360 y ponte en contacto con el Soporte técnico de AppleCare Connect si necesitas más información.""},""pocType"":""APOC"",""serialNumber"":""FJF0KMVRKQ"",""partNumber"":""SHMP3ZX/A"",""partAlias"":""ACPTL"",""productDescription"":""iPhone 18 Pro Max"",""tlDisclosure"":""La cobertura de robo y pérdida requiere que tengas la función Buscar habilitada en tu dispositivo antes de que se pierda o te lo roben. Durante el proceso de reclamación, te pediremos que uses la función Buscar para poner el dispositivo perdido o robado en modo Perdido, borrarlo y transferir la propiedad a Apple para que podamos asignarte un nuevo dispositivo. Para asegurarte de que puedas iniciar sesión en Buscar y acceder a esta función, es importante que recuerdes tu ID de Apple y contraseña, y que mantengas la información de tu cuenta actualizada. Si usas la autenticación de doble factor para el ID de Apple, te recomendamos que añadas un número de teléfono adicional de confianza a tu cuenta en el que puedas recibir el código de verificación de 6 dígitos que necesitas para iniciar sesión aunque no tengas tu iPhone. Para obtener más información, visita las páginas de Soporte técnico de Apple.""}},""transactionId"":""40634425-42e8-4e7b-acba-c5181c1ef2e2-1790199119699""}"
True;5177704;2026-09-23 18:33:56.777000;2026-09-23 00:00:00;36601058;VERIFYORDER;SLN4VV4MD7J;MJRU4BE/A;"{""orderDetailsResponses"":{""deviceEligibility"":{""secondaryDisplay"":""0"",""partDescription"":""AppleCare+ con robo y pérdida para iPhone 18 Pro"",""coverageDuration"":""2"",""productStatement"":""Tu AppleCare+ con robo y pérdida para iPhone 18 Pro amplía la cobertura de servicio y soporte técnico a 2 años desde la fecha de compra de AppleCare+ con robo y pérdida e incluye cobertura para una cantidad ilimitada de incidentes por daño accidental debido a la manipulación del producto o un máximo de dos incidentes de robo y pérdida cada 12 meses, cada uno de ellos sujeto a un cargo adicional de R$28000  por los daños de la pantalla o la carcasa externa o de R$144000  por robo o pérdida o de R$96000  por Otros daños accidentales. Lee todos los detalles en los Términos y condiciones de AppleCare+."",""deviceDateOfPurchase"":""23/09/2026"",""deviceId"":""SLN4VV4MD7J"",""registeredDevice"":""0"",""pocType"":""APOC"",""serialNumber"":""LN4VV4MD7J"",""partNumber"":""SHMD3ZX/A"",""partAlias"":""ACPTL"",""purchaseMode"":""C"",""productDescription"":""iPhone 18 Pro"",""tlDisclosure"":""La cobertura de robo y pérdida requiere que tengas la función Buscar habilitada en tu dispositivo antes de que se pierda o te lo roben. Durante el proceso de reclamación, te pediremos que uses la función Buscar para poner el dispositivo perdido o robado en modo Perdido, borrarlo y transferir la propiedad a Apple para que podamos asignarte un nuevo dispositivo. Para asegurarte de que puedas iniciar sesión en Buscar y acceder a esta función, es importante que recuerdes tu ID de Apple y contraseña, y que mantengas la información de tu cuenta actualizada. Si usas la autenticación de doble factor para el ID de Apple, te recomendamos que añadas un número de teléfono adicional de confianza a tu cuenta en el que puedas recibir el código de verificación de 6 dígitos que necesitas para iniciar sesión aunque no tengas tu iPhone. Para obtener más información, visita las páginas de Soporte técnico de Apple.""}},""transactionId"":""9b628ad2-18aa-41d4-ba9c-2becc71fc7e6-1790199236188""}"
True;1341895;2026-09-23 18:35:13.300000;2026-09-23 00:00:00;33701090;CREATEORDER;SM6MJGNPXNG;MJXP4BE/A;"{""orderDetailsResponses"":{""deviceEligibility"":{""secondaryDisplay"":""0"",""partDescription"":""AppleCare+ con robo y pérdida para iPhone 18 Pro Max"",""coverageDuration"":""2"",""productStatement"":""Tu AppleCare+ con robo y pérdida para iPhone 18 Pro Max amplía la cobertura de servicio y soporte técnico a 2 años desde la fecha de compra de AppleCare+ con robo y pérdida e incluye cobertura para una cantidad ilimitada de incidentes por daño accidental debido a la manipulación del producto o un máximo de dos incidentes de robo y pérdida cada 12 meses, cada uno de ellos sujeto a un cargo adicional de R$28000  por los daños de la pantalla o la carcasa externa o de R$144000  por robo o pérdida o de R$96000  por Otros daños accidentales. Lee todos los detalles en los Términos y condiciones de AppleCare+."",""deviceDateOfPurchase"":""23/09/2026"",""deviceId"":""SM6MJGNPXNG"",""registeredDevice"":""1"",""pocType"":""APOC"",""serialNumber"":""M6MJGNPXNG"",""partNumber"":""SHMP3ZX/A"",""partAlias"":""ACPTL"",""purchaseMode"":""C"",""productDescription"":""iPhone 18 Pro Max"",""tlDisclosure"":""La cobertura de robo y pérdida requiere que tengas la función Buscar habilitada en tu dispositivo antes de que se pierda o te lo roben. Durante el proceso de reclamación, te pediremos que uses la función Buscar para poner el dispositivo perdido o robado en modo Perdido, borrarlo y transferir la propiedad a Apple para que podamos asignarte un nuevo dispositivo. Para asegurarte de que puedas iniciar sesión en Buscar y acceder a esta función, es importante que recuerdes tu ID de Apple y contraseña, y que mantengas la información de tu cuenta actualizada. Si usas la autenticación de doble factor para el ID de Apple, te recomendamos que añadas un número de teléfono adicional de confianza a tu cuenta en el que puedas recibir el código de verificación de 6 dígitos que necesitas para iniciar sesión aunque no tengas tu iPhone. Para obtener más información, visita las páginas de Soporte técnico de Apple.""},""orderConfirmation"":{""agreementNumber"":""328426640096"",""coverageDurationStatement"":""Finaliza el 22/09/2028"",""termConditionURL"":""http://www.apple.com/legal/sales-support/"",""partNumber"":""SHMP3ZX/A"",""partAlias"":""ACPTL"",""partType"":""AC+TL"",""purchaseMode"":""C"",""appleCareSalesDate"":""23/09/2026"",""pocType"":""APOC"",""purchaseOrderNumber"":""33701090""}},""transactionId"":""0ff8b0b8-b30a-4f93-a91d-1436e5c37ee6-1790199308121""}"
True;5177704;2026-09-23 18:36:08.663000;2026-09-23 00:00:00;36601058;VERIFYORDER;SLN4VV4MD7J;MJRU4BE/A;"{""orderDetailsResponses"":{""deviceEligibility"":{""secondaryDisplay"":""0"",""partDescription"":""AppleCare+ con robo y pérdida para iPhone 18 Pro"",""coverageDuration"":""2"",""productStatement"":""Tu AppleCare+ con robo y pérdida para iPhone 18 Pro amplía la cobertura de servicio y soporte técnico a 2 años desde la fecha de compra de AppleCare+ con robo y pérdida e incluye cobertura para una cantidad ilimitada de incidentes por daño accidental debido a la manipulación del producto o un máximo de dos incidentes de robo y pérdida cada 12 meses, cada uno de ellos sujeto a un cargo adicional de R$28000  por los daños de la pantalla o la carcasa externa o de R$144000  por robo o pérdida o de R$96000  por Otros daños accidentales. Lee todos los detalles en los Términos y condiciones de AppleCare+."",""deviceDateOfPurchase"":""23/09/2026"",""deviceId"":""SLN4VV4MD7J"",""registeredDevice"":""0"",""pocType"":""APOC"",""serialNumber"":""LN4VV4MD7J"",""partNumber"":""SHMD3ZX/A"",""partAlias"":""ACPTL"",""purchaseMode"":""C"",""productDescription"":""iPhone 18 Pro"",""tlDisclosure"":""La cobertura de robo y pérdida requiere que tengas la función Buscar habilitada en tu dispositivo antes de que se pierda o te lo roben. Durante el proceso de reclamación, te pediremos que uses la función Buscar para poner el dispositivo perdido o robado en modo Perdido, borrarlo y transferir la propiedad a Apple para que podamos asignarte un nuevo dispositivo. Para asegurarte de que puedas iniciar sesión en Buscar y acceder a esta función, es importante que recuerdes tu ID de Apple y contraseña, y que mantengas la información de tu cuenta actualizada. Si usas la autenticación de doble factor para el ID de Apple, te recomendamos que añadas un número de teléfono adicional de confianza a tu cuenta en el que puedas recibir el código de verificación de 6 dígitos que necesitas para iniciar sesión aunque no tengas tu iPhone. Para obtener más información, visita las páginas de Soporte técnico de Apple.""}},""transactionId"":""569a87bc-6c46-440d-ac4e-22384683191c-1790199368149""}"
True;5164149;2026-09-23 18:36:11.553000;2026-09-23 00:00:00;2401167;CREATEORDER;SKK2H5K49GW;MJXV4BE/A;"{""orderDetailsResponses"":{""deviceEligibility"":{""secondaryDisplay"":""0"",""partDescription"":""AppleCare+ con robo y pérdida para iPhone 18 Pro Max"",""coverageDuration"":""2"",""productStatement"":""Tu AppleCare+ con robo y pérdida para iPhone 18 Pro Max amplía la cobertura de servicio y soporte técnico a 2 años desde la fecha de compra de AppleCare+ con robo y pérdida e incluye cobertura para una cantidad ilimitada de incidentes por daño accidental debido a la manipulación del producto o un máximo de dos incidentes de robo y pérdida cada 12 meses, cada uno de ellos sujeto a un cargo adicional de R$28000  por los daños de la pantalla o la carcasa externa o de R$144000  por robo o pérdida o de R$96000  por Otros daños accidentales. Lee todos los detalles en los Términos y condiciones de AppleCare+."",""deviceDateOfPurchase"":""23/09/2026"",""deviceId"":""SKK2H5K49GW"",""registeredDevice"":""1"",""pocType"":""APOC"",""serialNumber"":""KK2H5K49GW"",""partNumber"":""SHMP3ZX/A"",""partAlias"":""ACPTL"",""purchaseMode"":""C"",""productDescription"":""iPhone 18 Pro Max"",""tlDisclosure"":""La cobertura de robo y pérdida requiere que tengas la función Buscar habilitada en tu dispositivo antes de que se pierda o te lo roben. Durante el proceso de reclamación, te pediremos que uses la función Buscar para poner el dispositivo perdido o robado en modo Perdido, borrarlo y transferir la propiedad a Apple para que podamos asignarte un nuevo dispositivo. Para asegurarte de que puedas iniciar sesión en Buscar y acceder a esta función, es importante que recuerdes tu ID de Apple y contraseña, y que mantengas la información de tu cuenta actualizada. Si usas la autenticación de doble factor para el ID de Apple, te recomendamos que añadas un número de teléfono adicional de confianza a tu cuenta en el que puedas recibir el código de verificación de 6 dígitos que necesitas para iniciar sesión aunque no tengas tu iPhone. Para obtener más información, visita las páginas de Soporte técnico de Apple.""},""orderConfirmation"":{""agreementNumber"":""328426580760"",""coverageDurationStatement"":""Finaliza el 22/09/2028"",""termConditionURL"":""http://www.apple.com/legal/sales-support/"",""partNumber"":""SHMP3ZX/A"",""partAlias"":""ACPTL"",""partType"":""AC+TL"",""purchaseMode"":""C"",""appleCareSalesDate"":""23/09/2026"",""pocType"":""APOC"",""purchaseOrderNumber"":""2401167""}},""transactionId"":""6ad961be-30b7-4309-a6e6-1d8605a779a3-1790199366466""}"
False;1324896;2026-09-23 18:36:47.650000;2026-09-23 00:00:00;20701030;CREATEORDER;SFJF0KMVRKQ;MJXV4BE/A;"{""orderDetailsResponses"":{""deviceEligibility"":{""secondaryDisplay"":""0"",""deviceDateOfPurchase"":""23/09/2026"",""deviceId"":""SFJF0KMVRKQ"",""registeredDevice"":""0"",""deviceErrorResponse"":{""errorCode"":""GRX-20024"",""errorMessage"":""Ya existe un AppleCare Plan para el dispositivo SFJF0KMVRKQ o está pendiente. Comprueba los detalles del pedido en la búsqueda 360 y ponte en contacto con el Soporte técnico de AppleCare Connect si necesitas más información.""},""pocType"":""APOC"",""serialNumber"":""FJF0KMVRKQ"",""partNumber"":""SHMP3ZX/A"",""partAlias"":""ACPTL"",""productDescription"":""iPhone 18 Pro Max"",""tlDisclosure"":""La cobertura de robo y pérdida requiere que tengas la función Buscar habilitada en tu dispositivo antes de que se pierda o te lo roben. Durante el proceso de reclamación, te pediremos que uses la función Buscar para poner el dispositivo perdido o robado en modo Perdido, borrarlo y transferir la propiedad a Apple para que podamos asignarte un nuevo dispositivo. Para asegurarte de que puedas iniciar sesión en Buscar y acceder a esta función, es importante que recuerdes tu ID de Apple y contraseña, y que mantengas la información de tu cuenta actualizada. Si usas la autenticación de doble factor para el ID de Apple, te recomendamos que añadas un número de teléfono adicional de confianza a tu cuenta en el que puedas recibir el código de verificación de 6 dígitos que necesitas para iniciar sesión aunque no tengas tu iPhone. Para obtener más información, visita las páginas de Soporte técnico de Apple.""}},""transactionId"":""0fd9e5f5-fb5d-4829-9f4d-411d2ecef69d-1790199406846""}"
True;5177704;2026-09-23 18:37:17.750000;2026-09-23 00:00:00;36601058;CREATEORDER;SLN4VV4MD7J;MJRU4BE/A;"{""orderDetailsResponses"":{""deviceEligibility"":{""secondaryDisplay"":""0"",""partDescription"":""AppleCare+ con robo y pérdida para iPhone 18 Pro"",""coverageDuration"":""2"",""productStatement"":""Tu AppleCare+ con robo y pérdida para iPhone 18 Pro amplía la cobertura de servicio y soporte técnico a 2 años desde la fecha de compra de AppleCare+ con robo y pérdida e incluye cobertura para una cantidad ilimitada de incidentes por daño accidental debido a la manipulación del producto o un máximo de dos incidentes de robo y pérdida cada 12 meses, cada uno de ellos sujeto a un cargo adicional de R$28000  por los daños de la pantalla o la carcasa externa o de R$144000  por robo o pérdida o de R$96000  por Otros daños accidentales. Lee todos los detalles en los Términos y condiciones de AppleCare+."",""deviceDateOfPurchase"":""23/09/2026"",""deviceId"":""SLN4VV4MD7J"",""registeredDevice"":""0"",""pocType"":""APOC"",""serialNumber"":""LN4VV4MD7J"",""partNumber"":""SHMD3ZX/A"",""partAlias"":""ACPTL"",""purchaseMode"":""C"",""productDescription"":""iPhone 18 Pro"",""tlDisclosure"":""La cobertura de robo y pérdida requiere que tengas la función Buscar habilitada en tu dispositivo antes de que se pierda o te lo roben. Durante el proceso de reclamación, te pediremos que uses la función Buscar para poner el dispositivo perdido o robado en modo Perdido, borrarlo y transferir la propiedad a Apple para que podamos asignarte un nuevo dispositivo. Para asegurarte de que puedas iniciar sesión en Buscar y acceder a esta función, es importante que recuerdes tu ID de Apple y contraseña, y que mantengas la información de tu cuenta actualizada. Si usas la autenticación de doble factor para el ID de Apple, te recomendamos que añadas un número de teléfono adicional de confianza a tu cuenta en el que puedas recibir el código de verificación de 6 dígitos que necesitas para iniciar sesión aunque no tengas tu iPhone. Para obtener más información, visita las páginas de Soporte técnico de Apple.""},""orderConfirmation"":{""agreementNumber"":""328426580761"",""coverageDurationStatement"":""Finaliza el 22/09/2028"",""termConditionURL"":""http://www.apple.com/legal/sales-support/"",""partNumber"":""SHMD3ZX/A"",""partAlias"":""ACPTL"",""partType"":""AC+TL"",""purchaseMode"":""C"",""appleCareSalesDate"":""23/09/2026"",""pocType"":""APOC"",""purchaseOrderNumber"":""36601058""}},""transactionId"":""82081765-e73b-411b-af5b-7aa6876f9614-1790199432883""}"
False;1324896;2026-09-23 18:37:32.170000;2026-09-23 00:00:00;20701030;CREATEORDER;SFJF0KMVRKQ;MJXV4BE/A;"{""orderDetailsResponses"":{""deviceEligibility"":{""secondaryDisplay"":""0"",""deviceDateOfPurchase"":""23/09/2026"",""deviceId"":""SFJF0KMVRKQ"",""registeredDevice"":""0"",""deviceErrorResponse"":{""errorCode"":""GRX-20024"",""errorMessage"":""Ya existe un AppleCare Plan para el dispositivo SFJF0KMVRKQ o está pendiente. Comprueba los detalles del pedido en la búsqueda 360 y ponte en contacto con el Soporte técnico de AppleCare Connect si necesitas más información.""},""pocType"":""APOC"",""serialNumber"":""FJF0KMVRKQ"",""partNumber"":""SHMP3ZX/A"",""partAlias"":""ACPTL"",""productDescription"":""iPhone 18 Pro Max"",""tlDisclosure"":""La cobertura de robo y pérdida requiere que tengas la función Buscar habilitada en tu dispositivo antes de que se pierda o te lo roben. Durante el proceso de reclamación, te pediremos que uses la función Buscar para poner el dispositivo perdido o robado en modo Perdido, borrarlo y transferir la propiedad a Apple para que podamos asignarte un nuevo dispositivo. Para asegurarte de que puedas iniciar sesión en Buscar y acceder a esta función, es importante que recuerdes tu ID de Apple y contraseña, y que mantengas la información de tu cuenta actualizada. Si usas la autenticación de doble factor para el ID de Apple, te recomendamos que añadas un número de teléfono adicional de confianza a tu cuenta en el que puedas recibir el código de verificación de 6 dígitos que necesitas para iniciar sesión aunque no tengas tu iPhone. Para obtener más información, visita las páginas de Soporte técnico de Apple.""}},""transactionId"":""b5435184-4966-4532-942c-cbdd9e4f3446-1790199451290""}"
False;1324896;2026-09-23 18:41:39.403000;2026-09-23 00:00:00;20701030;CREATEORDER;SFJF0KMVRKQ;MJXV4BE/A;"{""orderDetailsResponses"":{""deviceEligibility"":{""secondaryDisplay"":""0"",""deviceDateOfPurchase"":""23/09/2026"",""deviceId"":""SFJF0KMVRKQ"",""registeredDevice"":""0"",""deviceErrorResponse"":{""errorCode"":""GRX-20024"",""errorMessage"":""Ya existe un AppleCare Plan para el dispositivo SFJF0KMVRKQ o está pendiente. Comprueba los detalles del pedido en la búsqueda 360 y ponte en contacto con el Soporte técnico de AppleCare Connect si necesitas más información.""},""pocType"":""APOC"",""serialNumber"":""FJF0KMVRKQ"",""partNumber"":""SHMP3ZX/A"",""partAlias"":""ACPTL"",""productDescription"":""iPhone 18 Pro Max"",""tlDisclosure"":""La cobertura de robo y pérdida requiere que tengas la función Buscar habilitada en tu dispositivo antes de que se pierda o te lo roben. Durante el proceso de reclamación, te pediremos que uses la función Buscar para poner el dispositivo perdido o robado en modo Perdido, borrarlo y transferir la propiedad a Apple para que podamos asignarte un nuevo dispositivo. Para asegurarte de que puedas iniciar sesión en Buscar y acceder a esta función, es importante que recuerdes tu ID de Apple y contraseña, y que mantengas la información de tu cuenta actualizada. Si usas la autenticación de doble factor para el ID de Apple, te recomendamos que añadas un número de teléfono adicional de confianza a tu cuenta en el que puedas recibir el código de verificación de 6 dígitos que necesitas para iniciar sesión aunque no tengas tu iPhone. Para obtener más información, visita las páginas de Soporte técnico de Apple.""}},""transactionId"":""d8e4055b-4d2d-43de-85b1-1c8920f9ec49-1790199698429""}"
False;1324896;2026-09-23 18:42:13.863000;2026-09-23 00:00:00;20701030;CREATEORDER;SFJF0KMVRKQ;MJXV4BE/A;"{""orderDetailsResponses"":{""deviceEligibility"":{""secondaryDisplay"":""0"",""deviceDateOfPurchase"":""23/09/2026"",""deviceId"":""SFJF0KMVRKQ"",""registeredDevice"":""0"",""deviceErrorResponse"":{""errorCode"":""GRX-20024"",""errorMessage"":""Ya existe un AppleCare Plan para el dispositivo SFJF0KMVRKQ o está pendiente. Comprueba los detalles del pedido en la búsqueda 360 y ponte en contacto con el Soporte técnico de AppleCare Connect si necesitas más información.""},""pocType"":""APOC"",""serialNumber"":""FJF0KMVRKQ"",""partNumber"":""SHMP3ZX/A"",""partAlias"":""ACPTL"",""productDescription"":""iPhone 18 Pro Max"",""tlDisclosure"":""La cobertura de robo y pérdida requiere que tengas la función Buscar habilitada en tu dispositivo antes de que se pierda o te lo roben. Durante el proceso de reclamación, te pediremos que uses la función Buscar para poner el dispositivo perdido o robado en modo Perdido, borrarlo y transferir la propiedad a Apple para que podamos asignarte un nuevo dispositivo. Para asegurarte de que puedas iniciar sesión en Buscar y acceder a esta función, es importante que recuerdes tu ID de Apple y contraseña, y que mantengas la información de tu cuenta actualizada. Si usas la autenticación de doble factor para el ID de Apple, te recomendamos que añadas un número de teléfono adicional de confianza a tu cuenta en el que puedas recibir el código de verificación de 6 dígitos que necesitas para iniciar sesión aunque no tengas tu iPhone. Para obtener más información, visita las páginas de Soporte técnico de Apple.""}},""transactionId"":""ebe5a3b4-d8d0-4765-9d2e-1eb22224543b-1790199733134""}"
True;5187469;2026-09-23 18:43:35.057000;2026-09-23 00:00:00;66101084;VERIFYORDER;sjn6yy3279r;MJRR4BE/A;"{""orderDetailsResponses"":{""deviceEligibility"":{""secondaryDisplay"":""0"",""partDescription"":""AppleCare+ con robo y pérdida para iPhone 18 Pro"",""coverageDuration"":""2"",""productStatement"":""Tu AppleCare+ con robo y pérdida para iPhone 18 Pro amplía la cobertura de servicio y soporte técnico a 2 años desde la fecha de compra de AppleCare+ con robo y pérdida e incluye cobertura para una cantidad ilimitada de incidentes por daño accidental debido a la manipulación del producto o un máximo de dos incidentes de robo y pérdida cada 12 meses, cada uno de ellos sujeto a un cargo adicional de R$28000  por los daños de la pantalla o la carcasa externa o de R$144000  por robo o pérdida o de R$96000  por Otros daños accidentales. Lee todos los detalles en los Términos y condiciones de AppleCare+."",""deviceDateOfPurchase"":""23/09/2026"",""deviceId"":""SJN6YY3279R"",""registeredDevice"":""1"",""pocType"":""APOC"",""serialNumber"":""JN6YY3279R"",""partNumber"":""SHMD3ZX/A"",""partAlias"":""ACPTL"",""purchaseMode"":""C"",""productDescription"":""iPhone 18 Pro"",""tlDisclosure"":""La cobertura de robo y pérdida requiere que tengas la función Buscar habilitada en tu dispositivo antes de que se pierda o te lo roben. Durante el proceso de reclamación, te pediremos que uses la función Buscar para poner el dispositivo perdido o robado en modo Perdido, borrarlo y transferir la propiedad a Apple para que podamos asignarte un nuevo dispositivo. Para asegurarte de que puedas iniciar sesión en Buscar y acceder a esta función, es importante que recuerdes tu ID de Apple y contraseña, y que mantengas la información de tu cuenta actualizada. Si usas la autenticación de doble factor para el ID de Apple, te recomendamos que añadas un número de teléfono adicional de confianza a tu cuenta en el que puedas recibir el código de verificación de 6 dígitos que necesitas para iniciar sesión aunque no tengas tu iPhone. Para obtener más información, visita las páginas de Soporte técnico de Apple.""}},""transactionId"":""39fa6b74-4553-4dc5-965a-fe2d0402bec5-1790199814516""}"
True;1341897;2026-09-23 18:43:55.443000;2026-09-23 00:00:00;33801090;VERIFYORDER;sl7l3ypfh63;MDHA4CI/A;"{""orderDetailsResponses"":{""deviceEligibility"":{""secondaryDisplay"":""1"",""partDescription"":""AppleCare+ para 13-inch MacBook Air (M5)"",""coverageDuration"":""3"",""productStatement"":""AppleCare+ para 13-inch MacBook Air (M5) amplía la cobertura de servicio y soporte técnico a 3 años desde la fecha de compra de AppleCare+ e incluye cobertura para una cantidad ilimitada de incidentes por daño accidental debido a la manipulación del producto, cada uno de ellos sujeto a un cargo adicional de R$96000  por daños en la pantalla o la carcasa externa o de R$289000  por Otros daños accidentales. Lee todos los detalles en los Términos y condiciones de AppleCare+."",""deviceDateOfPurchase"":""23/09/2026"",""deviceId"":""SL7L3YPFH63"",""registeredDevice"":""1"",""pocType"":""APOC"",""serialNumber"":""L7L3YPFH63"",""partNumber"":""SCW83ZX/A"",""partAlias"":""ACP"",""purchaseMode"":""C"",""productDescription"":""MacBook Air (13-inch, M5)""}},""transactionId"":""abd1831f-4bee-45a2-b6b4-0b64cacab9f9-1790199834901""}"
True;1341897;2026-09-23 18:46:11.643000;2026-09-23 00:00:00;33801090;CREATEORDER;sl7l3ypfh63;MDHA4CI/A;"{""orderDetailsResponses"":{""deviceEligibility"":{""secondaryDisplay"":""1"",""partDescription"":""AppleCare+ para 13-inch MacBook Air (M5)"",""coverageDuration"":""3"",""productStatement"":""AppleCare+ para 13-inch MacBook Air (M5) amplía la cobertura de servicio y soporte técnico a 3 años desde la fecha de compra de AppleCare+ e incluye cobertura para una cantidad ilimitada de incidentes por daño accidental debido a la manipulación del producto, cada uno de ellos sujeto a un cargo adicional de R$96000  por daños en la pantalla o la carcasa externa o de R$289000  por Otros daños accidentales. Lee todos los detalles en los Términos y condiciones de AppleCare+."",""deviceDateOfPurchase"":""23/09/2026"",""deviceId"":""SL7L3YPFH63"",""registeredDevice"":""1"",""pocType"":""APOC"",""serialNumber"":""L7L3YPFH63"",""partNumber"":""SCW83ZX/A"",""partAlias"":""ACP"",""purchaseMode"":""C"",""productDescription"":""MacBook Air (13-inch, M5)""},""orderConfirmation"":{""agreementNumber"":""328426566951"",""coverageDurationStatement"":""Finaliza el 22/09/2029"",""termConditionURL"":""http://www.apple.com/legal/sales-support/"",""partNumber"":""SCW83ZX/A"",""partAlias"":""ACP"",""partType"":""AppleCare+"",""purchaseMode"":""C"",""appleCareSalesDate"":""23/09/2026"",""pocType"":""APOC"",""purchaseOrderNumber"":""33801090""}},""transactionId"":""0d56c43b-ca57-42c9-95e1-d10882ea4db1-1790199969357""}"
False;1324896;2026-09-23 18:46:41.847000;2026-09-23 00:00:00;20701030;CREATEORDER;SFJF0KMVRKQ;MJXV4BE/A;"{""orderDetailsResponses"":{""deviceEligibility"":{""secondaryDisplay"":""0"",""deviceDateOfPurchase"":""23/09/2026"",""deviceId"":""SFJF0KMVRKQ"",""registeredDevice"":""0"",""deviceErrorResponse"":{""errorCode"":""GRX-20024"",""errorMessage"":""Ya existe un AppleCare Plan para el dispositivo SFJF0KMVRKQ o está pendiente. Comprueba los detalles del pedido en la búsqueda 360 y ponte en contacto con el Soporte técnico de AppleCare Connect si necesitas más información.""},""pocType"":""APOC"",""serialNumber"":""FJF0KMVRKQ"",""partNumber"":""SHMP3ZX/A"",""partAlias"":""ACPTL"",""productDescription"":""iPhone 18 Pro Max"",""tlDisclosure"":""La cobertura de robo y pérdida requiere que tengas la función Buscar habilitada en tu dispositivo antes de que se pierda o te lo roben. Durante el proceso de reclamación, te pediremos que uses la función Buscar para poner el dispositivo perdido o robado en modo Perdido, borrarlo y transferir la propiedad a Apple para que podamos asignarte un nuevo dispositivo. Para asegurarte de que puedas iniciar sesión en Buscar y acceder a esta función, es importante que recuerdes tu ID de Apple y contraseña, y que mantengas la información de tu cuenta actualizada. Si usas la autenticación de doble factor para el ID de Apple, te recomendamos que añadas un número de teléfono adicional de confianza a tu cuenta en el que puedas recibir el código de verificación de 6 dígitos que necesitas para iniciar sesión aunque no tengas tu iPhone. Para obtener más información, visita las páginas de Soporte técnico de Apple.""}},""transactionId"":""26fd0ae6-86af-4b77-af77-175d8b5b8ece-1790200001137""}"
False;1324896;2026-09-23 18:47:15.877000;2026-09-23 00:00:00;20701030;CREATEORDER;SFJF0KMVRKQ;MJXV4BE/A;"{""orderDetailsResponses"":{""deviceEligibility"":{""secondaryDisplay"":""0"",""deviceDateOfPurchase"":""23/09/2026"",""deviceId"":""SFJF0KMVRKQ"",""registeredDevice"":""0"",""deviceErrorResponse"":{""errorCode"":""GRX-20024"",""errorMessage"":""Ya existe un AppleCare Plan para el dispositivo SFJF0KMVRKQ o está pendiente. Comprueba los detalles del pedido en la búsqueda 360 y ponte en contacto con el Soporte técnico de AppleCare Connect si necesitas más información.""},""pocType"":""APOC"",""serialNumber"":""FJF0KMVRKQ"",""partNumber"":""SHMP3ZX/A"",""partAlias"":""ACPTL"",""productDescription"":""iPhone 18 Pro Max"",""tlDisclosure"":""La cobertura de robo y pérdida requiere que tengas la función Buscar habilitada en tu dispositivo antes de que se pierda o te lo roben. Durante el proceso de reclamación, te pediremos que uses la función Buscar para poner el dispositivo perdido o robado en modo Perdido, borrarlo y transferir la propiedad a Apple para que podamos asignarte un nuevo dispositivo. Para asegurarte de que puedas iniciar sesión en Buscar y acceder a esta función, es importante que recuerdes tu ID de Apple y contraseña, y que mantengas la información de tu cuenta actualizada. Si usas la autenticación de doble factor para el ID de Apple, te recomendamos que añadas un número de teléfono adicional de confianza a tu cuenta en el que puedas recibir el código de verificación de 6 dígitos que necesitas para iniciar sesión aunque no tengas tu iPhone. Para obtener más información, visita las páginas de Soporte técnico de Apple.""}},""transactionId"":""8478ee24-8caf-4a51-a55f-b135d1d8d48c-1790200035154""}"
False;1324896;2026-09-23 18:51:38.273000;2026-09-23 00:00:00;20701030;CREATEORDER;SFJF0KMVRKQ;MJXV4BE/A;"{""orderDetailsResponses"":{""deviceEligibility"":{""secondaryDisplay"":""0"",""deviceDateOfPurchase"":""23/09/2026"",""deviceId"":""SFJF0KMVRKQ"",""registeredDevice"":""0"",""deviceErrorResponse"":{""errorCode"":""GRX-20024"",""errorMessage"":""Ya existe un AppleCare Plan para el dispositivo SFJF0KMVRKQ o está pendiente. Comprueba los detalles del pedido en la búsqueda 360 y ponte en contacto con el Soporte técnico de AppleCare Connect si necesitas más información.""},""pocType"":""APOC"",""serialNumber"":""FJF0KMVRKQ"",""partNumber"":""SHMP3ZX/A"",""partAlias"":""ACPTL"",""productDescription"":""iPhone 18 Pro Max"",""tlDisclosure"":""La cobertura de robo y pérdida requiere que tengas la función Buscar habilitada en tu dispositivo antes de que se pierda o te lo roben. Durante el proceso de reclamación, te pediremos que uses la función Buscar para poner el dispositivo perdido o robado en modo Perdido, borrarlo y transferir la propiedad a Apple para que podamos asignarte un nuevo dispositivo. Para asegurarte de que puedas iniciar sesión en Buscar y acceder a esta función, es importante que recuerdes tu ID de Apple y contraseña, y que mantengas la información de tu cuenta actualizada. Si usas la autenticación de doble factor para el ID de Apple, te recomendamos que añadas un número de teléfono adicional de confianza a tu cuenta en el que puedas recibir el código de verificación de 6 dígitos que necesitas para iniciar sesión aunque no tengas tu iPhone. Para obtener más información, visita las páginas de Soporte técnico de Apple.""}},""transactionId"":""4cc9758f-fec9-42e0-b0ba-291a2b9753ab-1790200297355""}"
False;1324896;2026-09-23 18:52:23.890000;2026-09-23 00:00:00;20701030;CREATEORDER;SFJF0KMVRKQ;MJXV4BE/A;"{""orderDetailsResponses"":{""deviceEligibility"":{""secondaryDisplay"":""0"",""deviceDateOfPurchase"":""23/09/2026"",""deviceId"":""SFJF0KMVRKQ"",""registeredDevice"":""0"",""deviceErrorResponse"":{""errorCode"":""GRX-20024"",""errorMessage"":""Ya existe un AppleCare Plan para el dispositivo SFJF0KMVRKQ o está pendiente. Comprueba los detalles del pedido en la búsqueda 360 y ponte en contacto con el Soporte técnico de AppleCare Connect si necesitas más información.""},""pocType"":""APOC"",""serialNumber"":""FJF0KMVRKQ"",""partNumber"":""SHMP3ZX/A"",""partAlias"":""ACPTL"",""productDescription"":""iPhone 18 Pro Max"",""tlDisclosure"":""La cobertura de robo y pérdida requiere que tengas la función Buscar habilitada en tu dispositivo antes de que se pierda o te lo roben. Durante el proceso de reclamación, te pediremos que uses la función Buscar para poner el dispositivo perdido o robado en modo Perdido, borrarlo y transferir la propiedad a Apple para que podamos asignarte un nuevo dispositivo. Para asegurarte de que puedas iniciar sesión en Buscar y acceder a esta función, es importante que recuerdes tu ID de Apple y contraseña, y que mantengas la información de tu cuenta actualizada. Si usas la autenticación de doble factor para el ID de Apple, te recomendamos que añadas un número de teléfono adicional de confianza a tu cuenta en el que puedas recibir el código de verificación de 6 dígitos que necesitas para iniciar sesión aunque no tengas tu iPhone. Para obtener más información, visita las páginas de Soporte técnico de Apple.""}},""transactionId"":""6e436964-123d-412b-9edb-56336179f2bc-1790200343098""}"
True;5142890;2026-09-23 18:53:12.143000;2026-09-23 00:00:00;33901090;VERIFYORDER;SGWK0V932PQ;MJXT4BE/A;"{""orderDetailsResponses"":{""deviceEligibility"":{""secondaryDisplay"":""0"",""partDescription"":""AppleCare+ con robo y pérdida para iPhone 18 Pro Max"",""coverageDuration"":""2"",""productStatement"":""Tu AppleCare+ con robo y pérdida para iPhone 18 Pro Max amplía la cobertura de servicio y soporte técnico a 2 años desde la fecha de compra de AppleCare+ con robo y pérdida e incluye cobertura para una cantidad ilimitada de incidentes por daño accidental debido a la manipulación del producto o un máximo de dos incidentes de robo y pérdida cada 12 meses, cada uno de ellos sujeto a un cargo adicional de R$28000  por los daños de la pantalla o la carcasa externa o de R$144000  por robo o pérdida o de R$96000  por Otros daños accidentales. Lee todos los detalles en los Términos y condiciones de AppleCare+."",""deviceDateOfPurchase"":""23/09/2026"",""deviceId"":""SGWK0V932PQ"",""registeredDevice"":""1"",""pocType"":""APOC"",""serialNumber"":""GWK0V932PQ"",""partNumber"":""SHMP3ZX/A"",""partAlias"":""ACPTL"",""purchaseMode"":""C"",""productDescription"":""iPhone 18 Pro Max"",""tlDisclosure"":""La cobertura de robo y pérdida requiere que tengas la función Buscar habilitada en tu dispositivo antes de que se pierda o te lo roben. Durante el proceso de reclamación, te pediremos que uses la función Buscar para poner el dispositivo perdido o robado en modo Perdido, borrarlo y transferir la propiedad a Apple para que podamos asignarte un nuevo dispositivo. Para asegurarte de que puedas iniciar sesión en Buscar y acceder a esta función, es importante que recuerdes tu ID de Apple y contraseña, y que mantengas la información de tu cuenta actualizada. Si usas la autenticación de doble factor para el ID de Apple, te recomendamos que añadas un número de teléfono adicional de confianza a tu cuenta en el que puedas recibir el código de verificación de 6 dígitos que necesitas para iniciar sesión aunque no tengas tu iPhone. Para obtener más información, visita las páginas de Soporte técnico de Apple.""}},""transactionId"":""ca8785c0-bf77-45f9-b894-b6e21f9814a8-1790200391596""}"
True;5187469;2026-09-23 18:55:22.953000;2026-09-23 00:00:00;66101084;CREATEORDER;sjn6yy3279r;MJRR4BE/A;"{""orderDetailsResponses"":{""deviceEligibility"":{""secondaryDisplay"":""0"",""partDescription"":""AppleCare+ con robo y pérdida para iPhone 18 Pro"",""coverageDuration"":""2"",""productStatement"":""Tu AppleCare+ con robo y pérdida para iPhone 18 Pro amplía la cobertura de servicio y soporte técnico a 2 años desde la fecha de compra de AppleCare+ con robo y pérdida e incluye cobertura para una cantidad ilimitada de incidentes por daño accidental debido a la manipulación del producto o un máximo de dos incidentes de robo y pérdida cada 12 meses, cada uno de ellos sujeto a un cargo adicional de R$28000  por los daños de la pantalla o la carcasa externa o de R$144000  por robo o pérdida o de R$96000  por Otros daños accidentales. Lee todos los detalles en los Términos y condiciones de AppleCare+."",""deviceDateOfPurchase"":""23/09/2026"",""deviceId"":""SJN6YY3279R"",""registeredDevice"":""1"",""pocType"":""APOC"",""serialNumber"":""JN6YY3279R"",""partNumber"":""SHMD3ZX/A"",""partAlias"":""ACPTL"",""purchaseMode"":""C"",""productDescription"":""iPhone 18 Pro"",""tlDisclosure"":""La cobertura de robo y pérdida requiere que tengas la función Buscar habilitada en tu dispositivo antes de que se pierda o te lo roben. Durante el proceso de reclamación, te pediremos que uses la función Buscar para poner el dispositivo perdido o robado en modo Perdido, borrarlo y transferir la propiedad a Apple para que podamos asignarte un nuevo dispositivo. Para asegurarte de que puedas iniciar sesión en Buscar y acceder a esta función, es importante que recuerdes tu ID de Apple y contraseña, y que mantengas la información de tu cuenta actualizada. Si usas la autenticación de doble factor para el ID de Apple, te recomendamos que añadas un número de teléfono adicional de confianza a tu cuenta en el que puedas recibir el código de verificación de 6 dígitos que necesitas para iniciar sesión aunque no tengas tu iPhone. Para obtener más información, visita las páginas de Soporte técnico de Apple.""},""orderConfirmation"":{""agreementNumber"":""328426581988"",""coverageDurationStatement"":""Finaliza el 22/09/2028"",""termConditionURL"":""http://www.apple.com/legal/sales-support/"",""partNumber"":""SHMD3ZX/A"",""partAlias"":""ACPTL"",""partType"":""AC+TL"",""purchaseMode"":""C"",""appleCareSalesDate"":""23/09/2026"",""pocType"":""APOC"",""purchaseOrderNumber"":""66101084""}},""transactionId"":""81eccf51-b45f-413c-af9b-af000d25b2f4-1790200518551""}"
False;1324896;2026-09-23 18:56:36.440000;2026-09-23 00:00:00;20701030;CREATEORDER;SFJF0KMVRKQ;MJXV4BE/A;"{""orderDetailsResponses"":{""deviceEligibility"":{""secondaryDisplay"":""0"",""deviceDateOfPurchase"":""23/09/2026"",""deviceId"":""SFJF0KMVRKQ"",""registeredDevice"":""0"",""deviceErrorResponse"":{""errorCode"":""GRX-20024"",""errorMessage"":""Ya existe un AppleCare Plan para el dispositivo SFJF0KMVRKQ o está pendiente. Comprueba los detalles del pedido en la búsqueda 360 y ponte en contacto con el Soporte técnico de AppleCare Connect si necesitas más información.""},""pocType"":""APOC"",""serialNumber"":""FJF0KMVRKQ"",""partNumber"":""SHMP3ZX/A"",""partAlias"":""ACPTL"",""productDescription"":""iPhone 18 Pro Max"",""tlDisclosure"":""La cobertura de robo y pérdida requiere que tengas la función Buscar habilitada en tu dispositivo antes de que se pierda o te lo roben. Durante el proceso de reclamación, te pediremos que uses la función Buscar para poner el dispositivo perdido o robado en modo Perdido, borrarlo y transferir la propiedad a Apple para que podamos asignarte un nuevo dispositivo. Para asegurarte de que puedas iniciar sesión en Buscar y acceder a esta función, es importante que recuerdes tu ID de Apple y contraseña, y que mantengas la información de tu cuenta actualizada. Si usas la autenticación de doble factor para el ID de Apple, te recomendamos que añadas un número de teléfono adicional de confianza a tu cuenta en el que puedas recibir el código de verificación de 6 dígitos que necesitas para iniciar sesión aunque no tengas tu iPhone. Para obtener más información, visita las páginas de Soporte técnico de Apple.""}},""transactionId"":""5c32b881-cdc2-4484-ba85-7df60be17904-1790200595714""}"
True;5142890;2026-09-23 18:56:42.437000;2026-09-23 00:00:00;33901090;CREATEORDER;SGWK0V932PQ;MJXT4BE/A;"{""orderDetailsResponses"":{""deviceEligibility"":{""secondaryDisplay"":""0"",""partDescription"":""AppleCare+ con robo y pérdida para iPhone 18 Pro Max"",""coverageDuration"":""2"",""productStatement"":""Tu AppleCare+ con robo y pérdida para iPhone 18 Pro Max amplía la cobertura de servicio y soporte técnico a 2 años desde la fecha de compra de AppleCare+ con robo y pérdida e incluye cobertura para una cantidad ilimitada de incidentes por daño accidental debido a la manipulación del producto o un máximo de dos incidentes de robo y pérdida cada 12 meses, cada uno de ellos sujeto a un cargo adicional de R$28000  por los daños de la pantalla o la carcasa externa o de R$144000  por robo o pérdida o de R$96000  por Otros daños accidentales. Lee todos los detalles en los Términos y condiciones de AppleCare+."",""deviceDateOfPurchase"":""23/09/2026"",""deviceId"":""SGWK0V932PQ"",""registeredDevice"":""1"",""pocType"":""APOC"",""serialNumber"":""GWK0V932PQ"",""partNumber"":""SHMP3ZX/A"",""partAlias"":""ACPTL"",""purchaseMode"":""C"",""productDescription"":""iPhone 18 Pro Max"",""tlDisclosure"":""La cobertura de robo y pérdida requiere que tengas la función Buscar habilitada en tu dispositivo antes de que se pierda o te lo roben. Durante el proceso de reclamación, te pediremos que uses la función Buscar para poner el dispositivo perdido o robado en modo Perdido, borrarlo y transferir la propiedad a Apple para que podamos asignarte un nuevo dispositivo. Para asegurarte de que puedas iniciar sesión en Buscar y acceder a esta función, es importante que recuerdes tu ID de Apple y contraseña, y que mantengas la información de tu cuenta actualizada. Si usas la autenticación de doble factor para el ID de Apple, te recomendamos que añadas un número de teléfono adicional de confianza a tu cuenta en el que puedas recibir el código de verificación de 6 dígitos que necesitas para iniciar sesión aunque no tengas tu iPhone. Para obtener más información, visita las páginas de Soporte técnico de Apple.""},""orderConfirmation"":{""agreementNumber"":""328426661223"",""coverageDurationStatement"":""Finaliza el 22/09/2028"",""termConditionURL"":""http://www.apple.com/legal/sales-support/"",""partNumber"":""SHMP3ZX/A"",""partAlias"":""ACPTL"",""partType"":""AC+TL"",""purchaseMode"":""C"",""appleCareSalesDate"":""23/09/2026"",""pocType"":""APOC"",""purchaseOrderNumber"":""33901090""}},""transactionId"":""8f330387-4f38-4f00-be33-3150504f070c-1790200597585""}"
False;1324896;2026-09-23 18:57:10.587000;2026-09-23 00:00:00;20701030;CREATEORDER;SFJF0KMVRKQ;MJXV4BE/A;"{""orderDetailsResponses"":{""deviceEligibility"":{""secondaryDisplay"":""0"",""deviceDateOfPurchase"":""23/09/2026"",""deviceId"":""SFJF0KMVRKQ"",""registeredDevice"":""0"",""deviceErrorResponse"":{""errorCode"":""GRX-20024"",""errorMessage"":""Ya existe un AppleCare Plan para el dispositivo SFJF0KMVRKQ o está pendiente. Comprueba los detalles del pedido en la búsqueda 360 y ponte en contacto con el Soporte técnico de AppleCare Connect si necesitas más información.""},""pocType"":""APOC"",""serialNumber"":""FJF0KMVRKQ"",""partNumber"":""SHMP3ZX/A"",""partAlias"":""ACPTL"",""productDescription"":""iPhone 18 Pro Max"",""tlDisclosure"":""La cobertura de robo y pérdida requiere que tengas la función Buscar habilitada en tu dispositivo antes de que se pierda o te lo roben. Durante el proceso de reclamación, te pediremos que uses la función Buscar para poner el dispositivo perdido o robado en modo Perdido, borrarlo y transferir la propiedad a Apple para que podamos asignarte un nuevo dispositivo. Para asegurarte de que puedas iniciar sesión en Buscar y acceder a esta función, es importante que recuerdes tu ID de Apple y contraseña, y que mantengas la información de tu cuenta actualizada. Si usas la autenticación de doble factor para el ID de Apple, te recomendamos que añadas un número de teléfono adicional de confianza a tu cuenta en el que puedas recibir el código de verificación de 6 dígitos que necesitas para iniciar sesión aunque no tengas tu iPhone. Para obtener más información, visita las páginas de Soporte técnico de Apple.""}},""transactionId"":""720778ad-16bd-438e-8f4d-94346350aa43-1790200629778""}"
True;1340390;2026-09-23 18:59:15.747000;2026-09-23 00:00:00;10101021;VERIFYORDER;SHXTVFK32P1;MJRP4BE/A;"{""orderDetailsResponses"":{""deviceEligibility"":{""secondaryDisplay"":""0"",""partDescription"":""AppleCare+ con robo y pérdida para iPhone 18 Pro"",""coverageDuration"":""2"",""productStatement"":""Tu AppleCare+ con robo y pérdida para iPhone 18 Pro amplía la cobertura de servicio y soporte técnico a 2 años desde la fecha de compra de AppleCare+ con robo y pérdida e incluye cobertura para una cantidad ilimitada de incidentes por daño accidental debido a la manipulación del producto o un máximo de dos incidentes de robo y pérdida cada 12 meses, cada uno de ellos sujeto a un cargo adicional de R$28000  por los daños de la pantalla o la carcasa externa o de R$144000  por robo o pérdida o de R$96000  por Otros daños accidentales. Lee todos los detalles en los Términos y condiciones de AppleCare+."",""deviceDateOfPurchase"":""23/09/2026"",""deviceId"":""SHXTVFK32P1"",""registeredDevice"":""1"",""pocType"":""APOC"",""serialNumber"":""HXTVFK32P1"",""partNumber"":""SHMD3ZX/A"",""partAlias"":""ACPTL"",""purchaseMode"":""C"",""productDescription"":""iPhone 18 Pro"",""tlDisclosure"":""La cobertura de robo y pérdida requiere que tengas la función Buscar habilitada en tu dispositivo antes de que se pierda o te lo roben. Durante el proceso de reclamación, te pediremos que uses la función Buscar para poner el dispositivo perdido o robado en modo Perdido, borrarlo y transferir la propiedad a Apple para que podamos asignarte un nuevo dispositivo. Para asegurarte de que puedas iniciar sesión en Buscar y acceder a esta función, es importante que recuerdes tu ID de Apple y contraseña, y que mantengas la información de tu cuenta actualizada. Si usas la autenticación de doble factor para el ID de Apple, te recomendamos que añadas un número de teléfono adicional de confianza a tu cuenta en el que puedas recibir el código de verificación de 6 dígitos que necesitas para iniciar sesión aunque no tengas tu iPhone. Para obtener más información, visita las páginas de Soporte técnico de Apple.""}},""transactionId"":""b25fa342-4216-4e7d-8021-990f3e0b4384-1790200755258""}"
True;1324952;2026-09-23 19:00:16.850000;2026-09-23 00:00:00;19001032;VERIFYORDER;SGL61H4H95H;MHFJ4CI/A;"{""orderDetailsResponses"":{""deviceEligibility"":{""secondaryDisplay"":""0"",""partDescription"":""AppleCare+ para 13-inch MacBook Neo (A18PRO)"",""coverageDuration"":""3"",""productStatement"":""AppleCare+ para 13-inch MacBook Neo (A18PRO) amplía la cobertura de servicio y soporte técnico a 3 años desde la fecha de compra de AppleCare+ e incluye cobertura para una cantidad ilimitada de incidentes por daño accidental debido a la manipulación del producto, cada uno de ellos sujeto a un cargo adicional de R$51990  por daños en la pantalla o la carcasa externa o de R$156990  por Otros daños accidentales. Lee todos los detalles en los Términos y condiciones de AppleCare+."",""deviceDateOfPurchase"":""23/09/2026"",""deviceId"":""SGL61H4H95H"",""registeredDevice"":""1"",""pocType"":""APOC"",""serialNumber"":""GL61H4H95H"",""partNumber"":""SD0T3ZX/A"",""partAlias"":""ACP"",""purchaseMode"":""C"",""productDescription"":""MacBook Neo""}},""transactionId"":""ec5a275f-1d3b-4485-b7f4-8d0536a9a44e-1790200816354""}"
True;5134888;2026-09-23 19:00:49.603000;2026-09-23 00:00:00;57401104;VERIFYORDER;sfyp121fqxn;MHFD4CI/A;"{""orderDetailsResponses"":{""deviceEligibility"":{""secondaryDisplay"":""0"",""partDescription"":""AppleCare+ para 13-inch MacBook Neo (A18PRO)"",""coverageDuration"":""3"",""productStatement"":""AppleCare+ para 13-inch MacBook Neo (A18PRO) amplía la cobertura de servicio y soporte técnico a 3 años desde la fecha de compra de AppleCare+ e incluye cobertura para una cantidad ilimitada de incidentes por daño accidental debido a la manipulación del producto, cada uno de ellos sujeto a un cargo adicional de R$51990  por daños en la pantalla o la carcasa externa o de R$156990  por Otros daños accidentales. Lee todos los detalles en los Términos y condiciones de AppleCare+."",""deviceDateOfPurchase"":""23/09/2026"",""deviceId"":""SFYP121FQXN"",""registeredDevice"":""1"",""pocType"":""APOC"",""serialNumber"":""FYP121FQXN"",""partNumber"":""SD0T3ZX/A"",""partAlias"":""ACP"",""purchaseMode"":""C"",""productDescription"":""MacBook Neo""}},""transactionId"":""eee81a6a-c953-4874-95ae-e62f371dfd1d-1790200849089""}"
False;1324896;2026-09-23 19:01:33.953000;2026-09-23 00:00:00;20701030;CREATEORDER;SFJF0KMVRKQ;MJXV4BE/A;"{""orderDetailsResponses"":{""deviceEligibility"":{""secondaryDisplay"":""0"",""deviceDateOfPurchase"":""23/09/2026"",""deviceId"":""SFJF0KMVRKQ"",""registeredDevice"":""0"",""deviceErrorResponse"":{""errorCode"":""GRX-20024"",""errorMessage"":""Ya existe un AppleCare Plan para el dispositivo SFJF0KMVRKQ o está pendiente. Comprueba los detalles del pedido en la búsqueda 360 y ponte en contacto con el Soporte técnico de AppleCare Connect si necesitas más información.""},""pocType"":""APOC"",""serialNumber"":""FJF0KMVRKQ"",""partNumber"":""SHMP3ZX/A"",""partAlias"":""ACPTL"",""productDescription"":""iPhone 18 Pro Max"",""tlDisclosure"":""La cobertura de robo y pérdida requiere que tengas la función Buscar habilitada en tu dispositivo antes de que se pierda o te lo roben. Durante el proceso de reclamación, te pediremos que uses la función Buscar para poner el dispositivo perdido o robado en modo Perdido, borrarlo y transferir la propiedad a Apple para que podamos asignarte un nuevo dispositivo. Para asegurarte de que puedas iniciar sesión en Buscar y acceder a esta función, es importante que recuerdes tu ID de Apple y contraseña, y que mantengas la información de tu cuenta actualizada. Si usas la autenticación de doble factor para el ID de Apple, te recomendamos que añadas un número de teléfono adicional de confianza a tu cuenta en el que puedas recibir el código de verificación de 6 dígitos que necesitas para iniciar sesión aunque no tengas tu iPhone. Para obtener más información, visita las páginas de Soporte técnico de Apple.""}},""transactionId"":""547149f3-6b57-487b-8738-8a0e2d0834c2-1790200893093""}"
True;1324952;2026-09-23 19:02:09.180000;2026-09-23 00:00:00;19001032;CREATEORDER;SGL61H4H95H;MHFJ4CI/A;"{""orderDetailsResponses"":{""deviceEligibility"":{""secondaryDisplay"":""0"",""partDescription"":""AppleCare+ para 13-inch MacBook Neo (A18PRO)"",""coverageDuration"":""3"",""productStatement"":""AppleCare+ para 13-inch MacBook Neo (A18PRO) amplía la cobertura de servicio y soporte técnico a 3 años desde la fecha de compra de AppleCare+ e incluye cobertura para una cantidad ilimitada de incidentes por daño accidental debido a la manipulación del producto, cada uno de ellos sujeto a un cargo adicional de R$51990  por daños en la pantalla o la carcasa externa o de R$156990  por Otros daños accidentales. Lee todos los detalles en los Términos y condiciones de AppleCare+."",""deviceDateOfPurchase"":""23/09/2026"",""deviceId"":""SGL61H4H95H"",""registeredDevice"":""1"",""pocType"":""APOC"",""serialNumber"":""GL61H4H95H"",""partNumber"":""SD0T3ZX/A"",""partAlias"":""ACP"",""purchaseMode"":""C"",""productDescription"":""MacBook Neo""},""orderConfirmation"":{""agreementNumber"":""328426661294"",""coverageDurationStatement"":""Finaliza el 22/09/2029"",""termConditionURL"":""http://www.apple.com/legal/sales-support/"",""partNumber"":""SD0T3ZX/A"",""partAlias"":""ACP"",""partType"":""AppleCare+"",""purchaseMode"":""C"",""appleCareSalesDate"":""23/09/2026"",""pocType"":""APOC"",""purchaseOrderNumber"":""19001032""}},""transactionId"":""d38ada77-5001-4e50-8b39-d17beff3abf0-1790200923751""}"
False;1324896;2026-09-23 19:02:09.270000;2026-09-23 00:00:00;20701030;CREATEORDER;SFJF0KMVRKQ;MJXV4BE/A;"{""orderDetailsResponses"":{""deviceEligibility"":{""secondaryDisplay"":""0"",""deviceDateOfPurchase"":""23/09/2026"",""deviceId"":""SFJF0KMVRKQ"",""registeredDevice"":""0"",""deviceErrorResponse"":{""errorCode"":""GRX-20024"",""errorMessage"":""Ya existe un AppleCare Plan para el dispositivo SFJF0KMVRKQ o está pendiente. Comprueba los detalles del pedido en la búsqueda 360 y ponte en contacto con el Soporte técnico de AppleCare Connect si necesitas más información.""},""pocType"":""APOC"",""serialNumber"":""FJF0KMVRKQ"",""partNumber"":""SHMP3ZX/A"",""partAlias"":""ACPTL"",""productDescription"":""iPhone 18 Pro Max"",""tlDisclosure"":""La cobertura de robo y pérdida requiere que tengas la función Buscar habilitada en tu dispositivo antes de que se pierda o te lo roben. Durante el proceso de reclamación, te pediremos que uses la función Buscar para poner el dispositivo perdido o robado en modo Perdido, borrarlo y transferir la propiedad a Apple para que podamos asignarte un nuevo dispositivo. Para asegurarte de que puedas iniciar sesión en Buscar y acceder a esta función, es importante que recuerdes tu ID de Apple y contraseña, y que mantengas la información de tu cuenta actualizada. Si usas la autenticación de doble factor para el ID de Apple, te recomendamos que añadas un número de teléfono adicional de confianza a tu cuenta en el que puedas recibir el código de verificación de 6 dígitos que necesitas para iniciar sesión aunque no tengas tu iPhone. Para obtener más información, visita las páginas de Soporte técnico de Apple.""}},""transactionId"":""74cece6f-1eb6-4fcc-95fb-d2130af7a530-1790200928528""}"
True;1340390;2026-09-23 19:02:34.963000;2026-09-23 00:00:00;10101021;CREATEORDER;SHXTVFK32P1;MJRP4BE/A;"{""orderDetailsResponses"":{""deviceEligibility"":{""secondaryDisplay"":""0"",""partDescription"":""AppleCare+ con robo y pérdida para iPhone 18 Pro"",""coverageDuration"":""2"",""productStatement"":""Tu AppleCare+ con robo y pérdida para iPhone 18 Pro amplía la cobertura de servicio y soporte técnico a 2 años desde la fecha de compra de AppleCare+ con robo y pérdida e incluye cobertura para una cantidad ilimitada de incidentes por daño accidental debido a la manipulación del producto o un máximo de dos incidentes de robo y pérdida cada 12 meses, cada uno de ellos sujeto a un cargo adicional de R$28000  por los daños de la pantalla o la carcasa externa o de R$144000  por robo o pérdida o de R$96000  por Otros daños accidentales. Lee todos los detalles en los Términos y condiciones de AppleCare+."",""deviceDateOfPurchase"":""23/09/2026"",""deviceId"":""SHXTVFK32P1"",""registeredDevice"":""1"",""pocType"":""APOC"",""serialNumber"":""HXTVFK32P1"",""partNumber"":""SHMD3ZX/A"",""partAlias"":""ACPTL"",""purchaseMode"":""C"",""productDescription"":""iPhone 18 Pro"",""tlDisclosure"":""La cobertura de robo y pérdida requiere que tengas la función Buscar habilitada en tu dispositivo antes de que se pierda o te lo roben. Durante el proceso de reclamación, te pediremos que uses la función Buscar para poner el dispositivo perdido o robado en modo Perdido, borrarlo y transferir la propiedad a Apple para que podamos asignarte un nuevo dispositivo. Para asegurarte de que puedas iniciar sesión en Buscar y acceder a esta función, es importante que recuerdes tu ID de Apple y contraseña, y que mantengas la información de tu cuenta actualizada. Si usas la autenticación de doble factor para el ID de Apple, te recomendamos que añadas un número de teléfono adicional de confianza a tu cuenta en el que puedas recibir el código de verificación de 6 dígitos que necesitas para iniciar sesión aunque no tengas tu iPhone. Para obtener más información, visita las páginas de Soporte técnico de Apple.""},""orderConfirmation"":{""agreementNumber"":""328426660438"",""coverageDurationStatement"":""Finaliza el 22/09/2028"",""termConditionURL"":""http://www.apple.com/legal/sales-support/"",""partNumber"":""SHMD3ZX/A"",""partAlias"":""ACPTL"",""partType"":""AC+TL"",""purchaseMode"":""C"",""appleCareSalesDate"":""23/09/2026"",""pocType"":""APOC"",""purchaseOrderNumber"":""10101021""}},""transactionId"":""c1a97478-e700-4d01-a730-43a46e00b89a-1790200949519""}"
True;4857405;2026-09-23 19:04:13.993000;2026-09-23 00:00:00;6401050;VERIFYORDER;SMCYQD6PXJ6;MKFT4AM/A;"{""orderDetailsResponses"":{""deviceEligibility"":{""secondaryDisplay"":""0"",""partDescription"":""AppleCare+ para AirPods"",""coverageDuration"":""2"",""productStatement"":""AppleCare+ para AirPods amplía la cobertura de servicio y soporte técnico a 2 años desde la fecha de compra de AppleCare+ e incluye cobertura para una cantidad ilimitada de incidentes por daño accidental debido a la manipulación del producto, cada uno de ellos sujeto a un cargo adicional de CLP28000 . Lee todos los detalles en los Términos y condiciones de AppleCare+."",""deviceDateOfPurchase"":""23/09/2026"",""deviceId"":""SMCYQD6PXJ6"",""registeredDevice"":""1"",""pocType"":""APOC"",""serialNumber"":""MCYQD6PXJ6"",""partNumber"":""S9066ZX/A"",""partAlias"":""ACP"",""purchaseMode"":""C"",""productDescription"":""AirPods 5 (Wireless Charging)""}},""transactionId"":""79ec41a2-56c0-4bc5-9a61-c94a1a2f4529-1790201053403""}"
True;5152095;2026-09-23 19:04:50.197000;2026-09-23 00:00:00;101164;VERIFYORDER;SLY0J61HJRQ;MJRR4BE/A;"{""orderDetailsResponses"":{""deviceEligibility"":{""secondaryDisplay"":""0"",""partDescription"":""AppleCare+ con robo y pérdida para iPhone 18 Pro"",""coverageDuration"":""2"",""productStatement"":""Tu AppleCare+ con robo y pérdida para iPhone 18 Pro amplía la cobertura de servicio y soporte técnico a 2 años desde la fecha de compra de AppleCare+ con robo y pérdida e incluye cobertura para una cantidad ilimitada de incidentes por daño accidental debido a la manipulación del producto o un máximo de dos incidentes de robo y pérdida cada 12 meses, cada uno de ellos sujeto a un cargo adicional de R$28000  por los daños de la pantalla o la carcasa externa o de R$144000  por robo o pérdida o de R$96000  por Otros daños accidentales. Lee todos los detalles en los Términos y condiciones de AppleCare+."",""deviceDateOfPurchase"":""23/09/2026"",""deviceId"":""SLY0J61HJRQ"",""registeredDevice"":""1"",""pocType"":""APOC"",""serialNumber"":""LY0J61HJRQ"",""partNumber"":""SHMD3ZX/A"",""partAlias"":""ACPTL"",""purchaseMode"":""C"",""productDescription"":""iPhone 18 Pro"",""tlDisclosure"":""La cobertura de robo y pérdida requiere que tengas la función Buscar habilitada en tu dispositivo antes de que se pierda o te lo roben. Durante el proceso de reclamación, te pediremos que uses la función Buscar para poner el dispositivo perdido o robado en modo Perdido, borrarlo y transferir la propiedad a Apple para que podamos asignarte un nuevo dispositivo. Para asegurarte de que puedas iniciar sesión en Buscar y acceder a esta función, es importante que recuerdes tu ID de Apple y contraseña, y que mantengas la información de tu cuenta actualizada. Si usas la autenticación de doble factor para el ID de Apple, te recomendamos que añadas un número de teléfono adicional de confianza a tu cuenta en el que puedas recibir el código de verificación de 6 dígitos que necesitas para iniciar sesión aunque no tengas tu iPhone. Para obtener más información, visita las páginas de Soporte técnico de Apple.""}},""transactionId"":""85a14607-c636-4122-a202-c0e4737a295f-1790201089707""}"
True;5134888;2026-09-23 19:04:53.720000;2026-09-23 00:00:00;57401104;CREATEORDER;sfyp121fqxn;MHFD4CI/A;"{""orderDetailsResponses"":{""deviceEligibility"":{""secondaryDisplay"":""0"",""partDescription"":""AppleCare+ para 13-inch MacBook Neo (A18PRO)"",""coverageDuration"":""3"",""productStatement"":""AppleCare+ para 13-inch MacBook Neo (A18PRO) amplía la cobertura de servicio y soporte técnico a 3 años desde la fecha de compra de AppleCare+ e incluye cobertura para una cantidad ilimitada de incidentes por daño accidental debido a la manipulación del producto, cada uno de ellos sujeto a un cargo adicional de R$51990  por daños en la pantalla o la carcasa externa o de R$156990  por Otros daños accidentales. Lee todos los detalles en los Términos y condiciones de AppleCare+."",""deviceDateOfPurchase"":""23/09/2026"",""deviceId"":""SFYP121FQXN"",""registeredDevice"":""1"",""pocType"":""APOC"",""serialNumber"":""FYP121FQXN"",""partNumber"":""SD0T3ZX/A"",""partAlias"":""ACP"",""purchaseMode"":""C"",""productDescription"":""MacBook Neo""},""orderConfirmation"":{""agreementNumber"":""328426682059"",""coverageDurationStatement"":""Finaliza el 22/09/2029"",""termConditionURL"":""http://www.apple.com/legal/sales-support/"",""partNumber"":""SD0T3ZX/A"",""partAlias"":""ACP"",""partType"":""AppleCare+"",""purchaseMode"":""C"",""appleCareSalesDate"":""23/09/2026"",""pocType"":""APOC"",""purchaseOrderNumber"":""57401104""}},""transactionId"":""74a2297d-6bb2-49b3-a1a4-ef71f448bca3-1790201086701""}"
True;5120688;2026-09-23 19:05:17.667000;2026-09-23 00:00:00;64601082;VERIFYORDER;shqy9jwpygr;MJT04BE/A;"{""orderDetailsResponses"":{""deviceEligibility"":{""secondaryDisplay"":""0"",""partDescription"":""AppleCare+ con robo y pérdida para iPhone 18 Pro"",""coverageDuration"":""2"",""productStatement"":""Tu AppleCare+ con robo y pérdida para iPhone 18 Pro amplía la cobertura de servicio y soporte técnico a 2 años desde la fecha de compra de AppleCare+ con robo y pérdida e incluye cobertura para una cantidad ilimitada de incidentes por daño accidental debido a la manipulación del producto o un máximo de dos incidentes de robo y pérdida cada 12 meses, cada uno de ellos sujeto a un cargo adicional de R$28000  por los daños de la pantalla o la carcasa externa o de R$144000  por robo o pérdida o de R$96000  por Otros daños accidentales. Lee todos los detalles en los Términos y condiciones de AppleCare+."",""deviceDateOfPurchase"":""23/09/2026"",""deviceId"":""SHQY9JWPYGR"",""registeredDevice"":""1"",""pocType"":""APOC"",""serialNumber"":""HQY9JWPYGR"",""partNumber"":""SHMD3ZX/A"",""partAlias"":""ACPTL"",""purchaseMode"":""C"",""productDescription"":""iPhone 18 Pro"",""tlDisclosure"":""La cobertura de robo y pérdida requiere que tengas la función Buscar habilitada en tu dispositivo antes de que se pierda o te lo roben. Durante el proceso de reclamación, te pediremos que uses la función Buscar para poner el dispositivo perdido o robado en modo Perdido, borrarlo y transferir la propiedad a Apple para que podamos asignarte un nuevo dispositivo. Para asegurarte de que puedas iniciar sesión en Buscar y acceder a esta función, es importante que recuerdes tu ID de Apple y contraseña, y que mantengas la información de tu cuenta actualizada. Si usas la autenticación de doble factor para el ID de Apple, te recomendamos que añadas un número de teléfono adicional de confianza a tu cuenta en el que puedas recibir el código de verificación de 6 dígitos que necesitas para iniciar sesión aunque no tengas tu iPhone. Para obtener más información, visita las páginas de Soporte técnico de Apple.""}},""transactionId"":""a953c421-a90d-47a3-99d5-c51194584035-1790201117149""}"
True;4857405;2026-09-23 19:05:57.290000;2026-09-23 00:00:00;6401050;CREATEORDER;SMCYQD6PXJ6;MKFT4AM/A;"{""orderDetailsResponses"":{""deviceEligibility"":{""secondaryDisplay"":""0"",""partDescription"":""AppleCare+ para AirPods"",""coverageDuration"":""2"",""productStatement"":""AppleCare+ para AirPods amplía la cobertura de servicio y soporte técnico a 2 años desde la fecha de compra de AppleCare+ e incluye cobertura para una cantidad ilimitada de incidentes por daño accidental debido a la manipulación del producto, cada uno de ellos sujeto a un cargo adicional de CLP28000 . Lee todos los detalles en los Términos y condiciones de AppleCare+."",""deviceDateOfPurchase"":""23/09/2026"",""deviceId"":""SMCYQD6PXJ6"",""registeredDevice"":""1"",""pocType"":""APOC"",""serialNumber"":""MCYQD6PXJ6"",""partNumber"":""S9066ZX/A"",""purchaseMode"":""C"",""productDescription"":""AirPods 5 (Wireless Charging)""},""orderConfirmation"":{""agreementNumber"":""328426660460"",""coverageDurationStatement"":""Finaliza el 22/09/2028"",""termConditionURL"":""http://www.apple.com/legal/sales-support/"",""partNumber"":""S9066ZX/A"",""partType"":""AppleCare+"",""purchaseMode"":""C"",""appleCareSalesDate"":""23/09/2026"",""pocType"":""APOC"",""purchaseOrderNumber"":""6401050""}},""transactionId"":""1d779353-dfe9-463d-a2ed-84f09cf1c49a-1790201152135""}"
False;1324896;2026-09-23 19:06:28.697000;2026-09-23 00:00:00;20701030;CREATEORDER;SFJF0KMVRKQ;MJXV4BE/A;"{""orderDetailsResponses"":{""deviceEligibility"":{""secondaryDisplay"":""0"",""deviceDateOfPurchase"":""23/09/2026"",""deviceId"":""SFJF0KMVRKQ"",""registeredDevice"":""0"",""deviceErrorResponse"":{""errorCode"":""GRX-20024"",""errorMessage"":""Ya existe un AppleCare Plan para el dispositivo SFJF0KMVRKQ o está pendiente. Comprueba los detalles del pedido en la búsqueda 360 y ponte en contacto con el Soporte técnico de AppleCare Connect si necesitas más información.""},""pocType"":""APOC"",""serialNumber"":""FJF0KMVRKQ"",""partNumber"":""SHMP3ZX/A"",""partAlias"":""ACPTL"",""productDescription"":""iPhone 18 Pro Max"",""tlDisclosure"":""La cobertura de robo y pérdida requiere que tengas la función Buscar habilitada en tu dispositivo antes de que se pierda o te lo roben. Durante el proceso de reclamación, te pediremos que uses la función Buscar para poner el dispositivo perdido o robado en modo Perdido, borrarlo y transferir la propiedad a Apple para que podamos asignarte un nuevo dispositivo. Para asegurarte de que puedas iniciar sesión en Buscar y acceder a esta función, es importante que recuerdes tu ID de Apple y contraseña, y que mantengas la información de tu cuenta actualizada. Si usas la autenticación de doble factor para el ID de Apple, te recomendamos que añadas un número de teléfono adicional de confianza a tu cuenta en el que puedas recibir el código de verificación de 6 dígitos que necesitas para iniciar sesión aunque no tengas tu iPhone. Para obtener más información, visita las páginas de Soporte técnico de Apple.""}},""transactionId"":""30044904-1a05-40e5-b4f8-4e6ba8d43b14-1790201187900""}"
True;1335804;2026-09-23 19:06:41.580000;2026-09-23 00:00:00;501169;VERIFYORDER;sfc43v4l4wl;MHFJ4CI/A;"{""orderDetailsResponses"":{""deviceEligibility"":{""secondaryDisplay"":""0"",""partDescription"":""AppleCare+ para 13-inch MacBook Neo (A18PRO)"",""coverageDuration"":""3"",""productStatement"":""AppleCare+ para 13-inch MacBook Neo (A18PRO) amplía la cobertura de servicio y soporte técnico a 3 años desde la fecha de compra de AppleCare+ e incluye cobertura para una cantidad ilimitada de incidentes por daño accidental debido a la manipulación del producto, cada uno de ellos sujeto a un cargo adicional de R$51990  por daños en la pantalla o la carcasa externa o de R$156990  por Otros daños accidentales. Lee todos los detalles en los Términos y condiciones de AppleCare+."",""deviceDateOfPurchase"":""23/09/2026"",""deviceId"":""SFC43V4L4WL"",""registeredDevice"":""1"",""pocType"":""APOC"",""serialNumber"":""FC43V4L4WL"",""partNumber"":""SD0T3ZX/A"",""partAlias"":""ACP"",""purchaseMode"":""C"",""productDescription"":""MacBook Neo""}},""transactionId"":""0aa7c5e4-9caa-4a24-86c8-afe29372c1d4-1790201201034""}"
True;5120688;2026-09-23 19:06:46.327000;2026-09-23 00:00:00;64601082;CREATEORDER;shqy9jwpygr;MJT04BE/A;"{""orderDetailsResponses"":{""deviceEligibility"":{""secondaryDisplay"":""0"",""partDescription"":""AppleCare+ con robo y pérdida para iPhone 18 Pro"",""coverageDuration"":""2"",""productStatement"":""Tu AppleCare+ con robo y pérdida para iPhone 18 Pro amplía la cobertura de servicio y soporte técnico a 2 años desde la fecha de compra de AppleCare+ con robo y pérdida e incluye cobertura para una cantidad ilimitada de incidentes por daño accidental debido a la manipulación del producto o un máximo de dos incidentes de robo y pérdida cada 12 meses, cada uno de ellos sujeto a un cargo adicional de R$28000  por los daños de la pantalla o la carcasa externa o de R$144000  por robo o pérdida o de R$96000  por Otros daños accidentales. Lee todos los detalles en los Términos y condiciones de AppleCare+."",""deviceDateOfPurchase"":""23/09/2026"",""deviceId"":""SHQY9JWPYGR"",""registeredDevice"":""1"",""pocType"":""APOC"",""serialNumber"":""HQY9JWPYGR"",""partNumber"":""SHMD3ZX/A"",""partAlias"":""ACPTL"",""purchaseMode"":""C"",""productDescription"":""iPhone 18 Pro"",""tlDisclosure"":""La cobertura de robo y pérdida requiere que tengas la función Buscar habilitada en tu dispositivo antes de que se pierda o te lo roben. Durante el proceso de reclamación, te pediremos que uses la función Buscar para poner el dispositivo perdido o robado en modo Perdido, borrarlo y transferir la propiedad a Apple para que podamos asignarte un nuevo dispositivo. Para asegurarte de que puedas iniciar sesión en Buscar y acceder a esta función, es importante que recuerdes tu ID de Apple y contraseña, y que mantengas la información de tu cuenta actualizada. Si usas la autenticación de doble factor para el ID de Apple, te recomendamos que añadas un número de teléfono adicional de confianza a tu cuenta en el que puedas recibir el código de verificación de 6 dígitos que necesitas para iniciar sesión aunque no tengas tu iPhone. Para obtener más información, visita las páginas de Soporte técnico de Apple.""},""orderConfirmation"":{""agreementNumber"":""328426660465"",""coverageDurationStatement"":""Finaliza el 22/09/2028"",""termConditionURL"":""http://www.apple.com/legal/sales-support/"",""partNumber"":""SHMD3ZX/A"",""partAlias"":""ACPTL"",""partType"":""AC+TL"",""purchaseMode"":""C"",""appleCareSalesDate"":""23/09/2026"",""pocType"":""APOC"",""purchaseOrderNumber"":""64601082""}},""transactionId"":""15280c7f-cd34-4894-9652-f57836969827-1790201201018""}"
False;1324896;2026-09-23 19:07:06.050000;2026-09-23 00:00:00;20701030;CREATEORDER;SFJF0KMVRKQ;MJXV4BE/A;"{""orderDetailsResponses"":{""deviceEligibility"":{""secondaryDisplay"":""0"",""deviceDateOfPurchase"":""23/09/2026"",""deviceId"":""SFJF0KMVRKQ"",""registeredDevice"":""0"",""deviceErrorResponse"":{""errorCode"":""GRX-20024"",""errorMessage"":""Ya existe un AppleCare Plan para el dispositivo SFJF0KMVRKQ o está pendiente. Comprueba los detalles del pedido en la búsqueda 360 y ponte en contacto con el Soporte técnico de AppleCare Connect si necesitas más información.""},""pocType"":""APOC"",""serialNumber"":""FJF0KMVRKQ"",""partNumber"":""SHMP3ZX/A"",""partAlias"":""ACPTL"",""productDescription"":""iPhone 18 Pro Max"",""tlDisclosure"":""La cobertura de robo y pérdida requiere que tengas la función Buscar habilitada en tu dispositivo antes de que se pierda o te lo roben. Durante el proceso de reclamación, te pediremos que uses la función Buscar para poner el dispositivo perdido o robado en modo Perdido, borrarlo y transferir la propiedad a Apple para que podamos asignarte un nuevo dispositivo. Para asegurarte de que puedas iniciar sesión en Buscar y acceder a esta función, es importante que recuerdes tu ID de Apple y contraseña, y que mantengas la información de tu cuenta actualizada. Si usas la autenticación de doble factor para el ID de Apple, te recomendamos que añadas un número de teléfono adicional de confianza a tu cuenta en el que puedas recibir el código de verificación de 6 dígitos que necesitas para iniciar sesión aunque no tengas tu iPhone. Para obtener más información, visita las páginas de Soporte técnico de Apple.""}},""transactionId"":""ff4419ab-bd90-4725-a1ad-1ee26249ed0a-1790201225308""}"
True;5198020;2026-09-23 19:08:35.143000;2026-09-23 00:00:00;24701065;VERIFYORDER;scv5hxv649r;MHWK4BE/A;"{""orderDetailsResponses"":{""deviceEligibility"":{""secondaryDisplay"":""0"",""partDescription"":""AppleCare+ para AirPods Max"",""coverageDuration"":""2"",""productStatement"":""AppleCare+ para AirPods Max amplía la cobertura de servicio y soporte técnico a 2 años desde la fecha de compra de AppleCare+ e incluye cobertura para una cantidad ilimitada de incidentes por daño accidental debido a la manipulación del producto, cada uno de ellos sujeto a un cargo adicional de CLP28000 . Lee todos los detalles en los Términos y condiciones de AppleCare+."",""deviceDateOfPurchase"":""23/09/2026"",""deviceId"":""SCV5HXV649R"",""registeredDevice"":""1"",""pocType"":""APOC"",""serialNumber"":""CV5HXV649R"",""partNumber"":""S9086ZX/A"",""partAlias"":""ACP"",""purchaseMode"":""C"",""productDescription"":""AirPods Max 2""}},""transactionId"":""201e16a4-56df-4c3a-9605-4adb782b3dd3-1790201314613""}"
True;5152095;2026-09-23 19:10:14.073000;2026-09-23 00:00:00;101164;CREATEORDER;SLY0J61HJRQ;MJRR4BE/A;"{""orderDetailsResponses"":{""deviceEligibility"":{""secondaryDisplay"":""0"",""partDescription"":""AppleCare+ con robo y pérdida para iPhone 18 Pro"",""coverageDuration"":""2"",""productStatement"":""Tu AppleCare+ con robo y pérdida para iPhone 18 Pro amplía la cobertura de servicio y soporte técnico a 2 años desde la fecha de compra de AppleCare+ con robo y pérdida e incluye cobertura para una cantidad ilimitada de incidentes por daño accidental debido a la manipulación del producto o un máximo de dos incidentes de robo y pérdida cada 12 meses, cada uno de ellos sujeto a un cargo adicional de R$28000  por los daños de la pantalla o la carcasa externa o de R$144000  por robo o pérdida o de R$96000  por Otros daños accidentales. Lee todos los detalles en los Términos y condiciones de AppleCare+."",""deviceDateOfPurchase"":""23/09/2026"",""deviceId"":""SLY0J61HJRQ"",""registeredDevice"":""1"",""pocType"":""APOC"",""serialNumber"":""LY0J61HJRQ"",""partNumber"":""SHMD3ZX/A"",""partAlias"":""ACPTL"",""purchaseMode"":""C"",""productDescription"":""iPhone 18 Pro"",""tlDisclosure"":""La cobertura de robo y pérdida requiere que tengas la función Buscar habilitada en tu dispositivo antes de que se pierda o te lo roben. Durante el proceso de reclamación, te pediremos que uses la función Buscar para poner el dispositivo perdido o robado en modo Perdido, borrarlo y transferir la propiedad a Apple para que podamos asignarte un nuevo dispositivo. Para asegurarte de que puedas iniciar sesión en Buscar y acceder a esta función, es importante que recuerdes tu ID de Apple y contraseña, y que mantengas la información de tu cuenta actualizada. Si usas la autenticación de doble factor para el ID de Apple, te recomendamos que añadas un número de teléfono adicional de confianza a tu cuenta en el que puedas recibir el código de verificación de 6 dígitos que necesitas para iniciar sesión aunque no tengas tu iPhone. Para obtener más información, visita las páginas de Soporte técnico de Apple.""},""orderConfirmation"":{""agreementNumber"":""328426620681"",""coverageDurationStatement"":""Finaliza el 22/09/2028"",""termConditionURL"":""http://www.apple.com/legal/sales-support/"",""partNumber"":""SHMD3ZX/A"",""partAlias"":""ACPTL"",""partType"":""AC+TL"",""purchaseMode"":""C"",""appleCareSalesDate"":""23/09/2026"",""pocType"":""APOC"",""purchaseOrderNumber"":""101164""}},""transactionId"":""243fa494-edd4-4da0-a599-3cb00c485687-1790201409190""}"
True;1326989;2026-09-23 19:10:35.310000;2026-09-23 00:00:00;1101160;VERIFYORDER;SK9VD75777C;MJXT4BE/A;"{""orderDetailsResponses"":{""deviceEligibility"":{""secondaryDisplay"":""0"",""partDescription"":""AppleCare+ con robo y pérdida para iPhone 18 Pro Max"",""coverageDuration"":""2"",""productStatement"":""Tu AppleCare+ con robo y pérdida para iPhone 18 Pro Max amplía la cobertura de servicio y soporte técnico a 2 años desde la fecha de compra de AppleCare+ con robo y pérdida e incluye cobertura para una cantidad ilimitada de incidentes por daño accidental debido a la manipulación del producto o un máximo de dos incidentes de robo y pérdida cada 12 meses, cada uno de ellos sujeto a un cargo adicional de R$28000  por los daños de la pantalla o la carcasa externa o de R$144000  por robo o pérdida o de R$96000  por Otros daños accidentales. Lee todos los detalles en los Términos y condiciones de AppleCare+."",""deviceDateOfPurchase"":""23/09/2026"",""deviceId"":""SK9VD75777C"",""registeredDevice"":""1"",""pocType"":""APOC"",""serialNumber"":""K9VD75777C"",""partNumber"":""SHMP3ZX/A"",""partAlias"":""ACPTL"",""purchaseMode"":""C"",""productDescription"":""iPhone 18 Pro Max"",""tlDisclosure"":""La cobertura de robo y pérdida requiere que tengas la función Buscar habilitada en tu dispositivo antes de que se pierda o te lo roben. Durante el proceso de reclamación, te pediremos que uses la función Buscar para poner el dispositivo perdido o robado en modo Perdido, borrarlo y transferir la propiedad a Apple para que podamos asignarte un nuevo dispositivo. Para asegurarte de que puedas iniciar sesión en Buscar y acceder a esta función, es importante que recuerdes tu ID de Apple y contraseña, y que mantengas la información de tu cuenta actualizada. Si usas la autenticación de doble factor para el ID de Apple, te recomendamos que añadas un número de teléfono adicional de confianza a tu cuenta en el que puedas recibir el código de verificación de 6 dígitos que necesitas para iniciar sesión aunque no tengas tu iPhone. Para obtener más información, visita las páginas de Soporte técnico de Apple.""}},""transactionId"":""48e209f1-cf6b-420c-ba83-7dad944df19d-1790201434820""}"
False;1324896;2026-09-23 19:11:36.253000;2026-09-23 00:00:00;20701030;CREATEORDER;SFJF0KMVRKQ;MJXV4BE/A;"{""orderDetailsResponses"":{""deviceEligibility"":{""secondaryDisplay"":""0"",""deviceDateOfPurchase"":""23/09/2026"",""deviceId"":""SFJF0KMVRKQ"",""registeredDevice"":""0"",""deviceErrorResponse"":{""errorCode"":""GRX-20024"",""errorMessage"":""Ya existe un AppleCare Plan para el dispositivo SFJF0KMVRKQ o está pendiente. Comprueba los detalles del pedido en la búsqueda 360 y ponte en contacto con el Soporte técnico de AppleCare Connect si necesitas más información.""},""pocType"":""APOC"",""serialNumber"":""FJF0KMVRKQ"",""partNumber"":""SHMP3ZX/A"",""partAlias"":""ACPTL"",""productDescription"":""iPhone 18 Pro Max"",""tlDisclosure"":""La cobertura de robo y pérdida requiere que tengas la función Buscar habilitada en tu dispositivo antes de que se pierda o te lo roben. Durante el proceso de reclamación, te pediremos que uses la función Buscar para poner el dispositivo perdido o robado en modo Perdido, borrarlo y transferir la propiedad a Apple para que podamos asignarte un nuevo dispositivo. Para asegurarte de que puedas iniciar sesión en Buscar y acceder a esta función, es importante que recuerdes tu ID de Apple y contraseña, y que mantengas la información de tu cuenta actualizada. Si usas la autenticación de doble factor para el ID de Apple, te recomendamos que añadas un número de teléfono adicional de confianza a tu cuenta en el que puedas recibir el código de verificación de 6 dígitos que necesitas para iniciar sesión aunque no tengas tu iPhone. Para obtener más información, visita las páginas de Soporte técnico de Apple.""}},""transactionId"":""b750da78-9ad1-44e7-9d29-913e81ab029c-1790201495491""}"
False;1324896;2026-09-23 19:12:15.963000;2026-09-23 00:00:00;20701030;CREATEORDER;SFJF0KMVRKQ;MJXV4BE/A;"{""orderDetailsResponses"":{""deviceEligibility"":{""secondaryDisplay"":""0"",""deviceDateOfPurchase"":""23/09/2026"",""deviceId"":""SFJF0KMVRKQ"",""registeredDevice"":""0"",""deviceErrorResponse"":{""errorCode"":""GRX-20024"",""errorMessage"":""Ya existe un AppleCare Plan para el dispositivo SFJF0KMVRKQ o está pendiente. Comprueba los detalles del pedido en la búsqueda 360 y ponte en contacto con el Soporte técnico de AppleCare Connect si necesitas más información.""},""pocType"":""APOC"",""serialNumber"":""FJF0KMVRKQ"",""partNumber"":""SHMP3ZX/A"",""partAlias"":""ACPTL"",""productDescription"":""iPhone 18 Pro Max"",""tlDisclosure"":""La cobertura de robo y pérdida requiere que tengas la función Buscar habilitada en tu dispositivo antes de que se pierda o te lo roben. Durante el proceso de reclamación, te pediremos que uses la función Buscar para poner el dispositivo perdido o robado en modo Perdido, borrarlo y transferir la propiedad a Apple para que podamos asignarte un nuevo dispositivo. Para asegurarte de que puedas iniciar sesión en Buscar y acceder a esta función, es importante que recuerdes tu ID de Apple y contraseña, y que mantengas la información de tu cuenta actualizada. Si usas la autenticación de doble factor para el ID de Apple, te recomendamos que añadas un número de teléfono adicional de confianza a tu cuenta en el que puedas recibir el código de verificación de 6 dígitos que necesitas para iniciar sesión aunque no tengas tu iPhone. Para obtener más información, visita las páginas de Soporte técnico de Apple.""}},""transactionId"":""de7a87e7-2a31-4005-9503-dcff44161c3f-1790201535182""}"
True;1326989;2026-09-23 19:12:17.887000;2026-09-23 00:00:00;1101160;CREATEORDER;SK9VD75777C;MJXT4BE/A;"{""orderDetailsResponses"":{""deviceEligibility"":{""secondaryDisplay"":""0"",""partDescription"":""AppleCare+ con robo y pérdida para iPhone 18 Pro Max"",""coverageDuration"":""2"",""productStatement"":""Tu AppleCare+ con robo y pérdida para iPhone 18 Pro Max amplía la cobertura de servicio y soporte técnico a 2 años desde la fecha de compra de AppleCare+ con robo y pérdida e incluye cobertura para una cantidad ilimitada de incidentes por daño accidental debido a la manipulación del producto o un máximo de dos incidentes de robo y pérdida cada 12 meses, cada uno de ellos sujeto a un cargo adicional de R$28000  por los daños de la pantalla o la carcasa externa o de R$144000  por robo o pérdida o de R$96000  por Otros daños accidentales. Lee todos los detalles en los Términos y condiciones de AppleCare+."",""deviceDateOfPurchase"":""23/09/2026"",""deviceId"":""SK9VD75777C"",""registeredDevice"":""1"",""pocType"":""APOC"",""serialNumber"":""K9VD75777C"",""partNumber"":""SHMP3ZX/A"",""partAlias"":""ACPTL"",""purchaseMode"":""C"",""productDescription"":""iPhone 18 Pro Max"",""tlDisclosure"":""La cobertura de robo y pérdida requiere que tengas la función Buscar habilitada en tu dispositivo antes de que se pierda o te lo roben. Durante el proceso de reclamación, te pediremos que uses la función Buscar para poner el dispositivo perdido o robado en modo Perdido, borrarlo y transferir la propiedad a Apple para que podamos asignarte un nuevo dispositivo. Para asegurarte de que puedas iniciar sesión en Buscar y acceder a esta función, es importante que recuerdes tu ID de Apple y contraseña, y que mantengas la información de tu cuenta actualizada. Si usas la autenticación de doble factor para el ID de Apple, te recomendamos que añadas un número de teléfono adicional de confianza a tu cuenta en el que puedas recibir el código de verificación de 6 dígitos que necesitas para iniciar sesión aunque no tengas tu iPhone. Para obtener más información, visita las páginas de Soporte técnico de Apple.""},""orderConfirmation"":{""agreementNumber"":""328426681140"",""coverageDurationStatement"":""Finaliza el 22/09/2028"",""termConditionURL"":""http://www.apple.com/legal/sales-support/"",""partNumber"":""SHMP3ZX/A"",""partAlias"":""ACPTL"",""partType"":""AC+TL"",""purchaseMode"":""C"",""appleCareSalesDate"":""23/09/2026"",""pocType"":""APOC"",""purchaseOrderNumber"":""1101160""}},""transactionId"":""f2db8d60-664c-4173-a795-4125cb202054-1790201532953""}"
True;5198020;2026-09-23 19:12:58.897000;2026-09-23 00:00:00;24701065;CREATEORDER;scv5hxv649r;MHWK4BE/A;"{""orderDetailsResponses"":{""deviceEligibility"":{""secondaryDisplay"":""0"",""partDescription"":""AppleCare+ para AirPods Max"",""coverageDuration"":""2"",""productStatement"":""AppleCare+ para AirPods Max amplía la cobertura de servicio y soporte técnico a 2 años desde la fecha de compra de AppleCare+ e incluye cobertura para una cantidad ilimitada de incidentes por daño accidental debido a la manipulación del producto, cada uno de ellos sujeto a un cargo adicional de CLP28000 . Lee todos los detalles en los Términos y condiciones de AppleCare+."",""deviceDateOfPurchase"":""23/09/2026"",""deviceId"":""SCV5HXV649R"",""registeredDevice"":""1"",""pocType"":""APOC"",""serialNumber"":""CV5HXV649R"",""partNumber"":""S9086ZX/A"",""partAlias"":""ACP"",""purchaseMode"":""C"",""productDescription"":""AirPods Max 2""},""orderConfirmation"":{""agreementNumber"":""328426601843"",""coverageDurationStatement"":""Finaliza el 22/09/2028"",""termConditionURL"":""http://www.apple.com/legal/sales-support/"",""partNumber"":""S9086ZX/A"",""partAlias"":""ACP"",""partType"":""AppleCare+"",""purchaseMode"":""C"",""appleCareSalesDate"":""23/09/2026"",""pocType"":""APOC"",""purchaseOrderNumber"":""24701065""}},""transactionId"":""1f53a78b-4ee3-4e40-b56f-e2382cc69a34-1790201573788""}"
True;1335804;2026-09-23 19:14:56.540000;2026-09-23 00:00:00;501169;CREATEORDER;sfc43v4l4wl;MHFJ4CI/A;"{""orderDetailsResponses"":{""deviceEligibility"":{""secondaryDisplay"":""0"",""partDescription"":""AppleCare+ para 13-inch MacBook Neo (A18PRO)"",""coverageDuration"":""3"",""productStatement"":""AppleCare+ para 13-inch MacBook Neo (A18PRO) amplía la cobertura de servicio y soporte técnico a 3 años desde la fecha de compra de AppleCare+ e incluye cobertura para una cantidad ilimitada de incidentes por daño accidental debido a la manipulación del producto, cada uno de ellos sujeto a un cargo adicional de R$51990  por daños en la pantalla o la carcasa externa o de R$156990  por Otros daños accidentales. Lee todos los detalles en los Términos y condiciones de AppleCare+."",""deviceDateOfPurchase"":""23/09/2026"",""deviceId"":""SFC43V4L4WL"",""registeredDevice"":""1"",""pocType"":""APOC"",""serialNumber"":""FC43V4L4WL"",""partNumber"":""SD0T3ZX/A"",""partAlias"":""ACP"",""purchaseMode"":""C"",""productDescription"":""MacBook Neo""},""orderConfirmation"":{""agreementNumber"":""328426660522"",""coverageDurationStatement"":""Finaliza el 22/09/2029"",""termConditionURL"":""http://www.apple.com/legal/sales-support/"",""partNumber"":""SD0T3ZX/A"",""partAlias"":""ACP"",""partType"":""AppleCare+"",""purchaseMode"":""C"",""appleCareSalesDate"":""23/09/2026"",""pocType"":""APOC"",""purchaseOrderNumber"":""501169""}},""transactionId"":""0a9219be-25f6-45ec-9949-c368aa3283a7-1790201691649""}"
False;1324896;2026-09-23 19:16:36.983000;2026-09-23 00:00:00;20701030;CREATEORDER;SFJF0KMVRKQ;MJXV4BE/A;"{""orderDetailsResponses"":{""deviceEligibility"":{""secondaryDisplay"":""0"",""deviceDateOfPurchase"":""23/09/2026"",""deviceId"":""SFJF0KMVRKQ"",""registeredDevice"":""0"",""deviceErrorResponse"":{""errorCode"":""GRX-20024"",""errorMessage"":""Ya existe un AppleCare Plan para el dispositivo SFJF0KMVRKQ o está pendiente. Comprueba los detalles del pedido en la búsqueda 360 y ponte en contacto con el Soporte técnico de AppleCare Connect si necesitas más información.""},""pocType"":""APOC"",""serialNumber"":""FJF0KMVRKQ"",""partNumber"":""SHMP3ZX/A"",""partAlias"":""ACPTL"",""productDescription"":""iPhone 18 Pro Max"",""tlDisclosure"":""La cobertura de robo y pérdida requiere que tengas la función Buscar habilitada en tu dispositivo antes de que se pierda o te lo roben. Durante el proceso de reclamación, te pediremos que uses la función Buscar para poner el dispositivo perdido o robado en modo Perdido, borrarlo y transferir la propiedad a Apple para que podamos asignarte un nuevo dispositivo. Para asegurarte de que puedas iniciar sesión en Buscar y acceder a esta función, es importante que recuerdes tu ID de Apple y contraseña, y que mantengas la información de tu cuenta actualizada. Si usas la autenticación de doble factor para el ID de Apple, te recomendamos que añadas un número de teléfono adicional de confianza a tu cuenta en el que puedas recibir el código de verificación de 6 dígitos que necesitas para iniciar sesión aunque no tengas tu iPhone. Para obtener más información, visita las páginas de Soporte técnico de Apple.""}},""transactionId"":""0febe205-ee28-4e37-94a1-c77cc324c406-1790201796171""}"
False;1324896;2026-09-23 19:17:19.753000;2026-09-23 00:00:00;20701030;CREATEORDER;SFJF0KMVRKQ;MJXV4BE/A;"{""orderDetailsResponses"":{""deviceEligibility"":{""secondaryDisplay"":""0"",""deviceDateOfPurchase"":""23/09/2026"",""deviceId"":""SFJF0KMVRKQ"",""registeredDevice"":""0"",""deviceErrorResponse"":{""errorCode"":""GRX-20024"",""errorMessage"":""Ya existe un AppleCare Plan para el dispositivo SFJF0KMVRKQ o está pendiente. Comprueba los detalles del pedido en la búsqueda 360 y ponte en contacto con el Soporte técnico de AppleCare Connect si necesitas más información.""},""pocType"":""APOC"",""serialNumber"":""FJF0KMVRKQ"",""partNumber"":""SHMP3ZX/A"",""partAlias"":""ACPTL"",""productDescription"":""iPhone 18 Pro Max"",""tlDisclosure"":""La cobertura de robo y pérdida requiere que tengas la función Buscar habilitada en tu dispositivo antes de que se pierda o te lo roben. Durante el proceso de reclamación, te pediremos que uses la función Buscar para poner el dispositivo perdido o robado en modo Perdido, borrarlo y transferir la propiedad a Apple para que podamos asignarte un nuevo dispositivo. Para asegurarte de que puedas iniciar sesión en Buscar y acceder a esta función, es importante que recuerdes tu ID de Apple y contraseña, y que mantengas la información de tu cuenta actualizada. Si usas la autenticación de doble factor para el ID de Apple, te recomendamos que añadas un número de teléfono adicional de confianza a tu cuenta en el que puedas recibir el código de verificación de 6 dígitos que necesitas para iniciar sesión aunque no tengas tu iPhone. Para obtener más información, visita las páginas de Soporte técnico de Apple.""}},""transactionId"":""1af891d7-c4a2-4d4f-a1af-858c17252985-1790201838969""}"
True;5176797;2026-09-23 19:21:27.730000;2026-09-23 00:00:00;21601124;VERIFYORDER;SJK7K9J5DF0;MJRT4BE/A;"{""orderDetailsResponses"":{""deviceEligibility"":{""secondaryDisplay"":""0"",""partDescription"":""AppleCare+ con robo y pérdida para iPhone 18 Pro"",""coverageDuration"":""2"",""productStatement"":""Tu AppleCare+ con robo y pérdida para iPhone 18 Pro amplía la cobertura de servicio y soporte técnico a 2 años desde la fecha de compra de AppleCare+ con robo y pérdida e incluye cobertura para una cantidad ilimitada de incidentes por daño accidental debido a la manipulación del producto o un máximo de dos incidentes de robo y pérdida cada 12 meses, cada uno de ellos sujeto a un cargo adicional de R$28000  por los daños de la pantalla o la carcasa externa o de R$144000  por robo o pérdida o de R$96000  por Otros daños accidentales. Lee todos los detalles en los Términos y condiciones de AppleCare+."",""deviceDateOfPurchase"":""23/09/2026"",""deviceId"":""SJK7K9J5DF0"",""registeredDevice"":""1"",""pocType"":""APOC"",""serialNumber"":""JK7K9J5DF0"",""partNumber"":""SHMD3ZX/A"",""partAlias"":""ACPTL"",""purchaseMode"":""C"",""productDescription"":""iPhone 18 Pro"",""tlDisclosure"":""La cobertura de robo y pérdida requiere que tengas la función Buscar habilitada en tu dispositivo antes de que se pierda o te lo roben. Durante el proceso de reclamación, te pediremos que uses la función Buscar para poner el dispositivo perdido o robado en modo Perdido, borrarlo y transferir la propiedad a Apple para que podamos asignarte un nuevo dispositivo. Para asegurarte de que puedas iniciar sesión en Buscar y acceder a esta función, es importante que recuerdes tu ID de Apple y contraseña, y que mantengas la información de tu cuenta actualizada. Si usas la autenticación de doble factor para el ID de Apple, te recomendamos que añadas un número de teléfono adicional de confianza a tu cuenta en el que puedas recibir el código de verificación de 6 dígitos que necesitas para iniciar sesión aunque no tengas tu iPhone. Para obtener más información, visita las páginas de Soporte técnico de Apple.""}},""transactionId"":""2f51f7be-f476-4f50-8cfa-bfb872157fa0-1790202086901""}"
False;1324896;2026-09-23 19:21:35.797000;2026-09-23 00:00:00;20701030;CREATEORDER;SFJF0KMVRKQ;MJXV4BE/A;"{""orderDetailsResponses"":{""deviceEligibility"":{""secondaryDisplay"":""0"",""deviceDateOfPurchase"":""23/09/2026"",""deviceId"":""SFJF0KMVRKQ"",""registeredDevice"":""0"",""deviceErrorResponse"":{""errorCode"":""GRX-20024"",""errorMessage"":""Ya existe un AppleCare Plan para el dispositivo SFJF0KMVRKQ o está pendiente. Comprueba los detalles del pedido en la búsqueda 360 y ponte en contacto con el Soporte técnico de AppleCare Connect si necesitas más información.""},""pocType"":""APOC"",""serialNumber"":""FJF0KMVRKQ"",""partNumber"":""SHMP3ZX/A"",""partAlias"":""ACPTL"",""productDescription"":""iPhone 18 Pro Max"",""tlDisclosure"":""La cobertura de robo y pérdida requiere que tengas la función Buscar habilitada en tu dispositivo antes de que se pierda o te lo roben. Durante el proceso de reclamación, te pediremos que uses la función Buscar para poner el dispositivo perdido o robado en modo Perdido, borrarlo y transferir la propiedad a Apple para que podamos asignarte un nuevo dispositivo. Para asegurarte de que puedas iniciar sesión en Buscar y acceder a esta función, es importante que recuerdes tu ID de Apple y contraseña, y que mantengas la información de tu cuenta actualizada. Si usas la autenticación de doble factor para el ID de Apple, te recomendamos que añadas un número de teléfono adicional de confianza a tu cuenta en el que puedas recibir el código de verificación de 6 dígitos que necesitas para iniciar sesión aunque no tengas tu iPhone. Para obtener más información, visita las páginas de Soporte técnico de Apple.""}},""transactionId"":""8e6ee849-fb6b-46c4-bb48-9a9baa039731-1790202095033""}"
False;1324896;2026-09-23 19:22:14.287000;2026-09-23 00:00:00;20701030;CREATEORDER;SFJF0KMVRKQ;MJXV4BE/A;"{""orderDetailsResponses"":{""deviceEligibility"":{""secondaryDisplay"":""0"",""deviceDateOfPurchase"":""23/09/2026"",""deviceId"":""SFJF0KMVRKQ"",""registeredDevice"":""0"",""deviceErrorResponse"":{""errorCode"":""GRX-20024"",""errorMessage"":""Ya existe un AppleCare Plan para el dispositivo SFJF0KMVRKQ o está pendiente. Comprueba los detalles del pedido en la búsqueda 360 y ponte en contacto con el Soporte técnico de AppleCare Connect si necesitas más información.""},""pocType"":""APOC"",""serialNumber"":""FJF0KMVRKQ"",""partNumber"":""SHMP3ZX/A"",""partAlias"":""ACPTL"",""productDescription"":""iPhone 18 Pro Max"",""tlDisclosure"":""La cobertura de robo y pérdida requiere que tengas la función Buscar habilitada en tu dispositivo antes de que se pierda o te lo roben. Durante el proceso de reclamación, te pediremos que uses la función Buscar para poner el dispositivo perdido o robado en modo Perdido, borrarlo y transferir la propiedad a Apple para que podamos asignarte un nuevo dispositivo. Para asegurarte de que puedas iniciar sesión en Buscar y acceder a esta función, es importante que recuerdes tu ID de Apple y contraseña, y que mantengas la información de tu cuenta actualizada. Si usas la autenticación de doble factor para el ID de Apple, te recomendamos que añadas un número de teléfono adicional de confianza a tu cuenta en el que puedas recibir el código de verificación de 6 dígitos que necesitas para iniciar sesión aunque no tengas tu iPhone. Para obtener más información, visita las páginas de Soporte técnico de Apple.""}},""transactionId"":""b304b0ce-92ec-424b-a41b-36e63662ea0b-1790202133470""}"
True;5176797;2026-09-23 19:23:10.410000;2026-09-23 00:00:00;21601124;CREATEORDER;SJK7K9J5DF0;MJRT4BE/A;"{""orderDetailsResponses"":{""deviceEligibility"":{""secondaryDisplay"":""0"",""partDescription"":""AppleCare+ con robo y pérdida para iPhone 18 Pro"",""coverageDuration"":""2"",""productStatement"":""Tu AppleCare+ con robo y pérdida para iPhone 18 Pro amplía la cobertura de servicio y soporte técnico a 2 años desde la fecha de compra de AppleCare+ con robo y pérdida e incluye cobertura para una cantidad ilimitada de incidentes por daño accidental debido a la manipulación del producto o un máximo de dos incidentes de robo y pérdida cada 12 meses, cada uno de ellos sujeto a un cargo adicional de R$28000  por los daños de la pantalla o la carcasa externa o de R$144000  por robo o pérdida o de R$96000  por Otros daños accidentales. Lee todos los detalles en los Términos y condiciones de AppleCare+."",""deviceDateOfPurchase"":""23/09/2026"",""deviceId"":""SJK7K9J5DF0"",""registeredDevice"":""1"",""pocType"":""APOC"",""serialNumber"":""JK7K9J5DF0"",""partNumber"":""SHMD3ZX/A"",""partAlias"":""ACPTL"",""purchaseMode"":""C"",""productDescription"":""iPhone 18 Pro"",""tlDisclosure"":""La cobertura de robo y pérdida requiere que tengas la función Buscar habilitada en tu dispositivo antes de que se pierda o te lo roben. Durante el proceso de reclamación, te pediremos que uses la función Buscar para poner el dispositivo perdido o robado en modo Perdido, borrarlo y transferir la propiedad a Apple para que podamos asignarte un nuevo dispositivo. Para asegurarte de que puedas iniciar sesión en Buscar y acceder a esta función, es importante que recuerdes tu ID de Apple y contraseña, y que mantengas la información de tu cuenta actualizada. Si usas la autenticación de doble factor para el ID de Apple, te recomendamos que añadas un número de teléfono adicional de confianza a tu cuenta en el que puedas recibir el código de verificación de 6 dígitos que necesitas para iniciar sesión aunque no tengas tu iPhone. Para obtener más información, visita las páginas de Soporte técnico de Apple.""},""orderConfirmation"":{""agreementNumber"":""328426661411"",""coverageDurationStatement"":""Finaliza el 22/09/2028"",""termConditionURL"":""http://www.apple.com/legal/sales-support/"",""partNumber"":""SHMD3ZX/A"",""partAlias"":""ACPTL"",""partType"":""AC+TL"",""purchaseMode"":""C"",""appleCareSalesDate"":""23/09/2026"",""pocType"":""APOC"",""purchaseOrderNumber"":""21601124""}},""transactionId"":""cac1d55c-261a-4f0a-aff3-39a097c0b301-1790202185523""}"
True;5181398;2026-09-23 19:24:03.197000;2026-09-23 00:00:00;11801131;VERIFYORDER;SLW7V1QNNHQ;MJXN4BE/A;"{""orderDetailsResponses"":{""deviceEligibility"":{""secondaryDisplay"":""0"",""partDescription"":""AppleCare+ con robo y pérdida para iPhone 18 Pro Max"",""coverageDuration"":""2"",""productStatement"":""Tu AppleCare+ con robo y pérdida para iPhone 18 Pro Max amplía la cobertura de servicio y soporte técnico a 2 años desde la fecha de compra de AppleCare+ con robo y pérdida e incluye cobertura para una cantidad ilimitada de incidentes por daño accidental debido a la manipulación del producto o un máximo de dos incidentes de robo y pérdida cada 12 meses, cada uno de ellos sujeto a un cargo adicional de R$28000  por los daños de la pantalla o la carcasa externa o de R$144000  por robo o pérdida o de R$96000  por Otros daños accidentales. Lee todos los detalles en los Términos y condiciones de AppleCare+."",""deviceDateOfPurchase"":""22/09/2026"",""deviceId"":""SLW7V1QNNHQ"",""registeredDevice"":""1"",""pocType"":""APOC"",""serialNumber"":""LW7V1QNNHQ"",""partNumber"":""SHMP3ZX/A"",""partAlias"":""ACPTL"",""purchaseMode"":""C"",""productDescription"":""iPhone 18 Pro Max"",""tlDisclosure"":""La cobertura de robo y pérdida requiere que tengas la función Buscar habilitada en tu dispositivo antes de que se pierda o te lo roben. Durante el proceso de reclamación, te pediremos que uses la función Buscar para poner el dispositivo perdido o robado en modo Perdido, borrarlo y transferir la propiedad a Apple para que podamos asignarte un nuevo dispositivo. Para asegurarte de que puedas iniciar sesión en Buscar y acceder a esta función, es importante que recuerdes tu ID de Apple y contraseña, y que mantengas la información de tu cuenta actualizada. Si usas la autenticación de doble factor para el ID de Apple, te recomendamos que añadas un número de teléfono adicional de confianza a tu cuenta en el que puedas recibir el código de verificación de 6 dígitos que necesitas para iniciar sesión aunque no tengas tu iPhone. Para obtener más información, visita las páginas de Soporte técnico de Apple.""}},""transactionId"":""2b6f2603-53d1-489c-84f4-b70a0f197c14-1790202242629""}"
True;5181398;2026-09-23 19:25:58.877000;2026-09-23 00:00:00;11801131;VERIFYORDER;SLW7V1QNNHQ;MJXN4BE/A;"{""orderDetailsResponses"":{""deviceEligibility"":{""secondaryDisplay"":""0"",""partDescription"":""AppleCare+ con robo y pérdida para iPhone 18 Pro Max"",""coverageDuration"":""2"",""productStatement"":""Tu AppleCare+ con robo y pérdida para iPhone 18 Pro Max amplía la cobertura de servicio y soporte técnico a 2 años desde la fecha de compra de AppleCare+ con robo y pérdida e incluye cobertura para una cantidad ilimitada de incidentes por daño accidental debido a la manipulación del producto o un máximo de dos incidentes de robo y pérdida cada 12 meses, cada uno de ellos sujeto a un cargo adicional de R$28000  por los daños de la pantalla o la carcasa externa o de R$144000  por robo o pérdida o de R$96000  por Otros daños accidentales. Lee todos los detalles en los Términos y condiciones de AppleCare+."",""deviceDateOfPurchase"":""22/09/2026"",""deviceId"":""SLW7V1QNNHQ"",""registeredDevice"":""1"",""pocType"":""APOC"",""serialNumber"":""LW7V1QNNHQ"",""partNumber"":""SHMP3ZX/A"",""partAlias"":""ACPTL"",""purchaseMode"":""C"",""productDescription"":""iPhone 18 Pro Max"",""tlDisclosure"":""La cobertura de robo y pérdida requiere que tengas la función Buscar habilitada en tu dispositivo antes de que se pierda o te lo roben. Durante el proceso de reclamación, te pediremos que uses la función Buscar para poner el dispositivo perdido o robado en modo Perdido, borrarlo y transferir la propiedad a Apple para que podamos asignarte un nuevo dispositivo. Para asegurarte de que puedas iniciar sesión en Buscar y acceder a esta función, es importante que recuerdes tu ID de Apple y contraseña, y que mantengas la información de tu cuenta actualizada. Si usas la autenticación de doble factor para el ID de Apple, te recomendamos que añadas un número de teléfono adicional de confianza a tu cuenta en el que puedas recibir el código de verificación de 6 dígitos que necesitas para iniciar sesión aunque no tengas tu iPhone. Para obtener más información, visita las páginas de Soporte técnico de Apple.""}},""transactionId"":""677013b7-5d03-472e-a01f-59e9706f74a3-1790202358354""}"
True;1335805;2026-09-23 19:26:32.977000;2026-09-23 00:00:00;701169;VERIFYORDER;sgqhk0f47x1;MHFE4CI/A;"{""orderDetailsResponses"":{""deviceEligibility"":{""secondaryDisplay"":""0"",""partDescription"":""AppleCare+ para 13-inch MacBook Neo (A18PRO)"",""coverageDuration"":""3"",""productStatement"":""AppleCare+ para 13-inch MacBook Neo (A18PRO) amplía la cobertura de servicio y soporte técnico a 3 años desde la fecha de compra de AppleCare+ e incluye cobertura para una cantidad ilimitada de incidentes por daño accidental debido a la manipulación del producto, cada uno de ellos sujeto a un cargo adicional de R$51990  por daños en la pantalla o la carcasa externa o de R$156990  por Otros daños accidentales. Lee todos los detalles en los Términos y condiciones de AppleCare+."",""deviceDateOfPurchase"":""23/09/2026"",""deviceId"":""SGQHK0F47X1"",""registeredDevice"":""1"",""pocType"":""APOC"",""serialNumber"":""GQHK0F47X1"",""partNumber"":""SD0T3ZX/A"",""partAlias"":""ACP"",""purchaseMode"":""C"",""productDescription"":""MacBook Neo""}},""transactionId"":""f224b414-c24f-47a8-9bdb-cd55b7f9c282-1790202392465""}"
False;1324896;2026-09-23 19:26:36.303000;2026-09-23 00:00:00;20701030;CREATEORDER;SFJF0KMVRKQ;MJXV4BE/A;"{""orderDetailsResponses"":{""deviceEligibility"":{""secondaryDisplay"":""0"",""deviceDateOfPurchase"":""23/09/2026"",""deviceId"":""SFJF0KMVRKQ"",""registeredDevice"":""0"",""deviceErrorResponse"":{""errorCode"":""GRX-20024"",""errorMessage"":""Ya existe un AppleCare Plan para el dispositivo SFJF0KMVRKQ o está pendiente. Comprueba los detalles del pedido en la búsqueda 360 y ponte en contacto con el Soporte técnico de AppleCare Connect si necesitas más información.""},""pocType"":""APOC"",""serialNumber"":""FJF0KMVRKQ"",""partNumber"":""SHMP3ZX/A"",""partAlias"":""ACPTL"",""productDescription"":""iPhone 18 Pro Max"",""tlDisclosure"":""La cobertura de robo y pérdida requiere que tengas la función Buscar habilitada en tu dispositivo antes de que se pierda o te lo roben. Durante el proceso de reclamación, te pediremos que uses la función Buscar para poner el dispositivo perdido o robado en modo Perdido, borrarlo y transferir la propiedad a Apple para que podamos asignarte un nuevo dispositivo. Para asegurarte de que puedas iniciar sesión en Buscar y acceder a esta función, es importante que recuerdes tu ID de Apple y contraseña, y que mantengas la información de tu cuenta actualizada. Si usas la autenticación de doble factor para el ID de Apple, te recomendamos que añadas un número de teléfono adicional de confianza a tu cuenta en el que puedas recibir el código de verificación de 6 dígitos que necesitas para iniciar sesión aunque no tengas tu iPhone. Para obtener más información, visita las páginas de Soporte técnico de Apple.""}},""transactionId"":""3187aa1f-deea-4d55-a990-542bd7a82262-1790202395513""}"
True;5181398;2026-09-23 19:26:55.960000;2026-09-23 00:00:00;11801131;CREATEORDER;SLW7V1QNNHQ;MJXN4BE/A;"{""orderDetailsResponses"":{""deviceEligibility"":{""secondaryDisplay"":""0"",""partDescription"":""AppleCare+ con robo y pérdida para iPhone 18 Pro Max"",""coverageDuration"":""2"",""productStatement"":""Tu AppleCare+ con robo y pérdida para iPhone 18 Pro Max amplía la cobertura de servicio y soporte técnico a 2 años desde la fecha de compra de AppleCare+ con robo y pérdida e incluye cobertura para una cantidad ilimitada de incidentes por daño accidental debido a la manipulación del producto o un máximo de dos incidentes de robo y pérdida cada 12 meses, cada uno de ellos sujeto a un cargo adicional de R$28000  por los daños de la pantalla o la carcasa externa o de R$144000  por robo o pérdida o de R$96000  por Otros daños accidentales. Lee todos los detalles en los Términos y condiciones de AppleCare+."",""deviceDateOfPurchase"":""22/09/2026"",""deviceId"":""SLW7V1QNNHQ"",""registeredDevice"":""1"",""pocType"":""APOC"",""serialNumber"":""LW7V1QNNHQ"",""partNumber"":""SHMP3ZX/A"",""partAlias"":""ACPTL"",""purchaseMode"":""C"",""productDescription"":""iPhone 18 Pro Max"",""tlDisclosure"":""La cobertura de robo y pérdida requiere que tengas la función Buscar habilitada en tu dispositivo antes de que se pierda o te lo roben. Durante el proceso de reclamación, te pediremos que uses la función Buscar para poner el dispositivo perdido o robado en modo Perdido, borrarlo y transferir la propiedad a Apple para que podamos asignarte un nuevo dispositivo. Para asegurarte de que puedas iniciar sesión en Buscar y acceder a esta función, es importante que recuerdes tu ID de Apple y contraseña, y que mantengas la información de tu cuenta actualizada. Si usas la autenticación de doble factor para el ID de Apple, te recomendamos que añadas un número de teléfono adicional de confianza a tu cuenta en el que puedas recibir el código de verificación de 6 dígitos que necesitas para iniciar sesión aunque no tengas tu iPhone. Para obtener más información, visita las páginas de Soporte técnico de Apple.""},""orderConfirmation"":{""agreementNumber"":""328426681226"",""coverageDurationStatement"":""Finaliza el 22/09/2028"",""termConditionURL"":""http://www.apple.com/legal/sales-support/"",""partNumber"":""SHMP3ZX/A"",""partAlias"":""ACPTL"",""partType"":""AC+TL"",""purchaseMode"":""C"",""appleCareSalesDate"":""23/09/2026"",""pocType"":""APOC"",""purchaseOrderNumber"":""11801131""}},""transactionId"":""1f8f876b-5c82-47b2-8bac-74af30f8bb39-1790202411126""}"
False;1324896;2026-09-23 19:27:12.020000;2026-09-23 00:00:00;20701030;CREATEORDER;SFJF0KMVRKQ;MJXV4BE/A;"{""orderDetailsResponses"":{""deviceEligibility"":{""secondaryDisplay"":""0"",""deviceDateOfPurchase"":""23/09/2026"",""deviceId"":""SFJF0KMVRKQ"",""registeredDevice"":""0"",""deviceErrorResponse"":{""errorCode"":""GRX-20024"",""errorMessage"":""Ya existe un AppleCare Plan para el dispositivo SFJF0KMVRKQ o está pendiente. Comprueba los detalles del pedido en la búsqueda 360 y ponte en contacto con el Soporte técnico de AppleCare Connect si necesitas más información.""},""pocType"":""APOC"",""serialNumber"":""FJF0KMVRKQ"",""partNumber"":""SHMP3ZX/A"",""partAlias"":""ACPTL"",""productDescription"":""iPhone 18 Pro Max"",""tlDisclosure"":""La cobertura de robo y pérdida requiere que tengas la función Buscar habilitada en tu dispositivo antes de que se pierda o te lo roben. Durante el proceso de reclamación, te pediremos que uses la función Buscar para poner el dispositivo perdido o robado en modo Perdido, borrarlo y transferir la propiedad a Apple para que podamos asignarte un nuevo dispositivo. Para asegurarte de que puedas iniciar sesión en Buscar y acceder a esta función, es importante que recuerdes tu ID de Apple y contraseña, y que mantengas la información de tu cuenta actualizada. Si usas la autenticación de doble factor para el ID de Apple, te recomendamos que añadas un número de teléfono adicional de confianza a tu cuenta en el que puedas recibir el código de verificación de 6 dígitos que necesitas para iniciar sesión aunque no tengas tu iPhone. Para obtener más información, visita las páginas de Soporte técnico de Apple.""}},""transactionId"":""856f6bbb-c4fd-4918-aa82-9f44933a8de4-1790202431265""}"
True;1335805;2026-09-23 19:27:22.343000;2026-09-23 00:00:00;701169;CREATEORDER;sgqhk0f47x1;MHFE4CI/A;"{""orderDetailsResponses"":{""deviceEligibility"":{""secondaryDisplay"":""0"",""partDescription"":""AppleCare+ para 13-inch MacBook Neo (A18PRO)"",""coverageDuration"":""3"",""productStatement"":""AppleCare+ para 13-inch MacBook Neo (A18PRO) amplía la cobertura de servicio y soporte técnico a 3 años desde la fecha de compra de AppleCare+ e incluye cobertura para una cantidad ilimitada de incidentes por daño accidental debido a la manipulación del producto, cada uno de ellos sujeto a un cargo adicional de R$51990  por daños en la pantalla o la carcasa externa o de R$156990  por Otros daños accidentales. Lee todos los detalles en los Términos y condiciones de AppleCare+."",""deviceDateOfPurchase"":""23/09/2026"",""deviceId"":""SGQHK0F47X1"",""registeredDevice"":""1"",""pocType"":""APOC"",""serialNumber"":""GQHK0F47X1"",""partNumber"":""SD0T3ZX/A"",""partAlias"":""ACP"",""purchaseMode"":""C"",""productDescription"":""MacBook Neo""},""orderConfirmation"":{""agreementNumber"":""328426640633"",""coverageDurationStatement"":""Finaliza el 22/09/2029"",""termConditionURL"":""http://www.apple.com/legal/sales-support/"",""partNumber"":""SD0T3ZX/A"",""partAlias"":""ACP"",""partType"":""AppleCare+"",""purchaseMode"":""C"",""appleCareSalesDate"":""23/09/2026"",""pocType"":""APOC"",""purchaseOrderNumber"":""701169""}},""transactionId"":""dad599c2-4d1d-4529-a3b0-32043285f3a6-1790202437436""}"
True;1335309;2026-09-23 19:27:41.660000;2026-09-23 00:00:00;69001117;VERIFYORDER;SJVN2CY9YV4;MJXP4BE/A;"{""orderDetailsResponses"":{""deviceEligibility"":{""secondaryDisplay"":""0"",""partDescription"":""AppleCare+ con robo y pérdida para iPhone 18 Pro Max"",""coverageDuration"":""2"",""productStatement"":""Tu AppleCare+ con robo y pérdida para iPhone 18 Pro Max amplía la cobertura de servicio y soporte técnico a 2 años desde la fecha de compra de AppleCare+ con robo y pérdida e incluye cobertura para una cantidad ilimitada de incidentes por daño accidental debido a la manipulación del producto o un máximo de dos incidentes de robo y pérdida cada 12 meses, cada uno de ellos sujeto a un cargo adicional de R$28000  por los daños de la pantalla o la carcasa externa o de R$144000  por robo o pérdida o de R$96000  por Otros daños accidentales. Lee todos los detalles en los Términos y condiciones de AppleCare+."",""deviceDateOfPurchase"":""23/09/2026"",""deviceId"":""SJVN2CY9YV4"",""registeredDevice"":""1"",""pocType"":""APOC"",""serialNumber"":""JVN2CY9YV4"",""partNumber"":""SHMP3ZX/A"",""partAlias"":""ACPTL"",""purchaseMode"":""C"",""productDescription"":""iPhone 18 Pro Max"",""tlDisclosure"":""La cobertura de robo y pérdida requiere que tengas la función Buscar habilitada en tu dispositivo antes de que se pierda o te lo roben. Durante el proceso de reclamación, te pediremos que uses la función Buscar para poner el dispositivo perdido o robado en modo Perdido, borrarlo y transferir la propiedad a Apple para que podamos asignarte un nuevo dispositivo. Para asegurarte de que puedas iniciar sesión en Buscar y acceder a esta función, es importante que recuerdes tu ID de Apple y contraseña, y que mantengas la información de tu cuenta actualizada. Si usas la autenticación de doble factor para el ID de Apple, te recomendamos que añadas un número de teléfono adicional de confianza a tu cuenta en el que puedas recibir el código de verificación de 6 dígitos que necesitas para iniciar sesión aunque no tengas tu iPhone. Para obtener más información, visita las páginas de Soporte técnico de Apple.""}},""transactionId"":""101254da-227a-49f9-82ab-8ffbad753fe6-1790202461160""}"
True;5197313;2026-09-23 19:27:50.847000;2026-09-23 00:00:00;23601133;VERIFYORDER;SL9JL9YK52V;MJXX4BE/A;"{""orderDetailsResponses"":{""deviceEligibility"":{""secondaryDisplay"":""0"",""partDescription"":""AppleCare+ con robo y pérdida para iPhone 18 Pro Max"",""coverageDuration"":""2"",""productStatement"":""Tu AppleCare+ con robo y pérdida para iPhone 18 Pro Max amplía la cobertura de servicio y soporte técnico a 2 años desde la fecha de compra de AppleCare+ con robo y pérdida e incluye cobertura para una cantidad ilimitada de incidentes por daño accidental debido a la manipulación del producto o un máximo de dos incidentes de robo y pérdida cada 12 meses, cada uno de ellos sujeto a un cargo adicional de R$28000  por los daños de la pantalla o la carcasa externa o de R$144000  por robo o pérdida o de R$96000  por Otros daños accidentales. Lee todos los detalles en los Términos y condiciones de AppleCare+."",""deviceDateOfPurchase"":""23/09/2026"",""deviceId"":""SL9JL9YK52V"",""registeredDevice"":""1"",""pocType"":""APOC"",""serialNumber"":""L9JL9YK52V"",""partNumber"":""SHMP3ZX/A"",""partAlias"":""ACPTL"",""purchaseMode"":""C"",""productDescription"":""iPhone 18 Pro Max"",""tlDisclosure"":""La cobertura de robo y pérdida requiere que tengas la función Buscar habilitada en tu dispositivo antes de que se pierda o te lo roben. Durante el proceso de reclamación, te pediremos que uses la función Buscar para poner el dispositivo perdido o robado en modo Perdido, borrarlo y transferir la propiedad a Apple para que podamos asignarte un nuevo dispositivo. Para asegurarte de que puedas iniciar sesión en Buscar y acceder a esta función, es importante que recuerdes tu ID de Apple y contraseña, y que mantengas la información de tu cuenta actualizada. Si usas la autenticación de doble factor para el ID de Apple, te recomendamos que añadas un número de teléfono adicional de confianza a tu cuenta en el que puedas recibir el código de verificación de 6 dígitos que necesitas para iniciar sesión aunque no tengas tu iPhone. Para obtener más información, visita las páginas de Soporte técnico de Apple.""}},""transactionId"":""d3916a46-a9be-4412-815e-0a88dcae6694-1790202470285""}"
True;5134896;2026-09-23 19:29:00.297000;2026-09-23 00:00:00;57501104;VERIFYORDER;sdl726202yq;MJRW4BE/A;"{""orderDetailsResponses"":{""deviceEligibility"":{""secondaryDisplay"":""0"",""partDescription"":""AppleCare+ con robo y pérdida para iPhone 18 Pro"",""coverageDuration"":""2"",""productStatement"":""Tu AppleCare+ con robo y pérdida para iPhone 18 Pro amplía la cobertura de servicio y soporte técnico a 2 años desde la fecha de compra de AppleCare+ con robo y pérdida e incluye cobertura para una cantidad ilimitada de incidentes por daño accidental debido a la manipulación del producto o un máximo de dos incidentes de robo y pérdida cada 12 meses, cada uno de ellos sujeto a un cargo adicional de R$28000  por los daños de la pantalla o la carcasa externa o de R$144000  por robo o pérdida o de R$96000  por Otros daños accidentales. Lee todos los detalles en los Términos y condiciones de AppleCare+."",""deviceDateOfPurchase"":""23/09/2026"",""deviceId"":""SDL726202YQ"",""registeredDevice"":""1"",""pocType"":""APOC"",""serialNumber"":""DL726202YQ"",""partNumber"":""SHMD3ZX/A"",""partAlias"":""ACPTL"",""purchaseMode"":""C"",""productDescription"":""iPhone 18 Pro"",""tlDisclosure"":""La cobertura de robo y pérdida requiere que tengas la función Buscar habilitada en tu dispositivo antes de que se pierda o te lo roben. Durante el proceso de reclamación, te pediremos que uses la función Buscar para poner el dispositivo perdido o robado en modo Perdido, borrarlo y transferir la propiedad a Apple para que podamos asignarte un nuevo dispositivo. Para asegurarte de que puedas iniciar sesión en Buscar y acceder a esta función, es importante que recuerdes tu ID de Apple y contraseña, y que mantengas la información de tu cuenta actualizada. Si usas la autenticación de doble factor para el ID de Apple, te recomendamos que añadas un número de teléfono adicional de confianza a tu cuenta en el que puedas recibir el código de verificación de 6 dígitos que necesitas para iniciar sesión aunque no tengas tu iPhone. Para obtener más información, visita las páginas de Soporte técnico de Apple.""}},""transactionId"":""11d2746e-e8b8-4be1-9ef7-4bf45f407e04-1790202539692""}"
True;5198260;2026-09-23 19:30:40.603000;2026-09-23 00:00:00;29801094;VERIFYORDER;SKK947YJC4N;MJXR4BE/A;"{""orderDetailsResponses"":{""deviceEligibility"":{""secondaryDisplay"":""0"",""partDescription"":""AppleCare+ con robo y pérdida para iPhone 18 Pro Max"",""coverageDuration"":""2"",""productStatement"":""Tu AppleCare+ con robo y pérdida para iPhone 18 Pro Max amplía la cobertura de servicio y soporte técnico a 2 años desde la fecha de compra de AppleCare+ con robo y pérdida e incluye cobertura para una cantidad ilimitada de incidentes por daño accidental debido a la manipulación del producto o un máximo de dos incidentes de robo y pérdida cada 12 meses, cada uno de ellos sujeto a un cargo adicional de R$28000  por los daños de la pantalla o la carcasa externa o de R$144000  por robo o pérdida o de R$96000  por Otros daños accidentales. Lee todos los detalles en los Términos y condiciones de AppleCare+."",""deviceDateOfPurchase"":""23/09/2026"",""deviceId"":""SKK947YJC4N"",""registeredDevice"":""1"",""pocType"":""APOC"",""serialNumber"":""KK947YJC4N"",""partNumber"":""SHMP3ZX/A"",""partAlias"":""ACPTL"",""purchaseMode"":""C"",""productDescription"":""iPhone 18 Pro Max"",""tlDisclosure"":""La cobertura de robo y pérdida requiere que tengas la función Buscar habilitada en tu dispositivo antes de que se pierda o te lo roben. Durante el proceso de reclamación, te pediremos que uses la función Buscar para poner el dispositivo perdido o robado en modo Perdido, borrarlo y transferir la propiedad a Apple para que podamos asignarte un nuevo dispositivo. Para asegurarte de que puedas iniciar sesión en Buscar y acceder a esta función, es importante que recuerdes tu ID de Apple y contraseña, y que mantengas la información de tu cuenta actualizada. Si usas la autenticación de doble factor para el ID de Apple, te recomendamos que añadas un número de teléfono adicional de confianza a tu cuenta en el que puedas recibir el código de verificación de 6 dígitos que necesitas para iniciar sesión aunque no tengas tu iPhone. Para obtener más información, visita las páginas de Soporte técnico de Apple.""}},""transactionId"":""02214f0c-39a6-42f5-b785-9de0bc811e84-1790202640049""}"
True;1335309;2026-09-23 19:30:54.837000;2026-09-23 00:00:00;69001117;CREATEORDER;SJVN2CY9YV4;MJXP4BE/A;"{""orderDetailsResponses"":{""deviceEligibility"":{""secondaryDisplay"":""0"",""partDescription"":""AppleCare+ con robo y pérdida para iPhone 18 Pro Max"",""coverageDuration"":""2"",""productStatement"":""Tu AppleCare+ con robo y pérdida para iPhone 18 Pro Max amplía la cobertura de servicio y soporte técnico a 2 años desde la fecha de compra de AppleCare+ con robo y pérdida e incluye cobertura para una cantidad ilimitada de incidentes por daño accidental debido a la manipulación del producto o un máximo de dos incidentes de robo y pérdida cada 12 meses, cada uno de ellos sujeto a un cargo adicional de R$28000  por los daños de la pantalla o la carcasa externa o de R$144000  por robo o pérdida o de R$96000  por Otros daños accidentales. Lee todos los detalles en los Términos y condiciones de AppleCare+."",""deviceDateOfPurchase"":""23/09/2026"",""deviceId"":""SJVN2CY9YV4"",""registeredDevice"":""1"",""pocType"":""APOC"",""serialNumber"":""JVN2CY9YV4"",""partNumber"":""SHMP3ZX/A"",""partAlias"":""ACPTL"",""purchaseMode"":""C"",""productDescription"":""iPhone 18 Pro Max"",""tlDisclosure"":""La cobertura de robo y pérdida requiere que tengas la función Buscar habilitada en tu dispositivo antes de que se pierda o te lo roben. Durante el proceso de reclamación, te pediremos que uses la función Buscar para poner el dispositivo perdido o robado en modo Perdido, borrarlo y transferir la propiedad a Apple para que podamos asignarte un nuevo dispositivo. Para asegurarte de que puedas iniciar sesión en Buscar y acceder a esta función, es importante que recuerdes tu ID de Apple y contraseña, y que mantengas la información de tu cuenta actualizada. Si usas la autenticación de doble factor para el ID de Apple, te recomendamos que añadas un número de teléfono adicional de confianza a tu cuenta en el que puedas recibir el código de verificación de 6 dígitos que necesitas para iniciar sesión aunque no tengas tu iPhone. Para obtener más información, visita las páginas de Soporte técnico de Apple.""},""orderConfirmation"":{""agreementNumber"":""328426680294"",""coverageDurationStatement"":""Finaliza el 22/09/2028"",""termConditionURL"":""http://www.apple.com/legal/sales-support/"",""partNumber"":""SHMP3ZX/A"",""partAlias"":""ACPTL"",""partType"":""AC+TL"",""purchaseMode"":""C"",""appleCareSalesDate"":""23/09/2026"",""pocType"":""APOC"",""purchaseOrderNumber"":""69001117""}},""transactionId"":""270add9f-b3ae-4d88-b40a-b55d7c28621a-1790202649908""}"
True;5197313;2026-09-23 19:31:17.153000;2026-09-23 00:00:00;23601133;CREATEORDER;SL9JL9YK52V;MJXX4BE/A;"{""orderDetailsResponses"":{""deviceEligibility"":{""secondaryDisplay"":""0"",""partDescription"":""AppleCare+ con robo y pérdida para iPhone 18 Pro Max"",""coverageDuration"":""2"",""productStatement"":""Tu AppleCare+ con robo y pérdida para iPhone 18 Pro Max amplía la cobertura de servicio y soporte técnico a 2 años desde la fecha de compra de AppleCare+ con robo y pérdida e incluye cobertura para una cantidad ilimitada de incidentes por daño accidental debido a la manipulación del producto o un máximo de dos incidentes de robo y pérdida cada 12 meses, cada uno de ellos sujeto a un cargo adicional de R$28000  por los daños de la pantalla o la carcasa externa o de R$144000  por robo o pérdida o de R$96000  por Otros daños accidentales. Lee todos los detalles en los Términos y condiciones de AppleCare+."",""deviceDateOfPurchase"":""23/09/2026"",""deviceId"":""SL9JL9YK52V"",""registeredDevice"":""1"",""pocType"":""APOC"",""serialNumber"":""L9JL9YK52V"",""partNumber"":""SHMP3ZX/A"",""partAlias"":""ACPTL"",""purchaseMode"":""C"",""productDescription"":""iPhone 18 Pro Max"",""tlDisclosure"":""La cobertura de robo y pérdida requiere que tengas la función Buscar habilitada en tu dispositivo antes de que se pierda o te lo roben. Durante el proceso de reclamación, te pediremos que uses la función Buscar para poner el dispositivo perdido o robado en modo Perdido, borrarlo y transferir la propiedad a Apple para que podamos asignarte un nuevo dispositivo. Para asegurarte de que puedas iniciar sesión en Buscar y acceder a esta función, es importante que recuerdes tu ID de Apple y contraseña, y que mantengas la información de tu cuenta actualizada. Si usas la autenticación de doble factor para el ID de Apple, te recomendamos que añadas un número de teléfono adicional de confianza a tu cuenta en el que puedas recibir el código de verificación de 6 dígitos que necesitas para iniciar sesión aunque no tengas tu iPhone. Para obtener más información, visita las páginas de Soporte técnico de Apple.""},""orderConfirmation"":{""agreementNumber"":""328426681249"",""coverageDurationStatement"":""Finaliza el 22/09/2028"",""termConditionURL"":""http://www.apple.com/legal/sales-support/"",""partNumber"":""SHMP3ZX/A"",""partAlias"":""ACPTL"",""partType"":""AC+TL"",""purchaseMode"":""C"",""appleCareSalesDate"":""23/09/2026"",""pocType"":""APOC"",""purchaseOrderNumber"":""23601133""}},""transactionId"":""4c75cdbb-de8b-41fe-9035-0ca36df29233-1790202671917""}"
False;1324896;2026-09-23 19:31:30.290000;2026-09-23 00:00:00;20701030;CREATEORDER;SFJF0KMVRKQ;MJXV4BE/A;"{""orderDetailsResponses"":{""deviceEligibility"":{""secondaryDisplay"":""0"",""deviceDateOfPurchase"":""23/09/2026"",""deviceId"":""SFJF0KMVRKQ"",""registeredDevice"":""0"",""deviceErrorResponse"":{""errorCode"":""GRX-20024"",""errorMessage"":""Ya existe un AppleCare Plan para el dispositivo SFJF0KMVRKQ o está pendiente. Comprueba los detalles del pedido en la búsqueda 360 y ponte en contacto con el Soporte técnico de AppleCare Connect si necesitas más información.""},""pocType"":""APOC"",""serialNumber"":""FJF0KMVRKQ"",""partNumber"":""SHMP3ZX/A"",""partAlias"":""ACPTL"",""productDescription"":""iPhone 18 Pro Max"",""tlDisclosure"":""La cobertura de robo y pérdida requiere que tengas la función Buscar habilitada en tu dispositivo antes de que se pierda o te lo roben. Durante el proceso de reclamación, te pediremos que uses la función Buscar para poner el dispositivo perdido o robado en modo Perdido, borrarlo y transferir la propiedad a Apple para que podamos asignarte un nuevo dispositivo. Para asegurarte de que puedas iniciar sesión en Buscar y acceder a esta función, es importante que recuerdes tu ID de Apple y contraseña, y que mantengas la información de tu cuenta actualizada. Si usas la autenticación de doble factor para el ID de Apple, te recomendamos que añadas un número de teléfono adicional de confianza a tu cuenta en el que puedas recibir el código de verificación de 6 dígitos que necesitas para iniciar sesión aunque no tengas tu iPhone. Para obtener más información, visita las páginas de Soporte técnico de Apple.""}},""transactionId"":""db58dfca-ef4c-4402-91e9-86f7fc4b2054-1790202689535""}"
False;1324896;2026-09-23 19:32:10.147000;2026-09-23 00:00:00;20701030;CREATEORDER;SFJF0KMVRKQ;MJXV4BE/A;"{""orderDetailsResponses"":{""deviceEligibility"":{""secondaryDisplay"":""0"",""deviceDateOfPurchase"":""23/09/2026"",""deviceId"":""SFJF0KMVRKQ"",""registeredDevice"":""0"",""deviceErrorResponse"":{""errorCode"":""GRX-20024"",""errorMessage"":""Ya existe un AppleCare Plan para el dispositivo SFJF0KMVRKQ o está pendiente. Comprueba los detalles del pedido en la búsqueda 360 y ponte en contacto con el Soporte técnico de AppleCare Connect si necesitas más información.""},""pocType"":""APOC"",""serialNumber"":""FJF0KMVRKQ"",""partNumber"":""SHMP3ZX/A"",""partAlias"":""ACPTL"",""productDescription"":""iPhone 18 Pro Max"",""tlDisclosure"":""La cobertura de robo y pérdida requiere que tengas la función Buscar habilitada en tu dispositivo antes de que se pierda o te lo roben. Durante el proceso de reclamación, te pediremos que uses la función Buscar para poner el dispositivo perdido o robado en modo Perdido, borrarlo y transferir la propiedad a Apple para que podamos asignarte un nuevo dispositivo. Para asegurarte de que puedas iniciar sesión en Buscar y acceder a esta función, es importante que recuerdes tu ID de Apple y contraseña, y que mantengas la información de tu cuenta actualizada. Si usas la autenticación de doble factor para el ID de Apple, te recomendamos que añadas un número de teléfono adicional de confianza a tu cuenta en el que puedas recibir el código de verificación de 6 dígitos que necesitas para iniciar sesión aunque no tengas tu iPhone. Para obtener más información, visita las páginas de Soporte técnico de Apple.""}},""transactionId"":""58749d58-c8e6-400c-9e4d-c7f1b7cda5c9-1790202729268""}"
True;5180464;2026-09-23 19:33:33.370000;2026-09-23 00:00:00;9001107;VERIFYORDER;SCXXWGHC4NG;MJXR4BE/A;"{""orderDetailsResponses"":{""deviceEligibility"":{""secondaryDisplay"":""0"",""partDescription"":""AppleCare+ con robo y pérdida para iPhone 18 Pro Max"",""coverageDuration"":""2"",""productStatement"":""Tu AppleCare+ con robo y pérdida para iPhone 18 Pro Max amplía la cobertura de servicio y soporte técnico a 2 años desde la fecha de compra de AppleCare+ con robo y pérdida e incluye cobertura para una cantidad ilimitada de incidentes por daño accidental debido a la manipulación del producto o un máximo de dos incidentes de robo y pérdida cada 12 meses, cada uno de ellos sujeto a un cargo adicional de R$28000  por los daños de la pantalla o la carcasa externa o de R$144000  por robo o pérdida o de R$96000  por Otros daños accidentales. Lee todos los detalles en los Términos y condiciones de AppleCare+."",""deviceDateOfPurchase"":""23/09/2026"",""deviceId"":""SCXXWGHC4NG"",""registeredDevice"":""1"",""pocType"":""APOC"",""serialNumber"":""CXXWGHC4NG"",""partNumber"":""SHMP3ZX/A"",""partAlias"":""ACPTL"",""purchaseMode"":""C"",""productDescription"":""iPhone 18 Pro Max"",""tlDisclosure"":""La cobertura de robo y pérdida requiere que tengas la función Buscar habilitada en tu dispositivo antes de que se pierda o te lo roben. Durante el proceso de reclamación, te pediremos que uses la función Buscar para poner el dispositivo perdido o robado en modo Perdido, borrarlo y transferir la propiedad a Apple para que podamos asignarte un nuevo dispositivo. Para asegurarte de que puedas iniciar sesión en Buscar y acceder a esta función, es importante que recuerdes tu ID de Apple y contraseña, y que mantengas la información de tu cuenta actualizada. Si usas la autenticación de doble factor para el ID de Apple, te recomendamos que añadas un número de teléfono adicional de confianza a tu cuenta en el que puedas recibir el código de verificación de 6 dígitos que necesitas para iniciar sesión aunque no tengas tu iPhone. Para obtener más información, visita las páginas de Soporte técnico de Apple.""}},""transactionId"":""34b2a5d5-aefd-453b-8418-507afe3f28a5-1790202812757""}"
True;5198260;2026-09-23 19:33:44.950000;2026-09-23 00:00:00;29801094;CREATEORDER;SKK947YJC4N;MJXR4BE/A;"{""orderDetailsResponses"":{""deviceEligibility"":{""secondaryDisplay"":""0"",""partDescription"":""AppleCare+ con robo y pérdida para iPhone 18 Pro Max"",""coverageDuration"":""2"",""productStatement"":""Tu AppleCare+ con robo y pérdida para iPhone 18 Pro Max amplía la cobertura de servicio y soporte técnico a 2 años desde la fecha de compra de AppleCare+ con robo y pérdida e incluye cobertura para una cantidad ilimitada de incidentes por daño accidental debido a la manipulación del producto o un máximo de dos incidentes de robo y pérdida cada 12 meses, cada uno de ellos sujeto a un cargo adicional de R$28000  por los daños de la pantalla o la carcasa externa o de R$144000  por robo o pérdida o de R$96000  por Otros daños accidentales. Lee todos los detalles en los Términos y condiciones de AppleCare+."",""deviceDateOfPurchase"":""23/09/2026"",""deviceId"":""SKK947YJC4N"",""registeredDevice"":""1"",""pocType"":""APOC"",""serialNumber"":""KK947YJC4N"",""partNumber"":""SHMP3ZX/A"",""partAlias"":""ACPTL"",""purchaseMode"":""C"",""productDescription"":""iPhone 18 Pro Max"",""tlDisclosure"":""La cobertura de robo y pérdida requiere que tengas la función Buscar habilitada en tu dispositivo antes de que se pierda o te lo roben. Durante el proceso de reclamación, te pediremos que uses la función Buscar para poner el dispositivo perdido o robado en modo Perdido, borrarlo y transferir la propiedad a Apple para que podamos asignarte un nuevo dispositivo. Para asegurarte de que puedas iniciar sesión en Buscar y acceder a esta función, es importante que recuerdes tu ID de Apple y contraseña, y que mantengas la información de tu cuenta actualizada. Si usas la autenticación de doble factor para el ID de Apple, te recomendamos que añadas un número de teléfono adicional de confianza a tu cuenta en el que puedas recibir el código de verificación de 6 dígitos que necesitas para iniciar sesión aunque no tengas tu iPhone. Para obtener más información, visita las páginas de Soporte técnico de Apple.""},""orderConfirmation"":{""agreementNumber"":""328426620842"",""coverageDurationStatement"":""Finaliza el 22/09/2028"",""termConditionURL"":""http://www.apple.com/legal/sales-support/"",""partNumber"":""SHMP3ZX/A"",""partAlias"":""ACPTL"",""partType"":""AC+TL"",""purchaseMode"":""C"",""appleCareSalesDate"":""23/09/2026"",""pocType"":""APOC"",""purchaseOrderNumber"":""29801094""}},""transactionId"":""0a99052e-b790-4e36-95e1-04e5543d70b2-1790202819508""}"
True;5177713;2026-09-23 19:34:02.960000;2026-09-23 00:00:00;36701058;VERIFYORDER;SD0YHKHRWFX;MJRV4BE/A;"{""orderDetailsResponses"":{""deviceEligibility"":{""secondaryDisplay"":""0"",""partDescription"":""AppleCare+ con robo y pérdida para iPhone 18 Pro"",""coverageDuration"":""2"",""productStatement"":""Tu AppleCare+ con robo y pérdida para iPhone 18 Pro amplía la cobertura de servicio y soporte técnico a 2 años desde la fecha de compra de AppleCare+ con robo y pérdida e incluye cobertura para una cantidad ilimitada de incidentes por daño accidental debido a la manipulación del producto o un máximo de dos incidentes de robo y pérdida cada 12 meses, cada uno de ellos sujeto a un cargo adicional de R$28000  por los daños de la pantalla o la carcasa externa o de R$144000  por robo o pérdida o de R$96000  por Otros daños accidentales. Lee todos los detalles en los Términos y condiciones de AppleCare+."",""deviceDateOfPurchase"":""23/09/2026"",""deviceId"":""SD0YHKHRWFX"",""registeredDevice"":""1"",""pocType"":""APOC"",""serialNumber"":""D0YHKHRWFX"",""partNumber"":""SHMD3ZX/A"",""partAlias"":""ACPTL"",""purchaseMode"":""C"",""productDescription"":""iPhone 18 Pro"",""tlDisclosure"":""La cobertura de robo y pérdida requiere que tengas la función Buscar habilitada en tu dispositivo antes de que se pierda o te lo roben. Durante el proceso de reclamación, te pediremos que uses la función Buscar para poner el dispositivo perdido o robado en modo Perdido, borrarlo y transferir la propiedad a Apple para que podamos asignarte un nuevo dispositivo. Para asegurarte de que puedas iniciar sesión en Buscar y acceder a esta función, es importante que recuerdes tu ID de Apple y contraseña, y que mantengas la información de tu cuenta actualizada. Si usas la autenticación de doble factor para el ID de Apple, te recomendamos que añadas un número de teléfono adicional de confianza a tu cuenta en el que puedas recibir el código de verificación de 6 dígitos que necesitas para iniciar sesión aunque no tengas tu iPhone. Para obtener más información, visita las páginas de Soporte técnico de Apple.""}},""transactionId"":""eee35ec8-304d-4bab-a5da-0856f440508c-1790202842342""}"
True;5179391;2026-09-23 19:36:36.017000;2026-09-23 00:00:00;29901123;VERIFYORDER;SF6VYD7L23H;MG8R4BE/A;"{""orderDetailsResponses"":{""deviceEligibility"":{""secondaryDisplay"":""0"",""partDescription"":""AppleCare+ con robo y pérdida para iPhone 17 Pro"",""coverageDuration"":""2"",""productStatement"":""Tu AppleCare+ con robo y pérdida para iPhone 17 Pro amplía la cobertura de servicio y soporte técnico a 2 años desde la fecha de compra de AppleCare+ con robo y pérdida e incluye cobertura para una cantidad ilimitada de incidentes por daño accidental debido a la manipulación del producto o un máximo de dos incidentes de robo y pérdida cada 12 meses, cada uno de ellos sujeto a un cargo adicional de R$96000  por Otros daños accidentales o de R$28000  por los daños de la pantalla o la carcasa externa o de R$144000  por robo o pérdida. Lee todos los detalles en los Términos y condiciones de AppleCare+."",""deviceDateOfPurchase"":""23/09/2026"",""deviceId"":""SF6VYD7L23H"",""registeredDevice"":""1"",""pocType"":""APOC"",""serialNumber"":""F6VYD7L23H"",""partNumber"":""SX342ZX/A"",""partAlias"":""ACPTL"",""purchaseMode"":""C"",""productDescription"":""iPhone 17 Pro"",""tlDisclosure"":""La cobertura de robo y pérdida requiere que tengas la función Buscar habilitada en tu dispositivo antes de que se pierda o te lo roben. Durante el proceso de reclamación, te pediremos que uses la función Buscar para poner el dispositivo perdido o robado en modo Perdido, borrarlo y transferir la propiedad a Apple para que podamos asignarte un nuevo dispositivo. Para asegurarte de que puedas iniciar sesión en Buscar y acceder a esta función, es importante que recuerdes tu ID de Apple y contraseña, y que mantengas la información de tu cuenta actualizada. Si usas la autenticación de doble factor para el ID de Apple, te recomendamos que añadas un número de teléfono adicional de confianza a tu cuenta en el que puedas recibir el código de verificación de 6 dígitos que necesitas para iniciar sesión aunque no tengas tu iPhone. Para obtener más información, visita las páginas de Soporte técnico de Apple.""}},""transactionId"":""c0f4ec9d-2a89-4966-8817-9a84e85537ff-1790202995378""}"
False;1324896;2026-09-23 19:36:43.083000;2026-09-23 00:00:00;20701030;CREATEORDER;SFJF0KMVRKQ;MJXV4BE/A;"{""orderDetailsResponses"":{""deviceEligibility"":{""secondaryDisplay"":""0"",""deviceDateOfPurchase"":""23/09/2026"",""deviceId"":""SFJF0KMVRKQ"",""registeredDevice"":""0"",""deviceErrorResponse"":{""errorCode"":""GRX-20024"",""errorMessage"":""Ya existe un AppleCare Plan para el dispositivo SFJF0KMVRKQ o está pendiente. Comprueba los detalles del pedido en la búsqueda 360 y ponte en contacto con el Soporte técnico de AppleCare Connect si necesitas más información.""},""pocType"":""APOC"",""serialNumber"":""FJF0KMVRKQ"",""partNumber"":""SHMP3ZX/A"",""partAlias"":""ACPTL"",""productDescription"":""iPhone 18 Pro Max"",""tlDisclosure"":""La cobertura de robo y pérdida requiere que tengas la función Buscar habilitada en tu dispositivo antes de que se pierda o te lo roben. Durante el proceso de reclamación, te pediremos que uses la función Buscar para poner el dispositivo perdido o robado en modo Perdido, borrarlo y transferir la propiedad a Apple para que podamos asignarte un nuevo dispositivo. Para asegurarte de que puedas iniciar sesión en Buscar y acceder a esta función, es importante que recuerdes tu ID de Apple y contraseña, y que mantengas la información de tu cuenta actualizada. Si usas la autenticación de doble factor para el ID de Apple, te recomendamos que añadas un número de teléfono adicional de confianza a tu cuenta en el que puedas recibir el código de verificación de 6 dígitos que necesitas para iniciar sesión aunque no tengas tu iPhone. Para obtener más información, visita las páginas de Soporte técnico de Apple.""}},""transactionId"":""11b5e7b3-c2ec-4818-8ea9-2c97dde2c7dc-1790203002009""}"
False;1324896;2026-09-23 19:37:21.350000;2026-09-23 00:00:00;20701030;CREATEORDER;SFJF0KMVRKQ;MJXV4BE/A;"{""orderDetailsResponses"":{""deviceEligibility"":{""secondaryDisplay"":""0"",""deviceDateOfPurchase"":""23/09/2026"",""deviceId"":""SFJF0KMVRKQ"",""registeredDevice"":""0"",""deviceErrorResponse"":{""errorCode"":""GRX-20024"",""errorMessage"":""Ya existe un AppleCare Plan para el dispositivo SFJF0KMVRKQ o está pendiente. Comprueba los detalles del pedido en la búsqueda 360 y ponte en contacto con el Soporte técnico de AppleCare Connect si necesitas más información.""},""pocType"":""APOC"",""serialNumber"":""FJF0KMVRKQ"",""partNumber"":""SHMP3ZX/A"",""partAlias"":""ACPTL"",""productDescription"":""iPhone 18 Pro Max"",""tlDisclosure"":""La cobertura de robo y pérdida requiere que tengas la función Buscar habilitada en tu dispositivo antes de que se pierda o te lo roben. Durante el proceso de reclamación, te pediremos que uses la función Buscar para poner el dispositivo perdido o robado en modo Perdido, borrarlo y transferir la propiedad a Apple para que podamos asignarte un nuevo dispositivo. Para asegurarte de que puedas iniciar sesión en Buscar y acceder a esta función, es importante que recuerdes tu ID de Apple y contraseña, y que mantengas la información de tu cuenta actualizada. Si usas la autenticación de doble factor para el ID de Apple, te recomendamos que añadas un número de teléfono adicional de confianza a tu cuenta en el que puedas recibir el código de verificación de 6 dígitos que necesitas para iniciar sesión aunque no tengas tu iPhone. Para obtener más información, visita las páginas de Soporte técnico de Apple.""}},""transactionId"":""2cc5fe15-ebf8-48ad-9daa-cfb3a0db7f15-1790203040435""}"
True;5179391;2026-09-23 19:37:41.793000;2026-09-23 00:00:00;29901123;VERIFYORDER;SF6VYD7L23H;MG8R4BE/A;"{""orderDetailsResponses"":{""deviceEligibility"":{""secondaryDisplay"":""0"",""partDescription"":""AppleCare+ con robo y pérdida para iPhone 17 Pro"",""coverageDuration"":""2"",""productStatement"":""Tu AppleCare+ con robo y pérdida para iPhone 17 Pro amplía la cobertura de servicio y soporte técnico a 2 años desde la fecha de compra de AppleCare+ con robo y pérdida e incluye cobertura para una cantidad ilimitada de incidentes por daño accidental debido a la manipulación del producto o un máximo de dos incidentes de robo y pérdida cada 12 meses, cada uno de ellos sujeto a un cargo adicional de R$96000  por Otros daños accidentales o de R$28000  por los daños de la pantalla o la carcasa externa o de R$144000  por robo o pérdida. Lee todos los detalles en los Términos y condiciones de AppleCare+."",""deviceDateOfPurchase"":""23/09/2026"",""deviceId"":""SF6VYD7L23H"",""registeredDevice"":""1"",""pocType"":""APOC"",""serialNumber"":""F6VYD7L23H"",""partNumber"":""SX342ZX/A"",""partAlias"":""ACPTL"",""purchaseMode"":""C"",""productDescription"":""iPhone 17 Pro"",""tlDisclosure"":""La cobertura de robo y pérdida requiere que tengas la función Buscar habilitada en tu dispositivo antes de que se pierda o te lo roben. Durante el proceso de reclamación, te pediremos que uses la función Buscar para poner el dispositivo perdido o robado en modo Perdido, borrarlo y transferir la propiedad a Apple para que podamos asignarte un nuevo dispositivo. Para asegurarte de que puedas iniciar sesión en Buscar y acceder a esta función, es importante que recuerdes tu ID de Apple y contraseña, y que mantengas la información de tu cuenta actualizada. Si usas la autenticación de doble factor para el ID de Apple, te recomendamos que añadas un número de teléfono adicional de confianza a tu cuenta en el que puedas recibir el código de verificación de 6 dígitos que necesitas para iniciar sesión aunque no tengas tu iPhone. Para obtener más información, visita las páginas de Soporte técnico de Apple.""}},""transactionId"":""2aa7fa77-f5ff-4426-b37b-cb971c368964-1790203061251""}"
True;5177713;2026-09-23 19:37:46.633000;2026-09-23 00:00:00;36701058;CREATEORDER;SD0YHKHRWFX;MJRV4BE/A;"{""orderDetailsResponses"":{""deviceEligibility"":{""secondaryDisplay"":""0"",""partDescription"":""AppleCare+ con robo y pérdida para iPhone 18 Pro"",""coverageDuration"":""2"",""productStatement"":""Tu AppleCare+ con robo y pérdida para iPhone 18 Pro amplía la cobertura de servicio y soporte técnico a 2 años desde la fecha de compra de AppleCare+ con robo y pérdida e incluye cobertura para una cantidad ilimitada de incidentes por daño accidental debido a la manipulación del producto o un máximo de dos incidentes de robo y pérdida cada 12 meses, cada uno de ellos sujeto a un cargo adicional de R$28000  por los daños de la pantalla o la carcasa externa o de R$144000  por robo o pérdida o de R$96000  por Otros daños accidentales. Lee todos los detalles en los Términos y condiciones de AppleCare+."",""deviceDateOfPurchase"":""23/09/2026"",""deviceId"":""SD0YHKHRWFX"",""registeredDevice"":""1"",""pocType"":""APOC"",""serialNumber"":""D0YHKHRWFX"",""partNumber"":""SHMD3ZX/A"",""partAlias"":""ACPTL"",""purchaseMode"":""C"",""productDescription"":""iPhone 18 Pro"",""tlDisclosure"":""La cobertura de robo y pérdida requiere que tengas la función Buscar habilitada en tu dispositivo antes de que se pierda o te lo roben. Durante el proceso de reclamación, te pediremos que uses la función Buscar para poner el dispositivo perdido o robado en modo Perdido, borrarlo y transferir la propiedad a Apple para que podamos asignarte un nuevo dispositivo. Para asegurarte de que puedas iniciar sesión en Buscar y acceder a esta función, es importante que recuerdes tu ID de Apple y contraseña, y que mantengas la información de tu cuenta actualizada. Si usas la autenticación de doble factor para el ID de Apple, te recomendamos que añadas un número de teléfono adicional de confianza a tu cuenta en el que puedas recibir el código de verificación de 6 dígitos que necesitas para iniciar sesión aunque no tengas tu iPhone. Para obtener más información, visita las páginas de Soporte técnico de Apple.""},""orderConfirmation"":{""agreementNumber"":""328426661494"",""coverageDurationStatement"":""Finaliza el 22/09/2028"",""termConditionURL"":""http://www.apple.com/legal/sales-support/"",""partNumber"":""SHMD3ZX/A"",""partAlias"":""ACPTL"",""partType"":""AC+TL"",""purchaseMode"":""C"",""appleCareSalesDate"":""23/09/2026"",""pocType"":""APOC"",""purchaseOrderNumber"":""36701058""}},""transactionId"":""8f115cf1-d99c-41bd-b003-02439c91f678-1790203060951""}"
True;5134896;2026-09-23 19:37:51.967000;2026-09-23 00:00:00;57501104;CREATEORDER;sdl726202yq;MJRW4BE/A;"{""orderDetailsResponses"":{""deviceEligibility"":{""secondaryDisplay"":""0"",""partDescription"":""AppleCare+ con robo y pérdida para iPhone 18 Pro"",""coverageDuration"":""2"",""productStatement"":""Tu AppleCare+ con robo y pérdida para iPhone 18 Pro amplía la cobertura de servicio y soporte técnico a 2 años desde la fecha de compra de AppleCare+ con robo y pérdida e incluye cobertura para una cantidad ilimitada de incidentes por daño accidental debido a la manipulación del producto o un máximo de dos incidentes de robo y pérdida cada 12 meses, cada uno de ellos sujeto a un cargo adicional de R$28000  por los daños de la pantalla o la carcasa externa o de R$144000  por robo o pérdida o de R$96000  por Otros daños accidentales. Lee todos los detalles en los Términos y condiciones de AppleCare+."",""deviceDateOfPurchase"":""23/09/2026"",""deviceId"":""SDL726202YQ"",""registeredDevice"":""1"",""pocType"":""APOC"",""serialNumber"":""DL726202YQ"",""partNumber"":""SHMD3ZX/A"",""partAlias"":""ACPTL"",""purchaseMode"":""C"",""productDescription"":""iPhone 18 Pro"",""tlDisclosure"":""La cobertura de robo y pérdida requiere que tengas la función Buscar habilitada en tu dispositivo antes de que se pierda o te lo roben. Durante el proceso de reclamación, te pediremos que uses la función Buscar para poner el dispositivo perdido o robado en modo Perdido, borrarlo y transferir la propiedad a Apple para que podamos asignarte un nuevo dispositivo. Para asegurarte de que puedas iniciar sesión en Buscar y acceder a esta función, es importante que recuerdes tu ID de Apple y contraseña, y que mantengas la información de tu cuenta actualizada. Si usas la autenticación de doble factor para el ID de Apple, te recomendamos que añadas un número de teléfono adicional de confianza a tu cuenta en el que puedas recibir el código de verificación de 6 dígitos que necesitas para iniciar sesión aunque no tengas tu iPhone. Para obtener más información, visita las páginas de Soporte técnico de Apple.""},""orderConfirmation"":{""agreementNumber"":""328426681287"",""coverageDurationStatement"":""Finaliza el 22/09/2028"",""termConditionURL"":""http://www.apple.com/legal/sales-support/"",""partNumber"":""SHMD3ZX/A"",""partAlias"":""ACPTL"",""partType"":""AC+TL"",""purchaseMode"":""C"",""appleCareSalesDate"":""23/09/2026"",""pocType"":""APOC"",""purchaseOrderNumber"":""57501104""}},""transactionId"":""7ae20120-8588-49a2-aa6a-149c584ad2ed-1790203065800""}"
True;5179391;2026-09-23 19:39:28.003000;2026-09-23 00:00:00;29901123;CREATEORDER;SF6VYD7L23H;MG8R4BE/A;"{""orderDetailsResponses"":{""deviceEligibility"":{""secondaryDisplay"":""0"",""partDescription"":""AppleCare+ con robo y pérdida para iPhone 17 Pro"",""coverageDuration"":""2"",""productStatement"":""Tu AppleCare+ con robo y pérdida para iPhone 17 Pro amplía la cobertura de servicio y soporte técnico a 2 años desde la fecha de compra de AppleCare+ con robo y pérdida e incluye cobertura para una cantidad ilimitada de incidentes por daño accidental debido a la manipulación del producto o un máximo de dos incidentes de robo y pérdida cada 12 meses, cada uno de ellos sujeto a un cargo adicional de R$96000  por Otros daños accidentales o de R$28000  por los daños de la pantalla o la carcasa externa o de R$144000  por robo o pérdida. Lee todos los detalles en los Términos y condiciones de AppleCare+."",""deviceDateOfPurchase"":""23/09/2026"",""deviceId"":""SF6VYD7L23H"",""registeredDevice"":""1"",""pocType"":""APOC"",""serialNumber"":""F6VYD7L23H"",""partNumber"":""SX342ZX/A"",""partAlias"":""ACPTL"",""purchaseMode"":""C"",""productDescription"":""iPhone 17 Pro"",""tlDisclosure"":""La cobertura de robo y pérdida requiere que tengas la función Buscar habilitada en tu dispositivo antes de que se pierda o te lo roben. Durante el proceso de reclamación, te pediremos que uses la función Buscar para poner el dispositivo perdido o robado en modo Perdido, borrarlo y transferir la propiedad a Apple para que podamos asignarte un nuevo dispositivo. Para asegurarte de que puedas iniciar sesión en Buscar y acceder a esta función, es importante que recuerdes tu ID de Apple y contraseña, y que mantengas la información de tu cuenta actualizada. Si usas la autenticación de doble factor para el ID de Apple, te recomendamos que añadas un número de teléfono adicional de confianza a tu cuenta en el que puedas recibir el código de verificación de 6 dígitos que necesitas para iniciar sesión aunque no tengas tu iPhone. Para obtener más información, visita las páginas de Soporte técnico de Apple.""},""orderConfirmation"":{""agreementNumber"":""328426620872"",""coverageDurationStatement"":""Finaliza el 22/09/2028"",""termConditionURL"":""http://www.apple.com/legal/sales-support/"",""partNumber"":""SX342ZX/A"",""partAlias"":""ACPTL"",""partType"":""AC+TL"",""purchaseMode"":""C"",""appleCareSalesDate"":""23/09/2026"",""pocType"":""APOC"",""purchaseOrderNumber"":""29901123""}},""transactionId"":""f9915b1a-4603-4171-a4b1-61b7919b9bf1-1790203162221""}"
True;5120691;2026-09-23 19:40:49.727000;2026-09-23 00:00:00;64801082;VERIFYORDER;SJPM6HK9MM6;MJRQ4BE/A;"{""orderDetailsResponses"":{""deviceEligibility"":{""secondaryDisplay"":""0"",""partDescription"":""AppleCare+ con robo y pérdida para iPhone 18 Pro"",""coverageDuration"":""2"",""productStatement"":""Tu AppleCare+ con robo y pérdida para iPhone 18 Pro amplía la cobertura de servicio y soporte técnico a 2 años desde la fecha de compra de AppleCare+ con robo y pérdida e incluye cobertura para una cantidad ilimitada de incidentes por daño accidental debido a la manipulación del producto o un máximo de dos incidentes de robo y pérdida cada 12 meses, cada uno de ellos sujeto a un cargo adicional de R$28000  por los daños de la pantalla o la carcasa externa o de R$144000  por robo o pérdida o de R$96000  por Otros daños accidentales. Lee todos los detalles en los Términos y condiciones de AppleCare+."",""deviceDateOfPurchase"":""23/09/2026"",""deviceId"":""SJPM6HK9MM6"",""registeredDevice"":""1"",""pocType"":""APOC"",""serialNumber"":""JPM6HK9MM6"",""partNumber"":""SHMD3ZX/A"",""partAlias"":""ACPTL"",""purchaseMode"":""C"",""productDescription"":""iPhone 18 Pro"",""tlDisclosure"":""La cobertura de robo y pérdida requiere que tengas la función Buscar habilitada en tu dispositivo antes de que se pierda o te lo roben. Durante el proceso de reclamación, te pediremos que uses la función Buscar para poner el dispositivo perdido o robado en modo Perdido, borrarlo y transferir la propiedad a Apple para que podamos asignarte un nuevo dispositivo. Para asegurarte de que puedas iniciar sesión en Buscar y acceder a esta función, es importante que recuerdes tu ID de Apple y contraseña, y que mantengas la información de tu cuenta actualizada. Si usas la autenticación de doble factor para el ID de Apple, te recomendamos que añadas un número de teléfono adicional de confianza a tu cuenta en el que puedas recibir el código de verificación de 6 dígitos que necesitas para iniciar sesión aunque no tengas tu iPhone. Para obtener más información, visita las páginas de Soporte técnico de Apple.""}},""transactionId"":""58ece17e-4e58-4489-a6de-8da0c036c02b-1790203249135""}"
False;1324896;2026-09-23 19:41:37.160000;2026-09-23 00:00:00;20701030;CREATEORDER;SFJF0KMVRKQ;MJXV4BE/A;"{""orderDetailsResponses"":{""deviceEligibility"":{""secondaryDisplay"":""0"",""deviceDateOfPurchase"":""23/09/2026"",""deviceId"":""SFJF0KMVRKQ"",""registeredDevice"":""0"",""deviceErrorResponse"":{""errorCode"":""GRX-20024"",""errorMessage"":""Ya existe un AppleCare Plan para el dispositivo SFJF0KMVRKQ o está pendiente. Comprueba los detalles del pedido en la búsqueda 360 y ponte en contacto con el Soporte técnico de AppleCare Connect si necesitas más información.""},""pocType"":""APOC"",""serialNumber"":""FJF0KMVRKQ"",""partNumber"":""SHMP3ZX/A"",""partAlias"":""ACPTL"",""productDescription"":""iPhone 18 Pro Max"",""tlDisclosure"":""La cobertura de robo y pérdida requiere que tengas la función Buscar habilitada en tu dispositivo antes de que se pierda o te lo roben. Durante el proceso de reclamación, te pediremos que uses la función Buscar para poner el dispositivo perdido o robado en modo Perdido, borrarlo y transferir la propiedad a Apple para que podamos asignarte un nuevo dispositivo. Para asegurarte de que puedas iniciar sesión en Buscar y acceder a esta función, es importante que recuerdes tu ID de Apple y contraseña, y que mantengas la información de tu cuenta actualizada. Si usas la autenticación de doble factor para el ID de Apple, te recomendamos que añadas un número de teléfono adicional de confianza a tu cuenta en el que puedas recibir el código de verificación de 6 dígitos que necesitas para iniciar sesión aunque no tengas tu iPhone. Para obtener más información, visita las páginas de Soporte técnico de Apple.""}},""transactionId"":""4a153a4a-c757-4c96-947b-07c7a8dea7a4-1790203296233""}"
False;1324896;2026-09-23 19:42:17.940000;2026-09-23 00:00:00;20701030;CREATEORDER;SFJF0KMVRKQ;MJXV4BE/A;"{""orderDetailsResponses"":{""deviceEligibility"":{""secondaryDisplay"":""0"",""deviceDateOfPurchase"":""23/09/2026"",""deviceId"":""SFJF0KMVRKQ"",""registeredDevice"":""0"",""deviceErrorResponse"":{""errorCode"":""GRX-20024"",""errorMessage"":""Ya existe un AppleCare Plan para el dispositivo SFJF0KMVRKQ o está pendiente. Comprueba los detalles del pedido en la búsqueda 360 y ponte en contacto con el Soporte técnico de AppleCare Connect si necesitas más información.""},""pocType"":""APOC"",""serialNumber"":""FJF0KMVRKQ"",""partNumber"":""SHMP3ZX/A"",""partAlias"":""ACPTL"",""productDescription"":""iPhone 18 Pro Max"",""tlDisclosure"":""La cobertura de robo y pérdida requiere que tengas la función Buscar habilitada en tu dispositivo antes de que se pierda o te lo roben. Durante el proceso de reclamación, te pediremos que uses la función Buscar para poner el dispositivo perdido o robado en modo Perdido, borrarlo y transferir la propiedad a Apple para que podamos asignarte un nuevo dispositivo. Para asegurarte de que puedas iniciar sesión en Buscar y acceder a esta función, es importante que recuerdes tu ID de Apple y contraseña, y que mantengas la información de tu cuenta actualizada. Si usas la autenticación de doble factor para el ID de Apple, te recomendamos que añadas un número de teléfono adicional de confianza a tu cuenta en el que puedas recibir el código de verificación de 6 dígitos que necesitas para iniciar sesión aunque no tengas tu iPhone. Para obtener más información, visita las páginas de Soporte técnico de Apple.""}},""transactionId"":""0f4ca570-26b2-4481-873f-d983a9f132c2-1790203336726""}"
True;5120691;2026-09-23 19:43:45.083000;2026-09-23 00:00:00;64801082;VERIFYORDER;sjpm6hk9mm6;MJRQ4BE/A;"{""orderDetailsResponses"":{""deviceEligibility"":{""secondaryDisplay"":""0"",""partDescription"":""AppleCare+ con robo y pérdida para iPhone 18 Pro"",""coverageDuration"":""2"",""productStatement"":""Tu AppleCare+ con robo y pérdida para iPhone 18 Pro amplía la cobertura de servicio y soporte técnico a 2 años desde la fecha de compra de AppleCare+ con robo y pérdida e incluye cobertura para una cantidad ilimitada de incidentes por daño accidental debido a la manipulación del producto o un máximo de dos incidentes de robo y pérdida cada 12 meses, cada uno de ellos sujeto a un cargo adicional de R$28000  por los daños de la pantalla o la carcasa externa o de R$144000  por robo o pérdida o de R$96000  por Otros daños accidentales. Lee todos los detalles en los Términos y condiciones de AppleCare+."",""deviceDateOfPurchase"":""23/09/2026"",""deviceId"":""SJPM6HK9MM6"",""registeredDevice"":""1"",""pocType"":""APOC"",""serialNumber"":""JPM6HK9MM6"",""partNumber"":""SHMD3ZX/A"",""partAlias"":""ACPTL"",""purchaseMode"":""C"",""productDescription"":""iPhone 18 Pro"",""tlDisclosure"":""La cobertura de robo y pérdida requiere que tengas la función Buscar habilitada en tu dispositivo antes de que se pierda o te lo roben. Durante el proceso de reclamación, te pediremos que uses la función Buscar para poner el dispositivo perdido o robado en modo Perdido, borrarlo y transferir la propiedad a Apple para que podamos asignarte un nuevo dispositivo. Para asegurarte de que puedas iniciar sesión en Buscar y acceder a esta función, es importante que recuerdes tu ID de Apple y contraseña, y que mantengas la información de tu cuenta actualizada. Si usas la autenticación de doble factor para el ID de Apple, te recomendamos que añadas un número de teléfono adicional de confianza a tu cuenta en el que puedas recibir el código de verificación de 6 dígitos que necesitas para iniciar sesión aunque no tengas tu iPhone. Para obtener más información, visita las páginas de Soporte técnico de Apple.""}},""transactionId"":""9c76c60b-4ac3-440b-8aea-95783c0b1369-1790203424502""}"
True;5120691;2026-09-23 19:45:25.657000;2026-09-23 00:00:00;64801082;CREATEORDER;sjpm6hk9mm6;MJRQ4BE/A;"{""orderDetailsResponses"":{""deviceEligibility"":{""secondaryDisplay"":""0"",""partDescription"":""AppleCare+ con robo y pérdida para iPhone 18 Pro"",""coverageDuration"":""2"",""productStatement"":""Tu AppleCare+ con robo y pérdida para iPhone 18 Pro amplía la cobertura de servicio y soporte técnico a 2 años desde la fecha de compra de AppleCare+ con robo y pérdida e incluye cobertura para una cantidad ilimitada de incidentes por daño accidental debido a la manipulación del producto o un máximo de dos incidentes de robo y pérdida cada 12 meses, cada uno de ellos sujeto a un cargo adicional de R$28000  por los daños de la pantalla o la carcasa externa o de R$144000  por robo o pérdida o de R$96000  por Otros daños accidentales. Lee todos los detalles en los Términos y condiciones de AppleCare+."",""deviceDateOfPurchase"":""23/09/2026"",""deviceId"":""SJPM6HK9MM6"",""registeredDevice"":""1"",""pocType"":""APOC"",""serialNumber"":""JPM6HK9MM6"",""partNumber"":""SHMD3ZX/A"",""partAlias"":""ACPTL"",""purchaseMode"":""C"",""productDescription"":""iPhone 18 Pro"",""tlDisclosure"":""La cobertura de robo y pérdida requiere que tengas la función Buscar habilitada en tu dispositivo antes de que se pierda o te lo roben. Durante el proceso de reclamación, te pediremos que uses la función Buscar para poner el dispositivo perdido o robado en modo Perdido, borrarlo y transferir la propiedad a Apple para que podamos asignarte un nuevo dispositivo. Para asegurarte de que puedas iniciar sesión en Buscar y acceder a esta función, es importante que recuerdes tu ID de Apple y contraseña, y que mantengas la información de tu cuenta actualizada. Si usas la autenticación de doble factor para el ID de Apple, te recomendamos que añadas un número de teléfono adicional de confianza a tu cuenta en el que puedas recibir el código de verificación de 6 dígitos que necesitas para iniciar sesión aunque no tengas tu iPhone. Para obtener más información, visita las páginas de Soporte técnico de Apple.""},""orderConfirmation"":{""agreementNumber"":""328426681330"",""coverageDurationStatement"":""Finaliza el 22/09/2028"",""termConditionURL"":""http://www.apple.com/legal/sales-support/"",""partNumber"":""SHMD3ZX/A"",""partAlias"":""ACPTL"",""partType"":""AC+TL"",""purchaseMode"":""C"",""appleCareSalesDate"":""23/09/2026"",""pocType"":""APOC"",""purchaseOrderNumber"":""64801082""}},""transactionId"":""c6646b09-7c3e-42c5-9949-248a98ec57ad-1790203519989""}"
False;1324896;2026-09-23 19:46:38.033000;2026-09-23 00:00:00;20701030;CREATEORDER;SFJF0KMVRKQ;MJXV4BE/A;"{""orderDetailsResponses"":{""deviceEligibility"":{""secondaryDisplay"":""0"",""deviceDateOfPurchase"":""23/09/2026"",""deviceId"":""SFJF0KMVRKQ"",""registeredDevice"":""0"",""deviceErrorResponse"":{""errorCode"":""GRX-20024"",""errorMessage"":""Ya existe un AppleCare Plan para el dispositivo SFJF0KMVRKQ o está pendiente. Comprueba los detalles del pedido en la búsqueda 360 y ponte en contacto con el Soporte técnico de AppleCare Connect si necesitas más información.""},""pocType"":""APOC"",""serialNumber"":""FJF0KMVRKQ"",""partNumber"":""SHMP3ZX/A"",""partAlias"":""ACPTL"",""productDescription"":""iPhone 18 Pro Max"",""tlDisclosure"":""La cobertura de robo y pérdida requiere que tengas la función Buscar habilitada en tu dispositivo antes de que se pierda o te lo roben. Durante el proceso de reclamación, te pediremos que uses la función Buscar para poner el dispositivo perdido o robado en modo Perdido, borrarlo y transferir la propiedad a Apple para que podamos asignarte un nuevo dispositivo. Para asegurarte de que puedas iniciar sesión en Buscar y acceder a esta función, es importante que recuerdes tu ID de Apple y contraseña, y que mantengas la información de tu cuenta actualizada. Si usas la autenticación de doble factor para el ID de Apple, te recomendamos que añadas un número de teléfono adicional de confianza a tu cuenta en el que puedas recibir el código de verificación de 6 dígitos que necesitas para iniciar sesión aunque no tengas tu iPhone. Para obtener más información, visita las páginas de Soporte técnico de Apple.""}},""transactionId"":""4fc6b71c-a9ed-4b40-a002-37a5ce10da33-1790203597133""}"
True;5180464;2026-09-23 19:47:14.787000;2026-09-23 00:00:00;9001107;CREATEORDER;SCXXWGHC4NG;MJXR4BE/A;"{""orderDetailsResponses"":{""deviceEligibility"":{""secondaryDisplay"":""0"",""partDescription"":""AppleCare+ con robo y pérdida para iPhone 18 Pro Max"",""coverageDuration"":""2"",""productStatement"":""Tu AppleCare+ con robo y pérdida para iPhone 18 Pro Max amplía la cobertura de servicio y soporte técnico a 2 años desde la fecha de compra de AppleCare+ con robo y pérdida e incluye cobertura para una cantidad ilimitada de incidentes por daño accidental debido a la manipulación del producto o un máximo de dos incidentes de robo y pérdida cada 12 meses, cada uno de ellos sujeto a un cargo adicional de R$28000  por los daños de la pantalla o la carcasa externa o de R$144000  por robo o pérdida o de R$96000  por Otros daños accidentales. Lee todos los detalles en los Términos y condiciones de AppleCare+."",""deviceDateOfPurchase"":""23/09/2026"",""deviceId"":""SCXXWGHC4NG"",""registeredDevice"":""1"",""pocType"":""APOC"",""serialNumber"":""CXXWGHC4NG"",""partNumber"":""SHMP3ZX/A"",""partAlias"":""ACPTL"",""purchaseMode"":""C"",""productDescription"":""iPhone 18 Pro Max"",""tlDisclosure"":""La cobertura de robo y pérdida requiere que tengas la función Buscar habilitada en tu dispositivo antes de que se pierda o te lo roben. Durante el proceso de reclamación, te pediremos que uses la función Buscar para poner el dispositivo perdido o robado en modo Perdido, borrarlo y transferir la propiedad a Apple para que podamos asignarte un nuevo dispositivo. Para asegurarte de que puedas iniciar sesión en Buscar y acceder a esta función, es importante que recuerdes tu ID de Apple y contraseña, y que mantengas la información de tu cuenta actualizada. Si usas la autenticación de doble factor para el ID de Apple, te recomendamos que añadas un número de teléfono adicional de confianza a tu cuenta en el que puedas recibir el código de verificación de 6 dígitos que necesitas para iniciar sesión aunque no tengas tu iPhone. Para obtener más información, visita las páginas de Soporte técnico de Apple.""},""orderConfirmation"":{""agreementNumber"":""328426661546"",""coverageDurationStatement"":""Finaliza el 22/09/2028"",""termConditionURL"":""http://www.apple.com/legal/sales-support/"",""partNumber"":""SHMP3ZX/A"",""partAlias"":""ACPTL"",""partType"":""AC+TL"",""purchaseMode"":""C"",""appleCareSalesDate"":""23/09/2026"",""pocType"":""APOC"",""purchaseOrderNumber"":""9001107""}},""transactionId"":""6dc576b6-a88e-495e-8a87-eec90084e49e-1790203628956""}"
False;1324896;2026-09-23 19:47:14.827000;2026-09-23 00:00:00;20701030;CREATEORDER;SFJF0KMVRKQ;MJXV4BE/A;"{""orderDetailsResponses"":{""deviceEligibility"":{""secondaryDisplay"":""0"",""deviceDateOfPurchase"":""23/09/2026"",""deviceId"":""SFJF0KMVRKQ"",""registeredDevice"":""0"",""deviceErrorResponse"":{""errorCode"":""GRX-20024"",""errorMessage"":""Ya existe un AppleCare Plan para el dispositivo SFJF0KMVRKQ o está pendiente. Comprueba los detalles del pedido en la búsqueda 360 y ponte en contacto con el Soporte técnico de AppleCare Connect si necesitas más información.""},""pocType"":""APOC"",""serialNumber"":""FJF0KMVRKQ"",""partNumber"":""SHMP3ZX/A"",""partAlias"":""ACPTL"",""productDescription"":""iPhone 18 Pro Max"",""tlDisclosure"":""La cobertura de robo y pérdida requiere que tengas la función Buscar habilitada en tu dispositivo antes de que se pierda o te lo roben. Durante el proceso de reclamación, te pediremos que uses la función Buscar para poner el dispositivo perdido o robado en modo Perdido, borrarlo y transferir la propiedad a Apple para que podamos asignarte un nuevo dispositivo. Para asegurarte de que puedas iniciar sesión en Buscar y acceder a esta función, es importante que recuerdes tu ID de Apple y contraseña, y que mantengas la información de tu cuenta actualizada. Si usas la autenticación de doble factor para el ID de Apple, te recomendamos que añadas un número de teléfono adicional de confianza a tu cuenta en el que puedas recibir el código de verificación de 6 dígitos que necesitas para iniciar sesión aunque no tengas tu iPhone. Para obtener más información, visita las páginas de Soporte técnico de Apple.""}},""transactionId"":""3bf3c64b-6f94-42b0-94e6-5b61e12ffef7-1790203633980""}"
False;1324896;2026-09-23 19:51:30.727000;2026-09-23 00:00:00;20701030;CREATEORDER;SFJF0KMVRKQ;MJXV4BE/A;"{""orderDetailsResponses"":{""deviceEligibility"":{""secondaryDisplay"":""0"",""deviceDateOfPurchase"":""23/09/2026"",""deviceId"":""SFJF0KMVRKQ"",""registeredDevice"":""0"",""deviceErrorResponse"":{""errorCode"":""GRX-20024"",""errorMessage"":""Ya existe un AppleCare Plan para el dispositivo SFJF0KMVRKQ o está pendiente. Comprueba los detalles del pedido en la búsqueda 360 y ponte en contacto con el Soporte técnico de AppleCare Connect si necesitas más información.""},""pocType"":""APOC"",""serialNumber"":""FJF0KMVRKQ"",""partNumber"":""SHMP3ZX/A"",""partAlias"":""ACPTL"",""productDescription"":""iPhone 18 Pro Max"",""tlDisclosure"":""La cobertura de robo y pérdida requiere que tengas la función Buscar habilitada en tu dispositivo antes de que se pierda o te lo roben. Durante el proceso de reclamación, te pediremos que uses la función Buscar para poner el dispositivo perdido o robado en modo Perdido, borrarlo y transferir la propiedad a Apple para que podamos asignarte un nuevo dispositivo. Para asegurarte de que puedas iniciar sesión en Buscar y acceder a esta función, es importante que recuerdes tu ID de Apple y contraseña, y que mantengas la información de tu cuenta actualizada. Si usas la autenticación de doble factor para el ID de Apple, te recomendamos que añadas un número de teléfono adicional de confianza a tu cuenta en el que puedas recibir el código de verificación de 6 dígitos que necesitas para iniciar sesión aunque no tengas tu iPhone. Para obtener más información, visita las páginas de Soporte técnico de Apple.""}},""transactionId"":""88754a5c-5128-48ed-9055-d2e45e89c583-1790203889740""}"
True;5179393;2026-09-23 19:51:50.607000;2026-09-23 00:00:00;30001123;VERIFYORDER;SK254GT7GP2;MJXQ4BE/A;"{""orderDetailsResponses"":{""deviceEligibility"":{""secondaryDisplay"":""0"",""partDescription"":""AppleCare+ con robo y pérdida para iPhone 18 Pro Max"",""coverageDuration"":""2"",""productStatement"":""Tu AppleCare+ con robo y pérdida para iPhone 18 Pro Max amplía la cobertura de servicio y soporte técnico a 2 años desde la fecha de compra de AppleCare+ con robo y pérdida e incluye cobertura para una cantidad ilimitada de incidentes por daño accidental debido a la manipulación del producto o un máximo de dos incidentes de robo y pérdida cada 12 meses, cada uno de ellos sujeto a un cargo adicional de R$28000  por los daños de la pantalla o la carcasa externa o de R$144000  por robo o pérdida o de R$96000  por Otros daños accidentales. Lee todos los detalles en los Términos y condiciones de AppleCare+."",""deviceDateOfPurchase"":""22/09/2026"",""deviceId"":""SK254GT7GP2"",""registeredDevice"":""0"",""pocType"":""APOC"",""serialNumber"":""K254GT7GP2"",""partNumber"":""SHMP3ZX/A"",""partAlias"":""ACPTL"",""purchaseMode"":""I"",""productDescription"":""iPhone 18 Pro Max"",""tlDisclosure"":""La cobertura de robo y pérdida requiere que tengas la función Buscar habilitada en tu dispositivo antes de que se pierda o te lo roben. Durante el proceso de reclamación, te pediremos que uses la función Buscar para poner el dispositivo perdido o robado en modo Perdido, borrarlo y transferir la propiedad a Apple para que podamos asignarte un nuevo dispositivo. Para asegurarte de que puedas iniciar sesión en Buscar y acceder a esta función, es importante que recuerdes tu ID de Apple y contraseña, y que mantengas la información de tu cuenta actualizada. Si usas la autenticación de doble factor para el ID de Apple, te recomendamos que añadas un número de teléfono adicional de confianza a tu cuenta en el que puedas recibir el código de verificación de 6 dígitos que necesitas para iniciar sesión aunque no tengas tu iPhone. Para obtener más información, visita las páginas de Soporte técnico de Apple.""}},""transactionId"":""f0a9e5f8-d171-4ee1-84d0-c702f0b6b13c-1790203910032""}"
False;1324896;2026-09-23 19:52:10.570000;2026-09-23 00:00:00;20701030;CREATEORDER;SFJF0KMVRKQ;MJXV4BE/A;"{""orderDetailsResponses"":{""deviceEligibility"":{""secondaryDisplay"":""0"",""deviceDateOfPurchase"":""23/09/2026"",""deviceId"":""SFJF0KMVRKQ"",""registeredDevice"":""0"",""deviceErrorResponse"":{""errorCode"":""GRX-20024"",""errorMessage"":""Ya existe un AppleCare Plan para el dispositivo SFJF0KMVRKQ o está pendiente. Comprueba los detalles del pedido en la búsqueda 360 y ponte en contacto con el Soporte técnico de AppleCare Connect si necesitas más información.""},""pocType"":""APOC"",""serialNumber"":""FJF0KMVRKQ"",""partNumber"":""SHMP3ZX/A"",""partAlias"":""ACPTL"",""productDescription"":""iPhone 18 Pro Max"",""tlDisclosure"":""La cobertura de robo y pérdida requiere que tengas la función Buscar habilitada en tu dispositivo antes de que se pierda o te lo roben. Durante el proceso de reclamación, te pediremos que uses la función Buscar para poner el dispositivo perdido o robado en modo Perdido, borrarlo y transferir la propiedad a Apple para que podamos asignarte un nuevo dispositivo. Para asegurarte de que puedas iniciar sesión en Buscar y acceder a esta función, es importante que recuerdes tu ID de Apple y contraseña, y que mantengas la información de tu cuenta actualizada. Si usas la autenticación de doble factor para el ID de Apple, te recomendamos que añadas un número de teléfono adicional de confianza a tu cuenta en el que puedas recibir el código de verificación de 6 dígitos que necesitas para iniciar sesión aunque no tengas tu iPhone. Para obtener más información, visita las páginas de Soporte técnico de Apple.""}},""transactionId"":""7cc681b7-8e59-4108-b445-b3f055a65047-1790203929667""}"
True;5179393;2026-09-23 19:53:09.280000;2026-09-23 00:00:00;30001123;VERIFYORDER;SK254GT7GP2;MJXQ4BE/A;"{""orderDetailsResponses"":{""deviceEligibility"":{""secondaryDisplay"":""0"",""partDescription"":""AppleCare+ con robo y pérdida para iPhone 18 Pro Max"",""coverageDuration"":""2"",""productStatement"":""Tu AppleCare+ con robo y pérdida para iPhone 18 Pro Max amplía la cobertura de servicio y soporte técnico a 2 años desde la fecha de compra de AppleCare+ con robo y pérdida e incluye cobertura para una cantidad ilimitada de incidentes por daño accidental debido a la manipulación del producto o un máximo de dos incidentes de robo y pérdida cada 12 meses, cada uno de ellos sujeto a un cargo adicional de R$28000  por los daños de la pantalla o la carcasa externa o de R$144000  por robo o pérdida o de R$96000  por Otros daños accidentales. Lee todos los detalles en los Términos y condiciones de AppleCare+."",""deviceDateOfPurchase"":""22/09/2026"",""deviceId"":""SK254GT7GP2"",""registeredDevice"":""0"",""pocType"":""APOC"",""serialNumber"":""K254GT7GP2"",""partNumber"":""SHMP3ZX/A"",""partAlias"":""ACPTL"",""purchaseMode"":""I"",""productDescription"":""iPhone 18 Pro Max"",""tlDisclosure"":""La cobertura de robo y pérdida requiere que tengas la función Buscar habilitada en tu dispositivo antes de que se pierda o te lo roben. Durante el proceso de reclamación, te pediremos que uses la función Buscar para poner el dispositivo perdido o robado en modo Perdido, borrarlo y transferir la propiedad a Apple para que podamos asignarte un nuevo dispositivo. Para asegurarte de que puedas iniciar sesión en Buscar y acceder a esta función, es importante que recuerdes tu ID de Apple y contraseña, y que mantengas la información de tu cuenta actualizada. Si usas la autenticación de doble factor para el ID de Apple, te recomendamos que añadas un número de teléfono adicional de confianza a tu cuenta en el que puedas recibir el código de verificación de 6 dígitos que necesitas para iniciar sesión aunque no tengas tu iPhone. Para obtener más información, visita las páginas de Soporte técnico de Apple.""}},""transactionId"":""dafd82bf-8b75-42ee-a826-8ad4ee3935ab-1790203987994""}"
True;5174357;2026-09-23 19:54:05.403000;2026-09-23 00:00:00;41701077;VERIFYORDER;SH6R4XF949Q;MJRR4BE/A;"{""orderDetailsResponses"":{""deviceEligibility"":{""secondaryDisplay"":""0"",""partDescription"":""AppleCare+ con robo y pérdida para iPhone 18 Pro"",""coverageDuration"":""2"",""productStatement"":""Tu AppleCare+ con robo y pérdida para iPhone 18 Pro amplía la cobertura de servicio y soporte técnico a 2 años desde la fecha de compra de AppleCare+ con robo y pérdida e incluye cobertura para una cantidad ilimitada de incidentes por daño accidental debido a la manipulación del producto o un máximo de dos incidentes de robo y pérdida cada 12 meses, cada uno de ellos sujeto a un cargo adicional de R$28000  por los daños de la pantalla o la carcasa externa o de R$144000  por robo o pérdida o de R$96000  por Otros daños accidentales. Lee todos los detalles en los Términos y condiciones de AppleCare+."",""deviceDateOfPurchase"":""23/09/2026"",""deviceId"":""SH6R4XF949Q"",""registeredDevice"":""1"",""pocType"":""APOC"",""serialNumber"":""H6R4XF949Q"",""partNumber"":""SHMD3ZX/A"",""partAlias"":""ACPTL"",""purchaseMode"":""C"",""productDescription"":""iPhone 18 Pro"",""tlDisclosure"":""La cobertura de robo y pérdida requiere que tengas la función Buscar habilitada en tu dispositivo antes de que se pierda o te lo roben. Durante el proceso de reclamación, te pediremos que uses la función Buscar para poner el dispositivo perdido o robado en modo Perdido, borrarlo y transferir la propiedad a Apple para que podamos asignarte un nuevo dispositivo. Para asegurarte de que puedas iniciar sesión en Buscar y acceder a esta función, es importante que recuerdes tu ID de Apple y contraseña, y que mantengas la información de tu cuenta actualizada. Si usas la autenticación de doble factor para el ID de Apple, te recomendamos que añadas un número de teléfono adicional de confianza a tu cuenta en el que puedas recibir el código de verificación de 6 dígitos que necesitas para iniciar sesión aunque no tengas tu iPhone. Para obtener más información, visita las páginas de Soporte técnico de Apple.""}},""transactionId"":""ad63f940-90bd-4a6c-ad65-14ed5cd35d10-1790204044838""}"
True;5179393;2026-09-23 19:54:25.547000;2026-09-23 00:00:00;30001123;CREATEORDER;SK254GT7GP2;MJXQ4BE/A;"{""orderDetailsResponses"":{""deviceEligibility"":{""secondaryDisplay"":""0"",""partDescription"":""AppleCare+ con robo y pérdida para iPhone 18 Pro Max"",""coverageDuration"":""2"",""productStatement"":""Tu AppleCare+ con robo y pérdida para iPhone 18 Pro Max amplía la cobertura de servicio y soporte técnico a 2 años desde la fecha de compra de AppleCare+ con robo y pérdida e incluye cobertura para una cantidad ilimitada de incidentes por daño accidental debido a la manipulación del producto o un máximo de dos incidentes de robo y pérdida cada 12 meses, cada uno de ellos sujeto a un cargo adicional de R$28000  por los daños de la pantalla o la carcasa externa o de R$144000  por robo o pérdida o de R$96000  por Otros daños accidentales. Lee todos los detalles en los Términos y condiciones de AppleCare+."",""deviceDateOfPurchase"":""22/09/2026"",""deviceId"":""SK254GT7GP2"",""registeredDevice"":""0"",""pocType"":""APOC"",""serialNumber"":""K254GT7GP2"",""partNumber"":""SHMP3ZX/A"",""partAlias"":""ACPTL"",""purchaseMode"":""I"",""productDescription"":""iPhone 18 Pro Max"",""tlDisclosure"":""La cobertura de robo y pérdida requiere que tengas la función Buscar habilitada en tu dispositivo antes de que se pierda o te lo roben. Durante el proceso de reclamación, te pediremos que uses la función Buscar para poner el dispositivo perdido o robado en modo Perdido, borrarlo y transferir la propiedad a Apple para que podamos asignarte un nuevo dispositivo. Para asegurarte de que puedas iniciar sesión en Buscar y acceder a esta función, es importante que recuerdes tu ID de Apple y contraseña, y que mantengas la información de tu cuenta actualizada. Si usas la autenticación de doble factor para el ID de Apple, te recomendamos que añadas un número de teléfono adicional de confianza a tu cuenta en el que puedas recibir el código de verificación de 6 dígitos que necesitas para iniciar sesión aunque no tengas tu iPhone. Para obtener más información, visita las páginas de Soporte técnico de Apple.""},""orderConfirmation"":{""agreementNumber"":""328426682346"",""coverageDurationStatement"":""Finaliza el 22/09/2028"",""termConditionURL"":""http://www.apple.com/legal/sales-support/"",""partNumber"":""SHMP3ZX/A"",""partAlias"":""ACPTL"",""partType"":""AC+TL"",""purchaseMode"":""I"",""appleCareSalesDate"":""23/09/2026"",""pocType"":""APOC"",""purchaseOrderNumber"":""30001123""}},""transactionId"":""7788e4a4-3aa3-40a0-b6a4-b2a5934e8d15-1790204060415""}"
True;5174357;2026-09-23 19:55:33.780000;2026-09-23 00:00:00;41701077;CREATEORDER;SH6R4XF949Q;MJRR4BE/A;"{""orderDetailsResponses"":{""deviceEligibility"":{""secondaryDisplay"":""0"",""partDescription"":""AppleCare+ con robo y pérdida para iPhone 18 Pro"",""coverageDuration"":""2"",""productStatement"":""Tu AppleCare+ con robo y pérdida para iPhone 18 Pro amplía la cobertura de servicio y soporte técnico a 2 años desde la fecha de compra de AppleCare+ con robo y pérdida e incluye cobertura para una cantidad ilimitada de incidentes por daño accidental debido a la manipulación del producto o un máximo de dos incidentes de robo y pérdida cada 12 meses, cada uno de ellos sujeto a un cargo adicional de R$28000  por los daños de la pantalla o la carcasa externa o de R$144000  por robo o pérdida o de R$96000  por Otros daños accidentales. Lee todos los detalles en los Términos y condiciones de AppleCare+."",""deviceDateOfPurchase"":""23/09/2026"",""deviceId"":""SH6R4XF949Q"",""registeredDevice"":""1"",""pocType"":""APOC"",""serialNumber"":""H6R4XF949Q"",""partNumber"":""SHMD3ZX/A"",""partAlias"":""ACPTL"",""purchaseMode"":""C"",""productDescription"":""iPhone 18 Pro"",""tlDisclosure"":""La cobertura de robo y pérdida requiere que tengas la función Buscar habilitada en tu dispositivo antes de que se pierda o te lo roben. Durante el proceso de reclamación, te pediremos que uses la función Buscar para poner el dispositivo perdido o robado en modo Perdido, borrarlo y transferir la propiedad a Apple para que podamos asignarte un nuevo dispositivo. Para asegurarte de que puedas iniciar sesión en Buscar y acceder a esta función, es importante que recuerdes tu ID de Apple y contraseña, y que mantengas la información de tu cuenta actualizada. Si usas la autenticación de doble factor para el ID de Apple, te recomendamos que añadas un número de teléfono adicional de confianza a tu cuenta en el que puedas recibir el código de verificación de 6 dígitos que necesitas para iniciar sesión aunque no tengas tu iPhone. Para obtener más información, visita las páginas de Soporte técnico de Apple.""},""orderConfirmation"":{""agreementNumber"":""328426702015"",""coverageDurationStatement"":""Finaliza el 22/09/2028"",""termConditionURL"":""http://www.apple.com/legal/sales-support/"",""partNumber"":""SHMD3ZX/A"",""partAlias"":""ACPTL"",""partType"":""AC+TL"",""purchaseMode"":""C"",""appleCareSalesDate"":""23/09/2026"",""pocType"":""APOC"",""purchaseOrderNumber"":""41701077""}},""transactionId"":""a4e9c0e7-1e7f-46a2-9d80-eb50817a9c4c-1790204128541""}"
False;1324896;2026-09-23 19:56:31.540000;2026-09-23 00:00:00;20701030;CREATEORDER;SFJF0KMVRKQ;MJXV4BE/A;"{""orderDetailsResponses"":{""deviceEligibility"":{""secondaryDisplay"":""0"",""deviceDateOfPurchase"":""23/09/2026"",""deviceId"":""SFJF0KMVRKQ"",""registeredDevice"":""0"",""deviceErrorResponse"":{""errorCode"":""GRX-20024"",""errorMessage"":""Ya existe un AppleCare Plan para el dispositivo SFJF0KMVRKQ o está pendiente. Comprueba los detalles del pedido en la búsqueda 360 y ponte en contacto con el Soporte técnico de AppleCare Connect si necesitas más información.""},""pocType"":""APOC"",""serialNumber"":""FJF0KMVRKQ"",""partNumber"":""SHMP3ZX/A"",""partAlias"":""ACPTL"",""productDescription"":""iPhone 18 Pro Max"",""tlDisclosure"":""La cobertura de robo y pérdida requiere que tengas la función Buscar habilitada en tu dispositivo antes de que se pierda o te lo roben. Durante el proceso de reclamación, te pediremos que uses la función Buscar para poner el dispositivo perdido o robado en modo Perdido, borrarlo y transferir la propiedad a Apple para que podamos asignarte un nuevo dispositivo. Para asegurarte de que puedas iniciar sesión en Buscar y acceder a esta función, es importante que recuerdes tu ID de Apple y contraseña, y que mantengas la información de tu cuenta actualizada. Si usas la autenticación de doble factor para el ID de Apple, te recomendamos que añadas un número de teléfono adicional de confianza a tu cuenta en el que puedas recibir el código de verificación de 6 dígitos que necesitas para iniciar sesión aunque no tengas tu iPhone. Para obtener más información, visita las páginas de Soporte técnico de Apple.""}},""transactionId"":""57833b20-9581-4e8c-9c0e-3892e2474d22-1790204190726""}"
False;1324896;2026-09-23 19:57:09.483000;2026-09-23 00:00:00;20701030;CREATEORDER;SFJF0KMVRKQ;MJXV4BE/A;"{""orderDetailsResponses"":{""deviceEligibility"":{""secondaryDisplay"":""0"",""deviceDateOfPurchase"":""23/09/2026"",""deviceId"":""SFJF0KMVRKQ"",""registeredDevice"":""0"",""deviceErrorResponse"":{""errorCode"":""GRX-20024"",""errorMessage"":""Ya existe un AppleCare Plan para el dispositivo SFJF0KMVRKQ o está pendiente. Comprueba los detalles del pedido en la búsqueda 360 y ponte en contacto con el Soporte técnico de AppleCare Connect si necesitas más información.""},""pocType"":""APOC"",""serialNumber"":""FJF0KMVRKQ"",""partNumber"":""SHMP3ZX/A"",""partAlias"":""ACPTL"",""productDescription"":""iPhone 18 Pro Max"",""tlDisclosure"":""La cobertura de robo y pérdida requiere que tengas la función Buscar habilitada en tu dispositivo antes de que se pierda o te lo roben. Durante el proceso de reclamación, te pediremos que uses la función Buscar para poner el dispositivo perdido o robado en modo Perdido, borrarlo y transferir la propiedad a Apple para que podamos asignarte un nuevo dispositivo. Para asegurarte de que puedas iniciar sesión en Buscar y acceder a esta función, es importante que recuerdes tu ID de Apple y contraseña, y que mantengas la información de tu cuenta actualizada. Si usas la autenticación de doble factor para el ID de Apple, te recomendamos que añadas un número de teléfono adicional de confianza a tu cuenta en el que puedas recibir el código de verificación de 6 dígitos que necesitas para iniciar sesión aunque no tengas tu iPhone. Para obtener más información, visita las páginas de Soporte técnico de Apple.""}},""transactionId"":""7328e686-b351-49ea-8361-d73bca42647e-1790204228607""}"
False;1324896;2026-09-23 20:01:26.820000;2026-09-23 00:00:00;20701030;CREATEORDER;SFJF0KMVRKQ;MJXV4BE/A;"{""orderDetailsResponses"":{""deviceEligibility"":{""secondaryDisplay"":""0"",""deviceDateOfPurchase"":""23/09/2026"",""deviceId"":""SFJF0KMVRKQ"",""registeredDevice"":""0"",""deviceErrorResponse"":{""errorCode"":""GRX-20024"",""errorMessage"":""Ya existe un AppleCare Plan para el dispositivo SFJF0KMVRKQ o está pendiente. Comprueba los detalles del pedido en la búsqueda 360 y ponte en contacto con el Soporte técnico de AppleCare Connect si necesitas más información.""},""pocType"":""APOC"",""serialNumber"":""FJF0KMVRKQ"",""partNumber"":""SHMP3ZX/A"",""partAlias"":""ACPTL"",""productDescription"":""iPhone 18 Pro Max"",""tlDisclosure"":""La cobertura de robo y pérdida requiere que tengas la función Buscar habilitada en tu dispositivo antes de que se pierda o te lo roben. Durante el proceso de reclamación, te pediremos que uses la función Buscar para poner el dispositivo perdido o robado en modo Perdido, borrarlo y transferir la propiedad a Apple para que podamos asignarte un nuevo dispositivo. Para asegurarte de que puedas iniciar sesión en Buscar y acceder a esta función, es importante que recuerdes tu ID de Apple y contraseña, y que mantengas la información de tu cuenta actualizada. Si usas la autenticación de doble factor para el ID de Apple, te recomendamos que añadas un número de teléfono adicional de confianza a tu cuenta en el que puedas recibir el código de verificación de 6 dígitos que necesitas para iniciar sesión aunque no tengas tu iPhone. Para obtener más información, visita las páginas de Soporte técnico de Apple.""}},""transactionId"":""3b71a1b3-e87c-4627-a285-05591181f1ee-1790204485921""}"
False;1324896;2026-09-23 20:01:58.983000;2026-09-23 00:00:00;20701030;CREATEORDER;SFJF0KMVRKQ;MJXV4BE/A;"{""orderDetailsResponses"":{""deviceEligibility"":{""secondaryDisplay"":""0"",""deviceDateOfPurchase"":""23/09/2026"",""deviceId"":""SFJF0KMVRKQ"",""registeredDevice"":""0"",""deviceErrorResponse"":{""errorCode"":""GRX-20024"",""errorMessage"":""Ya existe un AppleCare Plan para el dispositivo SFJF0KMVRKQ o está pendiente. Comprueba los detalles del pedido en la búsqueda 360 y ponte en contacto con el Soporte técnico de AppleCare Connect si necesitas más información.""},""pocType"":""APOC"",""serialNumber"":""FJF0KMVRKQ"",""partNumber"":""SHMP3ZX/A"",""partAlias"":""ACPTL"",""productDescription"":""iPhone 18 Pro Max"",""tlDisclosure"":""La cobertura de robo y pérdida requiere que tengas la función Buscar habilitada en tu dispositivo antes de que se pierda o te lo roben. Durante el proceso de reclamación, te pediremos que uses la función Buscar para poner el dispositivo perdido o robado en modo Perdido, borrarlo y transferir la propiedad a Apple para que podamos asignarte un nuevo dispositivo. Para asegurarte de que puedas iniciar sesión en Buscar y acceder a esta función, es importante que recuerdes tu ID de Apple y contraseña, y que mantengas la información de tu cuenta actualizada. Si usas la autenticación de doble factor para el ID de Apple, te recomendamos que añadas un número de teléfono adicional de confianza a tu cuenta en el que puedas recibir el código de verificación de 6 dígitos que necesitas para iniciar sesión aunque no tengas tu iPhone. Para obtener más información, visita las páginas de Soporte técnico de Apple.""}},""transactionId"":""ca21f719-7509-4d6b-86e5-74fb614d3395-1790204518147""}"
True;5198842;2026-09-23 20:02:24.350000;2026-09-23 00:00:00;10101097;VERIFYORDER;SHYFY3V7DGQ;MFHP4AM/A;"{""orderDetailsResponses"":{""deviceEligibility"":{""secondaryDisplay"":""0"",""partDescription"":""AppleCare+ para Headphones - AirPods Pro"",""coverageDuration"":""2"",""productStatement"":""AppleCare+ para Headphones - AirPods Pro amplía la cobertura de servicio y soporte técnico a 2 años desde la fecha de compra de AppleCare+ e incluye cobertura para una cantidad ilimitada de incidentes por daño accidental debido a la manipulación del producto, cada uno de ellos sujeto a un cargo adicional de R$28000 . Lee todos los detalles en los Términos y condiciones de AppleCare+."",""deviceDateOfPurchase"":""23/09/2026"",""deviceId"":""SHYFY3V7DGQ"",""registeredDevice"":""1"",""pocType"":""APOC"",""serialNumber"":""HYFY3V7DGQ"",""partNumber"":""SYLW2ZX/A"",""partAlias"":""ACP"",""purchaseMode"":""C"",""productDescription"":""AirPods Pro 3""}},""transactionId"":""2726ed40-4a5e-4de7-b07a-b5e1ab5ad372-1790204543766""}"
True;5198842;2026-09-23 20:05:49.500000;2026-09-23 00:00:00;10101097;CREATEORDER;SHYFY3V7DGQ;MFHP4AM/A;"{""orderDetailsResponses"":{""deviceEligibility"":{""secondaryDisplay"":""0"",""partDescription"":""AppleCare+ para Headphones - AirPods Pro"",""coverageDuration"":""2"",""productStatement"":""AppleCare+ para Headphones - AirPods Pro amplía la cobertura de servicio y soporte técnico a 2 años desde la fecha de compra de AppleCare+ e incluye cobertura para una cantidad ilimitada de incidentes por daño accidental debido a la manipulación del producto, cada uno de ellos sujeto a un cargo adicional de R$28000 . Lee todos los detalles en los Términos y condiciones de AppleCare+."",""deviceDateOfPurchase"":""23/09/2026"",""deviceId"":""SHYFY3V7DGQ"",""registeredDevice"":""1"",""pocType"":""APOC"",""serialNumber"":""HYFY3V7DGQ"",""partNumber"":""SYLW2ZX/A"",""partAlias"":""ACP"",""purchaseMode"":""C"",""productDescription"":""AirPods Pro 3""},""orderConfirmation"":{""agreementNumber"":""328426640914"",""coverageDurationStatement"":""Finaliza el 22/09/2028"",""termConditionURL"":""http://www.apple.com/legal/sales-support/"",""partNumber"":""SYLW2ZX/A"",""partAlias"":""ACP"",""partType"":""AppleCare+"",""purchaseMode"":""C"",""appleCareSalesDate"":""23/09/2026"",""pocType"":""APOC"",""purchaseOrderNumber"":""10101097""}},""transactionId"":""d4ded1f0-8d99-4e3f-a6d0-6e0414f2a9ef-1790204744050""}"
False;1324896;2026-09-23 20:06:42.040000;2026-09-23 00:00:00;20701030;CREATEORDER;SFJF0KMVRKQ;MJXV4BE/A;"{""orderDetailsResponses"":{""deviceEligibility"":{""secondaryDisplay"":""0"",""deviceDateOfPurchase"":""23/09/2026"",""deviceId"":""SFJF0KMVRKQ"",""registeredDevice"":""0"",""deviceErrorResponse"":{""errorCode"":""GRX-20024"",""errorMessage"":""Ya existe un AppleCare Plan para el dispositivo SFJF0KMVRKQ o está pendiente. Comprueba los detalles del pedido en la búsqueda 360 y ponte en contacto con el Soporte técnico de AppleCare Connect si necesitas más información.""},""pocType"":""APOC"",""serialNumber"":""FJF0KMVRKQ"",""partNumber"":""SHMP3ZX/A"",""partAlias"":""ACPTL"",""productDescription"":""iPhone 18 Pro Max"",""tlDisclosure"":""La cobertura de robo y pérdida requiere que tengas la función Buscar habilitada en tu dispositivo antes de que se pierda o te lo roben. Durante el proceso de reclamación, te pediremos que uses la función Buscar para poner el dispositivo perdido o robado en modo Perdido, borrarlo y transferir la propiedad a Apple para que podamos asignarte un nuevo dispositivo. Para asegurarte de que puedas iniciar sesión en Buscar y acceder a esta función, es importante que recuerdes tu ID de Apple y contraseña, y que mantengas la información de tu cuenta actualizada. Si usas la autenticación de doble factor para el ID de Apple, te recomendamos que añadas un número de teléfono adicional de confianza a tu cuenta en el que puedas recibir el código de verificación de 6 dígitos que necesitas para iniciar sesión aunque no tengas tu iPhone. Para obtener más información, visita las páginas de Soporte técnico de Apple.""}},""transactionId"":""178b63b0-7e06-4552-8175-c30852c4e6ea-1790204801217""}"
False;1324896;2026-09-23 20:07:19.627000;2026-09-23 00:00:00;20701030;CREATEORDER;SFJF0KMVRKQ;MJXV4BE/A;"{""orderDetailsResponses"":{""deviceEligibility"":{""secondaryDisplay"":""0"",""deviceDateOfPurchase"":""23/09/2026"",""deviceId"":""SFJF0KMVRKQ"",""registeredDevice"":""0"",""deviceErrorResponse"":{""errorCode"":""GRX-20024"",""errorMessage"":""Ya existe un AppleCare Plan para el dispositivo SFJF0KMVRKQ o está pendiente. Comprueba los detalles del pedido en la búsqueda 360 y ponte en contacto con el Soporte técnico de AppleCare Connect si necesitas más información.""},""pocType"":""APOC"",""serialNumber"":""FJF0KMVRKQ"",""partNumber"":""SHMP3ZX/A"",""partAlias"":""ACPTL"",""productDescription"":""iPhone 18 Pro Max"",""tlDisclosure"":""La cobertura de robo y pérdida requiere que tengas la función Buscar habilitada en tu dispositivo antes de que se pierda o te lo roben. Durante el proceso de reclamación, te pediremos que uses la función Buscar para poner el dispositivo perdido o robado en modo Perdido, borrarlo y transferir la propiedad a Apple para que podamos asignarte un nuevo dispositivo. Para asegurarte de que puedas iniciar sesión en Buscar y acceder a esta función, es importante que recuerdes tu ID de Apple y contraseña, y que mantengas la información de tu cuenta actualizada. Si usas la autenticación de doble factor para el ID de Apple, te recomendamos que añadas un número de teléfono adicional de confianza a tu cuenta en el que puedas recibir el código de verificación de 6 dígitos que necesitas para iniciar sesión aunque no tengas tu iPhone. Para obtener más información, visita las páginas de Soporte técnico de Apple.""}},""transactionId"":""58ffc734-e70e-4b2d-bfe2-7793d1a63715-1790204838873""}"
False;1324896;2026-09-23 20:11:34.380000;2026-09-23 00:00:00;20701030;CREATEORDER;SFJF0KMVRKQ;MJXV4BE/A;"{""orderDetailsResponses"":{""deviceEligibility"":{""secondaryDisplay"":""0"",""deviceDateOfPurchase"":""23/09/2026"",""deviceId"":""SFJF0KMVRKQ"",""registeredDevice"":""0"",""deviceErrorResponse"":{""errorCode"":""GRX-20024"",""errorMessage"":""Ya existe un AppleCare Plan para el dispositivo SFJF0KMVRKQ o está pendiente. Comprueba los detalles del pedido en la búsqueda 360 y ponte en contacto con el Soporte técnico de AppleCare Connect si necesitas más información.""},""pocType"":""APOC"",""serialNumber"":""FJF0KMVRKQ"",""partNumber"":""SHMP3ZX/A"",""partAlias"":""ACPTL"",""productDescription"":""iPhone 18 Pro Max"",""tlDisclosure"":""La cobertura de robo y pérdida requiere que tengas la función Buscar habilitada en tu dispositivo antes de que se pierda o te lo roben. Durante el proceso de reclamación, te pediremos que uses la función Buscar para poner el dispositivo perdido o robado en modo Perdido, borrarlo y transferir la propiedad a Apple para que podamos asignarte un nuevo dispositivo. Para asegurarte de que puedas iniciar sesión en Buscar y acceder a esta función, es importante que recuerdes tu ID de Apple y contraseña, y que mantengas la información de tu cuenta actualizada. Si usas la autenticación de doble factor para el ID de Apple, te recomendamos que añadas un número de teléfono adicional de confianza a tu cuenta en el que puedas recibir el código de verificación de 6 dígitos que necesitas para iniciar sesión aunque no tengas tu iPhone. Para obtener más información, visita las páginas de Soporte técnico de Apple.""}},""transactionId"":""4939d744-0a96-4536-a7bc-2bd10a23d607-1790205093472""}"
False;1324896;2026-09-23 20:12:08.400000;2026-09-23 00:00:00;20701030;CREATEORDER;SFJF0KMVRKQ;MJXV4BE/A;"{""orderDetailsResponses"":{""deviceEligibility"":{""secondaryDisplay"":""0"",""deviceDateOfPurchase"":""23/09/2026"",""deviceId"":""SFJF0KMVRKQ"",""registeredDevice"":""0"",""deviceErrorResponse"":{""errorCode"":""GRX-20024"",""errorMessage"":""Ya existe un AppleCare Plan para el dispositivo SFJF0KMVRKQ o está pendiente. Comprueba los detalles del pedido en la búsqueda 360 y ponte en contacto con el Soporte técnico de AppleCare Connect si necesitas más información.""},""pocType"":""APOC"",""serialNumber"":""FJF0KMVRKQ"",""partNumber"":""SHMP3ZX/A"",""partAlias"":""ACPTL"",""productDescription"":""iPhone 18 Pro Max"",""tlDisclosure"":""La cobertura de robo y pérdida requiere que tengas la función Buscar habilitada en tu dispositivo antes de que se pierda o te lo roben. Durante el proceso de reclamación, te pediremos que uses la función Buscar para poner el dispositivo perdido o robado en modo Perdido, borrarlo y transferir la propiedad a Apple para que podamos asignarte un nuevo dispositivo. Para asegurarte de que puedas iniciar sesión en Buscar y acceder a esta función, es importante que recuerdes tu ID de Apple y contraseña, y que mantengas la información de tu cuenta actualizada. Si usas la autenticación de doble factor para el ID de Apple, te recomendamos que añadas un número de teléfono adicional de confianza a tu cuenta en el que puedas recibir el código de verificación de 6 dígitos que necesitas para iniciar sesión aunque no tengas tu iPhone. Para obtener más información, visita las páginas de Soporte técnico de Apple.""}},""transactionId"":""c44297a4-6115-4c7c-b314-efa8f6e8eb19-1790205127466""}"
True;1335310;2026-09-23 20:16:06.370000;2026-09-23 00:00:00;69101117;VERIFYORDER;SCR42GVKLJP;MJRP4BE/A;"{""orderDetailsResponses"":{""deviceEligibility"":{""secondaryDisplay"":""0"",""partDescription"":""AppleCare+ con robo y pérdida para iPhone 18 Pro"",""coverageDuration"":""2"",""productStatement"":""Tu AppleCare+ con robo y pérdida para iPhone 18 Pro amplía la cobertura de servicio y soporte técnico a 2 años desde la fecha de compra de AppleCare+ con robo y pérdida e incluye cobertura para una cantidad ilimitada de incidentes por daño accidental debido a la manipulación del producto o un máximo de dos incidentes de robo y pérdida cada 12 meses, cada uno de ellos sujeto a un cargo adicional de R$28000  por los daños de la pantalla o la carcasa externa o de R$144000  por robo o pérdida o de R$96000  por Otros daños accidentales. Lee todos los detalles en los Términos y condiciones de AppleCare+."",""deviceDateOfPurchase"":""23/09/2026"",""deviceId"":""SCR42GVKLJP"",""registeredDevice"":""1"",""pocType"":""APOC"",""serialNumber"":""CR42GVKLJP"",""partNumber"":""SHMD3ZX/A"",""partAlias"":""ACPTL"",""purchaseMode"":""C"",""productDescription"":""iPhone 18 Pro"",""tlDisclosure"":""La cobertura de robo y pérdida requiere que tengas la función Buscar habilitada en tu dispositivo antes de que se pierda o te lo roben. Durante el proceso de reclamación, te pediremos que uses la función Buscar para poner el dispositivo perdido o robado en modo Perdido, borrarlo y transferir la propiedad a Apple para que podamos asignarte un nuevo dispositivo. Para asegurarte de que puedas iniciar sesión en Buscar y acceder a esta función, es importante que recuerdes tu ID de Apple y contraseña, y que mantengas la información de tu cuenta actualizada. Si usas la autenticación de doble factor para el ID de Apple, te recomendamos que añadas un número de teléfono adicional de confianza a tu cuenta en el que puedas recibir el código de verificación de 6 dígitos que necesitas para iniciar sesión aunque no tengas tu iPhone. Para obtener más información, visita las páginas de Soporte técnico de Apple.""}},""transactionId"":""e39f6d7d-a7a2-47f6-98c7-f2f238d85e17-1790205365662""}"
False;1324896;2026-09-23 20:16:33.657000;2026-09-23 00:00:00;20701030;CREATEORDER;SFJF0KMVRKQ;MJXV4BE/A;"{""orderDetailsResponses"":{""deviceEligibility"":{""secondaryDisplay"":""0"",""deviceDateOfPurchase"":""23/09/2026"",""deviceId"":""SFJF0KMVRKQ"",""registeredDevice"":""0"",""deviceErrorResponse"":{""errorCode"":""GRX-20024"",""errorMessage"":""Ya existe un AppleCare Plan para el dispositivo SFJF0KMVRKQ o está pendiente. Comprueba los detalles del pedido en la búsqueda 360 y ponte en contacto con el Soporte técnico de AppleCare Connect si necesitas más información.""},""pocType"":""APOC"",""serialNumber"":""FJF0KMVRKQ"",""partNumber"":""SHMP3ZX/A"",""partAlias"":""ACPTL"",""productDescription"":""iPhone 18 Pro Max"",""tlDisclosure"":""La cobertura de robo y pérdida requiere que tengas la función Buscar habilitada en tu dispositivo antes de que se pierda o te lo roben. Durante el proceso de reclamación, te pediremos que uses la función Buscar para poner el dispositivo perdido o robado en modo Perdido, borrarlo y transferir la propiedad a Apple para que podamos asignarte un nuevo dispositivo. Para asegurarte de que puedas iniciar sesión en Buscar y acceder a esta función, es importante que recuerdes tu ID de Apple y contraseña, y que mantengas la información de tu cuenta actualizada. Si usas la autenticación de doble factor para el ID de Apple, te recomendamos que añadas un número de teléfono adicional de confianza a tu cuenta en el que puedas recibir el código de verificación de 6 dígitos que necesitas para iniciar sesión aunque no tengas tu iPhone. Para obtener más información, visita las páginas de Soporte técnico de Apple.""}},""transactionId"":""8bb82df4-e4e1-4b6a-98ec-4bb0d95551e0-1790205392744""}"
False;1324896;2026-09-23 20:17:09.120000;2026-09-23 00:00:00;20701030;CREATEORDER;SFJF0KMVRKQ;MJXV4BE/A;"{""orderDetailsResponses"":{""deviceEligibility"":{""secondaryDisplay"":""0"",""deviceDateOfPurchase"":""23/09/2026"",""deviceId"":""SFJF0KMVRKQ"",""registeredDevice"":""0"",""deviceErrorResponse"":{""errorCode"":""GRX-20024"",""errorMessage"":""Ya existe un AppleCare Plan para el dispositivo SFJF0KMVRKQ o está pendiente. Comprueba los detalles del pedido en la búsqueda 360 y ponte en contacto con el Soporte técnico de AppleCare Connect si necesitas más información.""},""pocType"":""APOC"",""serialNumber"":""FJF0KMVRKQ"",""partNumber"":""SHMP3ZX/A"",""partAlias"":""ACPTL"",""productDescription"":""iPhone 18 Pro Max"",""tlDisclosure"":""La cobertura de robo y pérdida requiere que tengas la función Buscar habilitada en tu dispositivo antes de que se pierda o te lo roben. Durante el proceso de reclamación, te pediremos que uses la función Buscar para poner el dispositivo perdido o robado en modo Perdido, borrarlo y transferir la propiedad a Apple para que podamos asignarte un nuevo dispositivo. Para asegurarte de que puedas iniciar sesión en Buscar y acceder a esta función, es importante que recuerdes tu ID de Apple y contraseña, y que mantengas la información de tu cuenta actualizada. Si usas la autenticación de doble factor para el ID de Apple, te recomendamos que añadas un número de teléfono adicional de confianza a tu cuenta en el que puedas recibir el código de verificación de 6 dígitos que necesitas para iniciar sesión aunque no tengas tu iPhone. Para obtener más información, visita las páginas de Soporte técnico de Apple.""}},""transactionId"":""0e879713-8cb4-4e71-a34b-c00aa64968ff-1790205428224""}"
True;1335310;2026-09-23 20:20:55.307000;2026-09-23 00:00:00;69101117;CREATEORDER;SCR42GVKLJP;MJRP4BE/A;"{""orderDetailsResponses"":{""deviceEligibility"":{""secondaryDisplay"":""0"",""partDescription"":""AppleCare+ con robo y pérdida para iPhone 18 Pro"",""coverageDuration"":""2"",""productStatement"":""Tu AppleCare+ con robo y pérdida para iPhone 18 Pro amplía la cobertura de servicio y soporte técnico a 2 años desde la fecha de compra de AppleCare+ con robo y pérdida e incluye cobertura para una cantidad ilimitada de incidentes por daño accidental debido a la manipulación del producto o un máximo de dos incidentes de robo y pérdida cada 12 meses, cada uno de ellos sujeto a un cargo adicional de R$28000  por los daños de la pantalla o la carcasa externa o de R$144000  por robo o pérdida o de R$96000  por Otros daños accidentales. Lee todos los detalles en los Términos y condiciones de AppleCare+."",""deviceDateOfPurchase"":""23/09/2026"",""deviceId"":""SCR42GVKLJP"",""registeredDevice"":""1"",""pocType"":""APOC"",""serialNumber"":""CR42GVKLJP"",""partNumber"":""SHMD3ZX/A"",""partAlias"":""ACPTL"",""purchaseMode"":""C"",""productDescription"":""iPhone 18 Pro"",""tlDisclosure"":""La cobertura de robo y pérdida requiere que tengas la función Buscar habilitada en tu dispositivo antes de que se pierda o te lo roben. Durante el proceso de reclamación, te pediremos que uses la función Buscar para poner el dispositivo perdido o robado en modo Perdido, borrarlo y transferir la propiedad a Apple para que podamos asignarte un nuevo dispositivo. Para asegurarte de que puedas iniciar sesión en Buscar y acceder a esta función, es importante que recuerdes tu ID de Apple y contraseña, y que mantengas la información de tu cuenta actualizada. Si usas la autenticación de doble factor para el ID de Apple, te recomendamos que añadas un número de teléfono adicional de confianza a tu cuenta en el que puedas recibir el código de verificación de 6 dígitos que necesitas para iniciar sesión aunque no tengas tu iPhone. Para obtener más información, visita las páginas de Soporte técnico de Apple.""},""orderConfirmation"":{""agreementNumber"":""328426720158"",""coverageDurationStatement"":""Finaliza el 22/09/2028"",""termConditionURL"":""http://www.apple.com/legal/sales-support/"",""partNumber"":""SHMD3ZX/A"",""partAlias"":""ACPTL"",""partType"":""AC+TL"",""purchaseMode"":""C"",""appleCareSalesDate"":""23/09/2026"",""pocType"":""APOC"",""purchaseOrderNumber"":""69101117""}},""transactionId"":""3fe5d494-99ac-4da3-a268-6cb11a6d9fb9-1790205648614""}"
False;1324896;2026-09-23 20:21:35.087000;2026-09-23 00:00:00;20701030;CREATEORDER;SFJF0KMVRKQ;MJXV4BE/A;"{""orderDetailsResponses"":{""deviceEligibility"":{""secondaryDisplay"":""0"",""deviceDateOfPurchase"":""23/09/2026"",""deviceId"":""SFJF0KMVRKQ"",""registeredDevice"":""0"",""deviceErrorResponse"":{""errorCode"":""GRX-20024"",""errorMessage"":""Ya existe un AppleCare Plan para el dispositivo SFJF0KMVRKQ o está pendiente. Comprueba los detalles del pedido en la búsqueda 360 y ponte en contacto con el Soporte técnico de AppleCare Connect si necesitas más información.""},""pocType"":""APOC"",""serialNumber"":""FJF0KMVRKQ"",""partNumber"":""SHMP3ZX/A"",""partAlias"":""ACPTL"",""productDescription"":""iPhone 18 Pro Max"",""tlDisclosure"":""La cobertura de robo y pérdida requiere que tengas la función Buscar habilitada en tu dispositivo antes de que se pierda o te lo roben. Durante el proceso de reclamación, te pediremos que uses la función Buscar para poner el dispositivo perdido o robado en modo Perdido, borrarlo y transferir la propiedad a Apple para que podamos asignarte un nuevo dispositivo. Para asegurarte de que puedas iniciar sesión en Buscar y acceder a esta función, es importante que recuerdes tu ID de Apple y contraseña, y que mantengas la información de tu cuenta actualizada. Si usas la autenticación de doble factor para el ID de Apple, te recomendamos que añadas un número de teléfono adicional de confianza a tu cuenta en el que puedas recibir el código de verificación de 6 dígitos que necesitas para iniciar sesión aunque no tengas tu iPhone. Para obtener más información, visita las páginas de Soporte técnico de Apple.""}},""transactionId"":""51985e51-d03e-479f-846b-7429bdc480fb-1790205694144""}"
False;1324896;2026-09-23 20:22:18.277000;2026-09-23 00:00:00;20701030;CREATEORDER;SFJF0KMVRKQ;MJXV4BE/A;"{""orderDetailsResponses"":{""deviceEligibility"":{""secondaryDisplay"":""0"",""deviceDateOfPurchase"":""23/09/2026"",""deviceId"":""SFJF0KMVRKQ"",""registeredDevice"":""0"",""deviceErrorResponse"":{""errorCode"":""GRX-20024"",""errorMessage"":""Ya existe un AppleCare Plan para el dispositivo SFJF0KMVRKQ o está pendiente. Comprueba los detalles del pedido en la búsqueda 360 y ponte en contacto con el Soporte técnico de AppleCare Connect si necesitas más información.""},""pocType"":""APOC"",""serialNumber"":""FJF0KMVRKQ"",""partNumber"":""SHMP3ZX/A"",""partAlias"":""ACPTL"",""productDescription"":""iPhone 18 Pro Max"",""tlDisclosure"":""La cobertura de robo y pérdida requiere que tengas la función Buscar habilitada en tu dispositivo antes de que se pierda o te lo roben. Durante el proceso de reclamación, te pediremos que uses la función Buscar para poner el dispositivo perdido o robado en modo Perdido, borrarlo y transferir la propiedad a Apple para que podamos asignarte un nuevo dispositivo. Para asegurarte de que puedas iniciar sesión en Buscar y acceder a esta función, es importante que recuerdes tu ID de Apple y contraseña, y que mantengas la información de tu cuenta actualizada. Si usas la autenticación de doble factor para el ID de Apple, te recomendamos que añadas un número de teléfono adicional de confianza a tu cuenta en el que puedas recibir el código de verificación de 6 dígitos que necesitas para iniciar sesión aunque no tengas tu iPhone. Para obtener más información, visita las páginas de Soporte técnico de Apple.""}},""transactionId"":""8945b028-137f-4a78-abaa-282bc7c62b65-1790205737322""}"
False;1324896;2026-09-23 20:26:38.430000;2026-09-23 00:00:00;20701030;CREATEORDER;SFJF0KMVRKQ;MJXV4BE/A;"{""orderDetailsResponses"":{""deviceEligibility"":{""secondaryDisplay"":""0"",""deviceDateOfPurchase"":""23/09/2026"",""deviceId"":""SFJF0KMVRKQ"",""registeredDevice"":""0"",""deviceErrorResponse"":{""errorCode"":""GRX-20024"",""errorMessage"":""Ya existe un AppleCare Plan para el dispositivo SFJF0KMVRKQ o está pendiente. Comprueba los detalles del pedido en la búsqueda 360 y ponte en contacto con el Soporte técnico de AppleCare Connect si necesitas más información.""},""pocType"":""APOC"",""serialNumber"":""FJF0KMVRKQ"",""partNumber"":""SHMP3ZX/A"",""partAlias"":""ACPTL"",""productDescription"":""iPhone 18 Pro Max"",""tlDisclosure"":""La cobertura de robo y pérdida requiere que tengas la función Buscar habilitada en tu dispositivo antes de que se pierda o te lo roben. Durante el proceso de reclamación, te pediremos que uses la función Buscar para poner el dispositivo perdido o robado en modo Perdido, borrarlo y transferir la propiedad a Apple para que podamos asignarte un nuevo dispositivo. Para asegurarte de que puedas iniciar sesión en Buscar y acceder a esta función, es importante que recuerdes tu ID de Apple y contraseña, y que mantengas la información de tu cuenta actualizada. Si usas la autenticación de doble factor para el ID de Apple, te recomendamos que añadas un número de teléfono adicional de confianza a tu cuenta en el que puedas recibir el código de verificación de 6 dígitos que necesitas para iniciar sesión aunque no tengas tu iPhone. Para obtener más información, visita las páginas de Soporte técnico de Apple.""}},""transactionId"":""3790c5f2-ff5f-4741-a746-a6d5eb2f5076-1790205997591""}"
False;1324896;2026-09-23 20:27:11.410000;2026-09-23 00:00:00;20701030;CREATEORDER;SFJF0KMVRKQ;MJXV4BE/A;"{""orderDetailsResponses"":{""deviceEligibility"":{""secondaryDisplay"":""0"",""deviceDateOfPurchase"":""23/09/2026"",""deviceId"":""SFJF0KMVRKQ"",""registeredDevice"":""0"",""deviceErrorResponse"":{""errorCode"":""GRX-20024"",""errorMessage"":""Ya existe un AppleCare Plan para el dispositivo SFJF0KMVRKQ o está pendiente. Comprueba los detalles del pedido en la búsqueda 360 y ponte en contacto con el Soporte técnico de AppleCare Connect si necesitas más información.""},""pocType"":""APOC"",""serialNumber"":""FJF0KMVRKQ"",""partNumber"":""SHMP3ZX/A"",""partAlias"":""ACPTL"",""productDescription"":""iPhone 18 Pro Max"",""tlDisclosure"":""La cobertura de robo y pérdida requiere que tengas la función Buscar habilitada en tu dispositivo antes de que se pierda o te lo roben. Durante el proceso de reclamación, te pediremos que uses la función Buscar para poner el dispositivo perdido o robado en modo Perdido, borrarlo y transferir la propiedad a Apple para que podamos asignarte un nuevo dispositivo. Para asegurarte de que puedas iniciar sesión en Buscar y acceder a esta función, es importante que recuerdes tu ID de Apple y contraseña, y que mantengas la información de tu cuenta actualizada. Si usas la autenticación de doble factor para el ID de Apple, te recomendamos que añadas un número de teléfono adicional de confianza a tu cuenta en el que puedas recibir el código de verificación de 6 dígitos que necesitas para iniciar sesión aunque no tengas tu iPhone. Para obtener más información, visita las páginas de Soporte técnico de Apple.""}},""transactionId"":""cecdf5a2-453e-437a-bf82-23dc8b663660-1790206030611""}"
False;1324896;2026-09-23 20:31:41.387000;2026-09-23 00:00:00;20701030;CREATEORDER;SFJF0KMVRKQ;MJXV4BE/A;"{""orderDetailsResponses"":{""deviceEligibility"":{""secondaryDisplay"":""0"",""deviceDateOfPurchase"":""23/09/2026"",""deviceId"":""SFJF0KMVRKQ"",""registeredDevice"":""0"",""deviceErrorResponse"":{""errorCode"":""GRX-20024"",""errorMessage"":""Ya existe un AppleCare Plan para el dispositivo SFJF0KMVRKQ o está pendiente. Comprueba los detalles del pedido en la búsqueda 360 y ponte en contacto con el Soporte técnico de AppleCare Connect si necesitas más información.""},""pocType"":""APOC"",""serialNumber"":""FJF0KMVRKQ"",""partNumber"":""SHMP3ZX/A"",""partAlias"":""ACPTL"",""productDescription"":""iPhone 18 Pro Max"",""tlDisclosure"":""La cobertura de robo y pérdida requiere que tengas la función Buscar habilitada en tu dispositivo antes de que se pierda o te lo roben. Durante el proceso de reclamación, te pediremos que uses la función Buscar para poner el dispositivo perdido o robado en modo Perdido, borrarlo y transferir la propiedad a Apple para que podamos asignarte un nuevo dispositivo. Para asegurarte de que puedas iniciar sesión en Buscar y acceder a esta función, es importante que recuerdes tu ID de Apple y contraseña, y que mantengas la información de tu cuenta actualizada. Si usas la autenticación de doble factor para el ID de Apple, te recomendamos que añadas un número de teléfono adicional de confianza a tu cuenta en el que puedas recibir el código de verificación de 6 dígitos que necesitas para iniciar sesión aunque no tengas tu iPhone. Para obtener más información, visita las páginas de Soporte técnico de Apple.""}},""transactionId"":""08fac349-15b5-4a90-854a-7cd8c0c3c83e-1790206300581""}"
False;1324896;2026-09-23 20:32:16.737000;2026-09-23 00:00:00;20701030;CREATEORDER;SFJF0KMVRKQ;MJXV4BE/A;"{""orderDetailsResponses"":{""deviceEligibility"":{""secondaryDisplay"":""0"",""deviceDateOfPurchase"":""23/09/2026"",""deviceId"":""SFJF0KMVRKQ"",""registeredDevice"":""0"",""deviceErrorResponse"":{""errorCode"":""GRX-20024"",""errorMessage"":""Ya existe un AppleCare Plan para el dispositivo SFJF0KMVRKQ o está pendiente. Comprueba los detalles del pedido en la búsqueda 360 y ponte en contacto con el Soporte técnico de AppleCare Connect si necesitas más información.""},""pocType"":""APOC"",""serialNumber"":""FJF0KMVRKQ"",""partNumber"":""SHMP3ZX/A"",""partAlias"":""ACPTL"",""productDescription"":""iPhone 18 Pro Max"",""tlDisclosure"":""La cobertura de robo y pérdida requiere que tengas la función Buscar habilitada en tu dispositivo antes de que se pierda o te lo roben. Durante el proceso de reclamación, te pediremos que uses la función Buscar para poner el dispositivo perdido o robado en modo Perdido, borrarlo y transferir la propiedad a Apple para que podamos asignarte un nuevo dispositivo. Para asegurarte de que puedas iniciar sesión en Buscar y acceder a esta función, es importante que recuerdes tu ID de Apple y contraseña, y que mantengas la información de tu cuenta actualizada. Si usas la autenticación de doble factor para el ID de Apple, te recomendamos que añadas un número de teléfono adicional de confianza a tu cuenta en el que puedas recibir el código de verificación de 6 dígitos que necesitas para iniciar sesión aunque no tengas tu iPhone. Para obtener más información, visita las páginas de Soporte técnico de Apple.""}},""transactionId"":""3ea6b58d-6a80-4ab5-8221-89ec772b8499-1790206335878""}"
False;1324896;2026-09-23 20:36:41.257000;2026-09-23 00:00:00;20701030;CREATEORDER;SFJF0KMVRKQ;MJXV4BE/A;"{""orderDetailsResponses"":{""deviceEligibility"":{""secondaryDisplay"":""0"",""deviceDateOfPurchase"":""23/09/2026"",""deviceId"":""SFJF0KMVRKQ"",""registeredDevice"":""0"",""deviceErrorResponse"":{""errorCode"":""GRX-20024"",""errorMessage"":""Ya existe un AppleCare Plan para el dispositivo SFJF0KMVRKQ o está pendiente. Comprueba los detalles del pedido en la búsqueda 360 y ponte en contacto con el Soporte técnico de AppleCare Connect si necesitas más información.""},""pocType"":""APOC"",""serialNumber"":""FJF0KMVRKQ"",""partNumber"":""SHMP3ZX/A"",""partAlias"":""ACPTL"",""productDescription"":""iPhone 18 Pro Max"",""tlDisclosure"":""La cobertura de robo y pérdida requiere que tengas la función Buscar habilitada en tu dispositivo antes de que se pierda o te lo roben. Durante el proceso de reclamación, te pediremos que uses la función Buscar para poner el dispositivo perdido o robado en modo Perdido, borrarlo y transferir la propiedad a Apple para que podamos asignarte un nuevo dispositivo. Para asegurarte de que puedas iniciar sesión en Buscar y acceder a esta función, es importante que recuerdes tu ID de Apple y contraseña, y que mantengas la información de tu cuenta actualizada. Si usas la autenticación de doble factor para el ID de Apple, te recomendamos que añadas un número de teléfono adicional de confianza a tu cuenta en el que puedas recibir el código de verificación de 6 dígitos que necesitas para iniciar sesión aunque no tengas tu iPhone. Para obtener más información, visita las páginas de Soporte técnico de Apple.""}},""transactionId"":""a68aaeee-8b9e-4c2f-8326-3af7ee84b6f9-1790206600453""}"
False;1324896;2026-09-23 20:37:14.987000;2026-09-23 00:00:00;20701030;CREATEORDER;SFJF0KMVRKQ;MJXV4BE/A;"{""orderDetailsResponses"":{""deviceEligibility"":{""secondaryDisplay"":""0"",""deviceDateOfPurchase"":""23/09/2026"",""deviceId"":""SFJF0KMVRKQ"",""registeredDevice"":""0"",""deviceErrorResponse"":{""errorCode"":""GRX-20024"",""errorMessage"":""Ya existe un AppleCare Plan para el dispositivo SFJF0KMVRKQ o está pendiente. Comprueba los detalles del pedido en la búsqueda 360 y ponte en contacto con el Soporte técnico de AppleCare Connect si necesitas más información.""},""pocType"":""APOC"",""serialNumber"":""FJF0KMVRKQ"",""partNumber"":""SHMP3ZX/A"",""partAlias"":""ACPTL"",""productDescription"":""iPhone 18 Pro Max"",""tlDisclosure"":""La cobertura de robo y pérdida requiere que tengas la función Buscar habilitada en tu dispositivo antes de que se pierda o te lo roben. Durante el proceso de reclamación, te pediremos que uses la función Buscar para poner el dispositivo perdido o robado en modo Perdido, borrarlo y transferir la propiedad a Apple para que podamos asignarte un nuevo dispositivo. Para asegurarte de que puedas iniciar sesión en Buscar y acceder a esta función, es importante que recuerdes tu ID de Apple y contraseña, y que mantengas la información de tu cuenta actualizada. Si usas la autenticación de doble factor para el ID de Apple, te recomendamos que añadas un número de teléfono adicional de confianza a tu cuenta en el que puedas recibir el código de verificación de 6 dígitos que necesitas para iniciar sesión aunque no tengas tu iPhone. Para obtener más información, visita las páginas de Soporte técnico de Apple.""}},""transactionId"":""41032e83-781b-4080-9c66-969c7e4296a6-1790206634249""}"
False;1324896;2026-09-23 20:41:34.067000;2026-09-23 00:00:00;20701030;CREATEORDER;SFJF0KMVRKQ;MJXV4BE/A;"{""orderDetailsResponses"":{""deviceEligibility"":{""secondaryDisplay"":""0"",""deviceDateOfPurchase"":""23/09/2026"",""deviceId"":""SFJF0KMVRKQ"",""registeredDevice"":""0"",""deviceErrorResponse"":{""errorCode"":""GRX-20024"",""errorMessage"":""Ya existe un AppleCare Plan para el dispositivo SFJF0KMVRKQ o está pendiente. Comprueba los detalles del pedido en la búsqueda 360 y ponte en contacto con el Soporte técnico de AppleCare Connect si necesitas más información.""},""pocType"":""APOC"",""serialNumber"":""FJF0KMVRKQ"",""partNumber"":""SHMP3ZX/A"",""partAlias"":""ACPTL"",""productDescription"":""iPhone 18 Pro Max"",""tlDisclosure"":""La cobertura de robo y pérdida requiere que tengas la función Buscar habilitada en tu dispositivo antes de que se pierda o te lo roben. Durante el proceso de reclamación, te pediremos que uses la función Buscar para poner el dispositivo perdido o robado en modo Perdido, borrarlo y transferir la propiedad a Apple para que podamos asignarte un nuevo dispositivo. Para asegurarte de que puedas iniciar sesión en Buscar y acceder a esta función, es importante que recuerdes tu ID de Apple y contraseña, y que mantengas la información de tu cuenta actualizada. Si usas la autenticación de doble factor para el ID de Apple, te recomendamos que añadas un número de teléfono adicional de confianza a tu cuenta en el que puedas recibir el código de verificación de 6 dígitos que necesitas para iniciar sesión aunque no tengas tu iPhone. Para obtener más información, visita las páginas de Soporte técnico de Apple.""}},""transactionId"":""ce20dcaf-9afe-4d79-b76f-468ca1099f12-1790206893292""}"
False;1324896;2026-09-23 20:42:08.097000;2026-09-23 00:00:00;20701030;CREATEORDER;SFJF0KMVRKQ;MJXV4BE/A;"{""orderDetailsResponses"":{""deviceEligibility"":{""secondaryDisplay"":""0"",""deviceDateOfPurchase"":""23/09/2026"",""deviceId"":""SFJF0KMVRKQ"",""registeredDevice"":""0"",""deviceErrorResponse"":{""errorCode"":""GRX-20024"",""errorMessage"":""Ya existe un AppleCare Plan para el dispositivo SFJF0KMVRKQ o está pendiente. Comprueba los detalles del pedido en la búsqueda 360 y ponte en contacto con el Soporte técnico de AppleCare Connect si necesitas más información.""},""pocType"":""APOC"",""serialNumber"":""FJF0KMVRKQ"",""partNumber"":""SHMP3ZX/A"",""partAlias"":""ACPTL"",""productDescription"":""iPhone 18 Pro Max"",""tlDisclosure"":""La cobertura de robo y pérdida requiere que tengas la función Buscar habilitada en tu dispositivo antes de que se pierda o te lo roben. Durante el proceso de reclamación, te pediremos que uses la función Buscar para poner el dispositivo perdido o robado en modo Perdido, borrarlo y transferir la propiedad a Apple para que podamos asignarte un nuevo dispositivo. Para asegurarte de que puedas iniciar sesión en Buscar y acceder a esta función, es importante que recuerdes tu ID de Apple y contraseña, y que mantengas la información de tu cuenta actualizada. Si usas la autenticación de doble factor para el ID de Apple, te recomendamos que añadas un número de teléfono adicional de confianza a tu cuenta en el que puedas recibir el código de verificación de 6 dígitos que necesitas para iniciar sesión aunque no tengas tu iPhone. Para obtener más información, visita las páginas de Soporte técnico de Apple.""}},""transactionId"":""a0d7a27f-89bf-4ac4-8e10-54bde7496f84-1790206927362""}"
False;1324896;2026-09-23 20:46:34.813000;2026-09-23 00:00:00;20701030;CREATEORDER;SFJF0KMVRKQ;MJXV4BE/A;"{""orderDetailsResponses"":{""deviceEligibility"":{""secondaryDisplay"":""0"",""deviceDateOfPurchase"":""23/09/2026"",""deviceId"":""SFJF0KMVRKQ"",""registeredDevice"":""0"",""deviceErrorResponse"":{""errorCode"":""GRX-20024"",""errorMessage"":""Ya existe un AppleCare Plan para el dispositivo SFJF0KMVRKQ o está pendiente. Comprueba los detalles del pedido en la búsqueda 360 y ponte en contacto con el Soporte técnico de AppleCare Connect si necesitas más información.""},""pocType"":""APOC"",""serialNumber"":""FJF0KMVRKQ"",""partNumber"":""SHMP3ZX/A"",""partAlias"":""ACPTL"",""productDescription"":""iPhone 18 Pro Max"",""tlDisclosure"":""La cobertura de robo y pérdida requiere que tengas la función Buscar habilitada en tu dispositivo antes de que se pierda o te lo roben. Durante el proceso de reclamación, te pediremos que uses la función Buscar para poner el dispositivo perdido o robado en modo Perdido, borrarlo y transferir la propiedad a Apple para que podamos asignarte un nuevo dispositivo. Para asegurarte de que puedas iniciar sesión en Buscar y acceder a esta función, es importante que recuerdes tu ID de Apple y contraseña, y que mantengas la información de tu cuenta actualizada. Si usas la autenticación de doble factor para el ID de Apple, te recomendamos que añadas un número de teléfono adicional de confianza a tu cuenta en el que puedas recibir el código de verificación de 6 dígitos que necesitas para iniciar sesión aunque no tengas tu iPhone. Para obtener más información, visita las páginas de Soporte técnico de Apple.""}},""transactionId"":""b711a3fc-5d7c-4d9d-9f02-2d0a9b94affb-1790207194018""}"
False;1324896;2026-09-23 20:47:08.317000;2026-09-23 00:00:00;20701030;CREATEORDER;SFJF0KMVRKQ;MJXV4BE/A;"{""orderDetailsResponses"":{""deviceEligibility"":{""secondaryDisplay"":""0"",""deviceDateOfPurchase"":""23/09/2026"",""deviceId"":""SFJF0KMVRKQ"",""registeredDevice"":""0"",""deviceErrorResponse"":{""errorCode"":""GRX-20024"",""errorMessage"":""Ya existe un AppleCare Plan para el dispositivo SFJF0KMVRKQ o está pendiente. Comprueba los detalles del pedido en la búsqueda 360 y ponte en contacto con el Soporte técnico de AppleCare Connect si necesitas más información.""},""pocType"":""APOC"",""serialNumber"":""FJF0KMVRKQ"",""partNumber"":""SHMP3ZX/A"",""partAlias"":""ACPTL"",""productDescription"":""iPhone 18 Pro Max"",""tlDisclosure"":""La cobertura de robo y pérdida requiere que tengas la función Buscar habilitada en tu dispositivo antes de que se pierda o te lo roben. Durante el proceso de reclamación, te pediremos que uses la función Buscar para poner el dispositivo perdido o robado en modo Perdido, borrarlo y transferir la propiedad a Apple para que podamos asignarte un nuevo dispositivo. Para asegurarte de que puedas iniciar sesión en Buscar y acceder a esta función, es importante que recuerdes tu ID de Apple y contraseña, y que mantengas la información de tu cuenta actualizada. Si usas la autenticación de doble factor para el ID de Apple, te recomendamos que añadas un número de teléfono adicional de confianza a tu cuenta en el que puedas recibir el código de verificación de 6 dígitos que necesitas para iniciar sesión aunque no tengas tu iPhone. Para obtener más información, visita las páginas de Soporte técnico de Apple.""}},""transactionId"":""c3c25a2c-a93c-47ba-8ced-9090429ec629-1790207227501""}"
False;1324896;2026-09-23 20:51:27.437000;2026-09-23 00:00:00;20701030;CREATEORDER;SFJF0KMVRKQ;MJXV4BE/A;"{""orderDetailsResponses"":{""deviceEligibility"":{""secondaryDisplay"":""0"",""deviceDateOfPurchase"":""23/09/2026"",""deviceId"":""SFJF0KMVRKQ"",""registeredDevice"":""0"",""deviceErrorResponse"":{""errorCode"":""GRX-20024"",""errorMessage"":""Ya existe un AppleCare Plan para el dispositivo SFJF0KMVRKQ o está pendiente. Comprueba los detalles del pedido en la búsqueda 360 y ponte en contacto con el Soporte técnico de AppleCare Connect si necesitas más información.""},""pocType"":""APOC"",""serialNumber"":""FJF0KMVRKQ"",""partNumber"":""SHMP3ZX/A"",""partAlias"":""ACPTL"",""productDescription"":""iPhone 18 Pro Max"",""tlDisclosure"":""La cobertura de robo y pérdida requiere que tengas la función Buscar habilitada en tu dispositivo antes de que se pierda o te lo roben. Durante el proceso de reclamación, te pediremos que uses la función Buscar para poner el dispositivo perdido o robado en modo Perdido, borrarlo y transferir la propiedad a Apple para que podamos asignarte un nuevo dispositivo. Para asegurarte de que puedas iniciar sesión en Buscar y acceder a esta función, es importante que recuerdes tu ID de Apple y contraseña, y que mantengas la información de tu cuenta actualizada. Si usas la autenticación de doble factor para el ID de Apple, te recomendamos que añadas un número de teléfono adicional de confianza a tu cuenta en el que puedas recibir el código de verificación de 6 dígitos que necesitas para iniciar sesión aunque no tengas tu iPhone. Para obtener más información, visita las páginas de Soporte técnico de Apple.""}},""transactionId"":""33fad24f-629c-4881-8d6b-5b309ba21f43-1790207486556""}"
False;1324896;2026-09-23 20:52:01.867000;2026-09-23 00:00:00;20701030;CREATEORDER;SFJF0KMVRKQ;MJXV4BE/A;"{""orderDetailsResponses"":{""deviceEligibility"":{""secondaryDisplay"":""0"",""deviceDateOfPurchase"":""23/09/2026"",""deviceId"":""SFJF0KMVRKQ"",""registeredDevice"":""0"",""deviceErrorResponse"":{""errorCode"":""GRX-20024"",""errorMessage"":""Ya existe un AppleCare Plan para el dispositivo SFJF0KMVRKQ o está pendiente. Comprueba los detalles del pedido en la búsqueda 360 y ponte en contacto con el Soporte técnico de AppleCare Connect si necesitas más información.""},""pocType"":""APOC"",""serialNumber"":""FJF0KMVRKQ"",""partNumber"":""SHMP3ZX/A"",""partAlias"":""ACPTL"",""productDescription"":""iPhone 18 Pro Max"",""tlDisclosure"":""La cobertura de robo y pérdida requiere que tengas la función Buscar habilitada en tu dispositivo antes de que se pierda o te lo roben. Durante el proceso de reclamación, te pediremos que uses la función Buscar para poner el dispositivo perdido o robado en modo Perdido, borrarlo y transferir la propiedad a Apple para que podamos asignarte un nuevo dispositivo. Para asegurarte de que puedas iniciar sesión en Buscar y acceder a esta función, es importante que recuerdes tu ID de Apple y contraseña, y que mantengas la información de tu cuenta actualizada. Si usas la autenticación de doble factor para el ID de Apple, te recomendamos que añadas un número de teléfono adicional de confianza a tu cuenta en el que puedas recibir el código de verificación de 6 dígitos que necesitas para iniciar sesión aunque no tengas tu iPhone. Para obtener más información, visita las páginas de Soporte técnico de Apple.""}},""transactionId"":""f0231003-0c29-4742-b9fb-8b9ae26b9b58-1790207521105""}"
False;1324896;2026-09-23 20:56:41.240000;2026-09-23 00:00:00;20701030;CREATEORDER;SFJF0KMVRKQ;MJXV4BE/A;"{""orderDetailsResponses"":{""deviceEligibility"":{""secondaryDisplay"":""0"",""deviceDateOfPurchase"":""23/09/2026"",""deviceId"":""SFJF0KMVRKQ"",""registeredDevice"":""0"",""deviceErrorResponse"":{""errorCode"":""GRX-20024"",""errorMessage"":""Ya existe un AppleCare Plan para el dispositivo SFJF0KMVRKQ o está pendiente. Comprueba los detalles del pedido en la búsqueda 360 y ponte en contacto con el Soporte técnico de AppleCare Connect si necesitas más información.""},""pocType"":""APOC"",""serialNumber"":""FJF0KMVRKQ"",""partNumber"":""SHMP3ZX/A"",""partAlias"":""ACPTL"",""productDescription"":""iPhone 18 Pro Max"",""tlDisclosure"":""La cobertura de robo y pérdida requiere que tengas la función Buscar habilitada en tu dispositivo antes de que se pierda o te lo roben. Durante el proceso de reclamación, te pediremos que uses la función Buscar para poner el dispositivo perdido o robado en modo Perdido, borrarlo y transferir la propiedad a Apple para que podamos asignarte un nuevo dispositivo. Para asegurarte de que puedas iniciar sesión en Buscar y acceder a esta función, es importante que recuerdes tu ID de Apple y contraseña, y que mantengas la información de tu cuenta actualizada. Si usas la autenticación de doble factor para el ID de Apple, te recomendamos que añadas un número de teléfono adicional de confianza a tu cuenta en el que puedas recibir el código de verificación de 6 dígitos que necesitas para iniciar sesión aunque no tengas tu iPhone. Para obtener más información, visita las páginas de Soporte técnico de Apple.""}},""transactionId"":""e88df2a5-4cfa-4d45-8fa0-ac0696dfffe7-1790207800504""}"
False;1324896;2026-09-23 20:57:13.763000;2026-09-23 00:00:00;20701030;CREATEORDER;SFJF0KMVRKQ;MJXV4BE/A;"{""orderDetailsResponses"":{""deviceEligibility"":{""secondaryDisplay"":""0"",""deviceDateOfPurchase"":""23/09/2026"",""deviceId"":""SFJF0KMVRKQ"",""registeredDevice"":""0"",""deviceErrorResponse"":{""errorCode"":""GRX-20024"",""errorMessage"":""Ya existe un AppleCare Plan para el dispositivo SFJF0KMVRKQ o está pendiente. Comprueba los detalles del pedido en la búsqueda 360 y ponte en contacto con el Soporte técnico de AppleCare Connect si necesitas más información.""},""pocType"":""APOC"",""serialNumber"":""FJF0KMVRKQ"",""partNumber"":""SHMP3ZX/A"",""partAlias"":""ACPTL"",""productDescription"":""iPhone 18 Pro Max"",""tlDisclosure"":""La cobertura de robo y pérdida requiere que tengas la función Buscar habilitada en tu dispositivo antes de que se pierda o te lo roben. Durante el proceso de reclamación, te pediremos que uses la función Buscar para poner el dispositivo perdido o robado en modo Perdido, borrarlo y transferir la propiedad a Apple para que podamos asignarte un nuevo dispositivo. Para asegurarte de que puedas iniciar sesión en Buscar y acceder a esta función, es importante que recuerdes tu ID de Apple y contraseña, y que mantengas la información de tu cuenta actualizada. Si usas la autenticación de doble factor para el ID de Apple, te recomendamos que añadas un número de teléfono adicional de confianza a tu cuenta en el que puedas recibir el código de verificación de 6 dígitos que necesitas para iniciar sesión aunque no tengas tu iPhone. Para obtener más información, visita las páginas de Soporte técnico de Apple.""}},""transactionId"":""4a87bd10-29a9-43fd-aec3-2d97cc172662-1790207832943""}"
False;1324896;2026-09-23 21:01:35.960000;2026-09-23 00:00:00;20701030;CREATEORDER;SFJF0KMVRKQ;MJXV4BE/A;"{""orderDetailsResponses"":{""deviceEligibility"":{""secondaryDisplay"":""0"",""deviceDateOfPurchase"":""23/09/2026"",""deviceId"":""SFJF0KMVRKQ"",""registeredDevice"":""0"",""deviceErrorResponse"":{""errorCode"":""GRX-20024"",""errorMessage"":""Ya existe un AppleCare Plan para el dispositivo SFJF0KMVRKQ o está pendiente. Comprueba los detalles del pedido en la búsqueda 360 y ponte en contacto con el Soporte técnico de AppleCare Connect si necesitas más información.""},""pocType"":""APOC"",""serialNumber"":""FJF0KMVRKQ"",""partNumber"":""SHMP3ZX/A"",""partAlias"":""ACPTL"",""productDescription"":""iPhone 18 Pro Max"",""tlDisclosure"":""La cobertura de robo y pérdida requiere que tengas la función Buscar habilitada en tu dispositivo antes de que se pierda o te lo roben. Durante el proceso de reclamación, te pediremos que uses la función Buscar para poner el dispositivo perdido o robado en modo Perdido, borrarlo y transferir la propiedad a Apple para que podamos asignarte un nuevo dispositivo. Para asegurarte de que puedas iniciar sesión en Buscar y acceder a esta función, es importante que recuerdes tu ID de Apple y contraseña, y que mantengas la información de tu cuenta actualizada. Si usas la autenticación de doble factor para el ID de Apple, te recomendamos que añadas un número de teléfono adicional de confianza a tu cuenta en el que puedas recibir el código de verificación de 6 dígitos que necesitas para iniciar sesión aunque no tengas tu iPhone. Para obtener más información, visita las páginas de Soporte técnico de Apple.""}},""transactionId"":""e60bf3a9-7d24-457a-a057-7f7c04a1c509-1790208095160""}"
False;1324896;2026-09-23 21:02:07.940000;2026-09-23 00:00:00;20701030;CREATEORDER;SFJF0KMVRKQ;MJXV4BE/A;"{""orderDetailsResponses"":{""deviceEligibility"":{""secondaryDisplay"":""0"",""deviceDateOfPurchase"":""23/09/2026"",""deviceId"":""SFJF0KMVRKQ"",""registeredDevice"":""0"",""deviceErrorResponse"":{""errorCode"":""GRX-20024"",""errorMessage"":""Ya existe un AppleCare Plan para el dispositivo SFJF0KMVRKQ o está pendiente. Comprueba los detalles del pedido en la búsqueda 360 y ponte en contacto con el Soporte técnico de AppleCare Connect si necesitas más información.""},""pocType"":""APOC"",""serialNumber"":""FJF0KMVRKQ"",""partNumber"":""SHMP3ZX/A"",""partAlias"":""ACPTL"",""productDescription"":""iPhone 18 Pro Max"",""tlDisclosure"":""La cobertura de robo y pérdida requiere que tengas la función Buscar habilitada en tu dispositivo antes de que se pierda o te lo roben. Durante el proceso de reclamación, te pediremos que uses la función Buscar para poner el dispositivo perdido o robado en modo Perdido, borrarlo y transferir la propiedad a Apple para que podamos asignarte un nuevo dispositivo. Para asegurarte de que puedas iniciar sesión en Buscar y acceder a esta función, es importante que recuerdes tu ID de Apple y contraseña, y que mantengas la información de tu cuenta actualizada. Si usas la autenticación de doble factor para el ID de Apple, te recomendamos que añadas un número de teléfono adicional de confianza a tu cuenta en el que puedas recibir el código de verificación de 6 dígitos que necesitas para iniciar sesión aunque no tengas tu iPhone. Para obtener más información, visita las páginas de Soporte técnico de Apple.""}},""transactionId"":""fa954c1e-ae64-40b5-a3ec-9e6340a3fb3e-1790208127194""}"
False;1324896;2026-09-23 21:06:33.583000;2026-09-23 00:00:00;20701030;CREATEORDER;SFJF0KMVRKQ;MJXV4BE/A;"{""orderDetailsResponses"":{""deviceEligibility"":{""secondaryDisplay"":""0"",""deviceDateOfPurchase"":""23/09/2026"",""deviceId"":""SFJF0KMVRKQ"",""registeredDevice"":""0"",""deviceErrorResponse"":{""errorCode"":""GRX-20024"",""errorMessage"":""Ya existe un AppleCare Plan para el dispositivo SFJF0KMVRKQ o está pendiente. Comprueba los detalles del pedido en la búsqueda 360 y ponte en contacto con el Soporte técnico de AppleCare Connect si necesitas más información.""},""pocType"":""APOC"",""serialNumber"":""FJF0KMVRKQ"",""partNumber"":""SHMP3ZX/A"",""partAlias"":""ACPTL"",""productDescription"":""iPhone 18 Pro Max"",""tlDisclosure"":""La cobertura de robo y pérdida requiere que tengas la función Buscar habilitada en tu dispositivo antes de que se pierda o te lo roben. Durante el proceso de reclamación, te pediremos que uses la función Buscar para poner el dispositivo perdido o robado en modo Perdido, borrarlo y transferir la propiedad a Apple para que podamos asignarte un nuevo dispositivo. Para asegurarte de que puedas iniciar sesión en Buscar y acceder a esta función, es importante que recuerdes tu ID de Apple y contraseña, y que mantengas la información de tu cuenta actualizada. Si usas la autenticación de doble factor para el ID de Apple, te recomendamos que añadas un número de teléfono adicional de confianza a tu cuenta en el que puedas recibir el código de verificación de 6 dígitos que necesitas para iniciar sesión aunque no tengas tu iPhone. Para obtener más información, visita las páginas de Soporte técnico de Apple.""}},""transactionId"":""f4cfaf51-faaa-42b0-a5e3-f56392974c64-1790208392855""}"
False;1324896;2026-09-23 21:07:05.833000;2026-09-23 00:00:00;20701030;CREATEORDER;SFJF0KMVRKQ;MJXV4BE/A;"{""orderDetailsResponses"":{""deviceEligibility"":{""secondaryDisplay"":""0"",""deviceDateOfPurchase"":""23/09/2026"",""deviceId"":""SFJF0KMVRKQ"",""registeredDevice"":""0"",""deviceErrorResponse"":{""errorCode"":""GRX-20024"",""errorMessage"":""Ya existe un AppleCare Plan para el dispositivo SFJF0KMVRKQ o está pendiente. Comprueba los detalles del pedido en la búsqueda 360 y ponte en contacto con el Soporte técnico de AppleCare Connect si necesitas más información.""},""pocType"":""APOC"",""serialNumber"":""FJF0KMVRKQ"",""partNumber"":""SHMP3ZX/A"",""partAlias"":""ACPTL"",""productDescription"":""iPhone 18 Pro Max"",""tlDisclosure"":""La cobertura de robo y pérdida requiere que tengas la función Buscar habilitada en tu dispositivo antes de que se pierda o te lo roben. Durante el proceso de reclamación, te pediremos que uses la función Buscar para poner el dispositivo perdido o robado en modo Perdido, borrarlo y transferir la propiedad a Apple para que podamos asignarte un nuevo dispositivo. Para asegurarte de que puedas iniciar sesión en Buscar y acceder a esta función, es importante que recuerdes tu ID de Apple y contraseña, y que mantengas la información de tu cuenta actualizada. Si usas la autenticación de doble factor para el ID de Apple, te recomendamos que añadas un número de teléfono adicional de confianza a tu cuenta en el que puedas recibir el código de verificación de 6 dígitos que necesitas para iniciar sesión aunque no tengas tu iPhone. Para obtener más información, visita las páginas de Soporte técnico de Apple.""}},""transactionId"":""6b1e17e8-6b37-4dae-8bcf-024fad1a254b-1790208425024""}"
False;1324896;2026-09-23 21:11:32.183000;2026-09-23 00:00:00;20701030;CREATEORDER;SFJF0KMVRKQ;MJXV4BE/A;"{""orderDetailsResponses"":{""deviceEligibility"":{""secondaryDisplay"":""0"",""deviceDateOfPurchase"":""23/09/2026"",""deviceId"":""SFJF0KMVRKQ"",""registeredDevice"":""0"",""deviceErrorResponse"":{""errorCode"":""GRX-20024"",""errorMessage"":""Ya existe un AppleCare Plan para el dispositivo SFJF0KMVRKQ o está pendiente. Comprueba los detalles del pedido en la búsqueda 360 y ponte en contacto con el Soporte técnico de AppleCare Connect si necesitas más información.""},""pocType"":""APOC"",""serialNumber"":""FJF0KMVRKQ"",""partNumber"":""SHMP3ZX/A"",""partAlias"":""ACPTL"",""productDescription"":""iPhone 18 Pro Max"",""tlDisclosure"":""La cobertura de robo y pérdida requiere que tengas la función Buscar habilitada en tu dispositivo antes de que se pierda o te lo roben. Durante el proceso de reclamación, te pediremos que uses la función Buscar para poner el dispositivo perdido o robado en modo Perdido, borrarlo y transferir la propiedad a Apple para que podamos asignarte un nuevo dispositivo. Para asegurarte de que puedas iniciar sesión en Buscar y acceder a esta función, es importante que recuerdes tu ID de Apple y contraseña, y que mantengas la información de tu cuenta actualizada. Si usas la autenticación de doble factor para el ID de Apple, te recomendamos que añadas un número de teléfono adicional de confianza a tu cuenta en el que puedas recibir el código de verificación de 6 dígitos que necesitas para iniciar sesión aunque no tengas tu iPhone. Para obtener más información, visita las páginas de Soporte técnico de Apple.""}},""transactionId"":""b3f0db8a-6756-48dd-aac6-53ac55f962d0-1790208691435""}"
False;1324896;2026-09-23 21:12:04.647000;2026-09-23 00:00:00;20701030;CREATEORDER;SFJF0KMVRKQ;MJXV4BE/A;"{""orderDetailsResponses"":{""deviceEligibility"":{""secondaryDisplay"":""0"",""deviceDateOfPurchase"":""23/09/2026"",""deviceId"":""SFJF0KMVRKQ"",""registeredDevice"":""0"",""deviceErrorResponse"":{""errorCode"":""GRX-20024"",""errorMessage"":""Ya existe un AppleCare Plan para el dispositivo SFJF0KMVRKQ o está pendiente. Comprueba los detalles del pedido en la búsqueda 360 y ponte en contacto con el Soporte técnico de AppleCare Connect si necesitas más información.""},""pocType"":""APOC"",""serialNumber"":""FJF0KMVRKQ"",""partNumber"":""SHMP3ZX/A"",""partAlias"":""ACPTL"",""productDescription"":""iPhone 18 Pro Max"",""tlDisclosure"":""La cobertura de robo y pérdida requiere que tengas la función Buscar habilitada en tu dispositivo antes de que se pierda o te lo roben. Durante el proceso de reclamación, te pediremos que uses la función Buscar para poner el dispositivo perdido o robado en modo Perdido, borrarlo y transferir la propiedad a Apple para que podamos asignarte un nuevo dispositivo. Para asegurarte de que puedas iniciar sesión en Buscar y acceder a esta función, es importante que recuerdes tu ID de Apple y contraseña, y que mantengas la información de tu cuenta actualizada. Si usas la autenticación de doble factor para el ID de Apple, te recomendamos que añadas un número de teléfono adicional de confianza a tu cuenta en el que puedas recibir el código de verificación de 6 dígitos que necesitas para iniciar sesión aunque no tengas tu iPhone. Para obtener más información, visita las páginas de Soporte técnico de Apple.""}},""transactionId"":""623e2983-b682-4c9b-8963-165a4955bd2b-1790208723823""}"
False;1324896;2026-09-23 21:16:29.950000;2026-09-23 00:00:00;20701030;CREATEORDER;SFJF0KMVRKQ;MJXV4BE/A;"{""orderDetailsResponses"":{""deviceEligibility"":{""secondaryDisplay"":""0"",""deviceDateOfPurchase"":""23/09/2026"",""deviceId"":""SFJF0KMVRKQ"",""registeredDevice"":""0"",""deviceErrorResponse"":{""errorCode"":""GRX-20024"",""errorMessage"":""Ya existe un AppleCare Plan para el dispositivo SFJF0KMVRKQ o está pendiente. Comprueba los detalles del pedido en la búsqueda 360 y ponte en contacto con el Soporte técnico de AppleCare Connect si necesitas más información.""},""pocType"":""APOC"",""serialNumber"":""FJF0KMVRKQ"",""partNumber"":""SHMP3ZX/A"",""partAlias"":""ACPTL"",""productDescription"":""iPhone 18 Pro Max"",""tlDisclosure"":""La cobertura de robo y pérdida requiere que tengas la función Buscar habilitada en tu dispositivo antes de que se pierda o te lo roben. Durante el proceso de reclamación, te pediremos que uses la función Buscar para poner el dispositivo perdido o robado en modo Perdido, borrarlo y transferir la propiedad a Apple para que podamos asignarte un nuevo dispositivo. Para asegurarte de que puedas iniciar sesión en Buscar y acceder a esta función, es importante que recuerdes tu ID de Apple y contraseña, y que mantengas la información de tu cuenta actualizada. Si usas la autenticación de doble factor para el ID de Apple, te recomendamos que añadas un número de teléfono adicional de confianza a tu cuenta en el que puedas recibir el código de verificación de 6 dígitos que necesitas para iniciar sesión aunque no tengas tu iPhone. Para obtener más información, visita las páginas de Soporte técnico de Apple.""}},""transactionId"":""699ca669-8ef7-4f85-a01a-40e5a73a02c9-1790208989062""}"
False;1324896;2026-09-23 21:17:05.030000;2026-09-23 00:00:00;20701030;CREATEORDER;SFJF0KMVRKQ;MJXV4BE/A;"{""orderDetailsResponses"":{""deviceEligibility"":{""secondaryDisplay"":""0"",""deviceDateOfPurchase"":""23/09/2026"",""deviceId"":""SFJF0KMVRKQ"",""registeredDevice"":""0"",""deviceErrorResponse"":{""errorCode"":""GRX-20024"",""errorMessage"":""Ya existe un AppleCare Plan para el dispositivo SFJF0KMVRKQ o está pendiente. Comprueba los detalles del pedido en la búsqueda 360 y ponte en contacto con el Soporte técnico de AppleCare Connect si necesitas más información.""},""pocType"":""APOC"",""serialNumber"":""FJF0KMVRKQ"",""partNumber"":""SHMP3ZX/A"",""partAlias"":""ACPTL"",""productDescription"":""iPhone 18 Pro Max"",""tlDisclosure"":""La cobertura de robo y pérdida requiere que tengas la función Buscar habilitada en tu dispositivo antes de que se pierda o te lo roben. Durante el proceso de reclamación, te pediremos que uses la función Buscar para poner el dispositivo perdido o robado en modo Perdido, borrarlo y transferir la propiedad a Apple para que podamos asignarte un nuevo dispositivo. Para asegurarte de que puedas iniciar sesión en Buscar y acceder a esta función, es importante que recuerdes tu ID de Apple y contraseña, y que mantengas la información de tu cuenta actualizada. Si usas la autenticación de doble factor para el ID de Apple, te recomendamos que añadas un número de teléfono adicional de confianza a tu cuenta en el que puedas recibir el código de verificación de 6 dígitos que necesitas para iniciar sesión aunque no tengas tu iPhone. Para obtener más información, visita las páginas de Soporte técnico de Apple.""}},""transactionId"":""6ecccf23-bbe0-43aa-8eb9-1a7a1f53f72a-1790209024051""}"
False;1324896;2026-09-23 21:21:21.030000;2026-09-23 00:00:00;20701030;CREATEORDER;SFJF0KMVRKQ;MJXV4BE/A;"{""orderDetailsResponses"":{""deviceEligibility"":{""secondaryDisplay"":""0"",""deviceDateOfPurchase"":""23/09/2026"",""deviceId"":""SFJF0KMVRKQ"",""registeredDevice"":""0"",""deviceErrorResponse"":{""errorCode"":""GRX-20024"",""errorMessage"":""Ya existe un AppleCare Plan para el dispositivo SFJF0KMVRKQ o está pendiente. Comprueba los detalles del pedido en la búsqueda 360 y ponte en contacto con el Soporte técnico de AppleCare Connect si necesitas más información.""},""pocType"":""APOC"",""serialNumber"":""FJF0KMVRKQ"",""partNumber"":""SHMP3ZX/A"",""partAlias"":""ACPTL"",""productDescription"":""iPhone 18 Pro Max"",""tlDisclosure"":""La cobertura de robo y pérdida requiere que tengas la función Buscar habilitada en tu dispositivo antes de que se pierda o te lo roben. Durante el proceso de reclamación, te pediremos que uses la función Buscar para poner el dispositivo perdido o robado en modo Perdido, borrarlo y transferir la propiedad a Apple para que podamos asignarte un nuevo dispositivo. Para asegurarte de que puedas iniciar sesión en Buscar y acceder a esta función, es importante que recuerdes tu ID de Apple y contraseña, y que mantengas la información de tu cuenta actualizada. Si usas la autenticación de doble factor para el ID de Apple, te recomendamos que añadas un número de teléfono adicional de confianza a tu cuenta en el que puedas recibir el código de verificación de 6 dígitos que necesitas para iniciar sesión aunque no tengas tu iPhone. Para obtener más información, visita las páginas de Soporte técnico de Apple.""}},""transactionId"":""eea867b5-1444-42bc-a254-3c8d2cf0e49f-1790209280238""}"
False;1324896;2026-09-23 21:21:53.523000;2026-09-23 00:00:00;20701030;CREATEORDER;SFJF0KMVRKQ;MJXV4BE/A;"{""orderDetailsResponses"":{""deviceEligibility"":{""secondaryDisplay"":""0"",""deviceDateOfPurchase"":""23/09/2026"",""deviceId"":""SFJF0KMVRKQ"",""registeredDevice"":""0"",""deviceErrorResponse"":{""errorCode"":""GRX-20024"",""errorMessage"":""Ya existe un AppleCare Plan para el dispositivo SFJF0KMVRKQ o está pendiente. Comprueba los detalles del pedido en la búsqueda 360 y ponte en contacto con el Soporte técnico de AppleCare Connect si necesitas más información.""},""pocType"":""APOC"",""serialNumber"":""FJF0KMVRKQ"",""partNumber"":""SHMP3ZX/A"",""partAlias"":""ACPTL"",""productDescription"":""iPhone 18 Pro Max"",""tlDisclosure"":""La cobertura de robo y pérdida requiere que tengas la función Buscar habilitada en tu dispositivo antes de que se pierda o te lo roben. Durante el proceso de reclamación, te pediremos que uses la función Buscar para poner el dispositivo perdido o robado en modo Perdido, borrarlo y transferir la propiedad a Apple para que podamos asignarte un nuevo dispositivo. Para asegurarte de que puedas iniciar sesión en Buscar y acceder a esta función, es importante que recuerdes tu ID de Apple y contraseña, y que mantengas la información de tu cuenta actualizada. Si usas la autenticación de doble factor para el ID de Apple, te recomendamos que añadas un número de teléfono adicional de confianza a tu cuenta en el que puedas recibir el código de verificación de 6 dígitos que necesitas para iniciar sesión aunque no tengas tu iPhone. Para obtener más información, visita las páginas de Soporte técnico de Apple.""}},""transactionId"":""15e41f8b-94c3-4b11-bf03-fe3d88d76454-1790209312743""}"
False;1324896;2026-09-23 21:26:40.977000;2026-09-23 00:00:00;20701030;CREATEORDER;SFJF0KMVRKQ;MJXV4BE/A;"{""orderDetailsResponses"":{""deviceEligibility"":{""secondaryDisplay"":""0"",""deviceDateOfPurchase"":""23/09/2026"",""deviceId"":""SFJF0KMVRKQ"",""registeredDevice"":""0"",""deviceErrorResponse"":{""errorCode"":""GRX-20024"",""errorMessage"":""Ya existe un AppleCare Plan para el dispositivo SFJF0KMVRKQ o está pendiente. Comprueba los detalles del pedido en la búsqueda 360 y ponte en contacto con el Soporte técnico de AppleCare Connect si necesitas más información.""},""pocType"":""APOC"",""serialNumber"":""FJF0KMVRKQ"",""partNumber"":""SHMP3ZX/A"",""partAlias"":""ACPTL"",""productDescription"":""iPhone 18 Pro Max"",""tlDisclosure"":""La cobertura de robo y pérdida requiere que tengas la función Buscar habilitada en tu dispositivo antes de que se pierda o te lo roben. Durante el proceso de reclamación, te pediremos que uses la función Buscar para poner el dispositivo perdido o robado en modo Perdido, borrarlo y transferir la propiedad a Apple para que podamos asignarte un nuevo dispositivo. Para asegurarte de que puedas iniciar sesión en Buscar y acceder a esta función, es importante que recuerdes tu ID de Apple y contraseña, y que mantengas la información de tu cuenta actualizada. Si usas la autenticación de doble factor para el ID de Apple, te recomendamos que añadas un número de teléfono adicional de confianza a tu cuenta en el que puedas recibir el código de verificación de 6 dígitos que necesitas para iniciar sesión aunque no tengas tu iPhone. Para obtener más información, visita las páginas de Soporte técnico de Apple.""}},""transactionId"":""8b21e994-2ca0-401c-9fc0-59b435aa512c-1790209600208""}"
False;1324896;2026-09-23 21:27:13.773000;2026-09-23 00:00:00;20701030;CREATEORDER;SFJF0KMVRKQ;MJXV4BE/A;"{""orderDetailsResponses"":{""deviceEligibility"":{""secondaryDisplay"":""0"",""deviceDateOfPurchase"":""23/09/2026"",""deviceId"":""SFJF0KMVRKQ"",""registeredDevice"":""0"",""deviceErrorResponse"":{""errorCode"":""GRX-20024"",""errorMessage"":""Ya existe un AppleCare Plan para el dispositivo SFJF0KMVRKQ o está pendiente. Comprueba los detalles del pedido en la búsqueda 360 y ponte en contacto con el Soporte técnico de AppleCare Connect si necesitas más información.""},""pocType"":""APOC"",""serialNumber"":""FJF0KMVRKQ"",""partNumber"":""SHMP3ZX/A"",""partAlias"":""ACPTL"",""productDescription"":""iPhone 18 Pro Max"",""tlDisclosure"":""La cobertura de robo y pérdida requiere que tengas la función Buscar habilitada en tu dispositivo antes de que se pierda o te lo roben. Durante el proceso de reclamación, te pediremos que uses la función Buscar para poner el dispositivo perdido o robado en modo Perdido, borrarlo y transferir la propiedad a Apple para que podamos asignarte un nuevo dispositivo. Para asegurarte de que puedas iniciar sesión en Buscar y acceder a esta función, es importante que recuerdes tu ID de Apple y contraseña, y que mantengas la información de tu cuenta actualizada. Si usas la autenticación de doble factor para el ID de Apple, te recomendamos que añadas un número de teléfono adicional de confianza a tu cuenta en el que puedas recibir el código de verificación de 6 dígitos que necesitas para iniciar sesión aunque no tengas tu iPhone. Para obtener más información, visita las páginas de Soporte técnico de Apple.""}},""transactionId"":""da190b57-76b3-4eef-8b13-e980fbdd9422-1790209633000""}"
False;1324896;2026-09-23 21:31:41.727000;2026-09-23 00:00:00;20701030;CREATEORDER;SFJF0KMVRKQ;MJXV4BE/A;"{""orderDetailsResponses"":{""deviceEligibility"":{""secondaryDisplay"":""0"",""deviceDateOfPurchase"":""23/09/2026"",""deviceId"":""SFJF0KMVRKQ"",""registeredDevice"":""0"",""deviceErrorResponse"":{""errorCode"":""GRX-20024"",""errorMessage"":""Ya existe un AppleCare Plan para el dispositivo SFJF0KMVRKQ o está pendiente. Comprueba los detalles del pedido en la búsqueda 360 y ponte en contacto con el Soporte técnico de AppleCare Connect si necesitas más información.""},""pocType"":""APOC"",""serialNumber"":""FJF0KMVRKQ"",""partNumber"":""SHMP3ZX/A"",""partAlias"":""ACPTL"",""productDescription"":""iPhone 18 Pro Max"",""tlDisclosure"":""La cobertura de robo y pérdida requiere que tengas la función Buscar habilitada en tu dispositivo antes de que se pierda o te lo roben. Durante el proceso de reclamación, te pediremos que uses la función Buscar para poner el dispositivo perdido o robado en modo Perdido, borrarlo y transferir la propiedad a Apple para que podamos asignarte un nuevo dispositivo. Para asegurarte de que puedas iniciar sesión en Buscar y acceder a esta función, es importante que recuerdes tu ID de Apple y contraseña, y que mantengas la información de tu cuenta actualizada. Si usas la autenticación de doble factor para el ID de Apple, te recomendamos que añadas un número de teléfono adicional de confianza a tu cuenta en el que puedas recibir el código de verificación de 6 dígitos que necesitas para iniciar sesión aunque no tengas tu iPhone. Para obtener más información, visita las páginas de Soporte técnico de Apple.""}},""transactionId"":""325ccdd8-dd60-4335-8f06-bbf8e645aa7d-1790209900868""}"
False;1324896;2026-09-23 21:32:21.573000;2026-09-23 00:00:00;20701030;CREATEORDER;SFJF0KMVRKQ;MJXV4BE/A;"{""orderDetailsResponses"":{""deviceEligibility"":{""secondaryDisplay"":""0"",""deviceDateOfPurchase"":""23/09/2026"",""deviceId"":""SFJF0KMVRKQ"",""registeredDevice"":""0"",""deviceErrorResponse"":{""errorCode"":""GRX-20024"",""errorMessage"":""Ya existe un AppleCare Plan para el dispositivo SFJF0KMVRKQ o está pendiente. Comprueba los detalles del pedido en la búsqueda 360 y ponte en contacto con el Soporte técnico de AppleCare Connect si necesitas más información.""},""pocType"":""APOC"",""serialNumber"":""FJF0KMVRKQ"",""partNumber"":""SHMP3ZX/A"",""partAlias"":""ACPTL"",""productDescription"":""iPhone 18 Pro Max"",""tlDisclosure"":""La cobertura de robo y pérdida requiere que tengas la función Buscar habilitada en tu dispositivo antes de que se pierda o te lo roben. Durante el proceso de reclamación, te pediremos que uses la función Buscar para poner el dispositivo perdido o robado en modo Perdido, borrarlo y transferir la propiedad a Apple para que podamos asignarte un nuevo dispositivo. Para asegurarte de que puedas iniciar sesión en Buscar y acceder a esta función, es importante que recuerdes tu ID de Apple y contraseña, y que mantengas la información de tu cuenta actualizada. Si usas la autenticación de doble factor para el ID de Apple, te recomendamos que añadas un número de teléfono adicional de confianza a tu cuenta en el que puedas recibir el código de verificación de 6 dígitos que necesitas para iniciar sesión aunque no tengas tu iPhone. Para obtener más información, visita las páginas de Soporte técnico de Apple.""}},""transactionId"":""d94b24ab-3c2e-4b63-937f-9f20a8ba583a-1790209940765""}"
False;1324896;2026-09-23 21:36:33.273000;2026-09-23 00:00:00;20701030;CREATEORDER;SFJF0KMVRKQ;MJXV4BE/A;"{""orderDetailsResponses"":{""deviceEligibility"":{""secondaryDisplay"":""0"",""deviceDateOfPurchase"":""23/09/2026"",""deviceId"":""SFJF0KMVRKQ"",""registeredDevice"":""0"",""deviceErrorResponse"":{""errorCode"":""GRX-20024"",""errorMessage"":""Ya existe un AppleCare Plan para el dispositivo SFJF0KMVRKQ o está pendiente. Comprueba los detalles del pedido en la búsqueda 360 y ponte en contacto con el Soporte técnico de AppleCare Connect si necesitas más información.""},""pocType"":""APOC"",""serialNumber"":""FJF0KMVRKQ"",""partNumber"":""SHMP3ZX/A"",""partAlias"":""ACPTL"",""productDescription"":""iPhone 18 Pro Max"",""tlDisclosure"":""La cobertura de robo y pérdida requiere que tengas la función Buscar habilitada en tu dispositivo antes de que se pierda o te lo roben. Durante el proceso de reclamación, te pediremos que uses la función Buscar para poner el dispositivo perdido o robado en modo Perdido, borrarlo y transferir la propiedad a Apple para que podamos asignarte un nuevo dispositivo. Para asegurarte de que puedas iniciar sesión en Buscar y acceder a esta función, es importante que recuerdes tu ID de Apple y contraseña, y que mantengas la información de tu cuenta actualizada. Si usas la autenticación de doble factor para el ID de Apple, te recomendamos que añadas un número de teléfono adicional de confianza a tu cuenta en el que puedas recibir el código de verificación de 6 dígitos que necesitas para iniciar sesión aunque no tengas tu iPhone. Para obtener más información, visita las páginas de Soporte técnico de Apple.""}},""transactionId"":""cc5a0059-0b88-4384-a082-986c47224a2b-1790210192516""}"
False;1324896;2026-09-23 21:37:11.223000;2026-09-23 00:00:00;20701030;CREATEORDER;SFJF0KMVRKQ;MJXV4BE/A;"{""orderDetailsResponses"":{""deviceEligibility"":{""secondaryDisplay"":""0"",""deviceDateOfPurchase"":""23/09/2026"",""deviceId"":""SFJF0KMVRKQ"",""registeredDevice"":""0"",""deviceErrorResponse"":{""errorCode"":""GRX-20024"",""errorMessage"":""Ya existe un AppleCare Plan para el dispositivo SFJF0KMVRKQ o está pendiente. Comprueba los detalles del pedido en la búsqueda 360 y ponte en contacto con el Soporte técnico de AppleCare Connect si necesitas más información.""},""pocType"":""APOC"",""serialNumber"":""FJF0KMVRKQ"",""partNumber"":""SHMP3ZX/A"",""partAlias"":""ACPTL"",""productDescription"":""iPhone 18 Pro Max"",""tlDisclosure"":""La cobertura de robo y pérdida requiere que tengas la función Buscar habilitada en tu dispositivo antes de que se pierda o te lo roben. Durante el proceso de reclamación, te pediremos que uses la función Buscar para poner el dispositivo perdido o robado en modo Perdido, borrarlo y transferir la propiedad a Apple para que podamos asignarte un nuevo dispositivo. Para asegurarte de que puedas iniciar sesión en Buscar y acceder a esta función, es importante que recuerdes tu ID de Apple y contraseña, y que mantengas la información de tu cuenta actualizada. Si usas la autenticación de doble factor para el ID de Apple, te recomendamos que añadas un número de teléfono adicional de confianza a tu cuenta en el que puedas recibir el código de verificación de 6 dígitos que necesitas para iniciar sesión aunque no tengas tu iPhone. Para obtener más información, visita las páginas de Soporte técnico de Apple.""}},""transactionId"":""90dcc890-54d8-4920-9153-47eeada81dcf-1790210230362""}"
False;1324896;2026-09-23 21:41:33.540000;2026-09-23 00:00:00;20701030;CREATEORDER;SFJF0KMVRKQ;MJXV4BE/A;"{""orderDetailsResponses"":{""deviceEligibility"":{""secondaryDisplay"":""0"",""deviceDateOfPurchase"":""23/09/2026"",""deviceId"":""SFJF0KMVRKQ"",""registeredDevice"":""0"",""deviceErrorResponse"":{""errorCode"":""GRX-20024"",""errorMessage"":""Ya existe un AppleCare Plan para el dispositivo SFJF0KMVRKQ o está pendiente. Comprueba los detalles del pedido en la búsqueda 360 y ponte en contacto con el Soporte técnico de AppleCare Connect si necesitas más información.""},""pocType"":""APOC"",""serialNumber"":""FJF0KMVRKQ"",""partNumber"":""SHMP3ZX/A"",""partAlias"":""ACPTL"",""productDescription"":""iPhone 18 Pro Max"",""tlDisclosure"":""La cobertura de robo y pérdida requiere que tengas la función Buscar habilitada en tu dispositivo antes de que se pierda o te lo roben. Durante el proceso de reclamación, te pediremos que uses la función Buscar para poner el dispositivo perdido o robado en modo Perdido, borrarlo y transferir la propiedad a Apple para que podamos asignarte un nuevo dispositivo. Para asegurarte de que puedas iniciar sesión en Buscar y acceder a esta función, es importante que recuerdes tu ID de Apple y contraseña, y que mantengas la información de tu cuenta actualizada. Si usas la autenticación de doble factor para el ID de Apple, te recomendamos que añadas un número de teléfono adicional de confianza a tu cuenta en el que puedas recibir el código de verificación de 6 dígitos que necesitas para iniciar sesión aunque no tengas tu iPhone. Para obtener más información, visita las páginas de Soporte técnico de Apple.""}},""transactionId"":""6a051d25-ddc4-459d-b3e0-146d836c34a0-1790210492740""}"
False;1324896;2026-09-23 21:42:07.493000;2026-09-23 00:00:00;20701030;CREATEORDER;SFJF0KMVRKQ;MJXV4BE/A;"{""orderDetailsResponses"":{""deviceEligibility"":{""secondaryDisplay"":""0"",""deviceDateOfPurchase"":""23/09/2026"",""deviceId"":""SFJF0KMVRKQ"",""registeredDevice"":""0"",""deviceErrorResponse"":{""errorCode"":""GRX-20024"",""errorMessage"":""Ya existe un AppleCare Plan para el dispositivo SFJF0KMVRKQ o está pendiente. Comprueba los detalles del pedido en la búsqueda 360 y ponte en contacto con el Soporte técnico de AppleCare Connect si necesitas más información.""},""pocType"":""APOC"",""serialNumber"":""FJF0KMVRKQ"",""partNumber"":""SHMP3ZX/A"",""partAlias"":""ACPTL"",""productDescription"":""iPhone 18 Pro Max"",""tlDisclosure"":""La cobertura de robo y pérdida requiere que tengas la función Buscar habilitada en tu dispositivo antes de que se pierda o te lo roben. Durante el proceso de reclamación, te pediremos que uses la función Buscar para poner el dispositivo perdido o robado en modo Perdido, borrarlo y transferir la propiedad a Apple para que podamos asignarte un nuevo dispositivo. Para asegurarte de que puedas iniciar sesión en Buscar y acceder a esta función, es importante que recuerdes tu ID de Apple y contraseña, y que mantengas la información de tu cuenta actualizada. Si usas la autenticación de doble factor para el ID de Apple, te recomendamos que añadas un número de teléfono adicional de confianza a tu cuenta en el que puedas recibir el código de verificación de 6 dígitos que necesitas para iniciar sesión aunque no tengas tu iPhone. Para obtener más información, visita las páginas de Soporte técnico de Apple.""}},""transactionId"":""02f2a241-122e-4f95-b512-c29782a63f1c-1790210526720""}"
False;1324896;2026-09-23 21:46:33.267000;2026-09-23 00:00:00;20701030;CREATEORDER;SFJF0KMVRKQ;MJXV4BE/A;"{""orderDetailsResponses"":{""deviceEligibility"":{""secondaryDisplay"":""0"",""deviceDateOfPurchase"":""23/09/2026"",""deviceId"":""SFJF0KMVRKQ"",""registeredDevice"":""0"",""deviceErrorResponse"":{""errorCode"":""GRX-20024"",""errorMessage"":""Ya existe un AppleCare Plan para el dispositivo SFJF0KMVRKQ o está pendiente. Comprueba los detalles del pedido en la búsqueda 360 y ponte en contacto con el Soporte técnico de AppleCare Connect si necesitas más información.""},""pocType"":""APOC"",""serialNumber"":""FJF0KMVRKQ"",""partNumber"":""SHMP3ZX/A"",""partAlias"":""ACPTL"",""productDescription"":""iPhone 18 Pro Max"",""tlDisclosure"":""La cobertura de robo y pérdida requiere que tengas la función Buscar habilitada en tu dispositivo antes de que se pierda o te lo roben. Durante el proceso de reclamación, te pediremos que uses la función Buscar para poner el dispositivo perdido o robado en modo Perdido, borrarlo y transferir la propiedad a Apple para que podamos asignarte un nuevo dispositivo. Para asegurarte de que puedas iniciar sesión en Buscar y acceder a esta función, es importante que recuerdes tu ID de Apple y contraseña, y que mantengas la información de tu cuenta actualizada. Si usas la autenticación de doble factor para el ID de Apple, te recomendamos que añadas un número de teléfono adicional de confianza a tu cuenta en el que puedas recibir el código de verificación de 6 dígitos que necesitas para iniciar sesión aunque no tengas tu iPhone. Para obtener más información, visita las páginas de Soporte técnico de Apple.""}},""transactionId"":""3ca600d7-b41a-4bc9-b6ed-4c01fb55372a-1790210792466""}"
False;1324896;2026-09-23 21:47:07.583000;2026-09-23 00:00:00;20701030;CREATEORDER;SFJF0KMVRKQ;MJXV4BE/A;"{""orderDetailsResponses"":{""deviceEligibility"":{""secondaryDisplay"":""0"",""deviceDateOfPurchase"":""23/09/2026"",""deviceId"":""SFJF0KMVRKQ"",""registeredDevice"":""0"",""deviceErrorResponse"":{""errorCode"":""GRX-20024"",""errorMessage"":""Ya existe un AppleCare Plan para el dispositivo SFJF0KMVRKQ o está pendiente. Comprueba los detalles del pedido en la búsqueda 360 y ponte en contacto con el Soporte técnico de AppleCare Connect si necesitas más información.""},""pocType"":""APOC"",""serialNumber"":""FJF0KMVRKQ"",""partNumber"":""SHMP3ZX/A"",""partAlias"":""ACPTL"",""productDescription"":""iPhone 18 Pro Max"",""tlDisclosure"":""La cobertura de robo y pérdida requiere que tengas la función Buscar habilitada en tu dispositivo antes de que se pierda o te lo roben. Durante el proceso de reclamación, te pediremos que uses la función Buscar para poner el dispositivo perdido o robado en modo Perdido, borrarlo y transferir la propiedad a Apple para que podamos asignarte un nuevo dispositivo. Para asegurarte de que puedas iniciar sesión en Buscar y acceder a esta función, es importante que recuerdes tu ID de Apple y contraseña, y que mantengas la información de tu cuenta actualizada. Si usas la autenticación de doble factor para el ID de Apple, te recomendamos que añadas un número de teléfono adicional de confianza a tu cuenta en el que puedas recibir el código de verificación de 6 dígitos que necesitas para iniciar sesión aunque no tengas tu iPhone. Para obtener más información, visita las páginas de Soporte técnico de Apple.""}},""transactionId"":""ce200abd-fd74-4ecf-bec2-422c0140a52c-1790210826606""}"
False;1324896;2026-09-23 21:51:45.433000;2026-09-23 00:00:00;20701030;CREATEORDER;SFJF0KMVRKQ;MJXV4BE/A;"{""orderDetailsResponses"":{""deviceEligibility"":{""secondaryDisplay"":""0"",""deviceDateOfPurchase"":""23/09/2026"",""deviceId"":""SFJF0KMVRKQ"",""registeredDevice"":""0"",""deviceErrorResponse"":{""errorCode"":""GRX-20024"",""errorMessage"":""Ya existe un AppleCare Plan para el dispositivo SFJF0KMVRKQ o está pendiente. Comprueba los detalles del pedido en la búsqueda 360 y ponte en contacto con el Soporte técnico de AppleCare Connect si necesitas más información.""},""pocType"":""APOC"",""serialNumber"":""FJF0KMVRKQ"",""partNumber"":""SHMP3ZX/A"",""partAlias"":""ACPTL"",""productDescription"":""iPhone 18 Pro Max"",""tlDisclosure"":""La cobertura de robo y pérdida requiere que tengas la función Buscar habilitada en tu dispositivo antes de que se pierda o te lo roben. Durante el proceso de reclamación, te pediremos que uses la función Buscar para poner el dispositivo perdido o robado en modo Perdido, borrarlo y transferir la propiedad a Apple para que podamos asignarte un nuevo dispositivo. Para asegurarte de que puedas iniciar sesión en Buscar y acceder a esta función, es importante que recuerdes tu ID de Apple y contraseña, y que mantengas la información de tu cuenta actualizada. Si usas la autenticación de doble factor para el ID de Apple, te recomendamos que añadas un número de teléfono adicional de confianza a tu cuenta en el que puedas recibir el código de verificación de 6 dígitos que necesitas para iniciar sesión aunque no tengas tu iPhone. Para obtener más información, visita las páginas de Soporte técnico de Apple.""}},""transactionId"":""4082336b-669a-495c-9f3b-7668b5f5fcfe-1790211104706""}"
False;1324896;2026-09-23 21:52:26.770000;2026-09-23 00:00:00;20701030;CREATEORDER;SFJF0KMVRKQ;MJXV4BE/A;"{""orderDetailsResponses"":{""deviceEligibility"":{""secondaryDisplay"":""0"",""deviceDateOfPurchase"":""23/09/2026"",""deviceId"":""SFJF0KMVRKQ"",""registeredDevice"":""0"",""deviceErrorResponse"":{""errorCode"":""GRX-20024"",""errorMessage"":""Ya existe un AppleCare Plan para el dispositivo SFJF0KMVRKQ o está pendiente. Comprueba los detalles del pedido en la búsqueda 360 y ponte en contacto con el Soporte técnico de AppleCare Connect si necesitas más información.""},""pocType"":""APOC"",""serialNumber"":""FJF0KMVRKQ"",""partNumber"":""SHMP3ZX/A"",""partAlias"":""ACPTL"",""productDescription"":""iPhone 18 Pro Max"",""tlDisclosure"":""La cobertura de robo y pérdida requiere que tengas la función Buscar habilitada en tu dispositivo antes de que se pierda o te lo roben. Durante el proceso de reclamación, te pediremos que uses la función Buscar para poner el dispositivo perdido o robado en modo Perdido, borrarlo y transferir la propiedad a Apple para que podamos asignarte un nuevo dispositivo. Para asegurarte de que puedas iniciar sesión en Buscar y acceder a esta función, es importante que recuerdes tu ID de Apple y contraseña, y que mantengas la información de tu cuenta actualizada. Si usas la autenticación de doble factor para el ID de Apple, te recomendamos que añadas un número de teléfono adicional de confianza a tu cuenta en el que puedas recibir el código de verificación de 6 dígitos que necesitas para iniciar sesión aunque no tengas tu iPhone. Para obtener más información, visita las páginas de Soporte técnico de Apple.""}},""transactionId"":""2981decb-3d44-4006-8aad-8e44be7b135f-1790211146056""}"
False;1324896;2026-09-23 21:56:36.157000;2026-09-23 00:00:00;20701030;CREATEORDER;SFJF0KMVRKQ;MJXV4BE/A;"{""orderDetailsResponses"":{""deviceEligibility"":{""secondaryDisplay"":""0"",""deviceDateOfPurchase"":""23/09/2026"",""deviceId"":""SFJF0KMVRKQ"",""registeredDevice"":""0"",""deviceErrorResponse"":{""errorCode"":""GRX-20024"",""errorMessage"":""Ya existe un AppleCare Plan para el dispositivo SFJF0KMVRKQ o está pendiente. Comprueba los detalles del pedido en la búsqueda 360 y ponte en contacto con el Soporte técnico de AppleCare Connect si necesitas más información.""},""pocType"":""APOC"",""serialNumber"":""FJF0KMVRKQ"",""partNumber"":""SHMP3ZX/A"",""partAlias"":""ACPTL"",""productDescription"":""iPhone 18 Pro Max"",""tlDisclosure"":""La cobertura de robo y pérdida requiere que tengas la función Buscar habilitada en tu dispositivo antes de que se pierda o te lo roben. Durante el proceso de reclamación, te pediremos que uses la función Buscar para poner el dispositivo perdido o robado en modo Perdido, borrarlo y transferir la propiedad a Apple para que podamos asignarte un nuevo dispositivo. Para asegurarte de que puedas iniciar sesión en Buscar y acceder a esta función, es importante que recuerdes tu ID de Apple y contraseña, y que mantengas la información de tu cuenta actualizada. Si usas la autenticación de doble factor para el ID de Apple, te recomendamos que añadas un número de teléfono adicional de confianza a tu cuenta en el que puedas recibir el código de verificación de 6 dígitos que necesitas para iniciar sesión aunque no tengas tu iPhone. Para obtener más información, visita las páginas de Soporte técnico de Apple.""}},""transactionId"":""1767affc-6228-4731-a728-702d5abbad14-1790211395446""}"
False;1324896;2026-09-23 21:57:09.217000;2026-09-23 00:00:00;20701030;CREATEORDER;SFJF0KMVRKQ;MJXV4BE/A;"{""orderDetailsResponses"":{""deviceEligibility"":{""secondaryDisplay"":""0"",""deviceDateOfPurchase"":""23/09/2026"",""deviceId"":""SFJF0KMVRKQ"",""registeredDevice"":""0"",""deviceErrorResponse"":{""errorCode"":""GRX-20024"",""errorMessage"":""Ya existe un AppleCare Plan para el dispositivo SFJF0KMVRKQ o está pendiente. Comprueba los detalles del pedido en la búsqueda 360 y ponte en contacto con el Soporte técnico de AppleCare Connect si necesitas más información.""},""pocType"":""APOC"",""serialNumber"":""FJF0KMVRKQ"",""partNumber"":""SHMP3ZX/A"",""partAlias"":""ACPTL"",""productDescription"":""iPhone 18 Pro Max"",""tlDisclosure"":""La cobertura de robo y pérdida requiere que tengas la función Buscar habilitada en tu dispositivo antes de que se pierda o te lo roben. Durante el proceso de reclamación, te pediremos que uses la función Buscar para poner el dispositivo perdido o robado en modo Perdido, borrarlo y transferir la propiedad a Apple para que podamos asignarte un nuevo dispositivo. Para asegurarte de que puedas iniciar sesión en Buscar y acceder a esta función, es importante que recuerdes tu ID de Apple y contraseña, y que mantengas la información de tu cuenta actualizada. Si usas la autenticación de doble factor para el ID de Apple, te recomendamos que añadas un número de teléfono adicional de confianza a tu cuenta en el que puedas recibir el código de verificación de 6 dígitos que necesitas para iniciar sesión aunque no tengas tu iPhone. Para obtener más información, visita las páginas de Soporte técnico de Apple.""}},""transactionId"":""ff889f6b-4378-4df2-9753-18a47284703f-1790211428389""}"
False;1324896;2026-09-23 22:01:42.170000;2026-09-23 00:00:00;20701030;CREATEORDER;SFJF0KMVRKQ;MJXV4BE/A;"{""orderDetailsResponses"":{""deviceEligibility"":{""secondaryDisplay"":""0"",""deviceDateOfPurchase"":""23/09/2026"",""deviceId"":""SFJF0KMVRKQ"",""registeredDevice"":""0"",""deviceErrorResponse"":{""errorCode"":""GRX-20024"",""errorMessage"":""Ya existe un AppleCare Plan para el dispositivo SFJF0KMVRKQ o está pendiente. Comprueba los detalles del pedido en la búsqueda 360 y ponte en contacto con el Soporte técnico de AppleCare Connect si necesitas más información.""},""pocType"":""APOC"",""serialNumber"":""FJF0KMVRKQ"",""partNumber"":""SHMP3ZX/A"",""partAlias"":""ACPTL"",""productDescription"":""iPhone 18 Pro Max"",""tlDisclosure"":""La cobertura de robo y pérdida requiere que tengas la función Buscar habilitada en tu dispositivo antes de que se pierda o te lo roben. Durante el proceso de reclamación, te pediremos que uses la función Buscar para poner el dispositivo perdido o robado en modo Perdido, borrarlo y transferir la propiedad a Apple para que podamos asignarte un nuevo dispositivo. Para asegurarte de que puedas iniciar sesión en Buscar y acceder a esta función, es importante que recuerdes tu ID de Apple y contraseña, y que mantengas la información de tu cuenta actualizada. Si usas la autenticación de doble factor para el ID de Apple, te recomendamos que añadas un número de teléfono adicional de confianza a tu cuenta en el que puedas recibir el código de verificación de 6 dígitos que necesitas para iniciar sesión aunque no tengas tu iPhone. Para obtener más información, visita las páginas de Soporte técnico de Apple.""}},""transactionId"":""721c3cba-847e-4688-a26c-f92d0d37a9a3-1790211701456""}"
False;1324896;2026-09-23 22:02:19.127000;2026-09-23 00:00:00;20701030;CREATEORDER;SFJF0KMVRKQ;MJXV4BE/A;"{""orderDetailsResponses"":{""deviceEligibility"":{""secondaryDisplay"":""0"",""deviceDateOfPurchase"":""23/09/2026"",""deviceId"":""SFJF0KMVRKQ"",""registeredDevice"":""0"",""deviceErrorResponse"":{""errorCode"":""GRX-20024"",""errorMessage"":""Ya existe un AppleCare Plan para el dispositivo SFJF0KMVRKQ o está pendiente. Comprueba los detalles del pedido en la búsqueda 360 y ponte en contacto con el Soporte técnico de AppleCare Connect si necesitas más información.""},""pocType"":""APOC"",""serialNumber"":""FJF0KMVRKQ"",""partNumber"":""SHMP3ZX/A"",""partAlias"":""ACPTL"",""productDescription"":""iPhone 18 Pro Max"",""tlDisclosure"":""La cobertura de robo y pérdida requiere que tengas la función Buscar habilitada en tu dispositivo antes de que se pierda o te lo roben. Durante el proceso de reclamación, te pediremos que uses la función Buscar para poner el dispositivo perdido o robado en modo Perdido, borrarlo y transferir la propiedad a Apple para que podamos asignarte un nuevo dispositivo. Para asegurarte de que puedas iniciar sesión en Buscar y acceder a esta función, es importante que recuerdes tu ID de Apple y contraseña, y que mantengas la información de tu cuenta actualizada. Si usas la autenticación de doble factor para el ID de Apple, te recomendamos que añadas un número de teléfono adicional de confianza a tu cuenta en el que puedas recibir el código de verificación de 6 dígitos que necesitas para iniciar sesión aunque no tengas tu iPhone. Para obtener más información, visita las páginas de Soporte técnico de Apple.""}},""transactionId"":""1ac10c32-4b2e-4b04-9455-2d6584afbbfe-1790211738387""}"
False;1324896;2026-09-23 22:06:33.650000;2026-09-23 00:00:00;20701030;CREATEORDER;SFJF0KMVRKQ;MJXV4BE/A;"{""orderDetailsResponses"":{""deviceEligibility"":{""secondaryDisplay"":""0"",""deviceDateOfPurchase"":""23/09/2026"",""deviceId"":""SFJF0KMVRKQ"",""registeredDevice"":""0"",""deviceErrorResponse"":{""errorCode"":""GRX-20024"",""errorMessage"":""Ya existe un AppleCare Plan para el dispositivo SFJF0KMVRKQ o está pendiente. Comprueba los detalles del pedido en la búsqueda 360 y ponte en contacto con el Soporte técnico de AppleCare Connect si necesitas más información.""},""pocType"":""APOC"",""serialNumber"":""FJF0KMVRKQ"",""partNumber"":""SHMP3ZX/A"",""partAlias"":""ACPTL"",""productDescription"":""iPhone 18 Pro Max"",""tlDisclosure"":""La cobertura de robo y pérdida requiere que tengas la función Buscar habilitada en tu dispositivo antes de que se pierda o te lo roben. Durante el proceso de reclamación, te pediremos que uses la función Buscar para poner el dispositivo perdido o robado en modo Perdido, borrarlo y transferir la propiedad a Apple para que podamos asignarte un nuevo dispositivo. Para asegurarte de que puedas iniciar sesión en Buscar y acceder a esta función, es importante que recuerdes tu ID de Apple y contraseña, y que mantengas la información de tu cuenta actualizada. Si usas la autenticación de doble factor para el ID de Apple, te recomendamos que añadas un número de teléfono adicional de confianza a tu cuenta en el que puedas recibir el código de verificación de 6 dígitos que necesitas para iniciar sesión aunque no tengas tu iPhone. Para obtener más información, visita las páginas de Soporte técnico de Apple.""}},""transactionId"":""db040177-250a-4eff-9b0b-086ed07dc63d-1790211992911""}"
False;1324896;2026-09-23 22:07:07.767000;2026-09-23 00:00:00;20701030;CREATEORDER;SFJF0KMVRKQ;MJXV4BE/A;"{""orderDetailsResponses"":{""deviceEligibility"":{""secondaryDisplay"":""0"",""deviceDateOfPurchase"":""23/09/2026"",""deviceId"":""SFJF0KMVRKQ"",""registeredDevice"":""0"",""deviceErrorResponse"":{""errorCode"":""GRX-20024"",""errorMessage"":""Ya existe un AppleCare Plan para el dispositivo SFJF0KMVRKQ o está pendiente. Comprueba los detalles del pedido en la búsqueda 360 y ponte en contacto con el Soporte técnico de AppleCare Connect si necesitas más información.""},""pocType"":""APOC"",""serialNumber"":""FJF0KMVRKQ"",""partNumber"":""SHMP3ZX/A"",""partAlias"":""ACPTL"",""productDescription"":""iPhone 18 Pro Max"",""tlDisclosure"":""La cobertura de robo y pérdida requiere que tengas la función Buscar habilitada en tu dispositivo antes de que se pierda o te lo roben. Durante el proceso de reclamación, te pediremos que uses la función Buscar para poner el dispositivo perdido o robado en modo Perdido, borrarlo y transferir la propiedad a Apple para que podamos asignarte un nuevo dispositivo. Para asegurarte de que puedas iniciar sesión en Buscar y acceder a esta función, es importante que recuerdes tu ID de Apple y contraseña, y que mantengas la información de tu cuenta actualizada. Si usas la autenticación de doble factor para el ID de Apple, te recomendamos que añadas un número de teléfono adicional de confianza a tu cuenta en el que puedas recibir el código de verificación de 6 dígitos que necesitas para iniciar sesión aunque no tengas tu iPhone. Para obtener más información, visita las páginas de Soporte técnico de Apple.""}},""transactionId"":""d080d63b-fe03-40ff-81d4-9d63aad49858-1790212026961""}"
False;1324896;2026-09-23 22:11:37.570000;2026-09-23 00:00:00;20701030;CREATEORDER;SFJF0KMVRKQ;MJXV4BE/A;"{""orderDetailsResponses"":{""deviceEligibility"":{""secondaryDisplay"":""0"",""deviceDateOfPurchase"":""23/09/2026"",""deviceId"":""SFJF0KMVRKQ"",""registeredDevice"":""0"",""deviceErrorResponse"":{""errorCode"":""GRX-20024"",""errorMessage"":""Ya existe un AppleCare Plan para el dispositivo SFJF0KMVRKQ o está pendiente. Comprueba los detalles del pedido en la búsqueda 360 y ponte en contacto con el Soporte técnico de AppleCare Connect si necesitas más información.""},""pocType"":""APOC"",""serialNumber"":""FJF0KMVRKQ"",""partNumber"":""SHMP3ZX/A"",""partAlias"":""ACPTL"",""productDescription"":""iPhone 18 Pro Max"",""tlDisclosure"":""La cobertura de robo y pérdida requiere que tengas la función Buscar habilitada en tu dispositivo antes de que se pierda o te lo roben. Durante el proceso de reclamación, te pediremos que uses la función Buscar para poner el dispositivo perdido o robado en modo Perdido, borrarlo y transferir la propiedad a Apple para que podamos asignarte un nuevo dispositivo. Para asegurarte de que puedas iniciar sesión en Buscar y acceder a esta función, es importante que recuerdes tu ID de Apple y contraseña, y que mantengas la información de tu cuenta actualizada. Si usas la autenticación de doble factor para el ID de Apple, te recomendamos que añadas un número de teléfono adicional de confianza a tu cuenta en el que puedas recibir el código de verificación de 6 dígitos que necesitas para iniciar sesión aunque no tengas tu iPhone. Para obtener más información, visita las páginas de Soporte técnico de Apple.""}},""transactionId"":""beb831f9-8ce1-4b49-af46-e342ba404b7d-1790212296803""}"
False;1324896;2026-09-23 22:12:10.247000;2026-09-23 00:00:00;20701030;CREATEORDER;SFJF0KMVRKQ;MJXV4BE/A;"{""orderDetailsResponses"":{""deviceEligibility"":{""secondaryDisplay"":""0"",""deviceDateOfPurchase"":""23/09/2026"",""deviceId"":""SFJF0KMVRKQ"",""registeredDevice"":""0"",""deviceErrorResponse"":{""errorCode"":""GRX-20024"",""errorMessage"":""Ya existe un AppleCare Plan para el dispositivo SFJF0KMVRKQ o está pendiente. Comprueba los detalles del pedido en la búsqueda 360 y ponte en contacto con el Soporte técnico de AppleCare Connect si necesitas más información.""},""pocType"":""APOC"",""serialNumber"":""FJF0KMVRKQ"",""partNumber"":""SHMP3ZX/A"",""partAlias"":""ACPTL"",""productDescription"":""iPhone 18 Pro Max"",""tlDisclosure"":""La cobertura de robo y pérdida requiere que tengas la función Buscar habilitada en tu dispositivo antes de que se pierda o te lo roben. Durante el proceso de reclamación, te pediremos que uses la función Buscar para poner el dispositivo perdido o robado en modo Perdido, borrarlo y transferir la propiedad a Apple para que podamos asignarte un nuevo dispositivo. Para asegurarte de que puedas iniciar sesión en Buscar y acceder a esta función, es importante que recuerdes tu ID de Apple y contraseña, y que mantengas la información de tu cuenta actualizada. Si usas la autenticación de doble factor para el ID de Apple, te recomendamos que añadas un número de teléfono adicional de confianza a tu cuenta en el que puedas recibir el código de verificación de 6 dígitos que necesitas para iniciar sesión aunque no tengas tu iPhone. Para obtener más información, visita las páginas de Soporte técnico de Apple.""}},""transactionId"":""82b848eb-f64c-4f5c-b4c7-a77480b95b73-1790212329494""}"
False;1324896;2026-09-23 22:16:41.057000;2026-09-23 00:00:00;20701030;CREATEORDER;SFJF0KMVRKQ;MJXV4BE/A;"{""orderDetailsResponses"":{""deviceEligibility"":{""secondaryDisplay"":""0"",""deviceDateOfPurchase"":""23/09/2026"",""deviceId"":""SFJF0KMVRKQ"",""registeredDevice"":""0"",""deviceErrorResponse"":{""errorCode"":""GRX-20024"",""errorMessage"":""Ya existe un AppleCare Plan para el dispositivo SFJF0KMVRKQ o está pendiente. Comprueba los detalles del pedido en la búsqueda 360 y ponte en contacto con el Soporte técnico de AppleCare Connect si necesitas más información.""},""pocType"":""APOC"",""serialNumber"":""FJF0KMVRKQ"",""partNumber"":""SHMP3ZX/A"",""partAlias"":""ACPTL"",""productDescription"":""iPhone 18 Pro Max"",""tlDisclosure"":""La cobertura de robo y pérdida requiere que tengas la función Buscar habilitada en tu dispositivo antes de que se pierda o te lo roben. Durante el proceso de reclamación, te pediremos que uses la función Buscar para poner el dispositivo perdido o robado en modo Perdido, borrarlo y transferir la propiedad a Apple para que podamos asignarte un nuevo dispositivo. Para asegurarte de que puedas iniciar sesión en Buscar y acceder a esta función, es importante que recuerdes tu ID de Apple y contraseña, y que mantengas la información de tu cuenta actualizada. Si usas la autenticación de doble factor para el ID de Apple, te recomendamos que añadas un número de teléfono adicional de confianza a tu cuenta en el que puedas recibir el código de verificación de 6 dígitos que necesitas para iniciar sesión aunque no tengas tu iPhone. Para obtener más información, visita las páginas de Soporte técnico de Apple.""}},""transactionId"":""09f05591-bd39-435f-84df-e69a7f87d3dd-1790212600321""}"
False;1324896;2026-09-23 22:17:14.023000;2026-09-23 00:00:00;20701030;CREATEORDER;SFJF0KMVRKQ;MJXV4BE/A;"{""orderDetailsResponses"":{""deviceEligibility"":{""secondaryDisplay"":""0"",""deviceDateOfPurchase"":""23/09/2026"",""deviceId"":""SFJF0KMVRKQ"",""registeredDevice"":""0"",""deviceErrorResponse"":{""errorCode"":""GRX-20024"",""errorMessage"":""Ya existe un AppleCare Plan para el dispositivo SFJF0KMVRKQ o está pendiente. Comprueba los detalles del pedido en la búsqueda 360 y ponte en contacto con el Soporte técnico de AppleCare Connect si necesitas más información.""},""pocType"":""APOC"",""serialNumber"":""FJF0KMVRKQ"",""partNumber"":""SHMP3ZX/A"",""partAlias"":""ACPTL"",""productDescription"":""iPhone 18 Pro Max"",""tlDisclosure"":""La cobertura de robo y pérdida requiere que tengas la función Buscar habilitada en tu dispositivo antes de que se pierda o te lo roben. Durante el proceso de reclamación, te pediremos que uses la función Buscar para poner el dispositivo perdido o robado en modo Perdido, borrarlo y transferir la propiedad a Apple para que podamos asignarte un nuevo dispositivo. Para asegurarte de que puedas iniciar sesión en Buscar y acceder a esta función, es importante que recuerdes tu ID de Apple y contraseña, y que mantengas la información de tu cuenta actualizada. Si usas la autenticación de doble factor para el ID de Apple, te recomendamos que añadas un número de teléfono adicional de confianza a tu cuenta en el que puedas recibir el código de verificación de 6 dígitos que necesitas para iniciar sesión aunque no tengas tu iPhone. Para obtener más información, visita las páginas de Soporte técnico de Apple.""}},""transactionId"":""add88ce8-626a-4e13-8be2-cf39b7a4a9f4-1790212633119""}"
False;1324896;2026-09-23 22:21:41.620000;2026-09-23 00:00:00;20701030;CREATEORDER;SFJF0KMVRKQ;MJXV4BE/A;"{""orderDetailsResponses"":{""deviceEligibility"":{""secondaryDisplay"":""0"",""deviceDateOfPurchase"":""23/09/2026"",""deviceId"":""SFJF0KMVRKQ"",""registeredDevice"":""0"",""deviceErrorResponse"":{""errorCode"":""GRX-20024"",""errorMessage"":""Ya existe un AppleCare Plan para el dispositivo SFJF0KMVRKQ o está pendiente. Comprueba los detalles del pedido en la búsqueda 360 y ponte en contacto con el Soporte técnico de AppleCare Connect si necesitas más información.""},""pocType"":""APOC"",""serialNumber"":""FJF0KMVRKQ"",""partNumber"":""SHMP3ZX/A"",""partAlias"":""ACPTL"",""productDescription"":""iPhone 18 Pro Max"",""tlDisclosure"":""La cobertura de robo y pérdida requiere que tengas la función Buscar habilitada en tu dispositivo antes de que se pierda o te lo roben. Durante el proceso de reclamación, te pediremos que uses la función Buscar para poner el dispositivo perdido o robado en modo Perdido, borrarlo y transferir la propiedad a Apple para que podamos asignarte un nuevo dispositivo. Para asegurarte de que puedas iniciar sesión en Buscar y acceder a esta función, es importante que recuerdes tu ID de Apple y contraseña, y que mantengas la información de tu cuenta actualizada. Si usas la autenticación de doble factor para el ID de Apple, te recomendamos que añadas un número de teléfono adicional de confianza a tu cuenta en el que puedas recibir el código de verificación de 6 dígitos que necesitas para iniciar sesión aunque no tengas tu iPhone. Para obtener más información, visita las páginas de Soporte técnico de Apple.""}},""transactionId"":""7ad6891b-7181-4448-b921-f2de8098d93e-1790212900777""}"
False;1324896;2026-09-23 22:22:15.120000;2026-09-23 00:00:00;20701030;CREATEORDER;SFJF0KMVRKQ;MJXV4BE/A;"{""orderDetailsResponses"":{""deviceEligibility"":{""secondaryDisplay"":""0"",""deviceDateOfPurchase"":""23/09/2026"",""deviceId"":""SFJF0KMVRKQ"",""registeredDevice"":""0"",""deviceErrorResponse"":{""errorCode"":""GRX-20024"",""errorMessage"":""Ya existe un AppleCare Plan para el dispositivo SFJF0KMVRKQ o está pendiente. Comprueba los detalles del pedido en la búsqueda 360 y ponte en contacto con el Soporte técnico de AppleCare Connect si necesitas más información.""},""pocType"":""APOC"",""serialNumber"":""FJF0KMVRKQ"",""partNumber"":""SHMP3ZX/A"",""partAlias"":""ACPTL"",""productDescription"":""iPhone 18 Pro Max"",""tlDisclosure"":""La cobertura de robo y pérdida requiere que tengas la función Buscar habilitada en tu dispositivo antes de que se pierda o te lo roben. Durante el proceso de reclamación, te pediremos que uses la función Buscar para poner el dispositivo perdido o robado en modo Perdido, borrarlo y transferir la propiedad a Apple para que podamos asignarte un nuevo dispositivo. Para asegurarte de que puedas iniciar sesión en Buscar y acceder a esta función, es importante que recuerdes tu ID de Apple y contraseña, y que mantengas la información de tu cuenta actualizada. Si usas la autenticación de doble factor para el ID de Apple, te recomendamos que añadas un número de teléfono adicional de confianza a tu cuenta en el que puedas recibir el código de verificación de 6 dígitos que necesitas para iniciar sesión aunque no tengas tu iPhone. Para obtener más información, visita las páginas de Soporte técnico de Apple.""}},""transactionId"":""c15911f9-5c1a-44ff-b92f-7237b4b79b22-1790212934412""}"
False;1324896;2026-09-23 22:26:38.173000;2026-09-23 00:00:00;20701030;CREATEORDER;SFJF0KMVRKQ;MJXV4BE/A;"{""orderDetailsResponses"":{""deviceEligibility"":{""secondaryDisplay"":""0"",""deviceDateOfPurchase"":""23/09/2026"",""deviceId"":""SFJF0KMVRKQ"",""registeredDevice"":""0"",""deviceErrorResponse"":{""errorCode"":""GRX-20024"",""errorMessage"":""Ya existe un AppleCare Plan para el dispositivo SFJF0KMVRKQ o está pendiente. Comprueba los detalles del pedido en la búsqueda 360 y ponte en contacto con el Soporte técnico de AppleCare Connect si necesitas más información.""},""pocType"":""APOC"",""serialNumber"":""FJF0KMVRKQ"",""partNumber"":""SHMP3ZX/A"",""partAlias"":""ACPTL"",""productDescription"":""iPhone 18 Pro Max"",""tlDisclosure"":""La cobertura de robo y pérdida requiere que tengas la función Buscar habilitada en tu dispositivo antes de que se pierda o te lo roben. Durante el proceso de reclamación, te pediremos que uses la función Buscar para poner el dispositivo perdido o robado en modo Perdido, borrarlo y transferir la propiedad a Apple para que podamos asignarte un nuevo dispositivo. Para asegurarte de que puedas iniciar sesión en Buscar y acceder a esta función, es importante que recuerdes tu ID de Apple y contraseña, y que mantengas la información de tu cuenta actualizada. Si usas la autenticación de doble factor para el ID de Apple, te recomendamos que añadas un número de teléfono adicional de confianza a tu cuenta en el que puedas recibir el código de verificación de 6 dígitos que necesitas para iniciar sesión aunque no tengas tu iPhone. Para obtener más información, visita las páginas de Soporte técnico de Apple.""}},""transactionId"":""b47f5510-2895-43e8-8797-7ce5f2c397e8-1790213197365""}"
False;1324896;2026-09-23 22:27:09.947000;2026-09-23 00:00:00;20701030;CREATEORDER;SFJF0KMVRKQ;MJXV4BE/A;"{""orderDetailsResponses"":{""deviceEligibility"":{""secondaryDisplay"":""0"",""deviceDateOfPurchase"":""23/09/2026"",""deviceId"":""SFJF0KMVRKQ"",""registeredDevice"":""0"",""deviceErrorResponse"":{""errorCode"":""GRX-20024"",""errorMessage"":""Ya existe un AppleCare Plan para el dispositivo SFJF0KMVRKQ o está pendiente. Comprueba los detalles del pedido en la búsqueda 360 y ponte en contacto con el Soporte técnico de AppleCare Connect si necesitas más información.""},""pocType"":""APOC"",""serialNumber"":""FJF0KMVRKQ"",""partNumber"":""SHMP3ZX/A"",""partAlias"":""ACPTL"",""productDescription"":""iPhone 18 Pro Max"",""tlDisclosure"":""La cobertura de robo y pérdida requiere que tengas la función Buscar habilitada en tu dispositivo antes de que se pierda o te lo roben. Durante el proceso de reclamación, te pediremos que uses la función Buscar para poner el dispositivo perdido o robado en modo Perdido, borrarlo y transferir la propiedad a Apple para que podamos asignarte un nuevo dispositivo. Para asegurarte de que puedas iniciar sesión en Buscar y acceder a esta función, es importante que recuerdes tu ID de Apple y contraseña, y que mantengas la información de tu cuenta actualizada. Si usas la autenticación de doble factor para el ID de Apple, te recomendamos que añadas un número de teléfono adicional de confianza a tu cuenta en el que puedas recibir el código de verificación de 6 dígitos que necesitas para iniciar sesión aunque no tengas tu iPhone. Para obtener más información, visita las páginas de Soporte técnico de Apple.""}},""transactionId"":""994f64ca-735d-4ea8-adc6-5b169cd6f375-1790213229177""}"
False;1324896;2026-09-23 22:31:37.600000;2026-09-23 00:00:00;20701030;CREATEORDER;SFJF0KMVRKQ;MJXV4BE/A;"{""orderDetailsResponses"":{""deviceEligibility"":{""secondaryDisplay"":""0"",""deviceDateOfPurchase"":""23/09/2026"",""deviceId"":""SFJF0KMVRKQ"",""registeredDevice"":""0"",""deviceErrorResponse"":{""errorCode"":""GRX-20024"",""errorMessage"":""Ya existe un AppleCare Plan para el dispositivo SFJF0KMVRKQ o está pendiente. Comprueba los detalles del pedido en la búsqueda 360 y ponte en contacto con el Soporte técnico de AppleCare Connect si necesitas más información.""},""pocType"":""APOC"",""serialNumber"":""FJF0KMVRKQ"",""partNumber"":""SHMP3ZX/A"",""partAlias"":""ACPTL"",""productDescription"":""iPhone 18 Pro Max"",""tlDisclosure"":""La cobertura de robo y pérdida requiere que tengas la función Buscar habilitada en tu dispositivo antes de que se pierda o te lo roben. Durante el proceso de reclamación, te pediremos que uses la función Buscar para poner el dispositivo perdido o robado en modo Perdido, borrarlo y transferir la propiedad a Apple para que podamos asignarte un nuevo dispositivo. Para asegurarte de que puedas iniciar sesión en Buscar y acceder a esta función, es importante que recuerdes tu ID de Apple y contraseña, y que mantengas la información de tu cuenta actualizada. Si usas la autenticación de doble factor para el ID de Apple, te recomendamos que añadas un número de teléfono adicional de confianza a tu cuenta en el que puedas recibir el código de verificación de 6 dígitos que necesitas para iniciar sesión aunque no tengas tu iPhone. Para obtener más información, visita las páginas de Soporte técnico de Apple.""}},""transactionId"":""1121c961-b612-4f1f-b55c-de14c72d875a-1790213496863""}"
False;1324896;2026-09-23 22:32:11.390000;2026-09-23 00:00:00;20701030;CREATEORDER;SFJF0KMVRKQ;MJXV4BE/A;"{""orderDetailsResponses"":{""deviceEligibility"":{""secondaryDisplay"":""0"",""deviceDateOfPurchase"":""23/09/2026"",""deviceId"":""SFJF0KMVRKQ"",""registeredDevice"":""0"",""deviceErrorResponse"":{""errorCode"":""GRX-20024"",""errorMessage"":""Ya existe un AppleCare Plan para el dispositivo SFJF0KMVRKQ o está pendiente. Comprueba los detalles del pedido en la búsqueda 360 y ponte en contacto con el Soporte técnico de AppleCare Connect si necesitas más información.""},""pocType"":""APOC"",""serialNumber"":""FJF0KMVRKQ"",""partNumber"":""SHMP3ZX/A"",""partAlias"":""ACPTL"",""productDescription"":""iPhone 18 Pro Max"",""tlDisclosure"":""La cobertura de robo y pérdida requiere que tengas la función Buscar habilitada en tu dispositivo antes de que se pierda o te lo roben. Durante el proceso de reclamación, te pediremos que uses la función Buscar para poner el dispositivo perdido o robado en modo Perdido, borrarlo y transferir la propiedad a Apple para que podamos asignarte un nuevo dispositivo. Para asegurarte de que puedas iniciar sesión en Buscar y acceder a esta función, es importante que recuerdes tu ID de Apple y contraseña, y que mantengas la información de tu cuenta actualizada. Si usas la autenticación de doble factor para el ID de Apple, te recomendamos que añadas un número de teléfono adicional de confianza a tu cuenta en el que puedas recibir el código de verificación de 6 dígitos que necesitas para iniciar sesión aunque no tengas tu iPhone. Para obtener más información, visita las páginas de Soporte técnico de Apple.""}},""transactionId"":""3e95e22c-18a5-4593-aca2-26fb26c1e06b-1790213530537""}"
False;1324896;2026-09-23 22:36:36.347000;2026-09-23 00:00:00;20701030;CREATEORDER;SFJF0KMVRKQ;MJXV4BE/A;"{""orderDetailsResponses"":{""deviceEligibility"":{""secondaryDisplay"":""0"",""deviceDateOfPurchase"":""23/09/2026"",""deviceId"":""SFJF0KMVRKQ"",""registeredDevice"":""0"",""deviceErrorResponse"":{""errorCode"":""GRX-20024"",""errorMessage"":""Ya existe un AppleCare Plan para el dispositivo SFJF0KMVRKQ o está pendiente. Comprueba los detalles del pedido en la búsqueda 360 y ponte en contacto con el Soporte técnico de AppleCare Connect si necesitas más información.""},""pocType"":""APOC"",""serialNumber"":""FJF0KMVRKQ"",""partNumber"":""SHMP3ZX/A"",""partAlias"":""ACPTL"",""productDescription"":""iPhone 18 Pro Max"",""tlDisclosure"":""La cobertura de robo y pérdida requiere que tengas la función Buscar habilitada en tu dispositivo antes de que se pierda o te lo roben. Durante el proceso de reclamación, te pediremos que uses la función Buscar para poner el dispositivo perdido o robado en modo Perdido, borrarlo y transferir la propiedad a Apple para que podamos asignarte un nuevo dispositivo. Para asegurarte de que puedas iniciar sesión en Buscar y acceder a esta función, es importante que recuerdes tu ID de Apple y contraseña, y que mantengas la información de tu cuenta actualizada. Si usas la autenticación de doble factor para el ID de Apple, te recomendamos que añadas un número de teléfono adicional de confianza a tu cuenta en el que puedas recibir el código de verificación de 6 dígitos que necesitas para iniciar sesión aunque no tengas tu iPhone. Para obtener más información, visita las páginas de Soporte técnico de Apple.""}},""transactionId"":""d204f0aa-2e81-4897-87d6-818acadd4ecb-1790213795530""}"
False;1324896;2026-09-23 22:37:10.390000;2026-09-23 00:00:00;20701030;CREATEORDER;SFJF0KMVRKQ;MJXV4BE/A;"{""orderDetailsResponses"":{""deviceEligibility"":{""secondaryDisplay"":""0"",""deviceDateOfPurchase"":""23/09/2026"",""deviceId"":""SFJF0KMVRKQ"",""registeredDevice"":""0"",""deviceErrorResponse"":{""errorCode"":""GRX-20024"",""errorMessage"":""Ya existe un AppleCare Plan para el dispositivo SFJF0KMVRKQ o está pendiente. Comprueba los detalles del pedido en la búsqueda 360 y ponte en contacto con el Soporte técnico de AppleCare Connect si necesitas más información.""},""pocType"":""APOC"",""serialNumber"":""FJF0KMVRKQ"",""partNumber"":""SHMP3ZX/A"",""partAlias"":""ACPTL"",""productDescription"":""iPhone 18 Pro Max"",""tlDisclosure"":""La cobertura de robo y pérdida requiere que tengas la función Buscar habilitada en tu dispositivo antes de que se pierda o te lo roben. Durante el proceso de reclamación, te pediremos que uses la función Buscar para poner el dispositivo perdido o robado en modo Perdido, borrarlo y transferir la propiedad a Apple para que podamos asignarte un nuevo dispositivo. Para asegurarte de que puedas iniciar sesión en Buscar y acceder a esta función, es importante que recuerdes tu ID de Apple y contraseña, y que mantengas la información de tu cuenta actualizada. Si usas la autenticación de doble factor para el ID de Apple, te recomendamos que añadas un número de teléfono adicional de confianza a tu cuenta en el que puedas recibir el código de verificación de 6 dígitos que necesitas para iniciar sesión aunque no tengas tu iPhone. Para obtener más información, visita las páginas de Soporte técnico de Apple.""}},""transactionId"":""905710b8-2224-4a22-8ca8-ca2b59dbd73b-1790213829611""}"
False;1324896;2026-09-23 22:41:36.303000;2026-09-23 00:00:00;20701030;CREATEORDER;SFJF0KMVRKQ;MJXV4BE/A;"{""orderDetailsResponses"":{""deviceEligibility"":{""secondaryDisplay"":""0"",""deviceDateOfPurchase"":""23/09/2026"",""deviceId"":""SFJF0KMVRKQ"",""registeredDevice"":""0"",""deviceErrorResponse"":{""errorCode"":""GRX-20024"",""errorMessage"":""Ya existe un AppleCare Plan para el dispositivo SFJF0KMVRKQ o está pendiente. Comprueba los detalles del pedido en la búsqueda 360 y ponte en contacto con el Soporte técnico de AppleCare Connect si necesitas más información.""},""pocType"":""APOC"",""serialNumber"":""FJF0KMVRKQ"",""partNumber"":""SHMP3ZX/A"",""partAlias"":""ACPTL"",""productDescription"":""iPhone 18 Pro Max"",""tlDisclosure"":""La cobertura de robo y pérdida requiere que tengas la función Buscar habilitada en tu dispositivo antes de que se pierda o te lo roben. Durante el proceso de reclamación, te pediremos que uses la función Buscar para poner el dispositivo perdido o robado en modo Perdido, borrarlo y transferir la propiedad a Apple para que podamos asignarte un nuevo dispositivo. Para asegurarte de que puedas iniciar sesión en Buscar y acceder a esta función, es importante que recuerdes tu ID de Apple y contraseña, y que mantengas la información de tu cuenta actualizada. Si usas la autenticación de doble factor para el ID de Apple, te recomendamos que añadas un número de teléfono adicional de confianza a tu cuenta en el que puedas recibir el código de verificación de 6 dígitos que necesitas para iniciar sesión aunque no tengas tu iPhone. Para obtener más información, visita las páginas de Soporte técnico de Apple.""}},""transactionId"":""04c0d295-9a99-4b6e-bcdd-7e7e34440e37-1790214095449""}"
False;1324896;2026-09-23 22:42:08.180000;2026-09-23 00:00:00;20701030;CREATEORDER;SFJF0KMVRKQ;MJXV4BE/A;"{""orderDetailsResponses"":{""deviceEligibility"":{""secondaryDisplay"":""0"",""deviceDateOfPurchase"":""23/09/2026"",""deviceId"":""SFJF0KMVRKQ"",""registeredDevice"":""0"",""deviceErrorResponse"":{""errorCode"":""GRX-20024"",""errorMessage"":""Ya existe un AppleCare Plan para el dispositivo SFJF0KMVRKQ o está pendiente. Comprueba los detalles del pedido en la búsqueda 360 y ponte en contacto con el Soporte técnico de AppleCare Connect si necesitas más información.""},""pocType"":""APOC"",""serialNumber"":""FJF0KMVRKQ"",""partNumber"":""SHMP3ZX/A"",""partAlias"":""ACPTL"",""productDescription"":""iPhone 18 Pro Max"",""tlDisclosure"":""La cobertura de robo y pérdida requiere que tengas la función Buscar habilitada en tu dispositivo antes de que se pierda o te lo roben. Durante el proceso de reclamación, te pediremos que uses la función Buscar para poner el dispositivo perdido o robado en modo Perdido, borrarlo y transferir la propiedad a Apple para que podamos asignarte un nuevo dispositivo. Para asegurarte de que puedas iniciar sesión en Buscar y acceder a esta función, es importante que recuerdes tu ID de Apple y contraseña, y que mantengas la información de tu cuenta actualizada. Si usas la autenticación de doble factor para el ID de Apple, te recomendamos que añadas un número de teléfono adicional de confianza a tu cuenta en el que puedas recibir el código de verificación de 6 dígitos que necesitas para iniciar sesión aunque no tengas tu iPhone. Para obtener más información, visita las páginas de Soporte técnico de Apple.""}},""transactionId"":""7a687a94-5711-4009-98d4-3505c15f730b-1790214127392""}"
False;1324896;2026-09-23 22:46:35.653000;2026-09-23 00:00:00;20701030;CREATEORDER;SFJF0KMVRKQ;MJXV4BE/A;"{""orderDetailsResponses"":{""deviceEligibility"":{""secondaryDisplay"":""0"",""deviceDateOfPurchase"":""23/09/2026"",""deviceId"":""SFJF0KMVRKQ"",""registeredDevice"":""0"",""deviceErrorResponse"":{""errorCode"":""GRX-20024"",""errorMessage"":""Ya existe un AppleCare Plan para el dispositivo SFJF0KMVRKQ o está pendiente. Comprueba los detalles del pedido en la búsqueda 360 y ponte en contacto con el Soporte técnico de AppleCare Connect si necesitas más información.""},""pocType"":""APOC"",""serialNumber"":""FJF0KMVRKQ"",""partNumber"":""SHMP3ZX/A"",""partAlias"":""ACPTL"",""productDescription"":""iPhone 18 Pro Max"",""tlDisclosure"":""La cobertura de robo y pérdida requiere que tengas la función Buscar habilitada en tu dispositivo antes de que se pierda o te lo roben. Durante el proceso de reclamación, te pediremos que uses la función Buscar para poner el dispositivo perdido o robado en modo Perdido, borrarlo y transferir la propiedad a Apple para que podamos asignarte un nuevo dispositivo. Para asegurarte de que puedas iniciar sesión en Buscar y acceder a esta función, es importante que recuerdes tu ID de Apple y contraseña, y que mantengas la información de tu cuenta actualizada. Si usas la autenticación de doble factor para el ID de Apple, te recomendamos que añadas un número de teléfono adicional de confianza a tu cuenta en el que puedas recibir el código de verificación de 6 dígitos que necesitas para iniciar sesión aunque no tengas tu iPhone. Para obtener más información, visita las páginas de Soporte técnico de Apple.""}},""transactionId"":""27f07528-d3bd-4bc2-8e41-61335a85e7c8-1790214394821""}"
False;1324896;2026-09-23 22:47:09.127000;2026-09-23 00:00:00;20701030;CREATEORDER;SFJF0KMVRKQ;MJXV4BE/A;"{""orderDetailsResponses"":{""deviceEligibility"":{""secondaryDisplay"":""0"",""deviceDateOfPurchase"":""23/09/2026"",""deviceId"":""SFJF0KMVRKQ"",""registeredDevice"":""0"",""deviceErrorResponse"":{""errorCode"":""GRX-20024"",""errorMessage"":""Ya existe un AppleCare Plan para el dispositivo SFJF0KMVRKQ o está pendiente. Comprueba los detalles del pedido en la búsqueda 360 y ponte en contacto con el Soporte técnico de AppleCare Connect si necesitas más información.""},""pocType"":""APOC"",""serialNumber"":""FJF0KMVRKQ"",""partNumber"":""SHMP3ZX/A"",""partAlias"":""ACPTL"",""productDescription"":""iPhone 18 Pro Max"",""tlDisclosure"":""La cobertura de robo y pérdida requiere que tengas la función Buscar habilitada en tu dispositivo antes de que se pierda o te lo roben. Durante el proceso de reclamación, te pediremos que uses la función Buscar para poner el dispositivo perdido o robado en modo Perdido, borrarlo y transferir la propiedad a Apple para que podamos asignarte un nuevo dispositivo. Para asegurarte de que puedas iniciar sesión en Buscar y acceder a esta función, es importante que recuerdes tu ID de Apple y contraseña, y que mantengas la información de tu cuenta actualizada. Si usas la autenticación de doble factor para el ID de Apple, te recomendamos que añadas un número de teléfono adicional de confianza a tu cuenta en el que puedas recibir el código de verificación de 6 dígitos que necesitas para iniciar sesión aunque no tengas tu iPhone. Para obtener más información, visita las páginas de Soporte técnico de Apple.""}},""transactionId"":""08ca8c60-031d-4ad2-8793-af658a2a027d-1790214428277""}"
False;1324896;2026-09-23 22:51:41.770000;2026-09-23 00:00:00;20701030;CREATEORDER;SFJF0KMVRKQ;MJXV4BE/A;"{""orderDetailsResponses"":{""deviceEligibility"":{""secondaryDisplay"":""0"",""deviceDateOfPurchase"":""23/09/2026"",""deviceId"":""SFJF0KMVRKQ"",""registeredDevice"":""0"",""deviceErrorResponse"":{""errorCode"":""GRX-20024"",""errorMessage"":""Ya existe un AppleCare Plan para el dispositivo SFJF0KMVRKQ o está pendiente. Comprueba los detalles del pedido en la búsqueda 360 y ponte en contacto con el Soporte técnico de AppleCare Connect si necesitas más información.""},""pocType"":""APOC"",""serialNumber"":""FJF0KMVRKQ"",""partNumber"":""SHMP3ZX/A"",""partAlias"":""ACPTL"",""productDescription"":""iPhone 18 Pro Max"",""tlDisclosure"":""La cobertura de robo y pérdida requiere que tengas la función Buscar habilitada en tu dispositivo antes de que se pierda o te lo roben. Durante el proceso de reclamación, te pediremos que uses la función Buscar para poner el dispositivo perdido o robado en modo Perdido, borrarlo y transferir la propiedad a Apple para que podamos asignarte un nuevo dispositivo. Para asegurarte de que puedas iniciar sesión en Buscar y acceder a esta función, es importante que recuerdes tu ID de Apple y contraseña, y que mantengas la información de tu cuenta actualizada. Si usas la autenticación de doble factor para el ID de Apple, te recomendamos que añadas un número de teléfono adicional de confianza a tu cuenta en el que puedas recibir el código de verificación de 6 dígitos que necesitas para iniciar sesión aunque no tengas tu iPhone. Para obtener más información, visita las páginas de Soporte técnico de Apple.""}},""transactionId"":""4bceb05a-f426-4313-9a7b-8af5be9d065a-1790214700794""}"
False;1324896;2026-09-23 22:52:15.927000;2026-09-23 00:00:00;20701030;CREATEORDER;SFJF0KMVRKQ;MJXV4BE/A;"{""orderDetailsResponses"":{""deviceEligibility"":{""secondaryDisplay"":""0"",""deviceDateOfPurchase"":""23/09/2026"",""deviceId"":""SFJF0KMVRKQ"",""registeredDevice"":""0"",""deviceErrorResponse"":{""errorCode"":""GRX-20024"",""errorMessage"":""Ya existe un AppleCare Plan para el dispositivo SFJF0KMVRKQ o está pendiente. Comprueba los detalles del pedido en la búsqueda 360 y ponte en contacto con el Soporte técnico de AppleCare Connect si necesitas más información.""},""pocType"":""APOC"",""serialNumber"":""FJF0KMVRKQ"",""partNumber"":""SHMP3ZX/A"",""partAlias"":""ACPTL"",""productDescription"":""iPhone 18 Pro Max"",""tlDisclosure"":""La cobertura de robo y pérdida requiere que tengas la función Buscar habilitada en tu dispositivo antes de que se pierda o te lo roben. Durante el proceso de reclamación, te pediremos que uses la función Buscar para poner el dispositivo perdido o robado en modo Perdido, borrarlo y transferir la propiedad a Apple para que podamos asignarte un nuevo dispositivo. Para asegurarte de que puedas iniciar sesión en Buscar y acceder a esta función, es importante que recuerdes tu ID de Apple y contraseña, y que mantengas la información de tu cuenta actualizada. Si usas la autenticación de doble factor para el ID de Apple, te recomendamos que añadas un número de teléfono adicional de confianza a tu cuenta en el que puedas recibir el código de verificación de 6 dígitos que necesitas para iniciar sesión aunque no tengas tu iPhone. Para obtener más información, visita las páginas de Soporte técnico de Apple.""}},""transactionId"":""16795f48-8ec4-4a10-be6a-779437cd6bac-1790214735065""}"
False;1324896;2026-09-23 22:56:33.893000;2026-09-23 00:00:00;20701030;CREATEORDER;SFJF0KMVRKQ;MJXV4BE/A;"{""orderDetailsResponses"":{""deviceEligibility"":{""secondaryDisplay"":""0"",""deviceDateOfPurchase"":""23/09/2026"",""deviceId"":""SFJF0KMVRKQ"",""registeredDevice"":""0"",""deviceErrorResponse"":{""errorCode"":""GRX-20024"",""errorMessage"":""Ya existe un AppleCare Plan para el dispositivo SFJF0KMVRKQ o está pendiente. Comprueba los detalles del pedido en la búsqueda 360 y ponte en contacto con el Soporte técnico de AppleCare Connect si necesitas más información.""},""pocType"":""APOC"",""serialNumber"":""FJF0KMVRKQ"",""partNumber"":""SHMP3ZX/A"",""partAlias"":""ACPTL"",""productDescription"":""iPhone 18 Pro Max"",""tlDisclosure"":""La cobertura de robo y pérdida requiere que tengas la función Buscar habilitada en tu dispositivo antes de que se pierda o te lo roben. Durante el proceso de reclamación, te pediremos que uses la función Buscar para poner el dispositivo perdido o robado en modo Perdido, borrarlo y transferir la propiedad a Apple para que podamos asignarte un nuevo dispositivo. Para asegurarte de que puedas iniciar sesión en Buscar y acceder a esta función, es importante que recuerdes tu ID de Apple y contraseña, y que mantengas la información de tu cuenta actualizada. Si usas la autenticación de doble factor para el ID de Apple, te recomendamos que añadas un número de teléfono adicional de confianza a tu cuenta en el que puedas recibir el código de verificación de 6 dígitos que necesitas para iniciar sesión aunque no tengas tu iPhone. Para obtener más información, visita las páginas de Soporte técnico de Apple.""}},""transactionId"":""4c74d785-78b5-4faf-9df3-3c6140ad00f2-1790214993101""}"
False;1324896;2026-09-23 22:57:07.250000;2026-09-23 00:00:00;20701030;CREATEORDER;SFJF0KMVRKQ;MJXV4BE/A;"{""orderDetailsResponses"":{""deviceEligibility"":{""secondaryDisplay"":""0"",""deviceDateOfPurchase"":""23/09/2026"",""deviceId"":""SFJF0KMVRKQ"",""registeredDevice"":""0"",""deviceErrorResponse"":{""errorCode"":""GRX-20024"",""errorMessage"":""Ya existe un AppleCare Plan para el dispositivo SFJF0KMVRKQ o está pendiente. Comprueba los detalles del pedido en la búsqueda 360 y ponte en contacto con el Soporte técnico de AppleCare Connect si necesitas más información.""},""pocType"":""APOC"",""serialNumber"":""FJF0KMVRKQ"",""partNumber"":""SHMP3ZX/A"",""partAlias"":""ACPTL"",""productDescription"":""iPhone 18 Pro Max"",""tlDisclosure"":""La cobertura de robo y pérdida requiere que tengas la función Buscar habilitada en tu dispositivo antes de que se pierda o te lo roben. Durante el proceso de reclamación, te pediremos que uses la función Buscar para poner el dispositivo perdido o robado en modo Perdido, borrarlo y transferir la propiedad a Apple para que podamos asignarte un nuevo dispositivo. Para asegurarte de que puedas iniciar sesión en Buscar y acceder a esta función, es importante que recuerdes tu ID de Apple y contraseña, y que mantengas la información de tu cuenta actualizada. Si usas la autenticación de doble factor para el ID de Apple, te recomendamos que añadas un número de teléfono adicional de confianza a tu cuenta en el que puedas recibir el código de verificación de 6 dígitos que necesitas para iniciar sesión aunque no tengas tu iPhone. Para obtener más información, visita las páginas de Soporte técnico de Apple.""}},""transactionId"":""108abd2a-aa74-46f8-98ab-512e5fd41dd1-1790215026566""}"
False;1324896;2026-09-23 23:01:36.880000;2026-09-23 00:00:00;20701030;CREATEORDER;SFJF0KMVRKQ;MJXV4BE/A;"{""orderDetailsResponses"":{""deviceEligibility"":{""secondaryDisplay"":""0"",""deviceDateOfPurchase"":""23/09/2026"",""deviceId"":""SFJF0KMVRKQ"",""registeredDevice"":""0"",""deviceErrorResponse"":{""errorCode"":""GRX-20024"",""errorMessage"":""Ya existe un AppleCare Plan para el dispositivo SFJF0KMVRKQ o está pendiente. Comprueba los detalles del pedido en la búsqueda 360 y ponte en contacto con el Soporte técnico de AppleCare Connect si necesitas más información.""},""pocType"":""APOC"",""serialNumber"":""FJF0KMVRKQ"",""partNumber"":""SHMP3ZX/A"",""partAlias"":""ACPTL"",""productDescription"":""iPhone 18 Pro Max"",""tlDisclosure"":""La cobertura de robo y pérdida requiere que tengas la función Buscar habilitada en tu dispositivo antes de que se pierda o te lo roben. Durante el proceso de reclamación, te pediremos que uses la función Buscar para poner el dispositivo perdido o robado en modo Perdido, borrarlo y transferir la propiedad a Apple para que podamos asignarte un nuevo dispositivo. Para asegurarte de que puedas iniciar sesión en Buscar y acceder a esta función, es importante que recuerdes tu ID de Apple y contraseña, y que mantengas la información de tu cuenta actualizada. Si usas la autenticación de doble factor para el ID de Apple, te recomendamos que añadas un número de teléfono adicional de confianza a tu cuenta en el que puedas recibir el código de verificación de 6 dígitos que necesitas para iniciar sesión aunque no tengas tu iPhone. Para obtener más información, visita las páginas de Soporte técnico de Apple.""}},""transactionId"":""2c58dc8c-1ff2-4ad9-b837-8077b62923fd-1790215296017""}"
False;1324896;2026-09-23 23:02:09.317000;2026-09-23 00:00:00;20701030;CREATEORDER;SFJF0KMVRKQ;MJXV4BE/A;"{""orderDetailsResponses"":{""deviceEligibility"":{""secondaryDisplay"":""0"",""deviceDateOfPurchase"":""23/09/2026"",""deviceId"":""SFJF0KMVRKQ"",""registeredDevice"":""0"",""deviceErrorResponse"":{""errorCode"":""GRX-20024"",""errorMessage"":""Ya existe un AppleCare Plan para el dispositivo SFJF0KMVRKQ o está pendiente. Comprueba los detalles del pedido en la búsqueda 360 y ponte en contacto con el Soporte técnico de AppleCare Connect si necesitas más información.""},""pocType"":""APOC"",""serialNumber"":""FJF0KMVRKQ"",""partNumber"":""SHMP3ZX/A"",""partAlias"":""ACPTL"",""productDescription"":""iPhone 18 Pro Max"",""tlDisclosure"":""La cobertura de robo y pérdida requiere que tengas la función Buscar habilitada en tu dispositivo antes de que se pierda o te lo roben. Durante el proceso de reclamación, te pediremos que uses la función Buscar para poner el dispositivo perdido o robado en modo Perdido, borrarlo y transferir la propiedad a Apple para que podamos asignarte un nuevo dispositivo. Para asegurarte de que puedas iniciar sesión en Buscar y acceder a esta función, es importante que recuerdes tu ID de Apple y contraseña, y que mantengas la información de tu cuenta actualizada. Si usas la autenticación de doble factor para el ID de Apple, te recomendamos que añadas un número de teléfono adicional de confianza a tu cuenta en el que puedas recibir el código de verificación de 6 dígitos que necesitas para iniciar sesión aunque no tengas tu iPhone. Para obtener más información, visita las páginas de Soporte técnico de Apple.""}},""transactionId"":""13fb0df5-affd-4130-9683-68f0dfdb2817-1790215328518""}"
False;1324896;2026-09-23 23:06:33.890000;2026-09-23 00:00:00;20701030;CREATEORDER;SFJF0KMVRKQ;MJXV4BE/A;"{""orderDetailsResponses"":{""deviceEligibility"":{""secondaryDisplay"":""0"",""deviceDateOfPurchase"":""23/09/2026"",""deviceId"":""SFJF0KMVRKQ"",""registeredDevice"":""0"",""deviceErrorResponse"":{""errorCode"":""GRX-20024"",""errorMessage"":""Ya existe un AppleCare Plan para el dispositivo SFJF0KMVRKQ o está pendiente. Comprueba los detalles del pedido en la búsqueda 360 y ponte en contacto con el Soporte técnico de AppleCare Connect si necesitas más información.""},""pocType"":""APOC"",""serialNumber"":""FJF0KMVRKQ"",""partNumber"":""SHMP3ZX/A"",""partAlias"":""ACPTL"",""productDescription"":""iPhone 18 Pro Max"",""tlDisclosure"":""La cobertura de robo y pérdida requiere que tengas la función Buscar habilitada en tu dispositivo antes de que se pierda o te lo roben. Durante el proceso de reclamación, te pediremos que uses la función Buscar para poner el dispositivo perdido o robado en modo Perdido, borrarlo y transferir la propiedad a Apple para que podamos asignarte un nuevo dispositivo. Para asegurarte de que puedas iniciar sesión en Buscar y acceder a esta función, es importante que recuerdes tu ID de Apple y contraseña, y que mantengas la información de tu cuenta actualizada. Si usas la autenticación de doble factor para el ID de Apple, te recomendamos que añadas un número de teléfono adicional de confianza a tu cuenta en el que puedas recibir el código de verificación de 6 dígitos que necesitas para iniciar sesión aunque no tengas tu iPhone. Para obtener más información, visita las páginas de Soporte técnico de Apple.""}},""transactionId"":""b5065a96-988b-4932-9162-2a5f3b642de1-1790215593153""}"
False;1324896;2026-09-23 23:07:06.710000;2026-09-23 00:00:00;20701030;CREATEORDER;SFJF0KMVRKQ;MJXV4BE/A;"{""orderDetailsResponses"":{""deviceEligibility"":{""secondaryDisplay"":""0"",""deviceDateOfPurchase"":""23/09/2026"",""deviceId"":""SFJF0KMVRKQ"",""registeredDevice"":""0"",""deviceErrorResponse"":{""errorCode"":""GRX-20024"",""errorMessage"":""Ya existe un AppleCare Plan para el dispositivo SFJF0KMVRKQ o está pendiente. Comprueba los detalles del pedido en la búsqueda 360 y ponte en contacto con el Soporte técnico de AppleCare Connect si necesitas más información.""},""pocType"":""APOC"",""serialNumber"":""FJF0KMVRKQ"",""partNumber"":""SHMP3ZX/A"",""partAlias"":""ACPTL"",""productDescription"":""iPhone 18 Pro Max"",""tlDisclosure"":""La cobertura de robo y pérdida requiere que tengas la función Buscar habilitada en tu dispositivo antes de que se pierda o te lo roben. Durante el proceso de reclamación, te pediremos que uses la función Buscar para poner el dispositivo perdido o robado en modo Perdido, borrarlo y transferir la propiedad a Apple para que podamos asignarte un nuevo dispositivo. Para asegurarte de que puedas iniciar sesión en Buscar y acceder a esta función, es importante que recuerdes tu ID de Apple y contraseña, y que mantengas la información de tu cuenta actualizada. Si usas la autenticación de doble factor para el ID de Apple, te recomendamos que añadas un número de teléfono adicional de confianza a tu cuenta en el que puedas recibir el código de verificación de 6 dígitos que necesitas para iniciar sesión aunque no tengas tu iPhone. Para obtener más información, visita las páginas de Soporte técnico de Apple.""}},""transactionId"":""5630b3a8-e9ac-4802-a02f-2a9b9054ee9d-1790215625969""}"
False;1324896;2026-09-23 23:11:35.920000;2026-09-23 00:00:00;20701030;CREATEORDER;SFJF0KMVRKQ;MJXV4BE/A;"{""orderDetailsResponses"":{""deviceEligibility"":{""secondaryDisplay"":""0"",""deviceDateOfPurchase"":""23/09/2026"",""deviceId"":""SFJF0KMVRKQ"",""registeredDevice"":""0"",""deviceErrorResponse"":{""errorCode"":""GRX-20024"",""errorMessage"":""Ya existe un AppleCare Plan para el dispositivo SFJF0KMVRKQ o está pendiente. Comprueba los detalles del pedido en la búsqueda 360 y ponte en contacto con el Soporte técnico de AppleCare Connect si necesitas más información.""},""pocType"":""APOC"",""serialNumber"":""FJF0KMVRKQ"",""partNumber"":""SHMP3ZX/A"",""partAlias"":""ACPTL"",""productDescription"":""iPhone 18 Pro Max"",""tlDisclosure"":""La cobertura de robo y pérdida requiere que tengas la función Buscar habilitada en tu dispositivo antes de que se pierda o te lo roben. Durante el proceso de reclamación, te pediremos que uses la función Buscar para poner el dispositivo perdido o robado en modo Perdido, borrarlo y transferir la propiedad a Apple para que podamos asignarte un nuevo dispositivo. Para asegurarte de que puedas iniciar sesión en Buscar y acceder a esta función, es importante que recuerdes tu ID de Apple y contraseña, y que mantengas la información de tu cuenta actualizada. Si usas la autenticación de doble factor para el ID de Apple, te recomendamos que añadas un número de teléfono adicional de confianza a tu cuenta en el que puedas recibir el código de verificación de 6 dígitos que necesitas para iniciar sesión aunque no tengas tu iPhone. Para obtener más información, visita las páginas de Soporte técnico de Apple.""}},""transactionId"":""782f9127-2b26-4365-80e4-c495501b466a-1790215895205""}"
False;1324896;2026-09-23 23:12:08.653000;2026-09-23 00:00:00;20701030;CREATEORDER;SFJF0KMVRKQ;MJXV4BE/A;"{""orderDetailsResponses"":{""deviceEligibility"":{""secondaryDisplay"":""0"",""deviceDateOfPurchase"":""23/09/2026"",""deviceId"":""SFJF0KMVRKQ"",""registeredDevice"":""0"",""deviceErrorResponse"":{""errorCode"":""GRX-20024"",""errorMessage"":""Ya existe un AppleCare Plan para el dispositivo SFJF0KMVRKQ o está pendiente. Comprueba los detalles del pedido en la búsqueda 360 y ponte en contacto con el Soporte técnico de AppleCare Connect si necesitas más información.""},""pocType"":""APOC"",""serialNumber"":""FJF0KMVRKQ"",""partNumber"":""SHMP3ZX/A"",""partAlias"":""ACPTL"",""productDescription"":""iPhone 18 Pro Max"",""tlDisclosure"":""La cobertura de robo y pérdida requiere que tengas la función Buscar habilitada en tu dispositivo antes de que se pierda o te lo roben. Durante el proceso de reclamación, te pediremos que uses la función Buscar para poner el dispositivo perdido o robado en modo Perdido, borrarlo y transferir la propiedad a Apple para que podamos asignarte un nuevo dispositivo. Para asegurarte de que puedas iniciar sesión en Buscar y acceder a esta función, es importante que recuerdes tu ID de Apple y contraseña, y que mantengas la información de tu cuenta actualizada. Si usas la autenticación de doble factor para el ID de Apple, te recomendamos que añadas un número de teléfono adicional de confianza a tu cuenta en el que puedas recibir el código de verificación de 6 dígitos que necesitas para iniciar sesión aunque no tengas tu iPhone. Para obtener más información, visita las páginas de Soporte técnico de Apple.""}},""transactionId"":""639021d3-9f26-448d-a177-9b46af8b6d2d-1790215927862""}"
False;1324896;2026-09-23 23:16:26.573000;2026-09-23 00:00:00;20701030;CREATEORDER;SFJF0KMVRKQ;MJXV4BE/A;"{""orderDetailsResponses"":{""deviceEligibility"":{""secondaryDisplay"":""0"",""deviceDateOfPurchase"":""23/09/2026"",""deviceId"":""SFJF0KMVRKQ"",""registeredDevice"":""0"",""deviceErrorResponse"":{""errorCode"":""GRX-20024"",""errorMessage"":""Ya existe un AppleCare Plan para el dispositivo SFJF0KMVRKQ o está pendiente. Comprueba los detalles del pedido en la búsqueda 360 y ponte en contacto con el Soporte técnico de AppleCare Connect si necesitas más información.""},""pocType"":""APOC"",""serialNumber"":""FJF0KMVRKQ"",""partNumber"":""SHMP3ZX/A"",""partAlias"":""ACPTL"",""productDescription"":""iPhone 18 Pro Max"",""tlDisclosure"":""La cobertura de robo y pérdida requiere que tengas la función Buscar habilitada en tu dispositivo antes de que se pierda o te lo roben. Durante el proceso de reclamación, te pediremos que uses la función Buscar para poner el dispositivo perdido o robado en modo Perdido, borrarlo y transferir la propiedad a Apple para que podamos asignarte un nuevo dispositivo. Para asegurarte de que puedas iniciar sesión en Buscar y acceder a esta función, es importante que recuerdes tu ID de Apple y contraseña, y que mantengas la información de tu cuenta actualizada. Si usas la autenticación de doble factor para el ID de Apple, te recomendamos que añadas un número de teléfono adicional de confianza a tu cuenta en el que puedas recibir el código de verificación de 6 dígitos que necesitas para iniciar sesión aunque no tengas tu iPhone. Para obtener más información, visita las páginas de Soporte técnico de Apple.""}},""transactionId"":""3d873abd-b8de-4499-91ce-f781b89f8bdd-1790216185799""}"
False;1324896;2026-09-23 23:17:04.180000;2026-09-23 00:00:00;20701030;CREATEORDER;SFJF0KMVRKQ;MJXV4BE/A;"{""orderDetailsResponses"":{""deviceEligibility"":{""secondaryDisplay"":""0"",""deviceDateOfPurchase"":""23/09/2026"",""deviceId"":""SFJF0KMVRKQ"",""registeredDevice"":""0"",""deviceErrorResponse"":{""errorCode"":""GRX-20024"",""errorMessage"":""Ya existe un AppleCare Plan para el dispositivo SFJF0KMVRKQ o está pendiente. Comprueba los detalles del pedido en la búsqueda 360 y ponte en contacto con el Soporte técnico de AppleCare Connect si necesitas más información.""},""pocType"":""APOC"",""serialNumber"":""FJF0KMVRKQ"",""partNumber"":""SHMP3ZX/A"",""partAlias"":""ACPTL"",""productDescription"":""iPhone 18 Pro Max"",""tlDisclosure"":""La cobertura de robo y pérdida requiere que tengas la función Buscar habilitada en tu dispositivo antes de que se pierda o te lo roben. Durante el proceso de reclamación, te pediremos que uses la función Buscar para poner el dispositivo perdido o robado en modo Perdido, borrarlo y transferir la propiedad a Apple para que podamos asignarte un nuevo dispositivo. Para asegurarte de que puedas iniciar sesión en Buscar y acceder a esta función, es importante que recuerdes tu ID de Apple y contraseña, y que mantengas la información de tu cuenta actualizada. Si usas la autenticación de doble factor para el ID de Apple, te recomendamos que añadas un número de teléfono adicional de confianza a tu cuenta en el que puedas recibir el código de verificación de 6 dígitos que necesitas para iniciar sesión aunque no tengas tu iPhone. Para obtener más información, visita las páginas de Soporte técnico de Apple.""}},""transactionId"":""74259e6d-59aa-41b6-834d-e7fe3bbc4b76-1790216223369""}"
False;1324896;2026-09-23 23:21:36.310000;2026-09-23 00:00:00;20701030;CREATEORDER;SFJF0KMVRKQ;MJXV4BE/A;"{""orderDetailsResponses"":{""deviceEligibility"":{""secondaryDisplay"":""0"",""deviceDateOfPurchase"":""23/09/2026"",""deviceId"":""SFJF0KMVRKQ"",""registeredDevice"":""0"",""deviceErrorResponse"":{""errorCode"":""GRX-20024"",""errorMessage"":""Ya existe un AppleCare Plan para el dispositivo SFJF0KMVRKQ o está pendiente. Comprueba los detalles del pedido en la búsqueda 360 y ponte en contacto con el Soporte técnico de AppleCare Connect si necesitas más información.""},""pocType"":""APOC"",""serialNumber"":""FJF0KMVRKQ"",""partNumber"":""SHMP3ZX/A"",""partAlias"":""ACPTL"",""productDescription"":""iPhone 18 Pro Max"",""tlDisclosure"":""La cobertura de robo y pérdida requiere que tengas la función Buscar habilitada en tu dispositivo antes de que se pierda o te lo roben. Durante el proceso de reclamación, te pediremos que uses la función Buscar para poner el dispositivo perdido o robado en modo Perdido, borrarlo y transferir la propiedad a Apple para que podamos asignarte un nuevo dispositivo. Para asegurarte de que puedas iniciar sesión en Buscar y acceder a esta función, es importante que recuerdes tu ID de Apple y contraseña, y que mantengas la información de tu cuenta actualizada. Si usas la autenticación de doble factor para el ID de Apple, te recomendamos que añadas un número de teléfono adicional de confianza a tu cuenta en el que puedas recibir el código de verificación de 6 dígitos que necesitas para iniciar sesión aunque no tengas tu iPhone. Para obtener más información, visita las páginas de Soporte técnico de Apple.""}},""transactionId"":""3467803e-0dad-4fdf-9915-a17b52665d7d-1790216495537""}"
False;1324896;2026-09-23 23:22:09.477000;2026-09-23 00:00:00;20701030;CREATEORDER;SFJF0KMVRKQ;MJXV4BE/A;"{""orderDetailsResponses"":{""deviceEligibility"":{""secondaryDisplay"":""0"",""deviceDateOfPurchase"":""23/09/2026"",""deviceId"":""SFJF0KMVRKQ"",""registeredDevice"":""0"",""deviceErrorResponse"":{""errorCode"":""GRX-20024"",""errorMessage"":""Ya existe un AppleCare Plan para el dispositivo SFJF0KMVRKQ o está pendiente. Comprueba los detalles del pedido en la búsqueda 360 y ponte en contacto con el Soporte técnico de AppleCare Connect si necesitas más información.""},""pocType"":""APOC"",""serialNumber"":""FJF0KMVRKQ"",""partNumber"":""SHMP3ZX/A"",""partAlias"":""ACPTL"",""productDescription"":""iPhone 18 Pro Max"",""tlDisclosure"":""La cobertura de robo y pérdida requiere que tengas la función Buscar habilitada en tu dispositivo antes de que se pierda o te lo roben. Durante el proceso de reclamación, te pediremos que uses la función Buscar para poner el dispositivo perdido o robado en modo Perdido, borrarlo y transferir la propiedad a Apple para que podamos asignarte un nuevo dispositivo. Para asegurarte de que puedas iniciar sesión en Buscar y acceder a esta función, es importante que recuerdes tu ID de Apple y contraseña, y que mantengas la información de tu cuenta actualizada. Si usas la autenticación de doble factor para el ID de Apple, te recomendamos que añadas un número de teléfono adicional de confianza a tu cuenta en el que puedas recibir el código de verificación de 6 dígitos que necesitas para iniciar sesión aunque no tengas tu iPhone. Para obtener más información, visita las páginas de Soporte técnico de Apple.""}},""transactionId"":""e3d9724f-d102-4d29-8f93-c570d0a01c86-1790216528519""}"
False;1324896;2026-09-23 23:26:35.690000;2026-09-23 00:00:00;20701030;CREATEORDER;SFJF0KMVRKQ;MJXV4BE/A;"{""orderDetailsResponses"":{""deviceEligibility"":{""secondaryDisplay"":""0"",""deviceDateOfPurchase"":""23/09/2026"",""deviceId"":""SFJF0KMVRKQ"",""registeredDevice"":""0"",""deviceErrorResponse"":{""errorCode"":""GRX-20024"",""errorMessage"":""Ya existe un AppleCare Plan para el dispositivo SFJF0KMVRKQ o está pendiente. Comprueba los detalles del pedido en la búsqueda 360 y ponte en contacto con el Soporte técnico de AppleCare Connect si necesitas más información.""},""pocType"":""APOC"",""serialNumber"":""FJF0KMVRKQ"",""partNumber"":""SHMP3ZX/A"",""partAlias"":""ACPTL"",""productDescription"":""iPhone 18 Pro Max"",""tlDisclosure"":""La cobertura de robo y pérdida requiere que tengas la función Buscar habilitada en tu dispositivo antes de que se pierda o te lo roben. Durante el proceso de reclamación, te pediremos que uses la función Buscar para poner el dispositivo perdido o robado en modo Perdido, borrarlo y transferir la propiedad a Apple para que podamos asignarte un nuevo dispositivo. Para asegurarte de que puedas iniciar sesión en Buscar y acceder a esta función, es importante que recuerdes tu ID de Apple y contraseña, y que mantengas la información de tu cuenta actualizada. Si usas la autenticación de doble factor para el ID de Apple, te recomendamos que añadas un número de teléfono adicional de confianza a tu cuenta en el que puedas recibir el código de verificación de 6 dígitos que necesitas para iniciar sesión aunque no tengas tu iPhone. Para obtener más información, visita las páginas de Soporte técnico de Apple.""}},""transactionId"":""e4d056d6-35ee-492a-b8cc-91d437f1b90d-1790216794859""}"
False;1324896;2026-09-23 23:27:07.417000;2026-09-23 00:00:00;20701030;CREATEORDER;SFJF0KMVRKQ;MJXV4BE/A;"{""orderDetailsResponses"":{""deviceEligibility"":{""secondaryDisplay"":""0"",""deviceDateOfPurchase"":""23/09/2026"",""deviceId"":""SFJF0KMVRKQ"",""registeredDevice"":""0"",""deviceErrorResponse"":{""errorCode"":""GRX-20024"",""errorMessage"":""Ya existe un AppleCare Plan para el dispositivo SFJF0KMVRKQ o está pendiente. Comprueba los detalles del pedido en la búsqueda 360 y ponte en contacto con el Soporte técnico de AppleCare Connect si necesitas más información.""},""pocType"":""APOC"",""serialNumber"":""FJF0KMVRKQ"",""partNumber"":""SHMP3ZX/A"",""partAlias"":""ACPTL"",""productDescription"":""iPhone 18 Pro Max"",""tlDisclosure"":""La cobertura de robo y pérdida requiere que tengas la función Buscar habilitada en tu dispositivo antes de que se pierda o te lo roben. Durante el proceso de reclamación, te pediremos que uses la función Buscar para poner el dispositivo perdido o robado en modo Perdido, borrarlo y transferir la propiedad a Apple para que podamos asignarte un nuevo dispositivo. Para asegurarte de que puedas iniciar sesión en Buscar y acceder a esta función, es importante que recuerdes tu ID de Apple y contraseña, y que mantengas la información de tu cuenta actualizada. Si usas la autenticación de doble factor para el ID de Apple, te recomendamos que añadas un número de teléfono adicional de confianza a tu cuenta en el que puedas recibir el código de verificación de 6 dígitos que necesitas para iniciar sesión aunque no tengas tu iPhone. Para obtener más información, visita las páginas de Soporte técnico de Apple.""}},""transactionId"":""3eab8771-b9a4-473e-be34-43100ad61bff-1790216826574""}"
False;1324896;2026-09-23 23:31:36.680000;2026-09-23 00:00:00;20701030;CREATEORDER;SFJF0KMVRKQ;MJXV4BE/A;"{""orderDetailsResponses"":{""deviceEligibility"":{""secondaryDisplay"":""0"",""deviceDateOfPurchase"":""23/09/2026"",""deviceId"":""SFJF0KMVRKQ"",""registeredDevice"":""0"",""deviceErrorResponse"":{""errorCode"":""GRX-20024"",""errorMessage"":""Ya existe un AppleCare Plan para el dispositivo SFJF0KMVRKQ o está pendiente. Comprueba los detalles del pedido en la búsqueda 360 y ponte en contacto con el Soporte técnico de AppleCare Connect si necesitas más información.""},""pocType"":""APOC"",""serialNumber"":""FJF0KMVRKQ"",""partNumber"":""SHMP3ZX/A"",""partAlias"":""ACPTL"",""productDescription"":""iPhone 18 Pro Max"",""tlDisclosure"":""La cobertura de robo y pérdida requiere que tengas la función Buscar habilitada en tu dispositivo antes de que se pierda o te lo roben. Durante el proceso de reclamación, te pediremos que uses la función Buscar para poner el dispositivo perdido o robado en modo Perdido, borrarlo y transferir la propiedad a Apple para que podamos asignarte un nuevo dispositivo. Para asegurarte de que puedas iniciar sesión en Buscar y acceder a esta función, es importante que recuerdes tu ID de Apple y contraseña, y que mantengas la información de tu cuenta actualizada. Si usas la autenticación de doble factor para el ID de Apple, te recomendamos que añadas un número de teléfono adicional de confianza a tu cuenta en el que puedas recibir el código de verificación de 6 dígitos que necesitas para iniciar sesión aunque no tengas tu iPhone. Para obtener más información, visita las páginas de Soporte técnico de Apple.""}},""transactionId"":""cd56012a-f21a-4a8e-b112-9f092d2ebbed-1790217095942""}"
False;1324896;2026-09-23 23:32:08.320000;2026-09-23 00:00:00;20701030;CREATEORDER;SFJF0KMVRKQ;MJXV4BE/A;"{""orderDetailsResponses"":{""deviceEligibility"":{""secondaryDisplay"":""0"",""deviceDateOfPurchase"":""23/09/2026"",""deviceId"":""SFJF0KMVRKQ"",""registeredDevice"":""0"",""deviceErrorResponse"":{""errorCode"":""GRX-20024"",""errorMessage"":""Ya existe un AppleCare Plan para el dispositivo SFJF0KMVRKQ o está pendiente. Comprueba los detalles del pedido en la búsqueda 360 y ponte en contacto con el Soporte técnico de AppleCare Connect si necesitas más información.""},""pocType"":""APOC"",""serialNumber"":""FJF0KMVRKQ"",""partNumber"":""SHMP3ZX/A"",""partAlias"":""ACPTL"",""productDescription"":""iPhone 18 Pro Max"",""tlDisclosure"":""La cobertura de robo y pérdida requiere que tengas la función Buscar habilitada en tu dispositivo antes de que se pierda o te lo roben. Durante el proceso de reclamación, te pediremos que uses la función Buscar para poner el dispositivo perdido o robado en modo Perdido, borrarlo y transferir la propiedad a Apple para que podamos asignarte un nuevo dispositivo. Para asegurarte de que puedas iniciar sesión en Buscar y acceder a esta función, es importante que recuerdes tu ID de Apple y contraseña, y que mantengas la información de tu cuenta actualizada. Si usas la autenticación de doble factor para el ID de Apple, te recomendamos que añadas un número de teléfono adicional de confianza a tu cuenta en el que puedas recibir el código de verificación de 6 dígitos que necesitas para iniciar sesión aunque no tengas tu iPhone. Para obtener más información, visita las páginas de Soporte técnico de Apple.""}},""transactionId"":""45435a8c-63ce-4f8e-af21-9f5cbad106f1-1790217127488""}"
False;1324896;2026-09-23 23:36:32.677000;2026-09-23 00:00:00;20701030;CREATEORDER;SFJF0KMVRKQ;MJXV4BE/A;"{""orderDetailsResponses"":{""deviceEligibility"":{""secondaryDisplay"":""0"",""deviceDateOfPurchase"":""23/09/2026"",""deviceId"":""SFJF0KMVRKQ"",""registeredDevice"":""0"",""deviceErrorResponse"":{""errorCode"":""GRX-20024"",""errorMessage"":""Ya existe un AppleCare Plan para el dispositivo SFJF0KMVRKQ o está pendiente. Comprueba los detalles del pedido en la búsqueda 360 y ponte en contacto con el Soporte técnico de AppleCare Connect si necesitas más información.""},""pocType"":""APOC"",""serialNumber"":""FJF0KMVRKQ"",""partNumber"":""SHMP3ZX/A"",""partAlias"":""ACPTL"",""productDescription"":""iPhone 18 Pro Max"",""tlDisclosure"":""La cobertura de robo y pérdida requiere que tengas la función Buscar habilitada en tu dispositivo antes de que se pierda o te lo roben. Durante el proceso de reclamación, te pediremos que uses la función Buscar para poner el dispositivo perdido o robado en modo Perdido, borrarlo y transferir la propiedad a Apple para que podamos asignarte un nuevo dispositivo. Para asegurarte de que puedas iniciar sesión en Buscar y acceder a esta función, es importante que recuerdes tu ID de Apple y contraseña, y que mantengas la información de tu cuenta actualizada. Si usas la autenticación de doble factor para el ID de Apple, te recomendamos que añadas un número de teléfono adicional de confianza a tu cuenta en el que puedas recibir el código de verificación de 6 dígitos que necesitas para iniciar sesión aunque no tengas tu iPhone. Para obtener más información, visita las páginas de Soporte técnico de Apple.""}},""transactionId"":""a6e5316b-a42e-4919-9dc0-9bfc51a4df6b-1790217391895""}"
False;1324896;2026-09-23 23:37:08.767000;2026-09-23 00:00:00;20701030;CREATEORDER;SFJF0KMVRKQ;MJXV4BE/A;"{""orderDetailsResponses"":{""deviceEligibility"":{""secondaryDisplay"":""0"",""deviceDateOfPurchase"":""23/09/2026"",""deviceId"":""SFJF0KMVRKQ"",""registeredDevice"":""0"",""deviceErrorResponse"":{""errorCode"":""GRX-20024"",""errorMessage"":""Ya existe un AppleCare Plan para el dispositivo SFJF0KMVRKQ o está pendiente. Comprueba los detalles del pedido en la búsqueda 360 y ponte en contacto con el Soporte técnico de AppleCare Connect si necesitas más información.""},""pocType"":""APOC"",""serialNumber"":""FJF0KMVRKQ"",""partNumber"":""SHMP3ZX/A"",""partAlias"":""ACPTL"",""productDescription"":""iPhone 18 Pro Max"",""tlDisclosure"":""La cobertura de robo y pérdida requiere que tengas la función Buscar habilitada en tu dispositivo antes de que se pierda o te lo roben. Durante el proceso de reclamación, te pediremos que uses la función Buscar para poner el dispositivo perdido o robado en modo Perdido, borrarlo y transferir la propiedad a Apple para que podamos asignarte un nuevo dispositivo. Para asegurarte de que puedas iniciar sesión en Buscar y acceder a esta función, es importante que recuerdes tu ID de Apple y contraseña, y que mantengas la información de tu cuenta actualizada. Si usas la autenticación de doble factor para el ID de Apple, te recomendamos que añadas un número de teléfono adicional de confianza a tu cuenta en el que puedas recibir el código de verificación de 6 dígitos que necesitas para iniciar sesión aunque no tengas tu iPhone. Para obtener más información, visita las páginas de Soporte técnico de Apple.""}},""transactionId"":""90f039de-4fe7-4e67-82c5-30eabb210355-1790217427969""}"
False;1324896;2026-09-23 23:41:27.180000;2026-09-23 00:00:00;20701030;CREATEORDER;SFJF0KMVRKQ;MJXV4BE/A;"{""orderDetailsResponses"":{""deviceEligibility"":{""secondaryDisplay"":""0"",""deviceDateOfPurchase"":""23/09/2026"",""deviceId"":""SFJF0KMVRKQ"",""registeredDevice"":""0"",""deviceErrorResponse"":{""errorCode"":""GRX-20024"",""errorMessage"":""Ya existe un AppleCare Plan para el dispositivo SFJF0KMVRKQ o está pendiente. Comprueba los detalles del pedido en la búsqueda 360 y ponte en contacto con el Soporte técnico de AppleCare Connect si necesitas más información.""},""pocType"":""APOC"",""serialNumber"":""FJF0KMVRKQ"",""partNumber"":""SHMP3ZX/A"",""partAlias"":""ACPTL"",""productDescription"":""iPhone 18 Pro Max"",""tlDisclosure"":""La cobertura de robo y pérdida requiere que tengas la función Buscar habilitada en tu dispositivo antes de que se pierda o te lo roben. Durante el proceso de reclamación, te pediremos que uses la función Buscar para poner el dispositivo perdido o robado en modo Perdido, borrarlo y transferir la propiedad a Apple para que podamos asignarte un nuevo dispositivo. Para asegurarte de que puedas iniciar sesión en Buscar y acceder a esta función, es importante que recuerdes tu ID de Apple y contraseña, y que mantengas la información de tu cuenta actualizada. Si usas la autenticación de doble factor para el ID de Apple, te recomendamos que añadas un número de teléfono adicional de confianza a tu cuenta en el que puedas recibir el código de verificación de 6 dígitos que necesitas para iniciar sesión aunque no tengas tu iPhone. Para obtener más información, visita las páginas de Soporte técnico de Apple.""}},""transactionId"":""ab8da844-01b4-4ad5-b1ee-5e8d2546cfb8-1790217686391""}"
False;1324896;2026-09-23 23:41:57.400000;2026-09-23 00:00:00;20701030;CREATEORDER;SFJF0KMVRKQ;MJXV4BE/A;"{""orderDetailsResponses"":{""deviceEligibility"":{""secondaryDisplay"":""0"",""deviceDateOfPurchase"":""23/09/2026"",""deviceId"":""SFJF0KMVRKQ"",""registeredDevice"":""0"",""deviceErrorResponse"":{""errorCode"":""GRX-20024"",""errorMessage"":""Ya existe un AppleCare Plan para el dispositivo SFJF0KMVRKQ o está pendiente. Comprueba los detalles del pedido en la búsqueda 360 y ponte en contacto con el Soporte técnico de AppleCare Connect si necesitas más información.""},""pocType"":""APOC"",""serialNumber"":""FJF0KMVRKQ"",""partNumber"":""SHMP3ZX/A"",""partAlias"":""ACPTL"",""productDescription"":""iPhone 18 Pro Max"",""tlDisclosure"":""La cobertura de robo y pérdida requiere que tengas la función Buscar habilitada en tu dispositivo antes de que se pierda o te lo roben. Durante el proceso de reclamación, te pediremos que uses la función Buscar para poner el dispositivo perdido o robado en modo Perdido, borrarlo y transferir la propiedad a Apple para que podamos asignarte un nuevo dispositivo. Para asegurarte de que puedas iniciar sesión en Buscar y acceder a esta función, es importante que recuerdes tu ID de Apple y contraseña, y que mantengas la información de tu cuenta actualizada. Si usas la autenticación de doble factor para el ID de Apple, te recomendamos que añadas un número de teléfono adicional de confianza a tu cuenta en el que puedas recibir el código de verificación de 6 dígitos que necesitas para iniciar sesión aunque no tengas tu iPhone. Para obtener más información, visita las páginas de Soporte técnico de Apple.""}},""transactionId"":""993f21ac-9a26-44ad-8f7e-131ae3aafd20-1790217716481""}"
False;1324896;2026-09-23 23:46:43.627000;2026-09-23 00:00:00;20701030;CREATEORDER;SFJF0KMVRKQ;MJXV4BE/A;"{""orderDetailsResponses"":{""deviceEligibility"":{""secondaryDisplay"":""0"",""deviceDateOfPurchase"":""23/09/2026"",""deviceId"":""SFJF0KMVRKQ"",""registeredDevice"":""0"",""deviceErrorResponse"":{""errorCode"":""GRX-20024"",""errorMessage"":""Ya existe un AppleCare Plan para el dispositivo SFJF0KMVRKQ o está pendiente. Comprueba los detalles del pedido en la búsqueda 360 y ponte en contacto con el Soporte técnico de AppleCare Connect si necesitas más información.""},""pocType"":""APOC"",""serialNumber"":""FJF0KMVRKQ"",""partNumber"":""SHMP3ZX/A"",""partAlias"":""ACPTL"",""productDescription"":""iPhone 18 Pro Max"",""tlDisclosure"":""La cobertura de robo y pérdida requiere que tengas la función Buscar habilitada en tu dispositivo antes de que se pierda o te lo roben. Durante el proceso de reclamación, te pediremos que uses la función Buscar para poner el dispositivo perdido o robado en modo Perdido, borrarlo y transferir la propiedad a Apple para que podamos asignarte un nuevo dispositivo. Para asegurarte de que puedas iniciar sesión en Buscar y acceder a esta función, es importante que recuerdes tu ID de Apple y contraseña, y que mantengas la información de tu cuenta actualizada. Si usas la autenticación de doble factor para el ID de Apple, te recomendamos que añadas un número de teléfono adicional de confianza a tu cuenta en el que puedas recibir el código de verificación de 6 dígitos que necesitas para iniciar sesión aunque no tengas tu iPhone. Para obtener más información, visita las páginas de Soporte técnico de Apple.""}},""transactionId"":""f4f1283a-89bb-4106-a26a-6bdd5b1dc5f7-1790218002809""}"
False;1324896;2026-09-23 23:47:16.477000;2026-09-23 00:00:00;20701030;CREATEORDER;SFJF0KMVRKQ;MJXV4BE/A;"{""orderDetailsResponses"":{""deviceEligibility"":{""secondaryDisplay"":""0"",""deviceDateOfPurchase"":""23/09/2026"",""deviceId"":""SFJF0KMVRKQ"",""registeredDevice"":""0"",""deviceErrorResponse"":{""errorCode"":""GRX-20024"",""errorMessage"":""Ya existe un AppleCare Plan para el dispositivo SFJF0KMVRKQ o está pendiente. Comprueba los detalles del pedido en la búsqueda 360 y ponte en contacto con el Soporte técnico de AppleCare Connect si necesitas más información.""},""pocType"":""APOC"",""serialNumber"":""FJF0KMVRKQ"",""partNumber"":""SHMP3ZX/A"",""partAlias"":""ACPTL"",""productDescription"":""iPhone 18 Pro Max"",""tlDisclosure"":""La cobertura de robo y pérdida requiere que tengas la función Buscar habilitada en tu dispositivo antes de que se pierda o te lo roben. Durante el proceso de reclamación, te pediremos que uses la función Buscar para poner el dispositivo perdido o robado en modo Perdido, borrarlo y transferir la propiedad a Apple para que podamos asignarte un nuevo dispositivo. Para asegurarte de que puedas iniciar sesión en Buscar y acceder a esta función, es importante que recuerdes tu ID de Apple y contraseña, y que mantengas la información de tu cuenta actualizada. Si usas la autenticación de doble factor para el ID de Apple, te recomendamos que añadas un número de teléfono adicional de confianza a tu cuenta en el que puedas recibir el código de verificación de 6 dígitos que necesitas para iniciar sesión aunque no tengas tu iPhone. Para obtener más información, visita las páginas de Soporte técnico de Apple.""}},""transactionId"":""ed9815d7-a7d0-448e-94d4-247ec620d6e6-1790218035675""}"
False;1324896;2026-09-23 23:51:40.047000;2026-09-23 00:00:00;20701030;CREATEORDER;SFJF0KMVRKQ;MJXV4BE/A;"{""orderDetailsResponses"":{""deviceEligibility"":{""secondaryDisplay"":""0"",""deviceDateOfPurchase"":""23/09/2026"",""deviceId"":""SFJF0KMVRKQ"",""registeredDevice"":""0"",""deviceErrorResponse"":{""errorCode"":""GRX-20024"",""errorMessage"":""Ya existe un AppleCare Plan para el dispositivo SFJF0KMVRKQ o está pendiente. Comprueba los detalles del pedido en la búsqueda 360 y ponte en contacto con el Soporte técnico de AppleCare Connect si necesitas más información.""},""pocType"":""APOC"",""serialNumber"":""FJF0KMVRKQ"",""partNumber"":""SHMP3ZX/A"",""partAlias"":""ACPTL"",""productDescription"":""iPhone 18 Pro Max"",""tlDisclosure"":""La cobertura de robo y pérdida requiere que tengas la función Buscar habilitada en tu dispositivo antes de que se pierda o te lo roben. Durante el proceso de reclamación, te pediremos que uses la función Buscar para poner el dispositivo perdido o robado en modo Perdido, borrarlo y transferir la propiedad a Apple para que podamos asignarte un nuevo dispositivo. Para asegurarte de que puedas iniciar sesión en Buscar y acceder a esta función, es importante que recuerdes tu ID de Apple y contraseña, y que mantengas la información de tu cuenta actualizada. Si usas la autenticación de doble factor para el ID de Apple, te recomendamos que añadas un número de teléfono adicional de confianza a tu cuenta en el que puedas recibir el código de verificación de 6 dígitos que necesitas para iniciar sesión aunque no tengas tu iPhone. Para obtener más información, visita las páginas de Soporte técnico de Apple.""}},""transactionId"":""c83f3d4c-99e7-4528-a041-fd2a6e3003b4-1790218299131""}"
False;1324896;2026-09-23 23:52:12.840000;2026-09-23 00:00:00;20701030;CREATEORDER;SFJF0KMVRKQ;MJXV4BE/A;"{""orderDetailsResponses"":{""deviceEligibility"":{""secondaryDisplay"":""0"",""deviceDateOfPurchase"":""23/09/2026"",""deviceId"":""SFJF0KMVRKQ"",""registeredDevice"":""0"",""deviceErrorResponse"":{""errorCode"":""GRX-20024"",""errorMessage"":""Ya existe un AppleCare Plan para el dispositivo SFJF0KMVRKQ o está pendiente. Comprueba los detalles del pedido en la búsqueda 360 y ponte en contacto con el Soporte técnico de AppleCare Connect si necesitas más información.""},""pocType"":""APOC"",""serialNumber"":""FJF0KMVRKQ"",""partNumber"":""SHMP3ZX/A"",""partAlias"":""ACPTL"",""productDescription"":""iPhone 18 Pro Max"",""tlDisclosure"":""La cobertura de robo y pérdida requiere que tengas la función Buscar habilitada en tu dispositivo antes de que se pierda o te lo roben. Durante el proceso de reclamación, te pediremos que uses la función Buscar para poner el dispositivo perdido o robado en modo Perdido, borrarlo y transferir la propiedad a Apple para que podamos asignarte un nuevo dispositivo. Para asegurarte de que puedas iniciar sesión en Buscar y acceder a esta función, es importante que recuerdes tu ID de Apple y contraseña, y que mantengas la información de tu cuenta actualizada. Si usas la autenticación de doble factor para el ID de Apple, te recomendamos que añadas un número de teléfono adicional de confianza a tu cuenta en el que puedas recibir el código de verificación de 6 dígitos que necesitas para iniciar sesión aunque no tengas tu iPhone. Para obtener más información, visita las páginas de Soporte técnico de Apple.""}},""transactionId"":""3eb91b44-c366-423f-8bd6-80a80840668b-1790218331883""}"
False;1324896;2026-09-23 23:56:39.060000;2026-09-23 00:00:00;20701030;CREATEORDER;SFJF0KMVRKQ;MJXV4BE/A;"{""orderDetailsResponses"":{""deviceEligibility"":{""secondaryDisplay"":""0"",""deviceDateOfPurchase"":""23/09/2026"",""deviceId"":""SFJF0KMVRKQ"",""registeredDevice"":""0"",""deviceErrorResponse"":{""errorCode"":""GRX-20024"",""errorMessage"":""Ya existe un AppleCare Plan para el dispositivo SFJF0KMVRKQ o está pendiente. Comprueba los detalles del pedido en la búsqueda 360 y ponte en contacto con el Soporte técnico de AppleCare Connect si necesitas más información.""},""pocType"":""APOC"",""serialNumber"":""FJF0KMVRKQ"",""partNumber"":""SHMP3ZX/A"",""partAlias"":""ACPTL"",""productDescription"":""iPhone 18 Pro Max"",""tlDisclosure"":""La cobertura de robo y pérdida requiere que tengas la función Buscar habilitada en tu dispositivo antes de que se pierda o te lo roben. Durante el proceso de reclamación, te pediremos que uses la función Buscar para poner el dispositivo perdido o robado en modo Perdido, borrarlo y transferir la propiedad a Apple para que podamos asignarte un nuevo dispositivo. Para asegurarte de que puedas iniciar sesión en Buscar y acceder a esta función, es importante que recuerdes tu ID de Apple y contraseña, y que mantengas la información de tu cuenta actualizada. Si usas la autenticación de doble factor para el ID de Apple, te recomendamos que añadas un número de teléfono adicional de confianza a tu cuenta en el que puedas recibir el código de verificación de 6 dígitos que necesitas para iniciar sesión aunque no tengas tu iPhone. Para obtener más información, visita las páginas de Soporte técnico de Apple.""}},""transactionId"":""c1555718-fa24-42fc-87ac-24c718b91a9c-1790218598217""}"
False;1324896;2026-09-23 23:57:13.307000;2026-09-23 00:00:00;20701030;CREATEORDER;SFJF0KMVRKQ;MJXV4BE/A;"{""orderDetailsResponses"":{""deviceEligibility"":{""secondaryDisplay"":""0"",""deviceDateOfPurchase"":""23/09/2026"",""deviceId"":""SFJF0KMVRKQ"",""registeredDevice"":""0"",""deviceErrorResponse"":{""errorCode"":""GRX-20024"",""errorMessage"":""Ya existe un AppleCare Plan para el dispositivo SFJF0KMVRKQ o está pendiente. Comprueba los detalles del pedido en la búsqueda 360 y ponte en contacto con el Soporte técnico de AppleCare Connect si necesitas más información.""},""pocType"":""APOC"",""serialNumber"":""FJF0KMVRKQ"",""partNumber"":""SHMP3ZX/A"",""partAlias"":""ACPTL"",""productDescription"":""iPhone 18 Pro Max"",""tlDisclosure"":""La cobertura de robo y pérdida requiere que tengas la función Buscar habilitada en tu dispositivo antes de que se pierda o te lo roben. Durante el proceso de reclamación, te pediremos que uses la función Buscar para poner el dispositivo perdido o robado en modo Perdido, borrarlo y transferir la propiedad a Apple para que podamos asignarte un nuevo dispositivo. Para asegurarte de que puedas iniciar sesión en Buscar y acceder a esta función, es importante que recuerdes tu ID de Apple y contraseña, y que mantengas la información de tu cuenta actualizada. Si usas la autenticación de doble factor para el ID de Apple, te recomendamos que añadas un número de teléfono adicional de confianza a tu cuenta en el que puedas recibir el código de verificación de 6 dígitos que necesitas para iniciar sesión aunque no tengas tu iPhone. Para obtener más información, visita las páginas de Soporte técnico de Apple.""}},""transactionId"":""260c6e18-8313-4887-9998-5a47fd4a43b8-1790218632495""}"
