flag_success;folio;date_log;creation_date;purchase_order_number;action;serie;item_code;response
True;5102199;2026-08-11 07:51:28.253000;2026-08-10 00:00:00;5102199;VERIFYORDER;SFJ6NPXXK9N;MCNT4CI/A;"{""orderDetailsResponses"":{""deviceEligibility"":{""secondaryDisplay"":""1"",""partDescription"":""AppleCare+ para iPad Air 13-inch (M3)"",""coverageDuration"":""2"",""productStatement"":""AppleCare+ para iPad Air 13-inch (M3) amplía la cobertura de servicio y soporte técnico a 2 años desde la fecha de compra de AppleCare+ e incluye cobertura para una cantidad ilimitada de incidentes por daño accidental debido a la manipulación del producto, cada uno de ellos sujeto a un cargo adicional de R$28000  por Daños que afectan solo a la pantalla o de R$28000  por Apple Pencil / Keyboard o de R$96000  por Otros daños accidentales. Lee todos los detalles en los Términos y condiciones de AppleCare+."",""deviceDateOfPurchase"":""11/08/2026"",""deviceId"":""SFJ6NPXXK9N"",""registeredDevice"":""1"",""pocType"":""APOC"",""serialNumber"":""FJ6NPXXK9N"",""partNumber"":""SV172ZX/A"",""partAlias"":""ACP"",""purchaseMode"":""C"",""productDescription"":""iPad Air 13-inch (M3) Wi-Fi""}},""transactionId"":""5fd0bbcc-c1ef-4e0c-82af-996ea8fa707c-1786449087534""}"
True;5102199;2026-08-11 07:51:31.473000;2026-08-10 00:00:00;5102199;CREATEORDER;SFJ6NPXXK9N;MCNT4CI/A;"{""orderDetailsResponses"":{""deviceEligibility"":{""secondaryDisplay"":""1"",""partDescription"":""AppleCare+ para iPad Air 13-inch (M3)"",""coverageDuration"":""2"",""productStatement"":""AppleCare+ para iPad Air 13-inch (M3) amplía la cobertura de servicio y soporte técnico a 2 años desde la fecha de compra de AppleCare+ e incluye cobertura para una cantidad ilimitada de incidentes por daño accidental debido a la manipulación del producto, cada uno de ellos sujeto a un cargo adicional de R$28000  por Daños que afectan solo a la pantalla o de R$28000  por Apple Pencil / Keyboard o de R$96000  por Otros daños accidentales. Lee todos los detalles en los Términos y condiciones de AppleCare+."",""deviceDateOfPurchase"":""11/08/2026"",""deviceId"":""SFJ6NPXXK9N"",""registeredDevice"":""1"",""pocType"":""RPOC"",""serialNumber"":""FJ6NPXXK9N"",""partNumber"":""SV172ZX/A"",""partAlias"":""ACP"",""purchaseMode"":""C"",""productDescription"":""iPad Air 13-inch (M3) Wi-Fi""},""orderConfirmation"":{""agreementNumber"":""328097580131"",""coverageDurationStatement"":""Finaliza el 10/08/2028"",""termConditionURL"":""http://www.apple.com/legal/sales-support/"",""partNumber"":""SV172ZX/A"",""partAlias"":""ACP"",""partType"":""AppleCare+"",""purchaseMode"":""C"",""appleCareSalesDate"":""11/08/2026"",""pocType"":""RPOC"",""purchaseOrderNumber"":""5102199""}},""transactionId"":""0604a0f3-c0c9-4bdf-bb2b-aeb3d3681e66-1786449090549""}"
True;1321426;2026-08-11 10:47:33.263000;2026-08-11 00:00:00;31101075;VERIFYORDER;scq3x9nd93p;MD4D4CI/A;"{""orderDetailsResponses"":{""deviceEligibility"":{""secondaryDisplay"":""1"",""partDescription"":""AppleCare+ para iPad (A16)"",""coverageDuration"":""2"",""productStatement"":""AppleCare+ para iPad (A16) amplía la cobertura de servicio y soporte técnico a 2 años desde la fecha de compra de AppleCare+ e incluye cobertura para una cantidad ilimitada de incidentes por daño accidental debido a la manipulación del producto, cada uno de ellos sujeto a un cargo adicional de R$96000  por Otros daños accidentales o de R$28000  por Daños que afectan solo a la pantalla o de R$28000  por Apple Pencil / Keyboard. Lee todos los detalles en los Términos y condiciones de AppleCare+."",""deviceDateOfPurchase"":""11/08/2026"",""deviceId"":""SCQ3X9ND93P"",""registeredDevice"":""1"",""pocType"":""APOC"",""serialNumber"":""CQ3X9ND93P"",""partNumber"":""SUYD2ZX/A"",""partAlias"":""ACP"",""purchaseMode"":""C"",""productDescription"":""iPad (A16) Wi-Fi""}},""transactionId"":""a73bae34-77a6-4d9c-974d-cfff5d0f700c-1786459652422""}"
True;1321426;2026-08-11 10:49:52.610000;2026-08-11 00:00:00;31101075;CREATEORDER;scq3x9nd93p;MD4D4CI/A;"{""orderDetailsResponses"":{""deviceEligibility"":{""secondaryDisplay"":""1"",""partDescription"":""AppleCare+ para iPad (A16)"",""coverageDuration"":""2"",""productStatement"":""AppleCare+ para iPad (A16) amplía la cobertura de servicio y soporte técnico a 2 años desde la fecha de compra de AppleCare+ e incluye cobertura para una cantidad ilimitada de incidentes por daño accidental debido a la manipulación del producto, cada uno de ellos sujeto a un cargo adicional de R$96000  por Otros daños accidentales o de R$28000  por Daños que afectan solo a la pantalla o de R$28000  por Apple Pencil / Keyboard. Lee todos los detalles en los Términos y condiciones de AppleCare+."",""deviceDateOfPurchase"":""11/08/2026"",""deviceId"":""SCQ3X9ND93P"",""registeredDevice"":""1"",""pocType"":""APOC"",""serialNumber"":""CQ3X9ND93P"",""partNumber"":""SUYD2ZX/A"",""partAlias"":""ACP"",""purchaseMode"":""C"",""productDescription"":""iPad (A16) Wi-Fi""},""orderConfirmation"":{""agreementNumber"":""328097641302"",""coverageDurationStatement"":""Finaliza el 10/08/2028"",""termConditionURL"":""http://www.apple.com/legal/sales-support/"",""partNumber"":""SUYD2ZX/A"",""partAlias"":""ACP"",""partType"":""AppleCare+"",""purchaseMode"":""C"",""appleCareSalesDate"":""11/08/2026"",""pocType"":""APOC"",""purchaseOrderNumber"":""31101075""}},""transactionId"":""1a60ad6b-cbfc-41b9-bbe5-23be8cc73bad-1786459785838""}"
True;5118868;2026-08-11 11:18:30.200000;2026-08-11 00:00:00;42701033;VERIFYORDER;SF42J0H4YC0;MG6J4BE/A;"{""orderDetailsResponses"":{""deviceEligibility"":{""secondaryDisplay"":""0"",""partDescription"":""AppleCare+ con robo y pérdida para iPhone 17"",""coverageDuration"":""2"",""productStatement"":""Tu AppleCare+ con robo y pérdida para iPhone 17 amplía la cobertura de servicio y soporte técnico a 2 años desde la fecha de compra de AppleCare+ con robo y pérdida e incluye cobertura para una cantidad ilimitada de incidentes por daño accidental debido a la manipulación del producto o un máximo de dos incidentes de robo y pérdida cada 12 meses, cada uno de ellos sujeto a un cargo adicional de R$96000  por Otros daños accidentales o de R$28000  por los daños de la pantalla o la carcasa externa o de R$144000  por robo o pérdida. Lee todos los detalles en los Términos y condiciones de AppleCare+."",""deviceDateOfPurchase"":""11/08/2026"",""deviceId"":""SF42J0H4YC0"",""registeredDevice"":""1"",""pocType"":""APOC"",""serialNumber"":""F42J0H4YC0"",""partNumber"":""SX2V2ZX/A"",""partAlias"":""ACPTL"",""purchaseMode"":""C"",""productDescription"":""iPhone 17"",""tlDisclosure"":""La cobertura de robo y pérdida requiere que tengas la función Buscar habilitada en tu dispositivo antes de que se pierda o te lo roben. Durante el proceso de reclamación, te pediremos que uses la función Buscar para poner el dispositivo perdido o robado en modo Perdido, borrarlo y transferir la propiedad a Apple para que podamos asignarte un nuevo dispositivo. Para asegurarte de que puedas iniciar sesión en Buscar y acceder a esta función, es importante que recuerdes tu ID de Apple y contraseña, y que mantengas la información de tu cuenta actualizada. Si usas la autenticación de doble factor para el ID de Apple, te recomendamos que añadas un número de teléfono adicional de confianza a tu cuenta en el que puedas recibir el código de verificación de 6 dígitos que necesitas para iniciar sesión aunque no tengas tu iPhone. Para obtener más información, visita las páginas de Soporte técnico de Apple.""}},""transactionId"":""1d8d2ba2-8638-4596-a0be-295748da8893-1786461509423""}"
True;5118868;2026-08-11 11:22:24.263000;2026-08-11 00:00:00;42701033;CREATEORDER;SF42J0H4YC0;MG6J4BE/A;"{""orderDetailsResponses"":{""deviceEligibility"":{""secondaryDisplay"":""0"",""partDescription"":""AppleCare+ con robo y pérdida para iPhone 17"",""coverageDuration"":""2"",""productStatement"":""Tu AppleCare+ con robo y pérdida para iPhone 17 amplía la cobertura de servicio y soporte técnico a 2 años desde la fecha de compra de AppleCare+ con robo y pérdida e incluye cobertura para una cantidad ilimitada de incidentes por daño accidental debido a la manipulación del producto o un máximo de dos incidentes de robo y pérdida cada 12 meses, cada uno de ellos sujeto a un cargo adicional de R$96000  por Otros daños accidentales o de R$28000  por los daños de la pantalla o la carcasa externa o de R$144000  por robo o pérdida. Lee todos los detalles en los Términos y condiciones de AppleCare+."",""deviceDateOfPurchase"":""11/08/2026"",""deviceId"":""SF42J0H4YC0"",""registeredDevice"":""1"",""pocType"":""APOC"",""serialNumber"":""F42J0H4YC0"",""partNumber"":""SX2V2ZX/A"",""partAlias"":""ACPTL"",""purchaseMode"":""C"",""productDescription"":""iPhone 17"",""tlDisclosure"":""La cobertura de robo y pérdida requiere que tengas la función Buscar habilitada en tu dispositivo antes de que se pierda o te lo roben. Durante el proceso de reclamación, te pediremos que uses la función Buscar para poner el dispositivo perdido o robado en modo Perdido, borrarlo y transferir la propiedad a Apple para que podamos asignarte un nuevo dispositivo. Para asegurarte de que puedas iniciar sesión en Buscar y acceder a esta función, es importante que recuerdes tu ID de Apple y contraseña, y que mantengas la información de tu cuenta actualizada. Si usas la autenticación de doble factor para el ID de Apple, te recomendamos que añadas un número de teléfono adicional de confianza a tu cuenta en el que puedas recibir el código de verificación de 6 dígitos que necesitas para iniciar sesión aunque no tengas tu iPhone. Para obtener más información, visita las páginas de Soporte técnico de Apple.""},""orderConfirmation"":{""agreementNumber"":""328097621505"",""coverageDurationStatement"":""Finaliza el 10/08/2028"",""termConditionURL"":""http://www.apple.com/legal/sales-support/"",""partNumber"":""SX2V2ZX/A"",""partAlias"":""ACPTL"",""partType"":""AC+TL"",""purchaseMode"":""C"",""appleCareSalesDate"":""11/08/2026"",""pocType"":""APOC"",""purchaseOrderNumber"":""42701033""}},""transactionId"":""73fc162d-9108-4af5-94e4-74a1d0b93f4d-1786461737650""}"
True;5118869;2026-08-11 11:45:37.910000;2026-08-11 00:00:00;42801033;VERIFYORDER;SFPFGWLFTFW;MG6L4BE/A;"{""orderDetailsResponses"":{""deviceEligibility"":{""secondaryDisplay"":""0"",""partDescription"":""AppleCare+ con robo y pérdida para iPhone 17"",""coverageDuration"":""2"",""productStatement"":""Tu AppleCare+ con robo y pérdida para iPhone 17 amplía la cobertura de servicio y soporte técnico a 2 años desde la fecha de compra de AppleCare+ con robo y pérdida e incluye cobertura para una cantidad ilimitada de incidentes por daño accidental debido a la manipulación del producto o un máximo de dos incidentes de robo y pérdida cada 12 meses, cada uno de ellos sujeto a un cargo adicional de R$96000  por Otros daños accidentales o de R$28000  por los daños de la pantalla o la carcasa externa o de R$144000  por robo o pérdida. Lee todos los detalles en los Términos y condiciones de AppleCare+."",""deviceDateOfPurchase"":""11/08/2026"",""deviceId"":""SFPFGWLFTFW"",""registeredDevice"":""1"",""pocType"":""APOC"",""serialNumber"":""FPFGWLFTFW"",""partNumber"":""SX2V2ZX/A"",""partAlias"":""ACPTL"",""purchaseMode"":""C"",""productDescription"":""iPhone 17"",""tlDisclosure"":""La cobertura de robo y pérdida requiere que tengas la función Buscar habilitada en tu dispositivo antes de que se pierda o te lo roben. Durante el proceso de reclamación, te pediremos que uses la función Buscar para poner el dispositivo perdido o robado en modo Perdido, borrarlo y transferir la propiedad a Apple para que podamos asignarte un nuevo dispositivo. Para asegurarte de que puedas iniciar sesión en Buscar y acceder a esta función, es importante que recuerdes tu ID de Apple y contraseña, y que mantengas la información de tu cuenta actualizada. Si usas la autenticación de doble factor para el ID de Apple, te recomendamos que añadas un número de teléfono adicional de confianza a tu cuenta en el que puedas recibir el código de verificación de 6 dígitos que necesitas para iniciar sesión aunque no tengas tu iPhone. Para obtener más información, visita las páginas de Soporte técnico de Apple.""}},""transactionId"":""18279658-2d28-40d3-a6d1-ec75dc3937b8-1786463137403""}"
True;5118869;2026-08-11 11:50:09.603000;2026-08-11 00:00:00;42801033;CREATEORDER;SFPFGWLFTFW;MG6L4BE/A;"{""orderDetailsResponses"":{""deviceEligibility"":{""secondaryDisplay"":""0"",""partDescription"":""AppleCare+ con robo y pérdida para iPhone 17"",""coverageDuration"":""2"",""productStatement"":""Tu AppleCare+ con robo y pérdida para iPhone 17 amplía la cobertura de servicio y soporte técnico a 2 años desde la fecha de compra de AppleCare+ con robo y pérdida e incluye cobertura para una cantidad ilimitada de incidentes por daño accidental debido a la manipulación del producto o un máximo de dos incidentes de robo y pérdida cada 12 meses, cada uno de ellos sujeto a un cargo adicional de R$96000  por Otros daños accidentales o de R$28000  por los daños de la pantalla o la carcasa externa o de R$144000  por robo o pérdida. Lee todos los detalles en los Términos y condiciones de AppleCare+."",""deviceDateOfPurchase"":""11/08/2026"",""deviceId"":""SFPFGWLFTFW"",""registeredDevice"":""1"",""pocType"":""APOC"",""serialNumber"":""FPFGWLFTFW"",""partNumber"":""SX2V2ZX/A"",""partAlias"":""ACPTL"",""purchaseMode"":""C"",""productDescription"":""iPhone 17"",""tlDisclosure"":""La cobertura de robo y pérdida requiere que tengas la función Buscar habilitada en tu dispositivo antes de que se pierda o te lo roben. Durante el proceso de reclamación, te pediremos que uses la función Buscar para poner el dispositivo perdido o robado en modo Perdido, borrarlo y transferir la propiedad a Apple para que podamos asignarte un nuevo dispositivo. Para asegurarte de que puedas iniciar sesión en Buscar y acceder a esta función, es importante que recuerdes tu ID de Apple y contraseña, y que mantengas la información de tu cuenta actualizada. Si usas la autenticación de doble factor para el ID de Apple, te recomendamos que añadas un número de teléfono adicional de confianza a tu cuenta en el que puedas recibir el código de verificación de 6 dígitos que necesitas para iniciar sesión aunque no tengas tu iPhone. Para obtener más información, visita las páginas de Soporte técnico de Apple.""},""orderConfirmation"":{""agreementNumber"":""328097621574"",""coverageDurationStatement"":""Finaliza el 10/08/2028"",""termConditionURL"":""http://www.apple.com/legal/sales-support/"",""partNumber"":""SX2V2ZX/A"",""partAlias"":""ACPTL"",""partType"":""AC+TL"",""purchaseMode"":""C"",""appleCareSalesDate"":""11/08/2026"",""pocType"":""APOC"",""purchaseOrderNumber"":""42801033""}},""transactionId"":""12553cd6-067c-472d-9e2a-eb15bbf099d1-1786463404273""}"
True;5076981;2026-08-11 11:54:33.303000;2026-08-11 00:00:00;12001114;VERIFYORDER;SJWL4PN75W6;MG8H4BE/A;"{""orderDetailsResponses"":{""deviceEligibility"":{""secondaryDisplay"":""0"",""partDescription"":""AppleCare+ con robo y pérdida para iPhone 17 Pro"",""coverageDuration"":""2"",""productStatement"":""Tu AppleCare+ con robo y pérdida para iPhone 17 Pro amplía la cobertura de servicio y soporte técnico a 2 años desde la fecha de compra de AppleCare+ con robo y pérdida e incluye cobertura para una cantidad ilimitada de incidentes por daño accidental debido a la manipulación del producto o un máximo de dos incidentes de robo y pérdida cada 12 meses, cada uno de ellos sujeto a un cargo adicional de R$96000  por Otros daños accidentales o de R$28000  por los daños de la pantalla o la carcasa externa o de R$144000  por robo o pérdida. Lee todos los detalles en los Términos y condiciones de AppleCare+."",""deviceDateOfPurchase"":""11/08/2026"",""deviceId"":""SJWL4PN75W6"",""registeredDevice"":""1"",""pocType"":""APOC"",""serialNumber"":""JWL4PN75W6"",""partNumber"":""SX342ZX/A"",""partAlias"":""ACPTL"",""purchaseMode"":""C"",""productDescription"":""iPhone 17 Pro"",""tlDisclosure"":""La cobertura de robo y pérdida requiere que tengas la función Buscar habilitada en tu dispositivo antes de que se pierda o te lo roben. Durante el proceso de reclamación, te pediremos que uses la función Buscar para poner el dispositivo perdido o robado en modo Perdido, borrarlo y transferir la propiedad a Apple para que podamos asignarte un nuevo dispositivo. Para asegurarte de que puedas iniciar sesión en Buscar y acceder a esta función, es importante que recuerdes tu ID de Apple y contraseña, y que mantengas la información de tu cuenta actualizada. Si usas la autenticación de doble factor para el ID de Apple, te recomendamos que añadas un número de teléfono adicional de confianza a tu cuenta en el que puedas recibir el código de verificación de 6 dígitos que necesitas para iniciar sesión aunque no tengas tu iPhone. Para obtener más información, visita las páginas de Soporte técnico de Apple.""}},""transactionId"":""e380374b-3dd4-43db-809c-0f5d69b00b19-1786463672772""}"
True;5076981;2026-08-11 11:55:55.947000;2026-08-11 00:00:00;12001114;CREATEORDER;SJWL4PN75W6;MG8H4BE/A;"{""orderDetailsResponses"":{""deviceEligibility"":{""secondaryDisplay"":""0"",""partDescription"":""AppleCare+ con robo y pérdida para iPhone 17 Pro"",""coverageDuration"":""2"",""productStatement"":""Tu AppleCare+ con robo y pérdida para iPhone 17 Pro amplía la cobertura de servicio y soporte técnico a 2 años desde la fecha de compra de AppleCare+ con robo y pérdida e incluye cobertura para una cantidad ilimitada de incidentes por daño accidental debido a la manipulación del producto o un máximo de dos incidentes de robo y pérdida cada 12 meses, cada uno de ellos sujeto a un cargo adicional de R$96000  por Otros daños accidentales o de R$28000  por los daños de la pantalla o la carcasa externa o de R$144000  por robo o pérdida. Lee todos los detalles en los Términos y condiciones de AppleCare+."",""deviceDateOfPurchase"":""11/08/2026"",""deviceId"":""SJWL4PN75W6"",""registeredDevice"":""1"",""pocType"":""APOC"",""serialNumber"":""JWL4PN75W6"",""partNumber"":""SX342ZX/A"",""partAlias"":""ACPTL"",""purchaseMode"":""C"",""productDescription"":""iPhone 17 Pro"",""tlDisclosure"":""La cobertura de robo y pérdida requiere que tengas la función Buscar habilitada en tu dispositivo antes de que se pierda o te lo roben. Durante el proceso de reclamación, te pediremos que uses la función Buscar para poner el dispositivo perdido o robado en modo Perdido, borrarlo y transferir la propiedad a Apple para que podamos asignarte un nuevo dispositivo. Para asegurarte de que puedas iniciar sesión en Buscar y acceder a esta función, es importante que recuerdes tu ID de Apple y contraseña, y que mantengas la información de tu cuenta actualizada. Si usas la autenticación de doble factor para el ID de Apple, te recomendamos que añadas un número de teléfono adicional de confianza a tu cuenta en el que puedas recibir el código de verificación de 6 dígitos que necesitas para iniciar sesión aunque no tengas tu iPhone. Para obtener más información, visita las páginas de Soporte técnico de Apple.""},""orderConfirmation"":{""agreementNumber"":""328097620594"",""coverageDurationStatement"":""Finaliza el 10/08/2028"",""termConditionURL"":""http://www.apple.com/legal/sales-support/"",""partNumber"":""SX342ZX/A"",""partAlias"":""ACPTL"",""partType"":""AC+TL"",""purchaseMode"":""C"",""appleCareSalesDate"":""11/08/2026"",""pocType"":""APOC"",""purchaseOrderNumber"":""12001114""}},""transactionId"":""23c3b875-368a-4f71-9531-a89f614da239-1786463749516""}"
True;1323759;2026-08-11 12:00:36.563000;2026-08-11 00:00:00;8201097;VERIFYORDER;SGT40J75YGQ;MDHE4CI/A;"{""orderDetailsResponses"":{""deviceEligibility"":{""secondaryDisplay"":""1"",""partDescription"":""AppleCare+ para 13-inch MacBook Air (M5)"",""coverageDuration"":""3"",""productStatement"":""AppleCare+ para 13-inch MacBook Air (M5) amplía la cobertura de servicio y soporte técnico a 3 años desde la fecha de compra de AppleCare+ e incluye cobertura para una cantidad ilimitada de incidentes por daño accidental debido a la manipulación del producto, cada uno de ellos sujeto a un cargo adicional de R$96000  por daños en la pantalla o la carcasa externa o de R$289000  por Otros daños accidentales. Lee todos los detalles en los Términos y condiciones de AppleCare+."",""deviceDateOfPurchase"":""11/08/2026"",""deviceId"":""SGT40J75YGQ"",""registeredDevice"":""1"",""pocType"":""APOC"",""serialNumber"":""GT40J75YGQ"",""partNumber"":""SCW83ZX/A"",""partAlias"":""ACP"",""purchaseMode"":""C"",""productDescription"":""MacBook Air (13-inch, M5)""}},""transactionId"":""a349ef55-12d4-42e4-a223-0c8fb61a75ce-1786464036033""}"
True;1323759;2026-08-11 12:01:59.240000;2026-08-11 00:00:00;8201097;VERIFYORDER;SGT40J75YGQ;MDHE4CI/A;"{""orderDetailsResponses"":{""deviceEligibility"":{""secondaryDisplay"":""1"",""partDescription"":""AppleCare+ para 13-inch MacBook Air (M5)"",""coverageDuration"":""3"",""productStatement"":""AppleCare+ para 13-inch MacBook Air (M5) amplía la cobertura de servicio y soporte técnico a 3 años desde la fecha de compra de AppleCare+ e incluye cobertura para una cantidad ilimitada de incidentes por daño accidental debido a la manipulación del producto, cada uno de ellos sujeto a un cargo adicional de R$96000  por daños en la pantalla o la carcasa externa o de R$289000  por Otros daños accidentales. Lee todos los detalles en los Términos y condiciones de AppleCare+."",""deviceDateOfPurchase"":""11/08/2026"",""deviceId"":""SGT40J75YGQ"",""registeredDevice"":""1"",""pocType"":""APOC"",""serialNumber"":""GT40J75YGQ"",""partNumber"":""SCW83ZX/A"",""partAlias"":""ACP"",""purchaseMode"":""C"",""productDescription"":""MacBook Air (13-inch, M5)""}},""transactionId"":""f0ec0320-f9b3-47bc-9099-263cc1eafe52-1786464118651""}"
True;1323759;2026-08-11 12:03:45.563000;2026-08-11 00:00:00;8201097;CREATEORDER;SGT40J75YGQ;MDHE4CI/A;"{""orderDetailsResponses"":{""deviceEligibility"":{""secondaryDisplay"":""1"",""partDescription"":""AppleCare+ para 13-inch MacBook Air (M5)"",""coverageDuration"":""3"",""productStatement"":""AppleCare+ para 13-inch MacBook Air (M5) amplía la cobertura de servicio y soporte técnico a 3 años desde la fecha de compra de AppleCare+ e incluye cobertura para una cantidad ilimitada de incidentes por daño accidental debido a la manipulación del producto, cada uno de ellos sujeto a un cargo adicional de R$96000  por daños en la pantalla o la carcasa externa o de R$289000  por Otros daños accidentales. Lee todos los detalles en los Términos y condiciones de AppleCare+."",""deviceDateOfPurchase"":""11/08/2026"",""deviceId"":""SGT40J75YGQ"",""registeredDevice"":""1"",""pocType"":""APOC"",""serialNumber"":""GT40J75YGQ"",""partNumber"":""SCW83ZX/A"",""partAlias"":""ACP"",""purchaseMode"":""C"",""productDescription"":""MacBook Air (13-inch, M5)""},""orderConfirmation"":{""agreementNumber"":""328097581914"",""coverageDurationStatement"":""Finaliza el 10/08/2029"",""termConditionURL"":""http://www.apple.com/legal/sales-support/"",""partNumber"":""SCW83ZX/A"",""partAlias"":""ACP"",""partType"":""AppleCare+"",""purchaseMode"":""C"",""appleCareSalesDate"":""11/08/2026"",""pocType"":""APOC"",""purchaseOrderNumber"":""8201097""}},""transactionId"":""79e4de42-fdf0-44b0-aef5-31fbcc39252e-1786464221250""}"
True;5063799;2026-08-11 12:04:58.067000;2026-06-28 00:00:00;7801019;REFUNDGUIDANCE;SCV7RFVYJXC;SX382ZX/A;"{""refundGuidanceResponse"":{""agreementNumber"":""328080002649"",""applecareSalesDate"":""28/06/2026"",""cancellationDate"":""11/08/2026"",""purchaseAmount"":""304990"",""refundGuidanceAmount"":""286607"",""deviceId"":""SCV7RFVYJXC"",""serialNumber"":""CV7RFVYJXC""},""transactionId"":""f80e066d-3e68-46d3-a7e0-284fc9bf2328-1786464297454""}"
True;5063799;2026-08-11 12:07:56.800000;2026-06-28 00:00:00;7801019;REFUNDGUIDANCE;SCV7RFVYJXC;SX382ZX/A;"{""refundGuidanceResponse"":{""agreementNumber"":""328080002649"",""applecareSalesDate"":""28/06/2026"",""cancellationDate"":""11/08/2026"",""purchaseAmount"":""304990"",""refundGuidanceAmount"":""286607"",""deviceId"":""SCV7RFVYJXC"",""serialNumber"":""CV7RFVYJXC""},""transactionId"":""6fa22602-74d2-4179-a612-32061df85e48-1786464476147""}"
True;5111773;2026-08-11 12:15:52.690000;2026-08-11 00:00:00;31301058;VERIFYORDER;smpj9696cwx;MG8J4BE/A;"{""orderDetailsResponses"":{""deviceEligibility"":{""secondaryDisplay"":""0"",""partDescription"":""AppleCare+ con robo y pérdida para iPhone 17 Pro"",""coverageDuration"":""2"",""productStatement"":""Tu AppleCare+ con robo y pérdida para iPhone 17 Pro amplía la cobertura de servicio y soporte técnico a 2 años desde la fecha de compra de AppleCare+ con robo y pérdida e incluye cobertura para una cantidad ilimitada de incidentes por daño accidental debido a la manipulación del producto o un máximo de dos incidentes de robo y pérdida cada 12 meses, cada uno de ellos sujeto a un cargo adicional de R$96000  por Otros daños accidentales o de R$28000  por los daños de la pantalla o la carcasa externa o de R$144000  por robo o pérdida. Lee todos los detalles en los Términos y condiciones de AppleCare+."",""deviceDateOfPurchase"":""11/08/2026"",""deviceId"":""SMPJ9696CWX"",""registeredDevice"":""1"",""pocType"":""APOC"",""serialNumber"":""MPJ9696CWX"",""partNumber"":""SX342ZX/A"",""partAlias"":""ACPTL"",""purchaseMode"":""C"",""productDescription"":""iPhone 17 Pro"",""tlDisclosure"":""La cobertura de robo y pérdida requiere que tengas la función Buscar habilitada en tu dispositivo antes de que se pierda o te lo roben. Durante el proceso de reclamación, te pediremos que uses la función Buscar para poner el dispositivo perdido o robado en modo Perdido, borrarlo y transferir la propiedad a Apple para que podamos asignarte un nuevo dispositivo. Para asegurarte de que puedas iniciar sesión en Buscar y acceder a esta función, es importante que recuerdes tu ID de Apple y contraseña, y que mantengas la información de tu cuenta actualizada. Si usas la autenticación de doble factor para el ID de Apple, te recomendamos que añadas un número de teléfono adicional de confianza a tu cuenta en el que puedas recibir el código de verificación de 6 dígitos que necesitas para iniciar sesión aunque no tengas tu iPhone. Para obtener más información, visita las páginas de Soporte técnico de Apple.""}},""transactionId"":""8ca8e15a-0011-4baa-96a3-1f53cc478d0b-1786464952198""}"
True;5111773;2026-08-11 12:17:42.453000;2026-08-11 00:00:00;31301058;VERIFYORDER;smpj9696cwx;MG8J4BE/A;"{""orderDetailsResponses"":{""deviceEligibility"":{""secondaryDisplay"":""0"",""partDescription"":""AppleCare+ con robo y pérdida para iPhone 17 Pro"",""coverageDuration"":""2"",""productStatement"":""Tu AppleCare+ con robo y pérdida para iPhone 17 Pro amplía la cobertura de servicio y soporte técnico a 2 años desde la fecha de compra de AppleCare+ con robo y pérdida e incluye cobertura para una cantidad ilimitada de incidentes por daño accidental debido a la manipulación del producto o un máximo de dos incidentes de robo y pérdida cada 12 meses, cada uno de ellos sujeto a un cargo adicional de R$96000  por Otros daños accidentales o de R$28000  por los daños de la pantalla o la carcasa externa o de R$144000  por robo o pérdida. Lee todos los detalles en los Términos y condiciones de AppleCare+."",""deviceDateOfPurchase"":""11/08/2026"",""deviceId"":""SMPJ9696CWX"",""registeredDevice"":""1"",""pocType"":""APOC"",""serialNumber"":""MPJ9696CWX"",""partNumber"":""SX342ZX/A"",""partAlias"":""ACPTL"",""purchaseMode"":""C"",""productDescription"":""iPhone 17 Pro"",""tlDisclosure"":""La cobertura de robo y pérdida requiere que tengas la función Buscar habilitada en tu dispositivo antes de que se pierda o te lo roben. Durante el proceso de reclamación, te pediremos que uses la función Buscar para poner el dispositivo perdido o robado en modo Perdido, borrarlo y transferir la propiedad a Apple para que podamos asignarte un nuevo dispositivo. Para asegurarte de que puedas iniciar sesión en Buscar y acceder a esta función, es importante que recuerdes tu ID de Apple y contraseña, y que mantengas la información de tu cuenta actualizada. Si usas la autenticación de doble factor para el ID de Apple, te recomendamos que añadas un número de teléfono adicional de confianza a tu cuenta en el que puedas recibir el código de verificación de 6 dígitos que necesitas para iniciar sesión aunque no tengas tu iPhone. Para obtener más información, visita las páginas de Soporte técnico de Apple.""}},""transactionId"":""ad9325e7-ac94-4202-8596-2052aff7c5dc-1786465061916""}"
True;5111773;2026-08-11 12:19:38.417000;2026-08-11 00:00:00;31301058;CREATEORDER;smpj9696cwx;MG8J4BE/A;"{""orderDetailsResponses"":{""deviceEligibility"":{""secondaryDisplay"":""0"",""partDescription"":""AppleCare+ con robo y pérdida para iPhone 17 Pro"",""coverageDuration"":""2"",""productStatement"":""Tu AppleCare+ con robo y pérdida para iPhone 17 Pro amplía la cobertura de servicio y soporte técnico a 2 años desde la fecha de compra de AppleCare+ con robo y pérdida e incluye cobertura para una cantidad ilimitada de incidentes por daño accidental debido a la manipulación del producto o un máximo de dos incidentes de robo y pérdida cada 12 meses, cada uno de ellos sujeto a un cargo adicional de R$96000  por Otros daños accidentales o de R$28000  por los daños de la pantalla o la carcasa externa o de R$144000  por robo o pérdida. Lee todos los detalles en los Términos y condiciones de AppleCare+."",""deviceDateOfPurchase"":""11/08/2026"",""deviceId"":""SMPJ9696CWX"",""registeredDevice"":""1"",""pocType"":""APOC"",""serialNumber"":""MPJ9696CWX"",""partNumber"":""SX342ZX/A"",""partAlias"":""ACPTL"",""purchaseMode"":""C"",""productDescription"":""iPhone 17 Pro"",""tlDisclosure"":""La cobertura de robo y pérdida requiere que tengas la función Buscar habilitada en tu dispositivo antes de que se pierda o te lo roben. Durante el proceso de reclamación, te pediremos que uses la función Buscar para poner el dispositivo perdido o robado en modo Perdido, borrarlo y transferir la propiedad a Apple para que podamos asignarte un nuevo dispositivo. Para asegurarte de que puedas iniciar sesión en Buscar y acceder a esta función, es importante que recuerdes tu ID de Apple y contraseña, y que mantengas la información de tu cuenta actualizada. Si usas la autenticación de doble factor para el ID de Apple, te recomendamos que añadas un número de teléfono adicional de confianza a tu cuenta en el que puedas recibir el código de verificación de 6 dígitos que necesitas para iniciar sesión aunque no tengas tu iPhone. Para obtener más información, visita las páginas de Soporte técnico de Apple.""},""orderConfirmation"":{""agreementNumber"":""328097640596"",""coverageDurationStatement"":""Finaliza el 10/08/2028"",""termConditionURL"":""http://www.apple.com/legal/sales-support/"",""partNumber"":""SX342ZX/A"",""partAlias"":""ACPTL"",""partType"":""AC+TL"",""purchaseMode"":""C"",""appleCareSalesDate"":""11/08/2026"",""pocType"":""APOC"",""purchaseOrderNumber"":""31301058""}},""transactionId"":""8dba6caf-97f6-4e13-acf6-afaea5a94539-1786465173888""}"
True;1320127;2026-08-11 12:21:21.990000;2026-08-11 00:00:00;54701082;VERIFYORDER;fyxgwcfwxp;MHFJ4CI/A;"{""orderDetailsResponses"":{""deviceEligibility"":{""secondaryDisplay"":""0"",""partDescription"":""AppleCare+ para 13-inch MacBook Neo (A18PRO)"",""coverageDuration"":""3"",""productStatement"":""AppleCare+ para 13-inch MacBook Neo (A18PRO) amplía la cobertura de servicio y soporte técnico a 3 años desde la fecha de compra de AppleCare+ e incluye cobertura para una cantidad ilimitada de incidentes por daño accidental debido a la manipulación del producto, cada uno de ellos sujeto a un cargo adicional de R$51990  por daños en la pantalla o la carcasa externa o de R$156990  por Otros daños accidentales. Lee todos los detalles en los Términos y condiciones de AppleCare+."",""deviceDateOfPurchase"":""11/08/2026"",""deviceId"":""FYXGWCFWXP"",""registeredDevice"":""1"",""pocType"":""APOC"",""serialNumber"":""FYXGWCFWXP"",""partNumber"":""SD0T3ZX/A"",""partAlias"":""ACP"",""purchaseMode"":""C"",""productDescription"":""MacBook Neo""}},""transactionId"":""a91c847c-37fd-40c0-a1e4-63814e990c68-1786465281232""}"
True;1320127;2026-08-11 12:24:39.500000;2026-08-11 00:00:00;54701082;CREATEORDER;fyxgwcfwxp;MHFJ4CI/A;"{""orderDetailsResponses"":{""deviceEligibility"":{""secondaryDisplay"":""0"",""partDescription"":""AppleCare+ para 13-inch MacBook Neo (A18PRO)"",""coverageDuration"":""3"",""productStatement"":""AppleCare+ para 13-inch MacBook Neo (A18PRO) amplía la cobertura de servicio y soporte técnico a 3 años desde la fecha de compra de AppleCare+ e incluye cobertura para una cantidad ilimitada de incidentes por daño accidental debido a la manipulación del producto, cada uno de ellos sujeto a un cargo adicional de R$51990  por daños en la pantalla o la carcasa externa o de R$156990  por Otros daños accidentales. Lee todos los detalles en los Términos y condiciones de AppleCare+."",""deviceDateOfPurchase"":""11/08/2026"",""deviceId"":""FYXGWCFWXP"",""registeredDevice"":""1"",""pocType"":""APOC"",""serialNumber"":""FYXGWCFWXP"",""partNumber"":""SD0T3ZX/A"",""partAlias"":""ACP"",""purchaseMode"":""C"",""productDescription"":""MacBook Neo""},""orderConfirmation"":{""agreementNumber"":""328097661320"",""coverageDurationStatement"":""Finaliza el 10/08/2029"",""termConditionURL"":""http://www.apple.com/legal/sales-support/"",""partNumber"":""SD0T3ZX/A"",""partAlias"":""ACP"",""partType"":""AppleCare+"",""purchaseMode"":""C"",""appleCareSalesDate"":""11/08/2026"",""pocType"":""APOC"",""purchaseOrderNumber"":""54701082""}},""transactionId"":""cbe136d6-01b6-4479-98c9-64800d4c407b-1786465475093""}"
True;5076984;2026-08-11 13:11:15.670000;2026-08-11 00:00:00;12101114;VERIFYORDER;SHG3JHCD2C9;MWUG3CI/A;"{""orderDetailsResponses"":{""deviceEligibility"":{""secondaryDisplay"":""1"",""partDescription"":""AppleCare+ para iMac (M4)"",""coverageDuration"":""3"",""productStatement"":""AppleCare+ para iMac (M4) amplía la cobertura de servicio y soporte técnico a 3 años desde la fecha de compra de AppleCare+ e incluye cobertura para una cantidad ilimitada de incidentes por daño accidental debido a la manipulación del producto, cada uno de ellos sujeto a un cargo adicional de R$96000  por daños en la pantalla o la carcasa externa o de R$289000  por Otros daños accidentales. Lee todos los detalles en los Términos y condiciones de AppleCare+."",""deviceDateOfPurchase"":""11/08/2026"",""deviceId"":""SHG3JHCD2C9"",""registeredDevice"":""1"",""pocType"":""APOC"",""serialNumber"":""HG3JHCD2C9"",""partNumber"":""SR1A2ZX/A"",""partAlias"":""ACP"",""purchaseMode"":""C"",""productDescription"":""iMac (24-inch,2024, Two ports)""}},""transactionId"":""696f3320-4e04-4eab-9c8e-700a15f4d80c-1786468274868""}"
True;5076984;2026-08-11 13:12:32.040000;2026-08-11 00:00:00;12201114;VERIFYORDER;SHG3JHCD2C9;MWUG3CI/A;"{""orderDetailsResponses"":{""deviceEligibility"":{""secondaryDisplay"":""1"",""partDescription"":""AppleCare+ para iMac (M4)"",""coverageDuration"":""3"",""productStatement"":""AppleCare+ para iMac (M4) amplía la cobertura de servicio y soporte técnico a 3 años desde la fecha de compra de AppleCare+ e incluye cobertura para una cantidad ilimitada de incidentes por daño accidental debido a la manipulación del producto, cada uno de ellos sujeto a un cargo adicional de R$96000  por daños en la pantalla o la carcasa externa o de R$289000  por Otros daños accidentales. Lee todos los detalles en los Términos y condiciones de AppleCare+."",""deviceDateOfPurchase"":""11/08/2026"",""deviceId"":""SHG3JHCD2C9"",""registeredDevice"":""1"",""pocType"":""APOC"",""serialNumber"":""HG3JHCD2C9"",""partNumber"":""SR1A2ZX/A"",""partAlias"":""ACP"",""purchaseMode"":""C"",""productDescription"":""iMac (24-inch,2024, Two ports)""}},""transactionId"":""df32c341-9c10-4de9-a565-466549b52ba9-1786468351558""}"
False;5076984;2026-08-11 13:14:00.190000;2026-08-11 00:00:00;12201114;CREATEORDER;SHG3JHCD2C9;MWUG3CI/A;"{""orderDetailsResponses"":{""deviceEligibility"":{""secondaryDisplay"":""1"",""partDescription"":""AppleCare+ para iMac (M4)"",""coverageDuration"":""3"",""productStatement"":""AppleCare+ para iMac (M4) amplía la cobertura de servicio y soporte técnico a 3 años desde la fecha de compra de AppleCare+ e incluye cobertura para una cantidad ilimitada de incidentes por daño accidental debido a la manipulación del producto, cada uno de ellos sujeto a un cargo adicional de R$96000  por daños en la pantalla o la carcasa externa o de R$289000  por Otros daños accidentales. Lee todos los detalles en los Términos y condiciones de AppleCare+."",""deviceDateOfPurchase"":""11/08/2026"",""deviceId"":""SHG3JHCD2C9"",""registeredDevice"":""1"",""pocType"":""APOC"",""serialNumber"":""HG3JHCD2C9"",""partNumber"":""SR1A2ZX/A"",""partAlias"":""ACP"",""purchaseMode"":""C"",""productDescription"":""iMac (24-inch,2024, Two ports)""}},""orderErrorResponse"":{""errorCode"":""GRX-50017"",""errorMessage"":""El nombre y los apellidos no pueden superar los 34 caracteres.""},""transactionId"":""e716b9e1-b6ab-45c3-8229-c7cf9015ce1e-1786468439389""}"
False;5076984;2026-08-11 13:16:23.823000;2026-08-11 00:00:00;12101114;CREATEORDER;SHG3JHCD2C9;MWUG3CI/A;"{""orderDetailsResponses"":{""deviceEligibility"":{""secondaryDisplay"":""1"",""partDescription"":""AppleCare+ para iMac (M4)"",""coverageDuration"":""3"",""productStatement"":""AppleCare+ para iMac (M4) amplía la cobertura de servicio y soporte técnico a 3 años desde la fecha de compra de AppleCare+ e incluye cobertura para una cantidad ilimitada de incidentes por daño accidental debido a la manipulación del producto, cada uno de ellos sujeto a un cargo adicional de R$96000  por daños en la pantalla o la carcasa externa o de R$289000  por Otros daños accidentales. Lee todos los detalles en los Términos y condiciones de AppleCare+."",""deviceDateOfPurchase"":""11/08/2026"",""deviceId"":""SHG3JHCD2C9"",""registeredDevice"":""1"",""pocType"":""RPOC"",""serialNumber"":""HG3JHCD2C9"",""partNumber"":""SR1A2ZX/A"",""partAlias"":""ACP"",""purchaseMode"":""C"",""productDescription"":""iMac (24-inch,2024, Two ports)""}},""orderErrorResponse"":{""errorCode"":""GRX-50017"",""errorMessage"":""El nombre y los apellidos no pueden superar los 34 caracteres.""},""transactionId"":""a16c60fa-97fe-4755-b737-1951eae4daba-1786468583070""}"
False;5076984;2026-08-11 13:16:25.890000;2026-08-11 00:00:00;12201114;CREATEORDER;SHG3JHCD2C9;MWUG3CI/A;"{""orderDetailsResponses"":{""deviceEligibility"":{""secondaryDisplay"":""1"",""partDescription"":""AppleCare+ para iMac (M4)"",""coverageDuration"":""3"",""productStatement"":""AppleCare+ para iMac (M4) amplía la cobertura de servicio y soporte técnico a 3 años desde la fecha de compra de AppleCare+ e incluye cobertura para una cantidad ilimitada de incidentes por daño accidental debido a la manipulación del producto, cada uno de ellos sujeto a un cargo adicional de R$96000  por daños en la pantalla o la carcasa externa o de R$289000  por Otros daños accidentales. Lee todos los detalles en los Términos y condiciones de AppleCare+."",""deviceDateOfPurchase"":""11/08/2026"",""deviceId"":""SHG3JHCD2C9"",""registeredDevice"":""1"",""pocType"":""RPOC"",""serialNumber"":""HG3JHCD2C9"",""partNumber"":""SR1A2ZX/A"",""partAlias"":""ACP"",""purchaseMode"":""C"",""productDescription"":""iMac (24-inch,2024, Two ports)""}},""orderErrorResponse"":{""errorCode"":""GRX-50017"",""errorMessage"":""El nombre y los apellidos no pueden superar los 34 caracteres.""},""transactionId"":""33046986-daed-4af3-aa52-a9afd59c9db9-1786468585109""}"
False;5076984;2026-08-11 13:16:59.640000;2026-08-11 00:00:00;12101114;CREATEORDER;SHG3JHCD2C9;MWUG3CI/A;"{""orderDetailsResponses"":{""deviceEligibility"":{""secondaryDisplay"":""1"",""partDescription"":""AppleCare+ para iMac (M4)"",""coverageDuration"":""3"",""productStatement"":""AppleCare+ para iMac (M4) amplía la cobertura de servicio y soporte técnico a 3 años desde la fecha de compra de AppleCare+ e incluye cobertura para una cantidad ilimitada de incidentes por daño accidental debido a la manipulación del producto, cada uno de ellos sujeto a un cargo adicional de R$96000  por daños en la pantalla o la carcasa externa o de R$289000  por Otros daños accidentales. Lee todos los detalles en los Términos y condiciones de AppleCare+."",""deviceDateOfPurchase"":""11/08/2026"",""deviceId"":""SHG3JHCD2C9"",""registeredDevice"":""1"",""pocType"":""RPOC"",""serialNumber"":""HG3JHCD2C9"",""partNumber"":""SR1A2ZX/A"",""partAlias"":""ACP"",""purchaseMode"":""C"",""productDescription"":""iMac (24-inch,2024, Two ports)""}},""orderErrorResponse"":{""errorCode"":""GRX-50017"",""errorMessage"":""El nombre y los apellidos no pueden superar los 34 caracteres.""},""transactionId"":""8229eb0b-ca74-4326-a246-10cf8bde8f53-1786468618885""}"
False;5076984;2026-08-11 13:17:01.490000;2026-08-11 00:00:00;12201114;CREATEORDER;SHG3JHCD2C9;MWUG3CI/A;"{""orderDetailsResponses"":{""deviceEligibility"":{""secondaryDisplay"":""1"",""partDescription"":""AppleCare+ para iMac (M4)"",""coverageDuration"":""3"",""productStatement"":""AppleCare+ para iMac (M4) amplía la cobertura de servicio y soporte técnico a 3 años desde la fecha de compra de AppleCare+ e incluye cobertura para una cantidad ilimitada de incidentes por daño accidental debido a la manipulación del producto, cada uno de ellos sujeto a un cargo adicional de R$96000  por daños en la pantalla o la carcasa externa o de R$289000  por Otros daños accidentales. Lee todos los detalles en los Términos y condiciones de AppleCare+."",""deviceDateOfPurchase"":""11/08/2026"",""deviceId"":""SHG3JHCD2C9"",""registeredDevice"":""1"",""pocType"":""RPOC"",""serialNumber"":""HG3JHCD2C9"",""partNumber"":""SR1A2ZX/A"",""partAlias"":""ACP"",""purchaseMode"":""C"",""productDescription"":""iMac (24-inch,2024, Two ports)""}},""orderErrorResponse"":{""errorCode"":""GRX-50017"",""errorMessage"":""El nombre y los apellidos no pueden superar los 34 caracteres.""},""transactionId"":""a6906c57-5f46-4600-8219-f7f826642c9e-1786468620729""}"
True;5088820;2026-08-11 13:19:56.260000;2026-08-11 00:00:00;23201123;VERIFYORDER;SNLFK29XW1C;MDVH4CI/A;"{""orderDetailsResponses"":{""deviceEligibility"":{""secondaryDisplay"":""1"",""partDescription"":""AppleCare+ para 15-inch MacBook Air (M5)"",""coverageDuration"":""3"",""productStatement"":""AppleCare+ para 15-inch MacBook Air (M5) amplía la cobertura de servicio y soporte técnico a 3 años desde la fecha de compra de AppleCare+ e incluye cobertura para una cantidad ilimitada de incidentes por daño accidental debido a la manipulación del producto, cada uno de ellos sujeto a un cargo adicional de R$96000  por daños en la pantalla o la carcasa externa o de R$289000  por Otros daños accidentales. Lee todos los detalles en los Términos y condiciones de AppleCare+."",""deviceDateOfPurchase"":""11/08/2026"",""deviceId"":""SNLFK29XW1C"",""registeredDevice"":""1"",""pocType"":""APOC"",""serialNumber"":""NLFK29XW1C"",""partNumber"":""SCW93ZX/A"",""partAlias"":""ACP"",""purchaseMode"":""C"",""productDescription"":""MacBook Air (15-inch, M5)""}},""transactionId"":""cce1224b-6538-4b83-badd-5a0884ea6f88-1786468795736""}"
False;5076984;2026-08-11 13:21:16.387000;2026-08-11 00:00:00;12101114;CREATEORDER;SHG3JHCD2C9;MWUG3CI/A;"{""orderDetailsResponses"":{""deviceEligibility"":{""secondaryDisplay"":""1"",""partDescription"":""AppleCare+ para iMac (M4)"",""coverageDuration"":""3"",""productStatement"":""AppleCare+ para iMac (M4) amplía la cobertura de servicio y soporte técnico a 3 años desde la fecha de compra de AppleCare+ e incluye cobertura para una cantidad ilimitada de incidentes por daño accidental debido a la manipulación del producto, cada uno de ellos sujeto a un cargo adicional de R$96000  por daños en la pantalla o la carcasa externa o de R$289000  por Otros daños accidentales. Lee todos los detalles en los Términos y condiciones de AppleCare+."",""deviceDateOfPurchase"":""11/08/2026"",""deviceId"":""SHG3JHCD2C9"",""registeredDevice"":""1"",""pocType"":""RPOC"",""serialNumber"":""HG3JHCD2C9"",""partNumber"":""SR1A2ZX/A"",""partAlias"":""ACP"",""purchaseMode"":""C"",""productDescription"":""iMac (24-inch,2024, Two ports)""}},""orderErrorResponse"":{""errorCode"":""GRX-50017"",""errorMessage"":""El nombre y los apellidos no pueden superar los 34 caracteres.""},""transactionId"":""c6dc9317-fa2c-4cb4-88df-088436f1f061-1786468875579""}"
False;5076984;2026-08-11 13:21:18.440000;2026-08-11 00:00:00;12201114;CREATEORDER;SHG3JHCD2C9;MWUG3CI/A;"{""orderDetailsResponses"":{""deviceEligibility"":{""secondaryDisplay"":""1"",""partDescription"":""AppleCare+ para iMac (M4)"",""coverageDuration"":""3"",""productStatement"":""AppleCare+ para iMac (M4) amplía la cobertura de servicio y soporte técnico a 3 años desde la fecha de compra de AppleCare+ e incluye cobertura para una cantidad ilimitada de incidentes por daño accidental debido a la manipulación del producto, cada uno de ellos sujeto a un cargo adicional de R$96000  por daños en la pantalla o la carcasa externa o de R$289000  por Otros daños accidentales. Lee todos los detalles en los Términos y condiciones de AppleCare+."",""deviceDateOfPurchase"":""11/08/2026"",""deviceId"":""SHG3JHCD2C9"",""registeredDevice"":""1"",""pocType"":""RPOC"",""serialNumber"":""HG3JHCD2C9"",""partNumber"":""SR1A2ZX/A"",""partAlias"":""ACP"",""purchaseMode"":""C"",""productDescription"":""iMac (24-inch,2024, Two ports)""}},""orderErrorResponse"":{""errorCode"":""GRX-50017"",""errorMessage"":""El nombre y los apellidos no pueden superar los 34 caracteres.""},""transactionId"":""30f67cfd-3952-4fad-813b-e4d17bb78a75-1786468877617""}"
False;5076984;2026-08-11 13:21:49.430000;2026-08-11 00:00:00;12101114;CREATEORDER;SHG3JHCD2C9;MWUG3CI/A;"{""orderDetailsResponses"":{""deviceEligibility"":{""secondaryDisplay"":""1"",""partDescription"":""AppleCare+ para iMac (M4)"",""coverageDuration"":""3"",""productStatement"":""AppleCare+ para iMac (M4) amplía la cobertura de servicio y soporte técnico a 3 años desde la fecha de compra de AppleCare+ e incluye cobertura para una cantidad ilimitada de incidentes por daño accidental debido a la manipulación del producto, cada uno de ellos sujeto a un cargo adicional de R$96000  por daños en la pantalla o la carcasa externa o de R$289000  por Otros daños accidentales. Lee todos los detalles en los Términos y condiciones de AppleCare+."",""deviceDateOfPurchase"":""11/08/2026"",""deviceId"":""SHG3JHCD2C9"",""registeredDevice"":""1"",""pocType"":""RPOC"",""serialNumber"":""HG3JHCD2C9"",""partNumber"":""SR1A2ZX/A"",""partAlias"":""ACP"",""purchaseMode"":""C"",""productDescription"":""iMac (24-inch,2024, Two ports)""}},""orderErrorResponse"":{""errorCode"":""GRX-50017"",""errorMessage"":""El nombre y los apellidos no pueden superar los 34 caracteres.""},""transactionId"":""f6c2ecbe-c12f-4a3a-a94b-5f6275a76bc7-1786468908665""}"
False;5076984;2026-08-11 13:21:52.543000;2026-08-11 00:00:00;12201114;CREATEORDER;SHG3JHCD2C9;MWUG3CI/A;"{""orderDetailsResponses"":{""deviceEligibility"":{""secondaryDisplay"":""1"",""partDescription"":""AppleCare+ para iMac (M4)"",""coverageDuration"":""3"",""productStatement"":""AppleCare+ para iMac (M4) amplía la cobertura de servicio y soporte técnico a 3 años desde la fecha de compra de AppleCare+ e incluye cobertura para una cantidad ilimitada de incidentes por daño accidental debido a la manipulación del producto, cada uno de ellos sujeto a un cargo adicional de R$96000  por daños en la pantalla o la carcasa externa o de R$289000  por Otros daños accidentales. Lee todos los detalles en los Términos y condiciones de AppleCare+."",""deviceDateOfPurchase"":""11/08/2026"",""deviceId"":""SHG3JHCD2C9"",""registeredDevice"":""1"",""pocType"":""RPOC"",""serialNumber"":""HG3JHCD2C9"",""partNumber"":""SR1A2ZX/A"",""partAlias"":""ACP"",""purchaseMode"":""C"",""productDescription"":""iMac (24-inch,2024, Two ports)""}},""orderErrorResponse"":{""errorCode"":""GRX-50017"",""errorMessage"":""El nombre y los apellidos no pueden superar los 34 caracteres.""},""transactionId"":""e5a171ed-faf9-4957-9ba2-cc3221a5370f-1786468911774""}"
True;5088820;2026-08-11 13:23:49.423000;2026-08-11 00:00:00;23201123;CREATEORDER;SNLFK29XW1C;MDVH4CI/A;"{""orderDetailsResponses"":{""deviceEligibility"":{""secondaryDisplay"":""1"",""partDescription"":""AppleCare+ para 15-inch MacBook Air (M5)"",""coverageDuration"":""3"",""productStatement"":""AppleCare+ para 15-inch MacBook Air (M5) amplía la cobertura de servicio y soporte técnico a 3 años desde la fecha de compra de AppleCare+ e incluye cobertura para una cantidad ilimitada de incidentes por daño accidental debido a la manipulación del producto, cada uno de ellos sujeto a un cargo adicional de R$96000  por daños en la pantalla o la carcasa externa o de R$289000  por Otros daños accidentales. Lee todos los detalles en los Términos y condiciones de AppleCare+."",""deviceDateOfPurchase"":""11/08/2026"",""deviceId"":""SNLFK29XW1C"",""registeredDevice"":""1"",""pocType"":""APOC"",""serialNumber"":""NLFK29XW1C"",""partNumber"":""SCW93ZX/A"",""partAlias"":""ACP"",""purchaseMode"":""C"",""productDescription"":""MacBook Air (15-inch, M5)""},""orderConfirmation"":{""agreementNumber"":""328097722191"",""coverageDurationStatement"":""Finaliza el 10/08/2029"",""termConditionURL"":""http://www.apple.com/legal/sales-support/"",""partNumber"":""SCW93ZX/A"",""partAlias"":""ACP"",""partType"":""AppleCare+"",""purchaseMode"":""C"",""appleCareSalesDate"":""11/08/2026"",""pocType"":""APOC"",""purchaseOrderNumber"":""23201123""}},""transactionId"":""06d25977-884b-4fdb-b3ef-5e16b4b9b08e-1786469027103""}"
False;5076984;2026-08-11 13:26:24.550000;2026-08-11 00:00:00;12101114;CREATEORDER;SHG3JHCD2C9;MWUG3CI/A;"{""orderDetailsResponses"":{""deviceEligibility"":{""secondaryDisplay"":""1"",""partDescription"":""AppleCare+ para iMac (M4)"",""coverageDuration"":""3"",""productStatement"":""AppleCare+ para iMac (M4) amplía la cobertura de servicio y soporte técnico a 3 años desde la fecha de compra de AppleCare+ e incluye cobertura para una cantidad ilimitada de incidentes por daño accidental debido a la manipulación del producto, cada uno de ellos sujeto a un cargo adicional de R$96000  por daños en la pantalla o la carcasa externa o de R$289000  por Otros daños accidentales. Lee todos los detalles en los Términos y condiciones de AppleCare+."",""deviceDateOfPurchase"":""11/08/2026"",""deviceId"":""SHG3JHCD2C9"",""registeredDevice"":""1"",""pocType"":""RPOC"",""serialNumber"":""HG3JHCD2C9"",""partNumber"":""SR1A2ZX/A"",""partAlias"":""ACP"",""purchaseMode"":""C"",""productDescription"":""iMac (24-inch,2024, Two ports)""}},""orderErrorResponse"":{""errorCode"":""GRX-50017"",""errorMessage"":""El nombre y los apellidos no pueden superar los 34 caracteres.""},""transactionId"":""b44912ea-08fc-445a-9a41-7d11b94e463d-1786469183831""}"
False;5076984;2026-08-11 13:26:26.740000;2026-08-11 00:00:00;12201114;CREATEORDER;SHG3JHCD2C9;MWUG3CI/A;"{""orderDetailsResponses"":{""deviceEligibility"":{""secondaryDisplay"":""1"",""partDescription"":""AppleCare+ para iMac (M4)"",""coverageDuration"":""3"",""productStatement"":""AppleCare+ para iMac (M4) amplía la cobertura de servicio y soporte técnico a 3 años desde la fecha de compra de AppleCare+ e incluye cobertura para una cantidad ilimitada de incidentes por daño accidental debido a la manipulación del producto, cada uno de ellos sujeto a un cargo adicional de R$96000  por daños en la pantalla o la carcasa externa o de R$289000  por Otros daños accidentales. Lee todos los detalles en los Términos y condiciones de AppleCare+."",""deviceDateOfPurchase"":""11/08/2026"",""deviceId"":""SHG3JHCD2C9"",""registeredDevice"":""1"",""pocType"":""RPOC"",""serialNumber"":""HG3JHCD2C9"",""partNumber"":""SR1A2ZX/A"",""partAlias"":""ACP"",""purchaseMode"":""C"",""productDescription"":""iMac (24-inch,2024, Two ports)""}},""orderErrorResponse"":{""errorCode"":""GRX-50017"",""errorMessage"":""El nombre y los apellidos no pueden superar los 34 caracteres.""},""transactionId"":""4c48d6f5-683a-4e01-a750-5a31bc61a6ec-1786469185929""}"
False;5076984;2026-08-11 13:27:11.143000;2026-08-11 00:00:00;12101114;CREATEORDER;SHG3JHCD2C9;MWUG3CI/A;"{""orderDetailsResponses"":{""deviceEligibility"":{""secondaryDisplay"":""1"",""partDescription"":""AppleCare+ para iMac (M4)"",""coverageDuration"":""3"",""productStatement"":""AppleCare+ para iMac (M4) amplía la cobertura de servicio y soporte técnico a 3 años desde la fecha de compra de AppleCare+ e incluye cobertura para una cantidad ilimitada de incidentes por daño accidental debido a la manipulación del producto, cada uno de ellos sujeto a un cargo adicional de R$96000  por daños en la pantalla o la carcasa externa o de R$289000  por Otros daños accidentales. Lee todos los detalles en los Términos y condiciones de AppleCare+."",""deviceDateOfPurchase"":""11/08/2026"",""deviceId"":""SHG3JHCD2C9"",""registeredDevice"":""1"",""pocType"":""RPOC"",""serialNumber"":""HG3JHCD2C9"",""partNumber"":""SR1A2ZX/A"",""partAlias"":""ACP"",""purchaseMode"":""C"",""productDescription"":""iMac (24-inch,2024, Two ports)""}},""orderErrorResponse"":{""errorCode"":""GRX-50017"",""errorMessage"":""El nombre y los apellidos no pueden superar los 34 caracteres.""},""transactionId"":""f96776b8-e1f8-476c-a793-6b8f2f8c4246-1786469230392""}"
False;5076984;2026-08-11 13:27:14.653000;2026-08-11 00:00:00;12201114;CREATEORDER;SHG3JHCD2C9;MWUG3CI/A;"{""orderDetailsResponses"":{""deviceEligibility"":{""secondaryDisplay"":""1"",""partDescription"":""AppleCare+ para iMac (M4)"",""coverageDuration"":""3"",""productStatement"":""AppleCare+ para iMac (M4) amplía la cobertura de servicio y soporte técnico a 3 años desde la fecha de compra de AppleCare+ e incluye cobertura para una cantidad ilimitada de incidentes por daño accidental debido a la manipulación del producto, cada uno de ellos sujeto a un cargo adicional de R$96000  por daños en la pantalla o la carcasa externa o de R$289000  por Otros daños accidentales. Lee todos los detalles en los Términos y condiciones de AppleCare+."",""deviceDateOfPurchase"":""11/08/2026"",""deviceId"":""SHG3JHCD2C9"",""registeredDevice"":""1"",""pocType"":""RPOC"",""serialNumber"":""HG3JHCD2C9"",""partNumber"":""SR1A2ZX/A"",""partAlias"":""ACP"",""purchaseMode"":""C"",""productDescription"":""iMac (24-inch,2024, Two ports)""}},""orderErrorResponse"":{""errorCode"":""GRX-50017"",""errorMessage"":""El nombre y los apellidos no pueden superar los 34 caracteres.""},""transactionId"":""8740edf0-fd0b-44f3-9729-32b3c143ab95-1786469233889""}"
False;5076984;2026-08-11 13:31:23.233000;2026-08-11 00:00:00;12101114;CREATEORDER;SHG3JHCD2C9;MWUG3CI/A;"{""orderDetailsResponses"":{""deviceEligibility"":{""secondaryDisplay"":""1"",""partDescription"":""AppleCare+ para iMac (M4)"",""coverageDuration"":""3"",""productStatement"":""AppleCare+ para iMac (M4) amplía la cobertura de servicio y soporte técnico a 3 años desde la fecha de compra de AppleCare+ e incluye cobertura para una cantidad ilimitada de incidentes por daño accidental debido a la manipulación del producto, cada uno de ellos sujeto a un cargo adicional de R$96000  por daños en la pantalla o la carcasa externa o de R$289000  por Otros daños accidentales. Lee todos los detalles en los Términos y condiciones de AppleCare+."",""deviceDateOfPurchase"":""11/08/2026"",""deviceId"":""SHG3JHCD2C9"",""registeredDevice"":""1"",""pocType"":""RPOC"",""serialNumber"":""HG3JHCD2C9"",""partNumber"":""SR1A2ZX/A"",""partAlias"":""ACP"",""purchaseMode"":""C"",""productDescription"":""iMac (24-inch,2024, Two ports)""}},""orderErrorResponse"":{""errorCode"":""GRX-50017"",""errorMessage"":""El nombre y los apellidos no pueden superar los 34 caracteres.""},""transactionId"":""cbef0c5b-dc52-4c3a-8166-69fdf2f7b693-1786469482528""}"
False;5076984;2026-08-11 13:31:25.477000;2026-08-11 00:00:00;12201114;CREATEORDER;SHG3JHCD2C9;MWUG3CI/A;"{""orderDetailsResponses"":{""deviceEligibility"":{""secondaryDisplay"":""1"",""partDescription"":""AppleCare+ para iMac (M4)"",""coverageDuration"":""3"",""productStatement"":""AppleCare+ para iMac (M4) amplía la cobertura de servicio y soporte técnico a 3 años desde la fecha de compra de AppleCare+ e incluye cobertura para una cantidad ilimitada de incidentes por daño accidental debido a la manipulación del producto, cada uno de ellos sujeto a un cargo adicional de R$96000  por daños en la pantalla o la carcasa externa o de R$289000  por Otros daños accidentales. Lee todos los detalles en los Términos y condiciones de AppleCare+."",""deviceDateOfPurchase"":""11/08/2026"",""deviceId"":""SHG3JHCD2C9"",""registeredDevice"":""1"",""pocType"":""RPOC"",""serialNumber"":""HG3JHCD2C9"",""partNumber"":""SR1A2ZX/A"",""partAlias"":""ACP"",""purchaseMode"":""C"",""productDescription"":""iMac (24-inch,2024, Two ports)""}},""orderErrorResponse"":{""errorCode"":""GRX-50017"",""errorMessage"":""El nombre y los apellidos no pueden superar los 34 caracteres.""},""transactionId"":""45bcfeda-dadc-4a0b-b676-e7d10562316e-1786469484724""}"
False;5076984;2026-08-11 13:31:59.293000;2026-08-11 00:00:00;12101114;CREATEORDER;SHG3JHCD2C9;MWUG3CI/A;"{""orderDetailsResponses"":{""deviceEligibility"":{""secondaryDisplay"":""1"",""partDescription"":""AppleCare+ para iMac (M4)"",""coverageDuration"":""3"",""productStatement"":""AppleCare+ para iMac (M4) amplía la cobertura de servicio y soporte técnico a 3 años desde la fecha de compra de AppleCare+ e incluye cobertura para una cantidad ilimitada de incidentes por daño accidental debido a la manipulación del producto, cada uno de ellos sujeto a un cargo adicional de R$96000  por daños en la pantalla o la carcasa externa o de R$289000  por Otros daños accidentales. Lee todos los detalles en los Términos y condiciones de AppleCare+."",""deviceDateOfPurchase"":""11/08/2026"",""deviceId"":""SHG3JHCD2C9"",""registeredDevice"":""1"",""pocType"":""RPOC"",""serialNumber"":""HG3JHCD2C9"",""partNumber"":""SR1A2ZX/A"",""partAlias"":""ACP"",""purchaseMode"":""C"",""productDescription"":""iMac (24-inch,2024, Two ports)""}},""orderErrorResponse"":{""errorCode"":""GRX-50017"",""errorMessage"":""El nombre y los apellidos no pueden superar los 34 caracteres.""},""transactionId"":""c2707aa3-6027-4c2d-9434-f01bfd02abb7-1786469518530""}"
False;5076984;2026-08-11 13:32:01.460000;2026-08-11 00:00:00;12201114;CREATEORDER;SHG3JHCD2C9;MWUG3CI/A;"{""orderDetailsResponses"":{""deviceEligibility"":{""secondaryDisplay"":""1"",""partDescription"":""AppleCare+ para iMac (M4)"",""coverageDuration"":""3"",""productStatement"":""AppleCare+ para iMac (M4) amplía la cobertura de servicio y soporte técnico a 3 años desde la fecha de compra de AppleCare+ e incluye cobertura para una cantidad ilimitada de incidentes por daño accidental debido a la manipulación del producto, cada uno de ellos sujeto a un cargo adicional de R$96000  por daños en la pantalla o la carcasa externa o de R$289000  por Otros daños accidentales. Lee todos los detalles en los Términos y condiciones de AppleCare+."",""deviceDateOfPurchase"":""11/08/2026"",""deviceId"":""SHG3JHCD2C9"",""registeredDevice"":""1"",""pocType"":""RPOC"",""serialNumber"":""HG3JHCD2C9"",""partNumber"":""SR1A2ZX/A"",""partAlias"":""ACP"",""purchaseMode"":""C"",""productDescription"":""iMac (24-inch,2024, Two ports)""}},""orderErrorResponse"":{""errorCode"":""GRX-50017"",""errorMessage"":""El nombre y los apellidos no pueden superar los 34 caracteres.""},""transactionId"":""5da007d6-f90e-4594-9ca8-590acea2fb96-1786469520714""}"
False;5076984;2026-08-11 13:36:15.997000;2026-08-11 00:00:00;12101114;CREATEORDER;SHG3JHCD2C9;MWUG3CI/A;"{""orderDetailsResponses"":{""deviceEligibility"":{""secondaryDisplay"":""1"",""partDescription"":""AppleCare+ para iMac (M4)"",""coverageDuration"":""3"",""productStatement"":""AppleCare+ para iMac (M4) amplía la cobertura de servicio y soporte técnico a 3 años desde la fecha de compra de AppleCare+ e incluye cobertura para una cantidad ilimitada de incidentes por daño accidental debido a la manipulación del producto, cada uno de ellos sujeto a un cargo adicional de R$96000  por daños en la pantalla o la carcasa externa o de R$289000  por Otros daños accidentales. Lee todos los detalles en los Términos y condiciones de AppleCare+."",""deviceDateOfPurchase"":""11/08/2026"",""deviceId"":""SHG3JHCD2C9"",""registeredDevice"":""1"",""pocType"":""RPOC"",""serialNumber"":""HG3JHCD2C9"",""partNumber"":""SR1A2ZX/A"",""partAlias"":""ACP"",""purchaseMode"":""C"",""productDescription"":""iMac (24-inch,2024, Two ports)""}},""orderErrorResponse"":{""errorCode"":""GRX-50017"",""errorMessage"":""El nombre y los apellidos no pueden superar los 34 caracteres.""},""transactionId"":""4ceada15-086d-4035-ba73-ae19fa6c008e-1786469775291""}"
False;5076984;2026-08-11 13:36:18.020000;2026-08-11 00:00:00;12201114;CREATEORDER;SHG3JHCD2C9;MWUG3CI/A;"{""orderDetailsResponses"":{""deviceEligibility"":{""secondaryDisplay"":""1"",""partDescription"":""AppleCare+ para iMac (M4)"",""coverageDuration"":""3"",""productStatement"":""AppleCare+ para iMac (M4) amplía la cobertura de servicio y soporte técnico a 3 años desde la fecha de compra de AppleCare+ e incluye cobertura para una cantidad ilimitada de incidentes por daño accidental debido a la manipulación del producto, cada uno de ellos sujeto a un cargo adicional de R$96000  por daños en la pantalla o la carcasa externa o de R$289000  por Otros daños accidentales. Lee todos los detalles en los Términos y condiciones de AppleCare+."",""deviceDateOfPurchase"":""11/08/2026"",""deviceId"":""SHG3JHCD2C9"",""registeredDevice"":""1"",""pocType"":""RPOC"",""serialNumber"":""HG3JHCD2C9"",""partNumber"":""SR1A2ZX/A"",""partAlias"":""ACP"",""purchaseMode"":""C"",""productDescription"":""iMac (24-inch,2024, Two ports)""}},""orderErrorResponse"":{""errorCode"":""GRX-50017"",""errorMessage"":""El nombre y los apellidos no pueden superar los 34 caracteres.""},""transactionId"":""417982e4-40c7-46cb-b392-698c33edc8c3-1786469777328""}"
False;5076984;2026-08-11 13:36:54.967000;2026-08-11 00:00:00;12101114;CREATEORDER;SHG3JHCD2C9;MWUG3CI/A;"{""orderDetailsResponses"":{""deviceEligibility"":{""secondaryDisplay"":""1"",""partDescription"":""AppleCare+ para iMac (M4)"",""coverageDuration"":""3"",""productStatement"":""AppleCare+ para iMac (M4) amplía la cobertura de servicio y soporte técnico a 3 años desde la fecha de compra de AppleCare+ e incluye cobertura para una cantidad ilimitada de incidentes por daño accidental debido a la manipulación del producto, cada uno de ellos sujeto a un cargo adicional de R$96000  por daños en la pantalla o la carcasa externa o de R$289000  por Otros daños accidentales. Lee todos los detalles en los Términos y condiciones de AppleCare+."",""deviceDateOfPurchase"":""11/08/2026"",""deviceId"":""SHG3JHCD2C9"",""registeredDevice"":""1"",""pocType"":""RPOC"",""serialNumber"":""HG3JHCD2C9"",""partNumber"":""SR1A2ZX/A"",""partAlias"":""ACP"",""purchaseMode"":""C"",""productDescription"":""iMac (24-inch,2024, Two ports)""}},""orderErrorResponse"":{""errorCode"":""GRX-50017"",""errorMessage"":""El nombre y los apellidos no pueden superar los 34 caracteres.""},""transactionId"":""ba2376b6-9bc3-4c14-b079-ca838982fb26-1786469814239""}"
False;5076984;2026-08-11 13:36:57.930000;2026-08-11 00:00:00;12201114;CREATEORDER;SHG3JHCD2C9;MWUG3CI/A;"{""orderDetailsResponses"":{""deviceEligibility"":{""secondaryDisplay"":""1"",""partDescription"":""AppleCare+ para iMac (M4)"",""coverageDuration"":""3"",""productStatement"":""AppleCare+ para iMac (M4) amplía la cobertura de servicio y soporte técnico a 3 años desde la fecha de compra de AppleCare+ e incluye cobertura para una cantidad ilimitada de incidentes por daño accidental debido a la manipulación del producto, cada uno de ellos sujeto a un cargo adicional de R$96000  por daños en la pantalla o la carcasa externa o de R$289000  por Otros daños accidentales. Lee todos los detalles en los Términos y condiciones de AppleCare+."",""deviceDateOfPurchase"":""11/08/2026"",""deviceId"":""SHG3JHCD2C9"",""registeredDevice"":""1"",""pocType"":""RPOC"",""serialNumber"":""HG3JHCD2C9"",""partNumber"":""SR1A2ZX/A"",""partAlias"":""ACP"",""purchaseMode"":""C"",""productDescription"":""iMac (24-inch,2024, Two ports)""}},""orderErrorResponse"":{""errorCode"":""GRX-50017"",""errorMessage"":""El nombre y los apellidos no pueden superar los 34 caracteres.""},""transactionId"":""e764bd9a-8665-4a2b-9e1b-fd748e142b98-1786469817165""}"
False;5076984;2026-08-11 13:41:18.520000;2026-08-11 00:00:00;12101114;CREATEORDER;SHG3JHCD2C9;MWUG3CI/A;"{""orderDetailsResponses"":{""deviceEligibility"":{""secondaryDisplay"":""1"",""partDescription"":""AppleCare+ para iMac (M4)"",""coverageDuration"":""3"",""productStatement"":""AppleCare+ para iMac (M4) amplía la cobertura de servicio y soporte técnico a 3 años desde la fecha de compra de AppleCare+ e incluye cobertura para una cantidad ilimitada de incidentes por daño accidental debido a la manipulación del producto, cada uno de ellos sujeto a un cargo adicional de R$96000  por daños en la pantalla o la carcasa externa o de R$289000  por Otros daños accidentales. Lee todos los detalles en los Términos y condiciones de AppleCare+."",""deviceDateOfPurchase"":""11/08/2026"",""deviceId"":""SHG3JHCD2C9"",""registeredDevice"":""1"",""pocType"":""RPOC"",""serialNumber"":""HG3JHCD2C9"",""partNumber"":""SR1A2ZX/A"",""partAlias"":""ACP"",""purchaseMode"":""C"",""productDescription"":""iMac (24-inch,2024, Two ports)""}},""orderErrorResponse"":{""errorCode"":""GRX-50017"",""errorMessage"":""El nombre y los apellidos no pueden superar los 34 caracteres.""},""transactionId"":""8a03a184-4a32-4969-a19e-1ad5cfbb1780-1786470077782""}"
False;5076984;2026-08-11 13:41:19.747000;2026-08-11 00:00:00;12201114;CREATEORDER;SHG3JHCD2C9;MWUG3CI/A;"{""orderDetailsResponses"":{""deviceEligibility"":{""secondaryDisplay"":""1"",""partDescription"":""AppleCare+ para iMac (M4)"",""coverageDuration"":""3"",""productStatement"":""AppleCare+ para iMac (M4) amplía la cobertura de servicio y soporte técnico a 3 años desde la fecha de compra de AppleCare+ e incluye cobertura para una cantidad ilimitada de incidentes por daño accidental debido a la manipulación del producto, cada uno de ellos sujeto a un cargo adicional de R$96000  por daños en la pantalla o la carcasa externa o de R$289000  por Otros daños accidentales. Lee todos los detalles en los Términos y condiciones de AppleCare+."",""deviceDateOfPurchase"":""11/08/2026"",""deviceId"":""SHG3JHCD2C9"",""registeredDevice"":""1"",""pocType"":""RPOC"",""serialNumber"":""HG3JHCD2C9"",""partNumber"":""SR1A2ZX/A"",""partAlias"":""ACP"",""purchaseMode"":""C"",""productDescription"":""iMac (24-inch,2024, Two ports)""}},""orderErrorResponse"":{""errorCode"":""GRX-50017"",""errorMessage"":""El nombre y los apellidos no pueden superar los 34 caracteres.""},""transactionId"":""5ec6f889-0c09-4109-ad5a-5cf41a4b2555-1786470079073""}"
True;1292225;2026-08-11 13:41:21.467000;2026-08-11 00:00:00;1292225;VERIFYORDER;SDHJ590MPGV;MHFJ4CI/A;"{""orderDetailsResponses"":{""deviceEligibility"":{""secondaryDisplay"":""0"",""partDescription"":""AppleCare+ para 13-inch MacBook Neo (A18PRO)"",""coverageDuration"":""3"",""productStatement"":""AppleCare+ para 13-inch MacBook Neo (A18PRO) amplía la cobertura de servicio y soporte técnico a 3 años desde la fecha de compra de AppleCare+ e incluye cobertura para una cantidad ilimitada de incidentes por daño accidental debido a la manipulación del producto, cada uno de ellos sujeto a un cargo adicional de R$51990  por daños en la pantalla o la carcasa externa o de R$156990  por Otros daños accidentales. Lee todos los detalles en los Términos y condiciones de AppleCare+."",""deviceDateOfPurchase"":""11/08/2026"",""deviceId"":""SDHJ590MPGV"",""registeredDevice"":""1"",""pocType"":""APOC"",""serialNumber"":""DHJ590MPGV"",""partNumber"":""SD0T3ZX/A"",""partAlias"":""ACP"",""purchaseMode"":""C"",""productDescription"":""MacBook Neo""}},""transactionId"":""808cb58f-e1f7-45c0-bba2-a05fc0076aeb-1786470080934""}"
True;1292225;2026-08-11 13:41:22.703000;2026-08-11 00:00:00;1292225;CREATEORDER;SDHJ590MPGV;MHFJ4CI/A;"{""orderDetailsResponses"":{""deviceEligibility"":{""secondaryDisplay"":""0"",""partDescription"":""AppleCare+ para 13-inch MacBook Neo (A18PRO)"",""coverageDuration"":""3"",""productStatement"":""AppleCare+ para 13-inch MacBook Neo (A18PRO) amplía la cobertura de servicio y soporte técnico a 3 años desde la fecha de compra de AppleCare+ e incluye cobertura para una cantidad ilimitada de incidentes por daño accidental debido a la manipulación del producto, cada uno de ellos sujeto a un cargo adicional de R$51990  por daños en la pantalla o la carcasa externa o de R$156990  por Otros daños accidentales. Lee todos los detalles en los Términos y condiciones de AppleCare+."",""deviceDateOfPurchase"":""11/08/2026"",""deviceId"":""SDHJ590MPGV"",""registeredDevice"":""1"",""pocType"":""RPOC"",""serialNumber"":""DHJ590MPGV"",""partNumber"":""SD0T3ZX/A"",""partAlias"":""ACP"",""purchaseMode"":""C"",""productDescription"":""MacBook Neo""},""orderConfirmation"":{""agreementNumber"":""328097723344"",""coverageDurationStatement"":""Finaliza el 10/08/2029"",""termConditionURL"":""http://www.apple.com/legal/sales-support/"",""partNumber"":""SD0T3ZX/A"",""partAlias"":""ACP"",""partType"":""AppleCare+"",""purchaseMode"":""C"",""appleCareSalesDate"":""11/08/2026"",""pocType"":""RPOC"",""purchaseOrderNumber"":""1292225""}},""transactionId"":""4a83c93c-989c-41a2-9b5b-fffc282cb20b-1786470081863""}"
True;5102244;2026-08-11 13:41:24.423000;2026-08-11 00:00:00;5102244;VERIFYORDER;SLXT4H9QC19;MEP94AM/A;"{""orderDetailsResponses"":{""deviceEligibility"":{""secondaryDisplay"":""0"",""partDescription"":""AppleCare+ para Apple Watch SE (3rd gen)"",""coverageDuration"":""2"",""productStatement"":""AppleCare+ para Apple Watch SE (3rd gen) amplía la cobertura de servicio y soporte técnico a 2 años desde la fecha de compra de AppleCare+ e incluye cobertura para una cantidad ilimitada de incidentes por daño accidental debido a la manipulación del producto, cada uno de ellos sujeto a un cargo adicional de R$67000  por Otros daños accidentales. Lee todos los detalles en los Términos y condiciones de AppleCare+."",""deviceDateOfPurchase"":""11/08/2026"",""deviceId"":""SLXT4H9QC19"",""registeredDevice"":""1"",""pocType"":""APOC"",""serialNumber"":""LXT4H9QC19"",""partNumber"":""SXHW2ZX/A"",""partAlias"":""ACP"",""purchaseMode"":""C"",""productDescription"":""Watch SE (3rd gen,GPS+Cell)Aluminum 40MM""}},""transactionId"":""0b633c6d-d3b0-437d-95ec-b5934d1e9b2b-1786470083931""}"
True;5102244;2026-08-11 13:41:25.673000;2026-08-11 00:00:00;5102244;CREATEORDER;SLXT4H9QC19;MEP94AM/A;"{""orderDetailsResponses"":{""deviceEligibility"":{""secondaryDisplay"":""0"",""partDescription"":""AppleCare+ para Apple Watch SE (3rd gen)"",""coverageDuration"":""2"",""productStatement"":""AppleCare+ para Apple Watch SE (3rd gen) amplía la cobertura de servicio y soporte técnico a 2 años desde la fecha de compra de AppleCare+ e incluye cobertura para una cantidad ilimitada de incidentes por daño accidental debido a la manipulación del producto, cada uno de ellos sujeto a un cargo adicional de R$67000  por Otros daños accidentales. Lee todos los detalles en los Términos y condiciones de AppleCare+."",""deviceDateOfPurchase"":""11/08/2026"",""deviceId"":""SLXT4H9QC19"",""registeredDevice"":""1"",""pocType"":""RPOC"",""serialNumber"":""LXT4H9QC19"",""partNumber"":""SXHW2ZX/A"",""partAlias"":""ACP"",""purchaseMode"":""C"",""productDescription"":""Watch SE (3rd gen,GPS+Cell)Aluminum 40MM""},""orderConfirmation"":{""agreementNumber"":""328097721503"",""coverageDurationStatement"":""Finaliza el 10/08/2028"",""termConditionURL"":""http://www.apple.com/legal/sales-support/"",""partNumber"":""SXHW2ZX/A"",""partAlias"":""ACP"",""partType"":""AppleCare+"",""purchaseMode"":""C"",""appleCareSalesDate"":""11/08/2026"",""pocType"":""RPOC"",""purchaseOrderNumber"":""5102244""}},""transactionId"":""70af4fbf-9a92-4355-9935-30e52a44e0e2-1786470084838""}"
False;5076984;2026-08-11 13:42:09.630000;2026-08-11 00:00:00;12101114;CREATEORDER;SHG3JHCD2C9;MWUG3CI/A;"{""orderDetailsResponses"":{""deviceEligibility"":{""secondaryDisplay"":""1"",""partDescription"":""AppleCare+ para iMac (M4)"",""coverageDuration"":""3"",""productStatement"":""AppleCare+ para iMac (M4) amplía la cobertura de servicio y soporte técnico a 3 años desde la fecha de compra de AppleCare+ e incluye cobertura para una cantidad ilimitada de incidentes por daño accidental debido a la manipulación del producto, cada uno de ellos sujeto a un cargo adicional de R$96000  por daños en la pantalla o la carcasa externa o de R$289000  por Otros daños accidentales. Lee todos los detalles en los Términos y condiciones de AppleCare+."",""deviceDateOfPurchase"":""11/08/2026"",""deviceId"":""SHG3JHCD2C9"",""registeredDevice"":""1"",""pocType"":""RPOC"",""serialNumber"":""HG3JHCD2C9"",""partNumber"":""SR1A2ZX/A"",""partAlias"":""ACP"",""purchaseMode"":""C"",""productDescription"":""iMac (24-inch,2024, Two ports)""}},""orderErrorResponse"":{""errorCode"":""GRX-50017"",""errorMessage"":""El nombre y los apellidos no pueden superar los 34 caracteres.""},""transactionId"":""28fc9137-b8d2-4e37-a243-1668ae200500-1786470128924""}"
False;5076984;2026-08-11 13:42:10.990000;2026-08-11 00:00:00;12201114;CREATEORDER;SHG3JHCD2C9;MWUG3CI/A;"{""orderDetailsResponses"":{""deviceEligibility"":{""secondaryDisplay"":""1"",""partDescription"":""AppleCare+ para iMac (M4)"",""coverageDuration"":""3"",""productStatement"":""AppleCare+ para iMac (M4) amplía la cobertura de servicio y soporte técnico a 3 años desde la fecha de compra de AppleCare+ e incluye cobertura para una cantidad ilimitada de incidentes por daño accidental debido a la manipulación del producto, cada uno de ellos sujeto a un cargo adicional de R$96000  por daños en la pantalla o la carcasa externa o de R$289000  por Otros daños accidentales. Lee todos los detalles en los Términos y condiciones de AppleCare+."",""deviceDateOfPurchase"":""11/08/2026"",""deviceId"":""SHG3JHCD2C9"",""registeredDevice"":""1"",""pocType"":""RPOC"",""serialNumber"":""HG3JHCD2C9"",""partNumber"":""SR1A2ZX/A"",""partAlias"":""ACP"",""purchaseMode"":""C"",""productDescription"":""iMac (24-inch,2024, Two ports)""}},""orderErrorResponse"":{""errorCode"":""GRX-50017"",""errorMessage"":""El nombre y los apellidos no pueden superar los 34 caracteres.""},""transactionId"":""061ca4b1-c02d-4a92-9f6b-9117c11219ab-1786470130262""}"
True;5113117;2026-08-11 13:44:20.557000;2026-08-11 00:00:00;33901055;VERIFYORDER;sfwy2j377tr;MG8J4BE/A;"{""orderDetailsResponses"":{""deviceEligibility"":{""secondaryDisplay"":""0"",""partDescription"":""AppleCare+ con robo y pérdida para iPhone 17 Pro"",""coverageDuration"":""2"",""productStatement"":""Tu AppleCare+ con robo y pérdida para iPhone 17 Pro amplía la cobertura de servicio y soporte técnico a 2 años desde la fecha de compra de AppleCare+ con robo y pérdida e incluye cobertura para una cantidad ilimitada de incidentes por daño accidental debido a la manipulación del producto o un máximo de dos incidentes de robo y pérdida cada 12 meses, cada uno de ellos sujeto a un cargo adicional de R$96000  por Otros daños accidentales o de R$28000  por los daños de la pantalla o la carcasa externa o de R$144000  por robo o pérdida. Lee todos los detalles en los Términos y condiciones de AppleCare+."",""deviceDateOfPurchase"":""11/08/2026"",""deviceId"":""SFWY2J377TR"",""registeredDevice"":""1"",""pocType"":""APOC"",""serialNumber"":""FWY2J377TR"",""partNumber"":""SX342ZX/A"",""partAlias"":""ACPTL"",""purchaseMode"":""C"",""productDescription"":""iPhone 17 Pro"",""tlDisclosure"":""La cobertura de robo y pérdida requiere que tengas la función Buscar habilitada en tu dispositivo antes de que se pierda o te lo roben. Durante el proceso de reclamación, te pediremos que uses la función Buscar para poner el dispositivo perdido o robado en modo Perdido, borrarlo y transferir la propiedad a Apple para que podamos asignarte un nuevo dispositivo. Para asegurarte de que puedas iniciar sesión en Buscar y acceder a esta función, es importante que recuerdes tu ID de Apple y contraseña, y que mantengas la información de tu cuenta actualizada. Si usas la autenticación de doble factor para el ID de Apple, te recomendamos que añadas un número de teléfono adicional de confianza a tu cuenta en el que puedas recibir el código de verificación de 6 dígitos que necesitas para iniciar sesión aunque no tengas tu iPhone. Para obtener más información, visita las páginas de Soporte técnico de Apple.""}},""transactionId"":""495cfc8e-8b03-48e0-91f2-48ecd7500203-1786470259990""}"
False;5076984;2026-08-11 13:46:20.747000;2026-08-11 00:00:00;12101114;CREATEORDER;SHG3JHCD2C9;MWUG3CI/A;"{""orderDetailsResponses"":{""deviceEligibility"":{""secondaryDisplay"":""1"",""partDescription"":""AppleCare+ para iMac (M4)"",""coverageDuration"":""3"",""productStatement"":""AppleCare+ para iMac (M4) amplía la cobertura de servicio y soporte técnico a 3 años desde la fecha de compra de AppleCare+ e incluye cobertura para una cantidad ilimitada de incidentes por daño accidental debido a la manipulación del producto, cada uno de ellos sujeto a un cargo adicional de R$96000  por daños en la pantalla o la carcasa externa o de R$289000  por Otros daños accidentales. Lee todos los detalles en los Términos y condiciones de AppleCare+."",""deviceDateOfPurchase"":""11/08/2026"",""deviceId"":""SHG3JHCD2C9"",""registeredDevice"":""1"",""pocType"":""RPOC"",""serialNumber"":""HG3JHCD2C9"",""partNumber"":""SR1A2ZX/A"",""partAlias"":""ACP"",""purchaseMode"":""C"",""productDescription"":""iMac (24-inch,2024, Two ports)""}},""orderErrorResponse"":{""errorCode"":""GRX-50017"",""errorMessage"":""El nombre y los apellidos no pueden superar los 34 caracteres.""},""transactionId"":""d852d140-8a7a-4b3f-9380-edcf2b53374b-1786470379951""}"
False;5076984;2026-08-11 13:46:22.377000;2026-08-11 00:00:00;12201114;CREATEORDER;SHG3JHCD2C9;MWUG3CI/A;"{""orderDetailsResponses"":{""deviceEligibility"":{""secondaryDisplay"":""1"",""partDescription"":""AppleCare+ para iMac (M4)"",""coverageDuration"":""3"",""productStatement"":""AppleCare+ para iMac (M4) amplía la cobertura de servicio y soporte técnico a 3 años desde la fecha de compra de AppleCare+ e incluye cobertura para una cantidad ilimitada de incidentes por daño accidental debido a la manipulación del producto, cada uno de ellos sujeto a un cargo adicional de R$96000  por daños en la pantalla o la carcasa externa o de R$289000  por Otros daños accidentales. Lee todos los detalles en los Términos y condiciones de AppleCare+."",""deviceDateOfPurchase"":""11/08/2026"",""deviceId"":""SHG3JHCD2C9"",""registeredDevice"":""1"",""pocType"":""RPOC"",""serialNumber"":""HG3JHCD2C9"",""partNumber"":""SR1A2ZX/A"",""partAlias"":""ACP"",""purchaseMode"":""C"",""productDescription"":""iMac (24-inch,2024, Two ports)""}},""orderErrorResponse"":{""errorCode"":""GRX-50017"",""errorMessage"":""El nombre y los apellidos no pueden superar los 34 caracteres.""},""transactionId"":""2a9cb665-caac-43b0-a03f-7f4b09bf89a7-1786470381662""}"
False;5076984;2026-08-11 13:46:57.547000;2026-08-11 00:00:00;12101114;CREATEORDER;SHG3JHCD2C9;MWUG3CI/A;"{""orderDetailsResponses"":{""deviceEligibility"":{""secondaryDisplay"":""1"",""partDescription"":""AppleCare+ para iMac (M4)"",""coverageDuration"":""3"",""productStatement"":""AppleCare+ para iMac (M4) amplía la cobertura de servicio y soporte técnico a 3 años desde la fecha de compra de AppleCare+ e incluye cobertura para una cantidad ilimitada de incidentes por daño accidental debido a la manipulación del producto, cada uno de ellos sujeto a un cargo adicional de R$96000  por daños en la pantalla o la carcasa externa o de R$289000  por Otros daños accidentales. Lee todos los detalles en los Términos y condiciones de AppleCare+."",""deviceDateOfPurchase"":""11/08/2026"",""deviceId"":""SHG3JHCD2C9"",""registeredDevice"":""1"",""pocType"":""RPOC"",""serialNumber"":""HG3JHCD2C9"",""partNumber"":""SR1A2ZX/A"",""partAlias"":""ACP"",""purchaseMode"":""C"",""productDescription"":""iMac (24-inch,2024, Two ports)""}},""orderErrorResponse"":{""errorCode"":""GRX-50017"",""errorMessage"":""El nombre y los apellidos no pueden superar los 34 caracteres.""},""transactionId"":""c5fdb3eb-1419-49f9-bc7a-03aa15863bc0-1786470416860""}"
False;5076984;2026-08-11 13:46:59.037000;2026-08-11 00:00:00;12201114;CREATEORDER;SHG3JHCD2C9;MWUG3CI/A;"{""orderDetailsResponses"":{""deviceEligibility"":{""secondaryDisplay"":""1"",""partDescription"":""AppleCare+ para iMac (M4)"",""coverageDuration"":""3"",""productStatement"":""AppleCare+ para iMac (M4) amplía la cobertura de servicio y soporte técnico a 3 años desde la fecha de compra de AppleCare+ e incluye cobertura para una cantidad ilimitada de incidentes por daño accidental debido a la manipulación del producto, cada uno de ellos sujeto a un cargo adicional de R$96000  por daños en la pantalla o la carcasa externa o de R$289000  por Otros daños accidentales. Lee todos los detalles en los Términos y condiciones de AppleCare+."",""deviceDateOfPurchase"":""11/08/2026"",""deviceId"":""SHG3JHCD2C9"",""registeredDevice"":""1"",""pocType"":""RPOC"",""serialNumber"":""HG3JHCD2C9"",""partNumber"":""SR1A2ZX/A"",""partAlias"":""ACP"",""purchaseMode"":""C"",""productDescription"":""iMac (24-inch,2024, Two ports)""}},""orderErrorResponse"":{""errorCode"":""GRX-50017"",""errorMessage"":""El nombre y los apellidos no pueden superar los 34 caracteres.""},""transactionId"":""33fb5542-2b96-4e52-bcd3-d1f8f17525da-1786470418318""}"
False;5076984;2026-08-11 13:51:14.197000;2026-08-11 00:00:00;12101114;CREATEORDER;SHG3JHCD2C9;MWUG3CI/A;"{""orderDetailsResponses"":{""deviceEligibility"":{""secondaryDisplay"":""1"",""partDescription"":""AppleCare+ para iMac (M4)"",""coverageDuration"":""3"",""productStatement"":""AppleCare+ para iMac (M4) amplía la cobertura de servicio y soporte técnico a 3 años desde la fecha de compra de AppleCare+ e incluye cobertura para una cantidad ilimitada de incidentes por daño accidental debido a la manipulación del producto, cada uno de ellos sujeto a un cargo adicional de R$96000  por daños en la pantalla o la carcasa externa o de R$289000  por Otros daños accidentales. Lee todos los detalles en los Términos y condiciones de AppleCare+."",""deviceDateOfPurchase"":""11/08/2026"",""deviceId"":""SHG3JHCD2C9"",""registeredDevice"":""1"",""pocType"":""RPOC"",""serialNumber"":""HG3JHCD2C9"",""partNumber"":""SR1A2ZX/A"",""partAlias"":""ACP"",""purchaseMode"":""C"",""productDescription"":""iMac (24-inch,2024, Two ports)""}},""orderErrorResponse"":{""errorCode"":""GRX-50017"",""errorMessage"":""El nombre y los apellidos no pueden superar los 34 caracteres.""},""transactionId"":""6fe53fd4-0188-49d5-979a-08ad1a857976-1786470673476""}"
False;5076984;2026-08-11 13:51:19.800000;2026-08-11 00:00:00;12201114;CREATEORDER;SHG3JHCD2C9;MWUG3CI/A;"{""orderDetailsResponses"":{""deviceEligibility"":{""secondaryDisplay"":""1"",""partDescription"":""AppleCare+ para iMac (M4)"",""coverageDuration"":""3"",""productStatement"":""AppleCare+ para iMac (M4) amplía la cobertura de servicio y soporte técnico a 3 años desde la fecha de compra de AppleCare+ e incluye cobertura para una cantidad ilimitada de incidentes por daño accidental debido a la manipulación del producto, cada uno de ellos sujeto a un cargo adicional de R$96000  por daños en la pantalla o la carcasa externa o de R$289000  por Otros daños accidentales. Lee todos los detalles en los Términos y condiciones de AppleCare+."",""deviceDateOfPurchase"":""11/08/2026"",""deviceId"":""SHG3JHCD2C9"",""registeredDevice"":""1"",""pocType"":""RPOC"",""serialNumber"":""HG3JHCD2C9"",""partNumber"":""SR1A2ZX/A"",""partAlias"":""ACP"",""purchaseMode"":""C"",""productDescription"":""iMac (24-inch,2024, Two ports)""}},""orderErrorResponse"":{""errorCode"":""GRX-50017"",""errorMessage"":""El nombre y los apellidos no pueden superar los 34 caracteres.""},""transactionId"":""d34b6d01-eeac-4f8b-84c0-e6e3cdaeb866-1786470679012""}"
True;5113117;2026-08-11 13:51:21.517000;2026-08-11 00:00:00;33901055;CREATEORDER;sfwy2j377tr;MG8J4BE/A;"{""orderDetailsResponses"":{""deviceEligibility"":{""secondaryDisplay"":""0"",""partDescription"":""AppleCare+ con robo y pérdida para iPhone 17 Pro"",""coverageDuration"":""2"",""productStatement"":""Tu AppleCare+ con robo y pérdida para iPhone 17 Pro amplía la cobertura de servicio y soporte técnico a 2 años desde la fecha de compra de AppleCare+ con robo y pérdida e incluye cobertura para una cantidad ilimitada de incidentes por daño accidental debido a la manipulación del producto o un máximo de dos incidentes de robo y pérdida cada 12 meses, cada uno de ellos sujeto a un cargo adicional de R$96000  por Otros daños accidentales o de R$28000  por los daños de la pantalla o la carcasa externa o de R$144000  por robo o pérdida. Lee todos los detalles en los Términos y condiciones de AppleCare+."",""deviceDateOfPurchase"":""11/08/2026"",""deviceId"":""SFWY2J377TR"",""registeredDevice"":""1"",""pocType"":""APOC"",""serialNumber"":""FWY2J377TR"",""partNumber"":""SX342ZX/A"",""partAlias"":""ACPTL"",""purchaseMode"":""C"",""productDescription"":""iPhone 17 Pro"",""tlDisclosure"":""La cobertura de robo y pérdida requiere que tengas la función Buscar habilitada en tu dispositivo antes de que se pierda o te lo roben. Durante el proceso de reclamación, te pediremos que uses la función Buscar para poner el dispositivo perdido o robado en modo Perdido, borrarlo y transferir la propiedad a Apple para que podamos asignarte un nuevo dispositivo. Para asegurarte de que puedas iniciar sesión en Buscar y acceder a esta función, es importante que recuerdes tu ID de Apple y contraseña, y que mantengas la información de tu cuenta actualizada. Si usas la autenticación de doble factor para el ID de Apple, te recomendamos que añadas un número de teléfono adicional de confianza a tu cuenta en el que puedas recibir el código de verificación de 6 dígitos que necesitas para iniciar sesión aunque no tengas tu iPhone. Para obtener más información, visita las páginas de Soporte técnico de Apple.""},""orderConfirmation"":{""agreementNumber"":""328097721669"",""coverageDurationStatement"":""Finaliza el 10/08/2028"",""termConditionURL"":""http://www.apple.com/legal/sales-support/"",""partNumber"":""SX342ZX/A"",""partAlias"":""ACPTL"",""partType"":""AC+TL"",""purchaseMode"":""C"",""appleCareSalesDate"":""11/08/2026"",""pocType"":""APOC"",""purchaseOrderNumber"":""33901055""}},""transactionId"":""a763bc53-bc1c-4f4c-bc87-b882fec2c056-1786470676773""}"
False;5076984;2026-08-11 13:52:01.730000;2026-08-11 00:00:00;12101114;CREATEORDER;SHG3JHCD2C9;MWUG3CI/A;"{""orderDetailsResponses"":{""deviceEligibility"":{""secondaryDisplay"":""1"",""partDescription"":""AppleCare+ para iMac (M4)"",""coverageDuration"":""3"",""productStatement"":""AppleCare+ para iMac (M4) amplía la cobertura de servicio y soporte técnico a 3 años desde la fecha de compra de AppleCare+ e incluye cobertura para una cantidad ilimitada de incidentes por daño accidental debido a la manipulación del producto, cada uno de ellos sujeto a un cargo adicional de R$96000  por daños en la pantalla o la carcasa externa o de R$289000  por Otros daños accidentales. Lee todos los detalles en los Términos y condiciones de AppleCare+."",""deviceDateOfPurchase"":""11/08/2026"",""deviceId"":""SHG3JHCD2C9"",""registeredDevice"":""1"",""pocType"":""RPOC"",""serialNumber"":""HG3JHCD2C9"",""partNumber"":""SR1A2ZX/A"",""partAlias"":""ACP"",""purchaseMode"":""C"",""productDescription"":""iMac (24-inch,2024, Two ports)""}},""orderErrorResponse"":{""errorCode"":""GRX-50017"",""errorMessage"":""El nombre y los apellidos no pueden superar los 34 caracteres.""},""transactionId"":""6be48afa-76e9-4603-94f4-a3b4f00f268e-1786470720999""}"
False;5076984;2026-08-11 13:52:04.650000;2026-08-11 00:00:00;12201114;CREATEORDER;SHG3JHCD2C9;MWUG3CI/A;"{""orderDetailsResponses"":{""deviceEligibility"":{""secondaryDisplay"":""1"",""partDescription"":""AppleCare+ para iMac (M4)"",""coverageDuration"":""3"",""productStatement"":""AppleCare+ para iMac (M4) amplía la cobertura de servicio y soporte técnico a 3 años desde la fecha de compra de AppleCare+ e incluye cobertura para una cantidad ilimitada de incidentes por daño accidental debido a la manipulación del producto, cada uno de ellos sujeto a un cargo adicional de R$96000  por daños en la pantalla o la carcasa externa o de R$289000  por Otros daños accidentales. Lee todos los detalles en los Términos y condiciones de AppleCare+."",""deviceDateOfPurchase"":""11/08/2026"",""deviceId"":""SHG3JHCD2C9"",""registeredDevice"":""1"",""pocType"":""RPOC"",""serialNumber"":""HG3JHCD2C9"",""partNumber"":""SR1A2ZX/A"",""partAlias"":""ACP"",""purchaseMode"":""C"",""productDescription"":""iMac (24-inch,2024, Two ports)""}},""orderErrorResponse"":{""errorCode"":""GRX-50017"",""errorMessage"":""El nombre y los apellidos no pueden superar los 34 caracteres.""},""transactionId"":""19a6700a-d764-4c72-8703-29d045688c6f-1786470723918""}"
True;5083214;2026-08-11 13:53:53.903000;2026-08-11 00:00:00;18901127;VERIFYORDER;SGK364PV2RG;MDWQ4CI/A;"{""orderDetailsResponses"":{""deviceEligibility"":{""secondaryDisplay"":""1"",""partDescription"":""AppleCare+ para iPad Pro 11-inch (M5)"",""coverageDuration"":""2"",""productStatement"":""AppleCare+ para iPad Pro 11-inch (M5) amplía la cobertura de servicio y soporte técnico a 2 años desde la fecha de compra de AppleCare+ e incluye cobertura para una cantidad ilimitada de incidentes por daño accidental debido a la manipulación del producto, cada uno de ellos sujeto a un cargo adicional de R$28000  por Apple Pencil / Keyboard o de R$28000  por Daños que afectan solo a la pantalla o de R$96000  por Otros daños accidentales. Lee todos los detalles en los Términos y condiciones de AppleCare+."",""deviceDateOfPurchase"":""11/08/2026"",""deviceId"":""SGK364PV2RG"",""registeredDevice"":""1"",""pocType"":""APOC"",""serialNumber"":""GK364PV2RG"",""partNumber"":""SXT02ZX/A"",""partAlias"":""ACP"",""purchaseMode"":""C"",""productDescription"":""iPad Pro 11-inch (M5) Wi-Fi""}},""transactionId"":""df95a1a8-3275-41dc-b038-6c810096f623-1786470833383""}"
False;5076984;2026-08-11 13:56:20.890000;2026-08-11 00:00:00;12101114;CREATEORDER;SHG3JHCD2C9;MWUG3CI/A;"{""orderDetailsResponses"":{""deviceEligibility"":{""secondaryDisplay"":""1"",""partDescription"":""AppleCare+ para iMac (M4)"",""coverageDuration"":""3"",""productStatement"":""AppleCare+ para iMac (M4) amplía la cobertura de servicio y soporte técnico a 3 años desde la fecha de compra de AppleCare+ e incluye cobertura para una cantidad ilimitada de incidentes por daño accidental debido a la manipulación del producto, cada uno de ellos sujeto a un cargo adicional de R$96000  por daños en la pantalla o la carcasa externa o de R$289000  por Otros daños accidentales. Lee todos los detalles en los Términos y condiciones de AppleCare+."",""deviceDateOfPurchase"":""11/08/2026"",""deviceId"":""SHG3JHCD2C9"",""registeredDevice"":""1"",""pocType"":""RPOC"",""serialNumber"":""HG3JHCD2C9"",""partNumber"":""SR1A2ZX/A"",""partAlias"":""ACP"",""purchaseMode"":""C"",""productDescription"":""iMac (24-inch,2024, Two ports)""}},""orderErrorResponse"":{""errorCode"":""GRX-50017"",""errorMessage"":""El nombre y los apellidos no pueden superar los 34 caracteres.""},""transactionId"":""4051f5f5-d255-4fce-a95d-9d6baaf008a7-1786470980165""}"
False;5076984;2026-08-11 13:56:22.963000;2026-08-11 00:00:00;12201114;CREATEORDER;SHG3JHCD2C9;MWUG3CI/A;"{""orderDetailsResponses"":{""deviceEligibility"":{""secondaryDisplay"":""1"",""partDescription"":""AppleCare+ para iMac (M4)"",""coverageDuration"":""3"",""productStatement"":""AppleCare+ para iMac (M4) amplía la cobertura de servicio y soporte técnico a 3 años desde la fecha de compra de AppleCare+ e incluye cobertura para una cantidad ilimitada de incidentes por daño accidental debido a la manipulación del producto, cada uno de ellos sujeto a un cargo adicional de R$96000  por daños en la pantalla o la carcasa externa o de R$289000  por Otros daños accidentales. Lee todos los detalles en los Términos y condiciones de AppleCare+."",""deviceDateOfPurchase"":""11/08/2026"",""deviceId"":""SHG3JHCD2C9"",""registeredDevice"":""1"",""pocType"":""RPOC"",""serialNumber"":""HG3JHCD2C9"",""partNumber"":""SR1A2ZX/A"",""partAlias"":""ACP"",""purchaseMode"":""C"",""productDescription"":""iMac (24-inch,2024, Two ports)""}},""orderErrorResponse"":{""errorCode"":""GRX-50017"",""errorMessage"":""El nombre y los apellidos no pueden superar los 34 caracteres.""},""transactionId"":""765b6a2a-a200-4afb-94af-927679d22115-1786470982273""}"
False;5076984;2026-08-11 13:56:53.500000;2026-08-11 00:00:00;12101114;CREATEORDER;SHG3JHCD2C9;MWUG3CI/A;"{""orderDetailsResponses"":{""deviceEligibility"":{""secondaryDisplay"":""1"",""partDescription"":""AppleCare+ para iMac (M4)"",""coverageDuration"":""3"",""productStatement"":""AppleCare+ para iMac (M4) amplía la cobertura de servicio y soporte técnico a 3 años desde la fecha de compra de AppleCare+ e incluye cobertura para una cantidad ilimitada de incidentes por daño accidental debido a la manipulación del producto, cada uno de ellos sujeto a un cargo adicional de R$96000  por daños en la pantalla o la carcasa externa o de R$289000  por Otros daños accidentales. Lee todos los detalles en los Términos y condiciones de AppleCare+."",""deviceDateOfPurchase"":""11/08/2026"",""deviceId"":""SHG3JHCD2C9"",""registeredDevice"":""1"",""pocType"":""RPOC"",""serialNumber"":""HG3JHCD2C9"",""partNumber"":""SR1A2ZX/A"",""partAlias"":""ACP"",""purchaseMode"":""C"",""productDescription"":""iMac (24-inch,2024, Two ports)""}},""orderErrorResponse"":{""errorCode"":""GRX-50017"",""errorMessage"":""El nombre y los apellidos no pueden superar los 34 caracteres.""},""transactionId"":""8b40a6f3-a9c0-4c13-8f72-9dfcea0d2fdb-1786471012744""}"
False;5076984;2026-08-11 13:56:54.760000;2026-08-11 00:00:00;12201114;CREATEORDER;SHG3JHCD2C9;MWUG3CI/A;"{""orderDetailsResponses"":{""deviceEligibility"":{""secondaryDisplay"":""1"",""partDescription"":""AppleCare+ para iMac (M4)"",""coverageDuration"":""3"",""productStatement"":""AppleCare+ para iMac (M4) amplía la cobertura de servicio y soporte técnico a 3 años desde la fecha de compra de AppleCare+ e incluye cobertura para una cantidad ilimitada de incidentes por daño accidental debido a la manipulación del producto, cada uno de ellos sujeto a un cargo adicional de R$96000  por daños en la pantalla o la carcasa externa o de R$289000  por Otros daños accidentales. Lee todos los detalles en los Términos y condiciones de AppleCare+."",""deviceDateOfPurchase"":""11/08/2026"",""deviceId"":""SHG3JHCD2C9"",""registeredDevice"":""1"",""pocType"":""RPOC"",""serialNumber"":""HG3JHCD2C9"",""partNumber"":""SR1A2ZX/A"",""partAlias"":""ACP"",""purchaseMode"":""C"",""productDescription"":""iMac (24-inch,2024, Two ports)""}},""orderErrorResponse"":{""errorCode"":""GRX-50017"",""errorMessage"":""El nombre y los apellidos no pueden superar los 34 caracteres.""},""transactionId"":""2c0d5c0c-5535-4f3d-bcc2-34845b33eaed-1786471014048""}"
True;5083214;2026-08-11 13:57:22.370000;2026-08-11 00:00:00;18901127;CREATEORDER;SGK364PV2RG;MDWQ4CI/A;"{""orderDetailsResponses"":{""deviceEligibility"":{""secondaryDisplay"":""1"",""partDescription"":""AppleCare+ para iPad Pro 11-inch (M5)"",""coverageDuration"":""2"",""productStatement"":""AppleCare+ para iPad Pro 11-inch (M5) amplía la cobertura de servicio y soporte técnico a 2 años desde la fecha de compra de AppleCare+ e incluye cobertura para una cantidad ilimitada de incidentes por daño accidental debido a la manipulación del producto, cada uno de ellos sujeto a un cargo adicional de R$28000  por Apple Pencil / Keyboard o de R$28000  por Daños que afectan solo a la pantalla o de R$96000  por Otros daños accidentales. Lee todos los detalles en los Términos y condiciones de AppleCare+."",""deviceDateOfPurchase"":""11/08/2026"",""deviceId"":""SGK364PV2RG"",""registeredDevice"":""1"",""pocType"":""APOC"",""serialNumber"":""GK364PV2RG"",""partNumber"":""SXT02ZX/A"",""partAlias"":""ACP"",""purchaseMode"":""C"",""productDescription"":""iPad Pro 11-inch (M5) Wi-Fi""},""orderConfirmation"":{""agreementNumber"":""328097726130"",""coverageDurationStatement"":""Finaliza el 10/08/2028"",""termConditionURL"":""http://www.apple.com/legal/sales-support/"",""partNumber"":""SXT02ZX/A"",""partAlias"":""ACP"",""partType"":""AppleCare+"",""purchaseMode"":""C"",""appleCareSalesDate"":""11/08/2026"",""pocType"":""APOC"",""purchaseOrderNumber"":""18901127""}},""transactionId"":""b8c126a0-a416-4c79-b7a9-c8f789a1c78f-1786471037869""}"
False;5076984;2026-08-11 14:01:18.993000;2026-08-11 00:00:00;12101114;CREATEORDER;SHG3JHCD2C9;MWUG3CI/A;"{""orderDetailsResponses"":{""deviceEligibility"":{""secondaryDisplay"":""1"",""partDescription"":""AppleCare+ para iMac (M4)"",""coverageDuration"":""3"",""productStatement"":""AppleCare+ para iMac (M4) amplía la cobertura de servicio y soporte técnico a 3 años desde la fecha de compra de AppleCare+ e incluye cobertura para una cantidad ilimitada de incidentes por daño accidental debido a la manipulación del producto, cada uno de ellos sujeto a un cargo adicional de R$96000  por daños en la pantalla o la carcasa externa o de R$289000  por Otros daños accidentales. Lee todos los detalles en los Términos y condiciones de AppleCare+."",""deviceDateOfPurchase"":""11/08/2026"",""deviceId"":""SHG3JHCD2C9"",""registeredDevice"":""1"",""pocType"":""RPOC"",""serialNumber"":""HG3JHCD2C9"",""partNumber"":""SR1A2ZX/A"",""partAlias"":""ACP"",""purchaseMode"":""C"",""productDescription"":""iMac (24-inch,2024, Two ports)""}},""orderErrorResponse"":{""errorCode"":""GRX-50017"",""errorMessage"":""El nombre y los apellidos no pueden superar los 34 caracteres.""},""transactionId"":""97e190c9-7a55-40c7-8f81-a1291cf0e563-1786471278175""}"
False;5076984;2026-08-11 14:01:21.167000;2026-08-11 00:00:00;12201114;CREATEORDER;SHG3JHCD2C9;MWUG3CI/A;"{""orderDetailsResponses"":{""deviceEligibility"":{""secondaryDisplay"":""1"",""partDescription"":""AppleCare+ para iMac (M4)"",""coverageDuration"":""3"",""productStatement"":""AppleCare+ para iMac (M4) amplía la cobertura de servicio y soporte técnico a 3 años desde la fecha de compra de AppleCare+ e incluye cobertura para una cantidad ilimitada de incidentes por daño accidental debido a la manipulación del producto, cada uno de ellos sujeto a un cargo adicional de R$96000  por daños en la pantalla o la carcasa externa o de R$289000  por Otros daños accidentales. Lee todos los detalles en los Términos y condiciones de AppleCare+."",""deviceDateOfPurchase"":""11/08/2026"",""deviceId"":""SHG3JHCD2C9"",""registeredDevice"":""1"",""pocType"":""RPOC"",""serialNumber"":""HG3JHCD2C9"",""partNumber"":""SR1A2ZX/A"",""partAlias"":""ACP"",""purchaseMode"":""C"",""productDescription"":""iMac (24-inch,2024, Two ports)""}},""orderErrorResponse"":{""errorCode"":""GRX-50017"",""errorMessage"":""El nombre y los apellidos no pueden superar los 34 caracteres.""},""transactionId"":""2987866c-292d-46f6-81b9-bc824bdc978f-1786471280439""}"
False;5076984;2026-08-11 14:02:10.800000;2026-08-11 00:00:00;12101114;CREATEORDER;SHG3JHCD2C9;MWUG3CI/A;"{""orderDetailsResponses"":{""deviceEligibility"":{""secondaryDisplay"":""1"",""partDescription"":""AppleCare+ para iMac (M4)"",""coverageDuration"":""3"",""productStatement"":""AppleCare+ para iMac (M4) amplía la cobertura de servicio y soporte técnico a 3 años desde la fecha de compra de AppleCare+ e incluye cobertura para una cantidad ilimitada de incidentes por daño accidental debido a la manipulación del producto, cada uno de ellos sujeto a un cargo adicional de R$96000  por daños en la pantalla o la carcasa externa o de R$289000  por Otros daños accidentales. Lee todos los detalles en los Términos y condiciones de AppleCare+."",""deviceDateOfPurchase"":""11/08/2026"",""deviceId"":""SHG3JHCD2C9"",""registeredDevice"":""1"",""pocType"":""RPOC"",""serialNumber"":""HG3JHCD2C9"",""partNumber"":""SR1A2ZX/A"",""partAlias"":""ACP"",""purchaseMode"":""C"",""productDescription"":""iMac (24-inch,2024, Two ports)""}},""orderErrorResponse"":{""errorCode"":""GRX-50017"",""errorMessage"":""El nombre y los apellidos no pueden superar los 34 caracteres.""},""transactionId"":""c1412bd9-b37b-4644-b93f-dc0b59732f1f-1786471330083""}"
False;5076984;2026-08-11 14:02:20.180000;2026-08-11 00:00:00;12201114;CREATEORDER;SHG3JHCD2C9;MWUG3CI/A;"{""orderDetailsResponses"":{""deviceEligibility"":{""secondaryDisplay"":""1"",""partDescription"":""AppleCare+ para iMac (M4)"",""coverageDuration"":""3"",""productStatement"":""AppleCare+ para iMac (M4) amplía la cobertura de servicio y soporte técnico a 3 años desde la fecha de compra de AppleCare+ e incluye cobertura para una cantidad ilimitada de incidentes por daño accidental debido a la manipulación del producto, cada uno de ellos sujeto a un cargo adicional de R$96000  por daños en la pantalla o la carcasa externa o de R$289000  por Otros daños accidentales. Lee todos los detalles en los Términos y condiciones de AppleCare+."",""deviceDateOfPurchase"":""11/08/2026"",""deviceId"":""SHG3JHCD2C9"",""registeredDevice"":""1"",""pocType"":""RPOC"",""serialNumber"":""HG3JHCD2C9"",""partNumber"":""SR1A2ZX/A"",""partAlias"":""ACP"",""purchaseMode"":""C"",""productDescription"":""iMac (24-inch,2024, Two ports)""}},""orderErrorResponse"":{""errorCode"":""GRX-50017"",""errorMessage"":""El nombre y los apellidos no pueden superar los 34 caracteres.""},""transactionId"":""5f1ff264-4e92-40ab-b837-4630b924b2af-1786471339461""}"
True;1309180;2026-08-11 14:03:44.443000;2026-08-11 00:00:00;16701065;VERIFYORDER;SCQN2G2LX79;MG6K4BE/A;"{""orderDetailsResponses"":{""deviceEligibility"":{""secondaryDisplay"":""0"",""partDescription"":""AppleCare+ con robo y pérdida para iPhone 17"",""coverageDuration"":""2"",""productStatement"":""Tu AppleCare+ con robo y pérdida para iPhone 17 amplía la cobertura de servicio y soporte técnico a 2 años desde la fecha de compra de AppleCare+ con robo y pérdida e incluye cobertura para una cantidad ilimitada de incidentes por daño accidental debido a la manipulación del producto o un máximo de dos incidentes de robo y pérdida cada 12 meses, cada uno de ellos sujeto a un cargo adicional de R$96000  por Otros daños accidentales o de R$28000  por los daños de la pantalla o la carcasa externa o de R$144000  por robo o pérdida. Lee todos los detalles en los Términos y condiciones de AppleCare+."",""deviceDateOfPurchase"":""11/08/2026"",""deviceId"":""SCQN2G2LX79"",""registeredDevice"":""1"",""pocType"":""APOC"",""serialNumber"":""CQN2G2LX79"",""partNumber"":""SX2V2ZX/A"",""partAlias"":""ACPTL"",""purchaseMode"":""C"",""productDescription"":""iPhone 17"",""tlDisclosure"":""La cobertura de robo y pérdida requiere que tengas la función Buscar habilitada en tu dispositivo antes de que se pierda o te lo roben. Durante el proceso de reclamación, te pediremos que uses la función Buscar para poner el dispositivo perdido o robado en modo Perdido, borrarlo y transferir la propiedad a Apple para que podamos asignarte un nuevo dispositivo. Para asegurarte de que puedas iniciar sesión en Buscar y acceder a esta función, es importante que recuerdes tu ID de Apple y contraseña, y que mantengas la información de tu cuenta actualizada. Si usas la autenticación de doble factor para el ID de Apple, te recomendamos que añadas un número de teléfono adicional de confianza a tu cuenta en el que puedas recibir el código de verificación de 6 dígitos que necesitas para iniciar sesión aunque no tengas tu iPhone. Para obtener más información, visita las páginas de Soporte técnico de Apple.""}},""transactionId"":""e1b5582c-65c1-4afd-b45f-3ccff61efa5f-1786471423887""}"
True;1309180;2026-08-11 14:06:15.110000;2026-08-11 00:00:00;16701065;CREATEORDER;SCQN2G2LX79;MG6K4BE/A;"{""orderDetailsResponses"":{""deviceEligibility"":{""secondaryDisplay"":""0"",""partDescription"":""AppleCare+ con robo y pérdida para iPhone 17"",""coverageDuration"":""2"",""productStatement"":""Tu AppleCare+ con robo y pérdida para iPhone 17 amplía la cobertura de servicio y soporte técnico a 2 años desde la fecha de compra de AppleCare+ con robo y pérdida e incluye cobertura para una cantidad ilimitada de incidentes por daño accidental debido a la manipulación del producto o un máximo de dos incidentes de robo y pérdida cada 12 meses, cada uno de ellos sujeto a un cargo adicional de R$96000  por Otros daños accidentales o de R$28000  por los daños de la pantalla o la carcasa externa o de R$144000  por robo o pérdida. Lee todos los detalles en los Términos y condiciones de AppleCare+."",""deviceDateOfPurchase"":""11/08/2026"",""deviceId"":""SCQN2G2LX79"",""registeredDevice"":""1"",""pocType"":""APOC"",""serialNumber"":""CQN2G2LX79"",""partNumber"":""SX2V2ZX/A"",""partAlias"":""ACPTL"",""purchaseMode"":""C"",""productDescription"":""iPhone 17"",""tlDisclosure"":""La cobertura de robo y pérdida requiere que tengas la función Buscar habilitada en tu dispositivo antes de que se pierda o te lo roben. Durante el proceso de reclamación, te pediremos que uses la función Buscar para poner el dispositivo perdido o robado en modo Perdido, borrarlo y transferir la propiedad a Apple para que podamos asignarte un nuevo dispositivo. Para asegurarte de que puedas iniciar sesión en Buscar y acceder a esta función, es importante que recuerdes tu ID de Apple y contraseña, y que mantengas la información de tu cuenta actualizada. Si usas la autenticación de doble factor para el ID de Apple, te recomendamos que añadas un número de teléfono adicional de confianza a tu cuenta en el que puedas recibir el código de verificación de 6 dígitos que necesitas para iniciar sesión aunque no tengas tu iPhone. Para obtener más información, visita las páginas de Soporte técnico de Apple.""},""orderConfirmation"":{""agreementNumber"":""328097722693"",""coverageDurationStatement"":""Finaliza el 10/08/2028"",""termConditionURL"":""http://www.apple.com/legal/sales-support/"",""partNumber"":""SX2V2ZX/A"",""partAlias"":""ACPTL"",""partType"":""AC+TL"",""purchaseMode"":""C"",""appleCareSalesDate"":""11/08/2026"",""pocType"":""APOC"",""purchaseOrderNumber"":""16701065""}},""transactionId"":""34369d3e-9b80-4df5-87d6-315212f9799d-1786471570279""}"
False;5076984;2026-08-11 14:06:17.607000;2026-08-11 00:00:00;12101114;CREATEORDER;SHG3JHCD2C9;MWUG3CI/A;"{""orderDetailsResponses"":{""deviceEligibility"":{""secondaryDisplay"":""1"",""partDescription"":""AppleCare+ para iMac (M4)"",""coverageDuration"":""3"",""productStatement"":""AppleCare+ para iMac (M4) amplía la cobertura de servicio y soporte técnico a 3 años desde la fecha de compra de AppleCare+ e incluye cobertura para una cantidad ilimitada de incidentes por daño accidental debido a la manipulación del producto, cada uno de ellos sujeto a un cargo adicional de R$96000  por daños en la pantalla o la carcasa externa o de R$289000  por Otros daños accidentales. Lee todos los detalles en los Términos y condiciones de AppleCare+."",""deviceDateOfPurchase"":""11/08/2026"",""deviceId"":""SHG3JHCD2C9"",""registeredDevice"":""1"",""pocType"":""RPOC"",""serialNumber"":""HG3JHCD2C9"",""partNumber"":""SR1A2ZX/A"",""partAlias"":""ACP"",""purchaseMode"":""C"",""productDescription"":""iMac (24-inch,2024, Two ports)""}},""orderErrorResponse"":{""errorCode"":""GRX-50017"",""errorMessage"":""El nombre y los apellidos no pueden superar los 34 caracteres.""},""transactionId"":""becab2b1-af44-40e8-8654-a01eeb0669c2-1786471576750""}"
False;5076984;2026-08-11 14:06:28.100000;2026-08-11 00:00:00;12201114;CREATEORDER;SHG3JHCD2C9;MWUG3CI/A;"{""orderDetailsResponses"":{""deviceEligibility"":{""secondaryDisplay"":""1"",""partDescription"":""AppleCare+ para iMac (M4)"",""coverageDuration"":""3"",""productStatement"":""AppleCare+ para iMac (M4) amplía la cobertura de servicio y soporte técnico a 3 años desde la fecha de compra de AppleCare+ e incluye cobertura para una cantidad ilimitada de incidentes por daño accidental debido a la manipulación del producto, cada uno de ellos sujeto a un cargo adicional de R$96000  por daños en la pantalla o la carcasa externa o de R$289000  por Otros daños accidentales. Lee todos los detalles en los Términos y condiciones de AppleCare+."",""deviceDateOfPurchase"":""11/08/2026"",""deviceId"":""SHG3JHCD2C9"",""registeredDevice"":""1"",""pocType"":""RPOC"",""serialNumber"":""HG3JHCD2C9"",""partNumber"":""SR1A2ZX/A"",""partAlias"":""ACP"",""purchaseMode"":""C"",""productDescription"":""iMac (24-inch,2024, Two ports)""}},""orderErrorResponse"":{""errorCode"":""GRX-50017"",""errorMessage"":""El nombre y los apellidos no pueden superar los 34 caracteres.""},""transactionId"":""c85dbf3f-0f49-45db-9ddc-b40bb36febb8-1786471587353""}"
False;5076984;2026-08-11 14:07:04.117000;2026-08-11 00:00:00;12101114;CREATEORDER;SHG3JHCD2C9;MWUG3CI/A;"{""orderDetailsResponses"":{""deviceEligibility"":{""secondaryDisplay"":""1"",""partDescription"":""AppleCare+ para iMac (M4)"",""coverageDuration"":""3"",""productStatement"":""AppleCare+ para iMac (M4) amplía la cobertura de servicio y soporte técnico a 3 años desde la fecha de compra de AppleCare+ e incluye cobertura para una cantidad ilimitada de incidentes por daño accidental debido a la manipulación del producto, cada uno de ellos sujeto a un cargo adicional de R$96000  por daños en la pantalla o la carcasa externa o de R$289000  por Otros daños accidentales. Lee todos los detalles en los Términos y condiciones de AppleCare+."",""deviceDateOfPurchase"":""11/08/2026"",""deviceId"":""SHG3JHCD2C9"",""registeredDevice"":""1"",""pocType"":""RPOC"",""serialNumber"":""HG3JHCD2C9"",""partNumber"":""SR1A2ZX/A"",""partAlias"":""ACP"",""purchaseMode"":""C"",""productDescription"":""iMac (24-inch,2024, Two ports)""}},""orderErrorResponse"":{""errorCode"":""GRX-50017"",""errorMessage"":""El nombre y los apellidos no pueden superar los 34 caracteres.""},""transactionId"":""daae65cb-ecd9-4cd5-af7c-44c5777a127f-1786471623324""}"
False;5076984;2026-08-11 14:07:06.293000;2026-08-11 00:00:00;12201114;CREATEORDER;SHG3JHCD2C9;MWUG3CI/A;"{""orderDetailsResponses"":{""deviceEligibility"":{""secondaryDisplay"":""1"",""partDescription"":""AppleCare+ para iMac (M4)"",""coverageDuration"":""3"",""productStatement"":""AppleCare+ para iMac (M4) amplía la cobertura de servicio y soporte técnico a 3 años desde la fecha de compra de AppleCare+ e incluye cobertura para una cantidad ilimitada de incidentes por daño accidental debido a la manipulación del producto, cada uno de ellos sujeto a un cargo adicional de R$96000  por daños en la pantalla o la carcasa externa o de R$289000  por Otros daños accidentales. Lee todos los detalles en los Términos y condiciones de AppleCare+."",""deviceDateOfPurchase"":""11/08/2026"",""deviceId"":""SHG3JHCD2C9"",""registeredDevice"":""1"",""pocType"":""RPOC"",""serialNumber"":""HG3JHCD2C9"",""partNumber"":""SR1A2ZX/A"",""partAlias"":""ACP"",""purchaseMode"":""C"",""productDescription"":""iMac (24-inch,2024, Two ports)""}},""orderErrorResponse"":{""errorCode"":""GRX-50017"",""errorMessage"":""El nombre y los apellidos no pueden superar los 34 caracteres.""},""transactionId"":""bb0aeb8e-e193-489d-8c3a-2264b493e6b2-1786471625515""}"
False;5076984;2026-08-11 14:11:19.200000;2026-08-11 00:00:00;12101114;CREATEORDER;SHG3JHCD2C9;MWUG3CI/A;"{""orderDetailsResponses"":{""deviceEligibility"":{""secondaryDisplay"":""1"",""partDescription"":""AppleCare+ para iMac (M4)"",""coverageDuration"":""3"",""productStatement"":""AppleCare+ para iMac (M4) amplía la cobertura de servicio y soporte técnico a 3 años desde la fecha de compra de AppleCare+ e incluye cobertura para una cantidad ilimitada de incidentes por daño accidental debido a la manipulación del producto, cada uno de ellos sujeto a un cargo adicional de R$96000  por daños en la pantalla o la carcasa externa o de R$289000  por Otros daños accidentales. Lee todos los detalles en los Términos y condiciones de AppleCare+."",""deviceDateOfPurchase"":""11/08/2026"",""deviceId"":""SHG3JHCD2C9"",""registeredDevice"":""1"",""pocType"":""RPOC"",""serialNumber"":""HG3JHCD2C9"",""partNumber"":""SR1A2ZX/A"",""partAlias"":""ACP"",""purchaseMode"":""C"",""productDescription"":""iMac (24-inch,2024, Two ports)""}},""orderErrorResponse"":{""errorCode"":""GRX-50017"",""errorMessage"":""El nombre y los apellidos no pueden superar los 34 caracteres.""},""transactionId"":""a22eed7c-abcf-43c3-838d-11019c4cdec4-1786471878263""}"
False;5076984;2026-08-11 14:11:21.147000;2026-08-11 00:00:00;12201114;CREATEORDER;SHG3JHCD2C9;MWUG3CI/A;"{""orderDetailsResponses"":{""deviceEligibility"":{""secondaryDisplay"":""1"",""partDescription"":""AppleCare+ para iMac (M4)"",""coverageDuration"":""3"",""productStatement"":""AppleCare+ para iMac (M4) amplía la cobertura de servicio y soporte técnico a 3 años desde la fecha de compra de AppleCare+ e incluye cobertura para una cantidad ilimitada de incidentes por daño accidental debido a la manipulación del producto, cada uno de ellos sujeto a un cargo adicional de R$96000  por daños en la pantalla o la carcasa externa o de R$289000  por Otros daños accidentales. Lee todos los detalles en los Términos y condiciones de AppleCare+."",""deviceDateOfPurchase"":""11/08/2026"",""deviceId"":""SHG3JHCD2C9"",""registeredDevice"":""1"",""pocType"":""RPOC"",""serialNumber"":""HG3JHCD2C9"",""partNumber"":""SR1A2ZX/A"",""partAlias"":""ACP"",""purchaseMode"":""C"",""productDescription"":""iMac (24-inch,2024, Two ports)""}},""orderErrorResponse"":{""errorCode"":""GRX-50017"",""errorMessage"":""El nombre y los apellidos no pueden superar los 34 caracteres.""},""transactionId"":""5222d758-5093-4378-8718-cd6a1f802cf9-1786471880261""}"
False;5076984;2026-08-11 14:12:01.613000;2026-08-11 00:00:00;12101114;CREATEORDER;SHG3JHCD2C9;MWUG3CI/A;"{""orderDetailsResponses"":{""deviceEligibility"":{""secondaryDisplay"":""1"",""partDescription"":""AppleCare+ para iMac (M4)"",""coverageDuration"":""3"",""productStatement"":""AppleCare+ para iMac (M4) amplía la cobertura de servicio y soporte técnico a 3 años desde la fecha de compra de AppleCare+ e incluye cobertura para una cantidad ilimitada de incidentes por daño accidental debido a la manipulación del producto, cada uno de ellos sujeto a un cargo adicional de R$96000  por daños en la pantalla o la carcasa externa o de R$289000  por Otros daños accidentales. Lee todos los detalles en los Términos y condiciones de AppleCare+."",""deviceDateOfPurchase"":""11/08/2026"",""deviceId"":""SHG3JHCD2C9"",""registeredDevice"":""1"",""pocType"":""RPOC"",""serialNumber"":""HG3JHCD2C9"",""partNumber"":""SR1A2ZX/A"",""partAlias"":""ACP"",""purchaseMode"":""C"",""productDescription"":""iMac (24-inch,2024, Two ports)""}},""orderErrorResponse"":{""errorCode"":""GRX-50017"",""errorMessage"":""El nombre y los apellidos no pueden superar los 34 caracteres.""},""transactionId"":""f601038a-c8a8-49c7-84c9-497e8ea393a7-1786471920886""}"
False;5076984;2026-08-11 14:12:03.233000;2026-08-11 00:00:00;12201114;CREATEORDER;SHG3JHCD2C9;MWUG3CI/A;"{""orderDetailsResponses"":{""deviceEligibility"":{""secondaryDisplay"":""1"",""partDescription"":""AppleCare+ para iMac (M4)"",""coverageDuration"":""3"",""productStatement"":""AppleCare+ para iMac (M4) amplía la cobertura de servicio y soporte técnico a 3 años desde la fecha de compra de AppleCare+ e incluye cobertura para una cantidad ilimitada de incidentes por daño accidental debido a la manipulación del producto, cada uno de ellos sujeto a un cargo adicional de R$96000  por daños en la pantalla o la carcasa externa o de R$289000  por Otros daños accidentales. Lee todos los detalles en los Términos y condiciones de AppleCare+."",""deviceDateOfPurchase"":""11/08/2026"",""deviceId"":""SHG3JHCD2C9"",""registeredDevice"":""1"",""pocType"":""RPOC"",""serialNumber"":""HG3JHCD2C9"",""partNumber"":""SR1A2ZX/A"",""partAlias"":""ACP"",""purchaseMode"":""C"",""productDescription"":""iMac (24-inch,2024, Two ports)""}},""orderErrorResponse"":{""errorCode"":""GRX-50017"",""errorMessage"":""El nombre y los apellidos no pueden superar los 34 caracteres.""},""transactionId"":""78bb9c66-624a-4a5e-aacf-9a69faf08e68-1786471922477""}"
True;1321787;2026-08-11 14:14:07.590000;2026-08-11 00:00:00;59701117;VERIFYORDER;SFPF4XJPXYH;MDHA4CI/A;"{""orderDetailsResponses"":{""deviceEligibility"":{""secondaryDisplay"":""1"",""partDescription"":""AppleCare+ para 13-inch MacBook Air (M5)"",""coverageDuration"":""3"",""productStatement"":""AppleCare+ para 13-inch MacBook Air (M5) amplía la cobertura de servicio y soporte técnico a 3 años desde la fecha de compra de AppleCare+ e incluye cobertura para una cantidad ilimitada de incidentes por daño accidental debido a la manipulación del producto, cada uno de ellos sujeto a un cargo adicional de R$96000  por daños en la pantalla o la carcasa externa o de R$289000  por Otros daños accidentales. Lee todos los detalles en los Términos y condiciones de AppleCare+."",""deviceDateOfPurchase"":""11/08/2026"",""deviceId"":""SFPF4XJPXYH"",""registeredDevice"":""1"",""pocType"":""APOC"",""serialNumber"":""FPF4XJPXYH"",""partNumber"":""SCW83ZX/A"",""partAlias"":""ACP"",""purchaseMode"":""C"",""productDescription"":""MacBook Air (13-inch, M5)""}},""transactionId"":""3b80d641-6ef5-4b7a-a71c-ba6f2b9813fc-1786472046960""}"
True;1321787;2026-08-11 14:16:11.533000;2026-08-11 00:00:00;59701117;CREATEORDER;SFPF4XJPXYH;MDHA4CI/A;"{""orderDetailsResponses"":{""deviceEligibility"":{""secondaryDisplay"":""1"",""partDescription"":""AppleCare+ para 13-inch MacBook Air (M5)"",""coverageDuration"":""3"",""productStatement"":""AppleCare+ para 13-inch MacBook Air (M5) amplía la cobertura de servicio y soporte técnico a 3 años desde la fecha de compra de AppleCare+ e incluye cobertura para una cantidad ilimitada de incidentes por daño accidental debido a la manipulación del producto, cada uno de ellos sujeto a un cargo adicional de R$96000  por daños en la pantalla o la carcasa externa o de R$289000  por Otros daños accidentales. Lee todos los detalles en los Términos y condiciones de AppleCare+."",""deviceDateOfPurchase"":""11/08/2026"",""deviceId"":""SFPF4XJPXYH"",""registeredDevice"":""1"",""pocType"":""APOC"",""serialNumber"":""FPF4XJPXYH"",""partNumber"":""SCW83ZX/A"",""partAlias"":""ACP"",""purchaseMode"":""C"",""productDescription"":""MacBook Air (13-inch, M5)""},""orderConfirmation"":{""agreementNumber"":""328097702842"",""coverageDurationStatement"":""Finaliza el 10/08/2029"",""termConditionURL"":""http://www.apple.com/legal/sales-support/"",""partNumber"":""SCW83ZX/A"",""partAlias"":""ACP"",""partType"":""AppleCare+"",""purchaseMode"":""C"",""appleCareSalesDate"":""11/08/2026"",""pocType"":""APOC"",""purchaseOrderNumber"":""59701117""}},""transactionId"":""58c51c4c-4a92-4d9a-ae98-d5f35639b58e-1786472168755""}"
False;5076984;2026-08-11 14:16:23.630000;2026-08-11 00:00:00;12101114;CREATEORDER;SHG3JHCD2C9;MWUG3CI/A;"{""orderDetailsResponses"":{""deviceEligibility"":{""secondaryDisplay"":""1"",""partDescription"":""AppleCare+ para iMac (M4)"",""coverageDuration"":""3"",""productStatement"":""AppleCare+ para iMac (M4) amplía la cobertura de servicio y soporte técnico a 3 años desde la fecha de compra de AppleCare+ e incluye cobertura para una cantidad ilimitada de incidentes por daño accidental debido a la manipulación del producto, cada uno de ellos sujeto a un cargo adicional de R$96000  por daños en la pantalla o la carcasa externa o de R$289000  por Otros daños accidentales. Lee todos los detalles en los Términos y condiciones de AppleCare+."",""deviceDateOfPurchase"":""11/08/2026"",""deviceId"":""SHG3JHCD2C9"",""registeredDevice"":""1"",""pocType"":""RPOC"",""serialNumber"":""HG3JHCD2C9"",""partNumber"":""SR1A2ZX/A"",""partAlias"":""ACP"",""purchaseMode"":""C"",""productDescription"":""iMac (24-inch,2024, Two ports)""}},""orderErrorResponse"":{""errorCode"":""GRX-50017"",""errorMessage"":""El nombre y los apellidos no pueden superar los 34 caracteres.""},""transactionId"":""bc6f2d56-90bb-4448-876c-7553c827ac67-1786472182877""}"
False;5076984;2026-08-11 14:16:25.043000;2026-08-11 00:00:00;12201114;CREATEORDER;SHG3JHCD2C9;MWUG3CI/A;"{""orderDetailsResponses"":{""deviceEligibility"":{""secondaryDisplay"":""1"",""partDescription"":""AppleCare+ para iMac (M4)"",""coverageDuration"":""3"",""productStatement"":""AppleCare+ para iMac (M4) amplía la cobertura de servicio y soporte técnico a 3 años desde la fecha de compra de AppleCare+ e incluye cobertura para una cantidad ilimitada de incidentes por daño accidental debido a la manipulación del producto, cada uno de ellos sujeto a un cargo adicional de R$96000  por daños en la pantalla o la carcasa externa o de R$289000  por Otros daños accidentales. Lee todos los detalles en los Términos y condiciones de AppleCare+."",""deviceDateOfPurchase"":""11/08/2026"",""deviceId"":""SHG3JHCD2C9"",""registeredDevice"":""1"",""pocType"":""RPOC"",""serialNumber"":""HG3JHCD2C9"",""partNumber"":""SR1A2ZX/A"",""partAlias"":""ACP"",""purchaseMode"":""C"",""productDescription"":""iMac (24-inch,2024, Two ports)""}},""orderErrorResponse"":{""errorCode"":""GRX-50017"",""errorMessage"":""El nombre y los apellidos no pueden superar los 34 caracteres.""},""transactionId"":""2443cbc6-6110-4cfa-aa94-10015fcb1948-1786472184247""}"
False;5076984;2026-08-11 14:16:58.177000;2026-08-11 00:00:00;12101114;CREATEORDER;SHG3JHCD2C9;MWUG3CI/A;"{""orderDetailsResponses"":{""deviceEligibility"":{""secondaryDisplay"":""1"",""partDescription"":""AppleCare+ para iMac (M4)"",""coverageDuration"":""3"",""productStatement"":""AppleCare+ para iMac (M4) amplía la cobertura de servicio y soporte técnico a 3 años desde la fecha de compra de AppleCare+ e incluye cobertura para una cantidad ilimitada de incidentes por daño accidental debido a la manipulación del producto, cada uno de ellos sujeto a un cargo adicional de R$96000  por daños en la pantalla o la carcasa externa o de R$289000  por Otros daños accidentales. Lee todos los detalles en los Términos y condiciones de AppleCare+."",""deviceDateOfPurchase"":""11/08/2026"",""deviceId"":""SHG3JHCD2C9"",""registeredDevice"":""1"",""pocType"":""RPOC"",""serialNumber"":""HG3JHCD2C9"",""partNumber"":""SR1A2ZX/A"",""partAlias"":""ACP"",""purchaseMode"":""C"",""productDescription"":""iMac (24-inch,2024, Two ports)""}},""orderErrorResponse"":{""errorCode"":""GRX-50017"",""errorMessage"":""El nombre y los apellidos no pueden superar los 34 caracteres.""},""transactionId"":""132ced35-2694-42d6-aa7f-805f05f4962b-1786472217342""}"
False;5076984;2026-08-11 14:16:59.477000;2026-08-11 00:00:00;12201114;CREATEORDER;SHG3JHCD2C9;MWUG3CI/A;"{""orderDetailsResponses"":{""deviceEligibility"":{""secondaryDisplay"":""1"",""partDescription"":""AppleCare+ para iMac (M4)"",""coverageDuration"":""3"",""productStatement"":""AppleCare+ para iMac (M4) amplía la cobertura de servicio y soporte técnico a 3 años desde la fecha de compra de AppleCare+ e incluye cobertura para una cantidad ilimitada de incidentes por daño accidental debido a la manipulación del producto, cada uno de ellos sujeto a un cargo adicional de R$96000  por daños en la pantalla o la carcasa externa o de R$289000  por Otros daños accidentales. Lee todos los detalles en los Términos y condiciones de AppleCare+."",""deviceDateOfPurchase"":""11/08/2026"",""deviceId"":""SHG3JHCD2C9"",""registeredDevice"":""1"",""pocType"":""RPOC"",""serialNumber"":""HG3JHCD2C9"",""partNumber"":""SR1A2ZX/A"",""partAlias"":""ACP"",""purchaseMode"":""C"",""productDescription"":""iMac (24-inch,2024, Two ports)""}},""orderErrorResponse"":{""errorCode"":""GRX-50017"",""errorMessage"":""El nombre y los apellidos no pueden superar los 34 caracteres.""},""transactionId"":""d340fbc6-a63f-4de3-8951-c3aa693f2848-1786472218760""}"
True;1322349;2026-08-11 14:20:17.040000;2026-08-11 00:00:00;51901087;VERIFYORDER;SHHDHQPP6TR;MFHP4AM/A;"{""orderDetailsResponses"":{""deviceEligibility"":{""secondaryDisplay"":""0"",""partDescription"":""AppleCare+ para Headphones - AirPods Pro"",""coverageDuration"":""2"",""productStatement"":""AppleCare+ para Headphones - AirPods Pro amplía la cobertura de servicio y soporte técnico a 2 años desde la fecha de compra de AppleCare+ e incluye cobertura para una cantidad ilimitada de incidentes por daño accidental debido a la manipulación del producto, cada uno de ellos sujeto a un cargo adicional de R$28000 . Lee todos los detalles en los Términos y condiciones de AppleCare+."",""deviceDateOfPurchase"":""11/08/2026"",""deviceId"":""SHHDHQPP6TR"",""registeredDevice"":""1"",""pocType"":""APOC"",""serialNumber"":""HHDHQPP6TR"",""partNumber"":""SYLW2ZX/A"",""partAlias"":""ACP"",""purchaseMode"":""C"",""productDescription"":""AirPods Pro 3""}},""transactionId"":""8404da99-d3b6-4326-9ec8-0e7206c4ee75-1786472416530""}"
False;5076984;2026-08-11 14:21:19.530000;2026-08-11 00:00:00;12101114;CREATEORDER;SHG3JHCD2C9;MWUG3CI/A;"{""orderDetailsResponses"":{""deviceEligibility"":{""secondaryDisplay"":""1"",""partDescription"":""AppleCare+ para iMac (M4)"",""coverageDuration"":""3"",""productStatement"":""AppleCare+ para iMac (M4) amplía la cobertura de servicio y soporte técnico a 3 años desde la fecha de compra de AppleCare+ e incluye cobertura para una cantidad ilimitada de incidentes por daño accidental debido a la manipulación del producto, cada uno de ellos sujeto a un cargo adicional de R$96000  por daños en la pantalla o la carcasa externa o de R$289000  por Otros daños accidentales. Lee todos los detalles en los Términos y condiciones de AppleCare+."",""deviceDateOfPurchase"":""11/08/2026"",""deviceId"":""SHG3JHCD2C9"",""registeredDevice"":""1"",""pocType"":""RPOC"",""serialNumber"":""HG3JHCD2C9"",""partNumber"":""SR1A2ZX/A"",""partAlias"":""ACP"",""purchaseMode"":""C"",""productDescription"":""iMac (24-inch,2024, Two ports)""}},""orderErrorResponse"":{""errorCode"":""GRX-50017"",""errorMessage"":""El nombre y los apellidos no pueden superar los 34 caracteres.""},""transactionId"":""adac53ba-74f2-45c4-ad7d-aad114134663-1786472478776""}"
False;5076984;2026-08-11 14:21:21.970000;2026-08-11 00:00:00;12201114;CREATEORDER;SHG3JHCD2C9;MWUG3CI/A;"{""orderDetailsResponses"":{""deviceEligibility"":{""secondaryDisplay"":""1"",""partDescription"":""AppleCare+ para iMac (M4)"",""coverageDuration"":""3"",""productStatement"":""AppleCare+ para iMac (M4) amplía la cobertura de servicio y soporte técnico a 3 años desde la fecha de compra de AppleCare+ e incluye cobertura para una cantidad ilimitada de incidentes por daño accidental debido a la manipulación del producto, cada uno de ellos sujeto a un cargo adicional de R$96000  por daños en la pantalla o la carcasa externa o de R$289000  por Otros daños accidentales. Lee todos los detalles en los Términos y condiciones de AppleCare+."",""deviceDateOfPurchase"":""11/08/2026"",""deviceId"":""SHG3JHCD2C9"",""registeredDevice"":""1"",""pocType"":""RPOC"",""serialNumber"":""HG3JHCD2C9"",""partNumber"":""SR1A2ZX/A"",""partAlias"":""ACP"",""purchaseMode"":""C"",""productDescription"":""iMac (24-inch,2024, Two ports)""}},""orderErrorResponse"":{""errorCode"":""GRX-50017"",""errorMessage"":""El nombre y los apellidos no pueden superar los 34 caracteres.""},""transactionId"":""fd71b5ac-4588-4f89-b8be-1968543f3b6a-1786472481186""}"
False;5076984;2026-08-11 14:21:55.810000;2026-08-11 00:00:00;12101114;CREATEORDER;SHG3JHCD2C9;MWUG3CI/A;"{""orderDetailsResponses"":{""deviceEligibility"":{""secondaryDisplay"":""1"",""partDescription"":""AppleCare+ para iMac (M4)"",""coverageDuration"":""3"",""productStatement"":""AppleCare+ para iMac (M4) amplía la cobertura de servicio y soporte técnico a 3 años desde la fecha de compra de AppleCare+ e incluye cobertura para una cantidad ilimitada de incidentes por daño accidental debido a la manipulación del producto, cada uno de ellos sujeto a un cargo adicional de R$96000  por daños en la pantalla o la carcasa externa o de R$289000  por Otros daños accidentales. Lee todos los detalles en los Términos y condiciones de AppleCare+."",""deviceDateOfPurchase"":""11/08/2026"",""deviceId"":""SHG3JHCD2C9"",""registeredDevice"":""1"",""pocType"":""RPOC"",""serialNumber"":""HG3JHCD2C9"",""partNumber"":""SR1A2ZX/A"",""partAlias"":""ACP"",""purchaseMode"":""C"",""productDescription"":""iMac (24-inch,2024, Two ports)""}},""orderErrorResponse"":{""errorCode"":""GRX-50017"",""errorMessage"":""El nombre y los apellidos no pueden superar los 34 caracteres.""},""transactionId"":""aa266468-e0e5-42de-8659-137239673050-1786472515020""}"
False;5076984;2026-08-11 14:21:58.007000;2026-08-11 00:00:00;12201114;CREATEORDER;SHG3JHCD2C9;MWUG3CI/A;"{""orderDetailsResponses"":{""deviceEligibility"":{""secondaryDisplay"":""1"",""partDescription"":""AppleCare+ para iMac (M4)"",""coverageDuration"":""3"",""productStatement"":""AppleCare+ para iMac (M4) amplía la cobertura de servicio y soporte técnico a 3 años desde la fecha de compra de AppleCare+ e incluye cobertura para una cantidad ilimitada de incidentes por daño accidental debido a la manipulación del producto, cada uno de ellos sujeto a un cargo adicional de R$96000  por daños en la pantalla o la carcasa externa o de R$289000  por Otros daños accidentales. Lee todos los detalles en los Términos y condiciones de AppleCare+."",""deviceDateOfPurchase"":""11/08/2026"",""deviceId"":""SHG3JHCD2C9"",""registeredDevice"":""1"",""pocType"":""RPOC"",""serialNumber"":""HG3JHCD2C9"",""partNumber"":""SR1A2ZX/A"",""partAlias"":""ACP"",""purchaseMode"":""C"",""productDescription"":""iMac (24-inch,2024, Two ports)""}},""orderErrorResponse"":{""errorCode"":""GRX-50017"",""errorMessage"":""El nombre y los apellidos no pueden superar los 34 caracteres.""},""transactionId"":""1ad320c0-8ea8-4325-b3fc-d9adac8cf86c-1786472517306""}"
True;1322349;2026-08-11 14:22:01.383000;2026-08-11 00:00:00;51901087;CREATEORDER;SHHDHQPP6TR;MFHP4AM/A;"{""orderDetailsResponses"":{""deviceEligibility"":{""secondaryDisplay"":""0"",""partDescription"":""AppleCare+ para Headphones - AirPods Pro"",""coverageDuration"":""2"",""productStatement"":""AppleCare+ para Headphones - AirPods Pro amplía la cobertura de servicio y soporte técnico a 2 años desde la fecha de compra de AppleCare+ e incluye cobertura para una cantidad ilimitada de incidentes por daño accidental debido a la manipulación del producto, cada uno de ellos sujeto a un cargo adicional de R$28000 . Lee todos los detalles en los Términos y condiciones de AppleCare+."",""deviceDateOfPurchase"":""11/08/2026"",""deviceId"":""SHHDHQPP6TR"",""registeredDevice"":""1"",""pocType"":""APOC"",""serialNumber"":""HHDHQPP6TR"",""partNumber"":""SYLW2ZX/A"",""partAlias"":""ACP"",""purchaseMode"":""C"",""productDescription"":""AirPods Pro 3""},""orderConfirmation"":{""agreementNumber"":""328097725190"",""coverageDurationStatement"":""Finaliza el 10/08/2028"",""termConditionURL"":""http://www.apple.com/legal/sales-support/"",""partNumber"":""SYLW2ZX/A"",""partAlias"":""ACP"",""partType"":""AppleCare+"",""purchaseMode"":""C"",""appleCareSalesDate"":""11/08/2026"",""pocType"":""APOC"",""purchaseOrderNumber"":""51901087""}},""transactionId"":""18b34b09-e610-45bc-af3a-577da1feb581-1786472516830""}"
False;5076984;2026-08-11 14:26:24.333000;2026-08-11 00:00:00;12101114;CREATEORDER;SHG3JHCD2C9;MWUG3CI/A;"{""orderDetailsResponses"":{""deviceEligibility"":{""secondaryDisplay"":""1"",""partDescription"":""AppleCare+ para iMac (M4)"",""coverageDuration"":""3"",""productStatement"":""AppleCare+ para iMac (M4) amplía la cobertura de servicio y soporte técnico a 3 años desde la fecha de compra de AppleCare+ e incluye cobertura para una cantidad ilimitada de incidentes por daño accidental debido a la manipulación del producto, cada uno de ellos sujeto a un cargo adicional de R$96000  por daños en la pantalla o la carcasa externa o de R$289000  por Otros daños accidentales. Lee todos los detalles en los Términos y condiciones de AppleCare+."",""deviceDateOfPurchase"":""11/08/2026"",""deviceId"":""SHG3JHCD2C9"",""registeredDevice"":""1"",""pocType"":""RPOC"",""serialNumber"":""HG3JHCD2C9"",""partNumber"":""SR1A2ZX/A"",""partAlias"":""ACP"",""purchaseMode"":""C"",""productDescription"":""iMac (24-inch,2024, Two ports)""}},""orderErrorResponse"":{""errorCode"":""GRX-50017"",""errorMessage"":""El nombre y los apellidos no pueden superar los 34 caracteres.""},""transactionId"":""6b4a173d-0a8e-440f-8ea1-54c26c8aea7a-1786472783626""}"
False;5076984;2026-08-11 14:26:27.387000;2026-08-11 00:00:00;12201114;CREATEORDER;SHG3JHCD2C9;MWUG3CI/A;"{""orderDetailsResponses"":{""deviceEligibility"":{""secondaryDisplay"":""1"",""partDescription"":""AppleCare+ para iMac (M4)"",""coverageDuration"":""3"",""productStatement"":""AppleCare+ para iMac (M4) amplía la cobertura de servicio y soporte técnico a 3 años desde la fecha de compra de AppleCare+ e incluye cobertura para una cantidad ilimitada de incidentes por daño accidental debido a la manipulación del producto, cada uno de ellos sujeto a un cargo adicional de R$96000  por daños en la pantalla o la carcasa externa o de R$289000  por Otros daños accidentales. Lee todos los detalles en los Términos y condiciones de AppleCare+."",""deviceDateOfPurchase"":""11/08/2026"",""deviceId"":""SHG3JHCD2C9"",""registeredDevice"":""1"",""pocType"":""RPOC"",""serialNumber"":""HG3JHCD2C9"",""partNumber"":""SR1A2ZX/A"",""partAlias"":""ACP"",""purchaseMode"":""C"",""productDescription"":""iMac (24-inch,2024, Two ports)""}},""orderErrorResponse"":{""errorCode"":""GRX-50017"",""errorMessage"":""El nombre y los apellidos no pueden superar los 34 caracteres.""},""transactionId"":""5cbbbda5-55fa-4581-b56c-08e149c9d352-1786472786595""}"
False;5076984;2026-08-11 14:27:03.733000;2026-08-11 00:00:00;12101114;CREATEORDER;SHG3JHCD2C9;MWUG3CI/A;"{""orderDetailsResponses"":{""deviceEligibility"":{""secondaryDisplay"":""1"",""partDescription"":""AppleCare+ para iMac (M4)"",""coverageDuration"":""3"",""productStatement"":""AppleCare+ para iMac (M4) amplía la cobertura de servicio y soporte técnico a 3 años desde la fecha de compra de AppleCare+ e incluye cobertura para una cantidad ilimitada de incidentes por daño accidental debido a la manipulación del producto, cada uno de ellos sujeto a un cargo adicional de R$96000  por daños en la pantalla o la carcasa externa o de R$289000  por Otros daños accidentales. Lee todos los detalles en los Términos y condiciones de AppleCare+."",""deviceDateOfPurchase"":""11/08/2026"",""deviceId"":""SHG3JHCD2C9"",""registeredDevice"":""1"",""pocType"":""RPOC"",""serialNumber"":""HG3JHCD2C9"",""partNumber"":""SR1A2ZX/A"",""partAlias"":""ACP"",""purchaseMode"":""C"",""productDescription"":""iMac (24-inch,2024, Two ports)""}},""orderErrorResponse"":{""errorCode"":""GRX-50017"",""errorMessage"":""El nombre y los apellidos no pueden superar los 34 caracteres.""},""transactionId"":""49c3752e-15e3-4371-b58d-ff037d2739e3-1786472822909""}"
False;5076984;2026-08-11 14:27:06.270000;2026-08-11 00:00:00;12201114;CREATEORDER;SHG3JHCD2C9;MWUG3CI/A;"{""orderDetailsResponses"":{""deviceEligibility"":{""secondaryDisplay"":""1"",""partDescription"":""AppleCare+ para iMac (M4)"",""coverageDuration"":""3"",""productStatement"":""AppleCare+ para iMac (M4) amplía la cobertura de servicio y soporte técnico a 3 años desde la fecha de compra de AppleCare+ e incluye cobertura para una cantidad ilimitada de incidentes por daño accidental debido a la manipulación del producto, cada uno de ellos sujeto a un cargo adicional de R$96000  por daños en la pantalla o la carcasa externa o de R$289000  por Otros daños accidentales. Lee todos los detalles en los Términos y condiciones de AppleCare+."",""deviceDateOfPurchase"":""11/08/2026"",""deviceId"":""SHG3JHCD2C9"",""registeredDevice"":""1"",""pocType"":""RPOC"",""serialNumber"":""HG3JHCD2C9"",""partNumber"":""SR1A2ZX/A"",""partAlias"":""ACP"",""purchaseMode"":""C"",""productDescription"":""iMac (24-inch,2024, Two ports)""}},""orderErrorResponse"":{""errorCode"":""GRX-50017"",""errorMessage"":""El nombre y los apellidos no pueden superar los 34 caracteres.""},""transactionId"":""87434027-585c-47fe-a033-978fb782a3c4-1786472825419""}"
False;5076984;2026-08-11 14:31:21.520000;2026-08-11 00:00:00;12101114;CREATEORDER;SHG3JHCD2C9;MWUG3CI/A;"{""orderDetailsResponses"":{""deviceEligibility"":{""secondaryDisplay"":""1"",""partDescription"":""AppleCare+ para iMac (M4)"",""coverageDuration"":""3"",""productStatement"":""AppleCare+ para iMac (M4) amplía la cobertura de servicio y soporte técnico a 3 años desde la fecha de compra de AppleCare+ e incluye cobertura para una cantidad ilimitada de incidentes por daño accidental debido a la manipulación del producto, cada uno de ellos sujeto a un cargo adicional de R$96000  por daños en la pantalla o la carcasa externa o de R$289000  por Otros daños accidentales. Lee todos los detalles en los Términos y condiciones de AppleCare+."",""deviceDateOfPurchase"":""11/08/2026"",""deviceId"":""SHG3JHCD2C9"",""registeredDevice"":""1"",""pocType"":""RPOC"",""serialNumber"":""HG3JHCD2C9"",""partNumber"":""SR1A2ZX/A"",""partAlias"":""ACP"",""purchaseMode"":""C"",""productDescription"":""iMac (24-inch,2024, Two ports)""}},""orderErrorResponse"":{""errorCode"":""GRX-50017"",""errorMessage"":""El nombre y los apellidos no pueden superar los 34 caracteres.""},""transactionId"":""a696a0d6-6085-4810-99d3-97efc07225de-1786473080628""}"
False;5076984;2026-08-11 14:31:23.200000;2026-08-11 00:00:00;12201114;CREATEORDER;SHG3JHCD2C9;MWUG3CI/A;"{""orderDetailsResponses"":{""deviceEligibility"":{""secondaryDisplay"":""1"",""partDescription"":""AppleCare+ para iMac (M4)"",""coverageDuration"":""3"",""productStatement"":""AppleCare+ para iMac (M4) amplía la cobertura de servicio y soporte técnico a 3 años desde la fecha de compra de AppleCare+ e incluye cobertura para una cantidad ilimitada de incidentes por daño accidental debido a la manipulación del producto, cada uno de ellos sujeto a un cargo adicional de R$96000  por daños en la pantalla o la carcasa externa o de R$289000  por Otros daños accidentales. Lee todos los detalles en los Términos y condiciones de AppleCare+."",""deviceDateOfPurchase"":""11/08/2026"",""deviceId"":""SHG3JHCD2C9"",""registeredDevice"":""1"",""pocType"":""RPOC"",""serialNumber"":""HG3JHCD2C9"",""partNumber"":""SR1A2ZX/A"",""partAlias"":""ACP"",""purchaseMode"":""C"",""productDescription"":""iMac (24-inch,2024, Two ports)""}},""orderErrorResponse"":{""errorCode"":""GRX-50017"",""errorMessage"":""El nombre y los apellidos no pueden superar los 34 caracteres.""},""transactionId"":""df7b7a32-b799-4be4-8a76-92c8e4200b5b-1786473082344""}"
False;5076984;2026-08-11 14:31:56.757000;2026-08-11 00:00:00;12101114;CREATEORDER;SHG3JHCD2C9;MWUG3CI/A;"{""orderDetailsResponses"":{""deviceEligibility"":{""secondaryDisplay"":""1"",""partDescription"":""AppleCare+ para iMac (M4)"",""coverageDuration"":""3"",""productStatement"":""AppleCare+ para iMac (M4) amplía la cobertura de servicio y soporte técnico a 3 años desde la fecha de compra de AppleCare+ e incluye cobertura para una cantidad ilimitada de incidentes por daño accidental debido a la manipulación del producto, cada uno de ellos sujeto a un cargo adicional de R$96000  por daños en la pantalla o la carcasa externa o de R$289000  por Otros daños accidentales. Lee todos los detalles en los Términos y condiciones de AppleCare+."",""deviceDateOfPurchase"":""11/08/2026"",""deviceId"":""SHG3JHCD2C9"",""registeredDevice"":""1"",""pocType"":""RPOC"",""serialNumber"":""HG3JHCD2C9"",""partNumber"":""SR1A2ZX/A"",""partAlias"":""ACP"",""purchaseMode"":""C"",""productDescription"":""iMac (24-inch,2024, Two ports)""}},""orderErrorResponse"":{""errorCode"":""GRX-50017"",""errorMessage"":""El nombre y los apellidos no pueden superar los 34 caracteres.""},""transactionId"":""16ffead1-5e32-4b21-8625-58dedfe79a61-1786473116038""}"
False;5076984;2026-08-11 14:31:58.100000;2026-08-11 00:00:00;12201114;CREATEORDER;SHG3JHCD2C9;MWUG3CI/A;"{""orderDetailsResponses"":{""deviceEligibility"":{""secondaryDisplay"":""1"",""partDescription"":""AppleCare+ para iMac (M4)"",""coverageDuration"":""3"",""productStatement"":""AppleCare+ para iMac (M4) amplía la cobertura de servicio y soporte técnico a 3 años desde la fecha de compra de AppleCare+ e incluye cobertura para una cantidad ilimitada de incidentes por daño accidental debido a la manipulación del producto, cada uno de ellos sujeto a un cargo adicional de R$96000  por daños en la pantalla o la carcasa externa o de R$289000  por Otros daños accidentales. Lee todos los detalles en los Términos y condiciones de AppleCare+."",""deviceDateOfPurchase"":""11/08/2026"",""deviceId"":""SHG3JHCD2C9"",""registeredDevice"":""1"",""pocType"":""RPOC"",""serialNumber"":""HG3JHCD2C9"",""partNumber"":""SR1A2ZX/A"",""partAlias"":""ACP"",""purchaseMode"":""C"",""productDescription"":""iMac (24-inch,2024, Two ports)""}},""orderErrorResponse"":{""errorCode"":""GRX-50017"",""errorMessage"":""El nombre y los apellidos no pueden superar los 34 caracteres.""},""transactionId"":""414c40e9-c09f-4007-a869-84bc5edb4bce-1786473117353""}"
False;5076984;2026-08-11 14:36:20.090000;2026-08-11 00:00:00;12101114;CREATEORDER;SHG3JHCD2C9;MWUG3CI/A;"{""orderDetailsResponses"":{""deviceEligibility"":{""secondaryDisplay"":""1"",""partDescription"":""AppleCare+ para iMac (M4)"",""coverageDuration"":""3"",""productStatement"":""AppleCare+ para iMac (M4) amplía la cobertura de servicio y soporte técnico a 3 años desde la fecha de compra de AppleCare+ e incluye cobertura para una cantidad ilimitada de incidentes por daño accidental debido a la manipulación del producto, cada uno de ellos sujeto a un cargo adicional de R$96000  por daños en la pantalla o la carcasa externa o de R$289000  por Otros daños accidentales. Lee todos los detalles en los Términos y condiciones de AppleCare+."",""deviceDateOfPurchase"":""11/08/2026"",""deviceId"":""SHG3JHCD2C9"",""registeredDevice"":""1"",""pocType"":""RPOC"",""serialNumber"":""HG3JHCD2C9"",""partNumber"":""SR1A2ZX/A"",""partAlias"":""ACP"",""purchaseMode"":""C"",""productDescription"":""iMac (24-inch,2024, Two ports)""}},""orderErrorResponse"":{""errorCode"":""GRX-50017"",""errorMessage"":""El nombre y los apellidos no pueden superar los 34 caracteres.""},""transactionId"":""30f5807d-e062-4f0f-9623-74f7b3b7c551-1786473379243""}"
False;5076984;2026-08-11 14:36:22.667000;2026-08-11 00:00:00;12201114;CREATEORDER;SHG3JHCD2C9;MWUG3CI/A;"{""orderDetailsResponses"":{""deviceEligibility"":{""secondaryDisplay"":""1"",""partDescription"":""AppleCare+ para iMac (M4)"",""coverageDuration"":""3"",""productStatement"":""AppleCare+ para iMac (M4) amplía la cobertura de servicio y soporte técnico a 3 años desde la fecha de compra de AppleCare+ e incluye cobertura para una cantidad ilimitada de incidentes por daño accidental debido a la manipulación del producto, cada uno de ellos sujeto a un cargo adicional de R$96000  por daños en la pantalla o la carcasa externa o de R$289000  por Otros daños accidentales. Lee todos los detalles en los Términos y condiciones de AppleCare+."",""deviceDateOfPurchase"":""11/08/2026"",""deviceId"":""SHG3JHCD2C9"",""registeredDevice"":""1"",""pocType"":""RPOC"",""serialNumber"":""HG3JHCD2C9"",""partNumber"":""SR1A2ZX/A"",""partAlias"":""ACP"",""purchaseMode"":""C"",""productDescription"":""iMac (24-inch,2024, Two ports)""}},""orderErrorResponse"":{""errorCode"":""GRX-50017"",""errorMessage"":""El nombre y los apellidos no pueden superar los 34 caracteres.""},""transactionId"":""8d4b4792-1175-489f-9006-6c4b390b0fa1-1786473381937""}"
False;5076984;2026-08-11 14:36:57.247000;2026-08-11 00:00:00;12101114;CREATEORDER;SHG3JHCD2C9;MWUG3CI/A;"{""orderDetailsResponses"":{""deviceEligibility"":{""secondaryDisplay"":""1"",""partDescription"":""AppleCare+ para iMac (M4)"",""coverageDuration"":""3"",""productStatement"":""AppleCare+ para iMac (M4) amplía la cobertura de servicio y soporte técnico a 3 años desde la fecha de compra de AppleCare+ e incluye cobertura para una cantidad ilimitada de incidentes por daño accidental debido a la manipulación del producto, cada uno de ellos sujeto a un cargo adicional de R$96000  por daños en la pantalla o la carcasa externa o de R$289000  por Otros daños accidentales. Lee todos los detalles en los Términos y condiciones de AppleCare+."",""deviceDateOfPurchase"":""11/08/2026"",""deviceId"":""SHG3JHCD2C9"",""registeredDevice"":""1"",""pocType"":""RPOC"",""serialNumber"":""HG3JHCD2C9"",""partNumber"":""SR1A2ZX/A"",""partAlias"":""ACP"",""purchaseMode"":""C"",""productDescription"":""iMac (24-inch,2024, Two ports)""}},""orderErrorResponse"":{""errorCode"":""GRX-50017"",""errorMessage"":""El nombre y los apellidos no pueden superar los 34 caracteres.""},""transactionId"":""48f1b8aa-1794-47fa-a040-b74db62e2270-1786473416462""}"
False;5076984;2026-08-11 14:36:59.993000;2026-08-11 00:00:00;12201114;CREATEORDER;SHG3JHCD2C9;MWUG3CI/A;"{""orderDetailsResponses"":{""deviceEligibility"":{""secondaryDisplay"":""1"",""partDescription"":""AppleCare+ para iMac (M4)"",""coverageDuration"":""3"",""productStatement"":""AppleCare+ para iMac (M4) amplía la cobertura de servicio y soporte técnico a 3 años desde la fecha de compra de AppleCare+ e incluye cobertura para una cantidad ilimitada de incidentes por daño accidental debido a la manipulación del producto, cada uno de ellos sujeto a un cargo adicional de R$96000  por daños en la pantalla o la carcasa externa o de R$289000  por Otros daños accidentales. Lee todos los detalles en los Términos y condiciones de AppleCare+."",""deviceDateOfPurchase"":""11/08/2026"",""deviceId"":""SHG3JHCD2C9"",""registeredDevice"":""1"",""pocType"":""RPOC"",""serialNumber"":""HG3JHCD2C9"",""partNumber"":""SR1A2ZX/A"",""partAlias"":""ACP"",""purchaseMode"":""C"",""productDescription"":""iMac (24-inch,2024, Two ports)""}},""orderErrorResponse"":{""errorCode"":""GRX-50017"",""errorMessage"":""El nombre y los apellidos no pueden superar los 34 caracteres.""},""transactionId"":""8707378a-a918-4be0-a71c-3d3206ddd572-1786473419123""}"
False;5076984;2026-08-11 14:41:15.627000;2026-08-11 00:00:00;12101114;CREATEORDER;SHG3JHCD2C9;MWUG3CI/A;"{""orderDetailsResponses"":{""deviceEligibility"":{""secondaryDisplay"":""1"",""partDescription"":""AppleCare+ para iMac (M4)"",""coverageDuration"":""3"",""productStatement"":""AppleCare+ para iMac (M4) amplía la cobertura de servicio y soporte técnico a 3 años desde la fecha de compra de AppleCare+ e incluye cobertura para una cantidad ilimitada de incidentes por daño accidental debido a la manipulación del producto, cada uno de ellos sujeto a un cargo adicional de R$96000  por daños en la pantalla o la carcasa externa o de R$289000  por Otros daños accidentales. Lee todos los detalles en los Términos y condiciones de AppleCare+."",""deviceDateOfPurchase"":""11/08/2026"",""deviceId"":""SHG3JHCD2C9"",""registeredDevice"":""1"",""pocType"":""RPOC"",""serialNumber"":""HG3JHCD2C9"",""partNumber"":""SR1A2ZX/A"",""partAlias"":""ACP"",""purchaseMode"":""C"",""productDescription"":""iMac (24-inch,2024, Two ports)""}},""orderErrorResponse"":{""errorCode"":""GRX-50017"",""errorMessage"":""El nombre y los apellidos no pueden superar los 34 caracteres.""},""transactionId"":""c6647a7b-13a9-4be1-b344-ae1eb505c622-1786473674834""}"
False;5076984;2026-08-11 14:41:17.277000;2026-08-11 00:00:00;12201114;CREATEORDER;SHG3JHCD2C9;MWUG3CI/A;"{""orderDetailsResponses"":{""deviceEligibility"":{""secondaryDisplay"":""1"",""partDescription"":""AppleCare+ para iMac (M4)"",""coverageDuration"":""3"",""productStatement"":""AppleCare+ para iMac (M4) amplía la cobertura de servicio y soporte técnico a 3 años desde la fecha de compra de AppleCare+ e incluye cobertura para una cantidad ilimitada de incidentes por daño accidental debido a la manipulación del producto, cada uno de ellos sujeto a un cargo adicional de R$96000  por daños en la pantalla o la carcasa externa o de R$289000  por Otros daños accidentales. Lee todos los detalles en los Términos y condiciones de AppleCare+."",""deviceDateOfPurchase"":""11/08/2026"",""deviceId"":""SHG3JHCD2C9"",""registeredDevice"":""1"",""pocType"":""RPOC"",""serialNumber"":""HG3JHCD2C9"",""partNumber"":""SR1A2ZX/A"",""partAlias"":""ACP"",""purchaseMode"":""C"",""productDescription"":""iMac (24-inch,2024, Two ports)""}},""orderErrorResponse"":{""errorCode"":""GRX-50017"",""errorMessage"":""El nombre y los apellidos no pueden superar los 34 caracteres.""},""transactionId"":""c0f8cb39-4648-4e4e-a3cd-6ada70a72bec-1786473676563""}"
False;5076984;2026-08-11 14:41:49.580000;2026-08-11 00:00:00;12101114;CREATEORDER;SHG3JHCD2C9;MWUG3CI/A;"{""orderDetailsResponses"":{""deviceEligibility"":{""secondaryDisplay"":""1"",""partDescription"":""AppleCare+ para iMac (M4)"",""coverageDuration"":""3"",""productStatement"":""AppleCare+ para iMac (M4) amplía la cobertura de servicio y soporte técnico a 3 años desde la fecha de compra de AppleCare+ e incluye cobertura para una cantidad ilimitada de incidentes por daño accidental debido a la manipulación del producto, cada uno de ellos sujeto a un cargo adicional de R$96000  por daños en la pantalla o la carcasa externa o de R$289000  por Otros daños accidentales. Lee todos los detalles en los Términos y condiciones de AppleCare+."",""deviceDateOfPurchase"":""11/08/2026"",""deviceId"":""SHG3JHCD2C9"",""registeredDevice"":""1"",""pocType"":""RPOC"",""serialNumber"":""HG3JHCD2C9"",""partNumber"":""SR1A2ZX/A"",""partAlias"":""ACP"",""purchaseMode"":""C"",""productDescription"":""iMac (24-inch,2024, Two ports)""}},""orderErrorResponse"":{""errorCode"":""GRX-50017"",""errorMessage"":""El nombre y los apellidos no pueden superar los 34 caracteres.""},""transactionId"":""219074cb-ea18-488d-a1e5-e8f5175df8c4-1786473708745""}"
False;5076984;2026-08-11 14:41:51.563000;2026-08-11 00:00:00;12201114;CREATEORDER;SHG3JHCD2C9;MWUG3CI/A;"{""orderDetailsResponses"":{""deviceEligibility"":{""secondaryDisplay"":""1"",""partDescription"":""AppleCare+ para iMac (M4)"",""coverageDuration"":""3"",""productStatement"":""AppleCare+ para iMac (M4) amplía la cobertura de servicio y soporte técnico a 3 años desde la fecha de compra de AppleCare+ e incluye cobertura para una cantidad ilimitada de incidentes por daño accidental debido a la manipulación del producto, cada uno de ellos sujeto a un cargo adicional de R$96000  por daños en la pantalla o la carcasa externa o de R$289000  por Otros daños accidentales. Lee todos los detalles en los Términos y condiciones de AppleCare+."",""deviceDateOfPurchase"":""11/08/2026"",""deviceId"":""SHG3JHCD2C9"",""registeredDevice"":""1"",""pocType"":""RPOC"",""serialNumber"":""HG3JHCD2C9"",""partNumber"":""SR1A2ZX/A"",""partAlias"":""ACP"",""purchaseMode"":""C"",""productDescription"":""iMac (24-inch,2024, Two ports)""}},""orderErrorResponse"":{""errorCode"":""GRX-50017"",""errorMessage"":""El nombre y los apellidos no pueden superar los 34 caracteres.""},""transactionId"":""cb99e118-87c1-4ed7-9e33-a0c473b00c45-1786473710776""}"
False;5076984;2026-08-11 14:46:22.480000;2026-08-11 00:00:00;12101114;CREATEORDER;SHG3JHCD2C9;MWUG3CI/A;"{""orderDetailsResponses"":{""deviceEligibility"":{""secondaryDisplay"":""1"",""partDescription"":""AppleCare+ para iMac (M4)"",""coverageDuration"":""3"",""productStatement"":""AppleCare+ para iMac (M4) amplía la cobertura de servicio y soporte técnico a 3 años desde la fecha de compra de AppleCare+ e incluye cobertura para una cantidad ilimitada de incidentes por daño accidental debido a la manipulación del producto, cada uno de ellos sujeto a un cargo adicional de R$96000  por daños en la pantalla o la carcasa externa o de R$289000  por Otros daños accidentales. Lee todos los detalles en los Términos y condiciones de AppleCare+."",""deviceDateOfPurchase"":""11/08/2026"",""deviceId"":""SHG3JHCD2C9"",""registeredDevice"":""1"",""pocType"":""RPOC"",""serialNumber"":""HG3JHCD2C9"",""partNumber"":""SR1A2ZX/A"",""partAlias"":""ACP"",""purchaseMode"":""C"",""productDescription"":""iMac (24-inch,2024, Two ports)""}},""orderErrorResponse"":{""errorCode"":""GRX-50017"",""errorMessage"":""El nombre y los apellidos no pueden superar los 34 caracteres.""},""transactionId"":""0c365fcd-4d09-4558-820e-da15d18b1fd5-1786473981669""}"
False;5076984;2026-08-11 14:46:23.817000;2026-08-11 00:00:00;12201114;CREATEORDER;SHG3JHCD2C9;MWUG3CI/A;"{""orderDetailsResponses"":{""deviceEligibility"":{""secondaryDisplay"":""1"",""partDescription"":""AppleCare+ para iMac (M4)"",""coverageDuration"":""3"",""productStatement"":""AppleCare+ para iMac (M4) amplía la cobertura de servicio y soporte técnico a 3 años desde la fecha de compra de AppleCare+ e incluye cobertura para una cantidad ilimitada de incidentes por daño accidental debido a la manipulación del producto, cada uno de ellos sujeto a un cargo adicional de R$96000  por daños en la pantalla o la carcasa externa o de R$289000  por Otros daños accidentales. Lee todos los detalles en los Términos y condiciones de AppleCare+."",""deviceDateOfPurchase"":""11/08/2026"",""deviceId"":""SHG3JHCD2C9"",""registeredDevice"":""1"",""pocType"":""RPOC"",""serialNumber"":""HG3JHCD2C9"",""partNumber"":""SR1A2ZX/A"",""partAlias"":""ACP"",""purchaseMode"":""C"",""productDescription"":""iMac (24-inch,2024, Two ports)""}},""orderErrorResponse"":{""errorCode"":""GRX-50017"",""errorMessage"":""El nombre y los apellidos no pueden superar los 34 caracteres.""},""transactionId"":""c8680574-33fa-4ecc-a8fa-88b2e2bfccbc-1786473983077""}"
False;5076984;2026-08-11 14:46:57.023000;2026-08-11 00:00:00;12101114;CREATEORDER;SHG3JHCD2C9;MWUG3CI/A;"{""orderDetailsResponses"":{""deviceEligibility"":{""secondaryDisplay"":""1"",""partDescription"":""AppleCare+ para iMac (M4)"",""coverageDuration"":""3"",""productStatement"":""AppleCare+ para iMac (M4) amplía la cobertura de servicio y soporte técnico a 3 años desde la fecha de compra de AppleCare+ e incluye cobertura para una cantidad ilimitada de incidentes por daño accidental debido a la manipulación del producto, cada uno de ellos sujeto a un cargo adicional de R$96000  por daños en la pantalla o la carcasa externa o de R$289000  por Otros daños accidentales. Lee todos los detalles en los Términos y condiciones de AppleCare+."",""deviceDateOfPurchase"":""11/08/2026"",""deviceId"":""SHG3JHCD2C9"",""registeredDevice"":""1"",""pocType"":""RPOC"",""serialNumber"":""HG3JHCD2C9"",""partNumber"":""SR1A2ZX/A"",""partAlias"":""ACP"",""purchaseMode"":""C"",""productDescription"":""iMac (24-inch,2024, Two ports)""}},""orderErrorResponse"":{""errorCode"":""GRX-50017"",""errorMessage"":""El nombre y los apellidos no pueden superar los 34 caracteres.""},""transactionId"":""054d4df2-fd22-4bad-9e96-e981c6ec846e-1786474016205""}"
False;5076984;2026-08-11 14:46:58.550000;2026-08-11 00:00:00;12201114;CREATEORDER;SHG3JHCD2C9;MWUG3CI/A;"{""orderDetailsResponses"":{""deviceEligibility"":{""secondaryDisplay"":""1"",""partDescription"":""AppleCare+ para iMac (M4)"",""coverageDuration"":""3"",""productStatement"":""AppleCare+ para iMac (M4) amplía la cobertura de servicio y soporte técnico a 3 años desde la fecha de compra de AppleCare+ e incluye cobertura para una cantidad ilimitada de incidentes por daño accidental debido a la manipulación del producto, cada uno de ellos sujeto a un cargo adicional de R$96000  por daños en la pantalla o la carcasa externa o de R$289000  por Otros daños accidentales. Lee todos los detalles en los Términos y condiciones de AppleCare+."",""deviceDateOfPurchase"":""11/08/2026"",""deviceId"":""SHG3JHCD2C9"",""registeredDevice"":""1"",""pocType"":""RPOC"",""serialNumber"":""HG3JHCD2C9"",""partNumber"":""SR1A2ZX/A"",""partAlias"":""ACP"",""purchaseMode"":""C"",""productDescription"":""iMac (24-inch,2024, Two ports)""}},""orderErrorResponse"":{""errorCode"":""GRX-50017"",""errorMessage"":""El nombre y los apellidos no pueden superar los 34 caracteres.""},""transactionId"":""9643a1cb-5d7d-4f6f-893b-a5611942f74c-1786474017708""}"
False;5076984;2026-08-11 14:51:20.217000;2026-08-11 00:00:00;12101114;CREATEORDER;SHG3JHCD2C9;MWUG3CI/A;"{""orderDetailsResponses"":{""deviceEligibility"":{""secondaryDisplay"":""1"",""partDescription"":""AppleCare+ para iMac (M4)"",""coverageDuration"":""3"",""productStatement"":""AppleCare+ para iMac (M4) amplía la cobertura de servicio y soporte técnico a 3 años desde la fecha de compra de AppleCare+ e incluye cobertura para una cantidad ilimitada de incidentes por daño accidental debido a la manipulación del producto, cada uno de ellos sujeto a un cargo adicional de R$96000  por daños en la pantalla o la carcasa externa o de R$289000  por Otros daños accidentales. Lee todos los detalles en los Términos y condiciones de AppleCare+."",""deviceDateOfPurchase"":""11/08/2026"",""deviceId"":""SHG3JHCD2C9"",""registeredDevice"":""1"",""pocType"":""RPOC"",""serialNumber"":""HG3JHCD2C9"",""partNumber"":""SR1A2ZX/A"",""partAlias"":""ACP"",""purchaseMode"":""C"",""productDescription"":""iMac (24-inch,2024, Two ports)""}},""orderErrorResponse"":{""errorCode"":""GRX-50017"",""errorMessage"":""El nombre y los apellidos no pueden superar los 34 caracteres.""},""transactionId"":""f695d8f2-7274-41ad-b7ef-cc41598b2ce1-1786474279484""}"
False;5076984;2026-08-11 14:51:22.513000;2026-08-11 00:00:00;12201114;CREATEORDER;SHG3JHCD2C9;MWUG3CI/A;"{""orderDetailsResponses"":{""deviceEligibility"":{""secondaryDisplay"":""1"",""partDescription"":""AppleCare+ para iMac (M4)"",""coverageDuration"":""3"",""productStatement"":""AppleCare+ para iMac (M4) amplía la cobertura de servicio y soporte técnico a 3 años desde la fecha de compra de AppleCare+ e incluye cobertura para una cantidad ilimitada de incidentes por daño accidental debido a la manipulación del producto, cada uno de ellos sujeto a un cargo adicional de R$96000  por daños en la pantalla o la carcasa externa o de R$289000  por Otros daños accidentales. Lee todos los detalles en los Términos y condiciones de AppleCare+."",""deviceDateOfPurchase"":""11/08/2026"",""deviceId"":""SHG3JHCD2C9"",""registeredDevice"":""1"",""pocType"":""RPOC"",""serialNumber"":""HG3JHCD2C9"",""partNumber"":""SR1A2ZX/A"",""partAlias"":""ACP"",""purchaseMode"":""C"",""productDescription"":""iMac (24-inch,2024, Two ports)""}},""orderErrorResponse"":{""errorCode"":""GRX-50017"",""errorMessage"":""El nombre y los apellidos no pueden superar los 34 caracteres.""},""transactionId"":""5300f76b-35b4-4624-904a-f3aab0b97b1b-1786474281795""}"
False;5076984;2026-08-11 14:51:57.410000;2026-08-11 00:00:00;12101114;CREATEORDER;SHG3JHCD2C9;MWUG3CI/A;"{""orderDetailsResponses"":{""deviceEligibility"":{""secondaryDisplay"":""1"",""partDescription"":""AppleCare+ para iMac (M4)"",""coverageDuration"":""3"",""productStatement"":""AppleCare+ para iMac (M4) amplía la cobertura de servicio y soporte técnico a 3 años desde la fecha de compra de AppleCare+ e incluye cobertura para una cantidad ilimitada de incidentes por daño accidental debido a la manipulación del producto, cada uno de ellos sujeto a un cargo adicional de R$96000  por daños en la pantalla o la carcasa externa o de R$289000  por Otros daños accidentales. Lee todos los detalles en los Términos y condiciones de AppleCare+."",""deviceDateOfPurchase"":""11/08/2026"",""deviceId"":""SHG3JHCD2C9"",""registeredDevice"":""1"",""pocType"":""RPOC"",""serialNumber"":""HG3JHCD2C9"",""partNumber"":""SR1A2ZX/A"",""partAlias"":""ACP"",""purchaseMode"":""C"",""productDescription"":""iMac (24-inch,2024, Two ports)""}},""orderErrorResponse"":{""errorCode"":""GRX-50017"",""errorMessage"":""El nombre y los apellidos no pueden superar los 34 caracteres.""},""transactionId"":""e6de85ec-7fad-4cc1-b66c-3ab9468c1612-1786474316585""}"
False;5076984;2026-08-11 14:52:00.493000;2026-08-11 00:00:00;12201114;CREATEORDER;SHG3JHCD2C9;MWUG3CI/A;"{""orderDetailsResponses"":{""deviceEligibility"":{""secondaryDisplay"":""1"",""partDescription"":""AppleCare+ para iMac (M4)"",""coverageDuration"":""3"",""productStatement"":""AppleCare+ para iMac (M4) amplía la cobertura de servicio y soporte técnico a 3 años desde la fecha de compra de AppleCare+ e incluye cobertura para una cantidad ilimitada de incidentes por daño accidental debido a la manipulación del producto, cada uno de ellos sujeto a un cargo adicional de R$96000  por daños en la pantalla o la carcasa externa o de R$289000  por Otros daños accidentales. Lee todos los detalles en los Términos y condiciones de AppleCare+."",""deviceDateOfPurchase"":""11/08/2026"",""deviceId"":""SHG3JHCD2C9"",""registeredDevice"":""1"",""pocType"":""RPOC"",""serialNumber"":""HG3JHCD2C9"",""partNumber"":""SR1A2ZX/A"",""partAlias"":""ACP"",""purchaseMode"":""C"",""productDescription"":""iMac (24-inch,2024, Two ports)""}},""orderErrorResponse"":{""errorCode"":""GRX-50017"",""errorMessage"":""El nombre y los apellidos no pueden superar los 34 caracteres.""},""transactionId"":""437c9f03-0291-4bfc-a700-f77edab93065-1786474319602""}"
False;5076984;2026-08-11 14:56:22.020000;2026-08-11 00:00:00;12101114;CREATEORDER;SHG3JHCD2C9;MWUG3CI/A;"{""orderDetailsResponses"":{""deviceEligibility"":{""secondaryDisplay"":""1"",""partDescription"":""AppleCare+ para iMac (M4)"",""coverageDuration"":""3"",""productStatement"":""AppleCare+ para iMac (M4) amplía la cobertura de servicio y soporte técnico a 3 años desde la fecha de compra de AppleCare+ e incluye cobertura para una cantidad ilimitada de incidentes por daño accidental debido a la manipulación del producto, cada uno de ellos sujeto a un cargo adicional de R$96000  por daños en la pantalla o la carcasa externa o de R$289000  por Otros daños accidentales. Lee todos los detalles en los Términos y condiciones de AppleCare+."",""deviceDateOfPurchase"":""11/08/2026"",""deviceId"":""SHG3JHCD2C9"",""registeredDevice"":""1"",""pocType"":""RPOC"",""serialNumber"":""HG3JHCD2C9"",""partNumber"":""SR1A2ZX/A"",""partAlias"":""ACP"",""purchaseMode"":""C"",""productDescription"":""iMac (24-inch,2024, Two ports)""}},""orderErrorResponse"":{""errorCode"":""GRX-50017"",""errorMessage"":""El nombre y los apellidos no pueden superar los 34 caracteres.""},""transactionId"":""7fa4ba86-3404-4957-93dc-4e77c263f56b-1786474581207""}"
False;5076984;2026-08-11 14:56:24.083000;2026-08-11 00:00:00;12201114;CREATEORDER;SHG3JHCD2C9;MWUG3CI/A;"{""orderDetailsResponses"":{""deviceEligibility"":{""secondaryDisplay"":""1"",""partDescription"":""AppleCare+ para iMac (M4)"",""coverageDuration"":""3"",""productStatement"":""AppleCare+ para iMac (M4) amplía la cobertura de servicio y soporte técnico a 3 años desde la fecha de compra de AppleCare+ e incluye cobertura para una cantidad ilimitada de incidentes por daño accidental debido a la manipulación del producto, cada uno de ellos sujeto a un cargo adicional de R$96000  por daños en la pantalla o la carcasa externa o de R$289000  por Otros daños accidentales. Lee todos los detalles en los Términos y condiciones de AppleCare+."",""deviceDateOfPurchase"":""11/08/2026"",""deviceId"":""SHG3JHCD2C9"",""registeredDevice"":""1"",""pocType"":""RPOC"",""serialNumber"":""HG3JHCD2C9"",""partNumber"":""SR1A2ZX/A"",""partAlias"":""ACP"",""purchaseMode"":""C"",""productDescription"":""iMac (24-inch,2024, Two ports)""}},""orderErrorResponse"":{""errorCode"":""GRX-50017"",""errorMessage"":""El nombre y los apellidos no pueden superar los 34 caracteres.""},""transactionId"":""cf16c779-4bd0-46ff-a586-bf873740dcc3-1786474583291""}"
False;5076984;2026-08-11 14:56:57.750000;2026-08-11 00:00:00;12101114;CREATEORDER;SHG3JHCD2C9;MWUG3CI/A;"{""orderDetailsResponses"":{""deviceEligibility"":{""secondaryDisplay"":""1"",""partDescription"":""AppleCare+ para iMac (M4)"",""coverageDuration"":""3"",""productStatement"":""AppleCare+ para iMac (M4) amplía la cobertura de servicio y soporte técnico a 3 años desde la fecha de compra de AppleCare+ e incluye cobertura para una cantidad ilimitada de incidentes por daño accidental debido a la manipulación del producto, cada uno de ellos sujeto a un cargo adicional de R$96000  por daños en la pantalla o la carcasa externa o de R$289000  por Otros daños accidentales. Lee todos los detalles en los Términos y condiciones de AppleCare+."",""deviceDateOfPurchase"":""11/08/2026"",""deviceId"":""SHG3JHCD2C9"",""registeredDevice"":""1"",""pocType"":""RPOC"",""serialNumber"":""HG3JHCD2C9"",""partNumber"":""SR1A2ZX/A"",""partAlias"":""ACP"",""purchaseMode"":""C"",""productDescription"":""iMac (24-inch,2024, Two ports)""}},""orderErrorResponse"":{""errorCode"":""GRX-50017"",""errorMessage"":""El nombre y los apellidos no pueden superar los 34 caracteres.""},""transactionId"":""6ad10a26-fc62-4d4f-b0ec-1eb4b11aafeb-1786474616975""}"
False;5076984;2026-08-11 14:56:59.373000;2026-08-11 00:00:00;12201114;CREATEORDER;SHG3JHCD2C9;MWUG3CI/A;"{""orderDetailsResponses"":{""deviceEligibility"":{""secondaryDisplay"":""1"",""partDescription"":""AppleCare+ para iMac (M4)"",""coverageDuration"":""3"",""productStatement"":""AppleCare+ para iMac (M4) amplía la cobertura de servicio y soporte técnico a 3 años desde la fecha de compra de AppleCare+ e incluye cobertura para una cantidad ilimitada de incidentes por daño accidental debido a la manipulación del producto, cada uno de ellos sujeto a un cargo adicional de R$96000  por daños en la pantalla o la carcasa externa o de R$289000  por Otros daños accidentales. Lee todos los detalles en los Términos y condiciones de AppleCare+."",""deviceDateOfPurchase"":""11/08/2026"",""deviceId"":""SHG3JHCD2C9"",""registeredDevice"":""1"",""pocType"":""RPOC"",""serialNumber"":""HG3JHCD2C9"",""partNumber"":""SR1A2ZX/A"",""partAlias"":""ACP"",""purchaseMode"":""C"",""productDescription"":""iMac (24-inch,2024, Two ports)""}},""orderErrorResponse"":{""errorCode"":""GRX-50017"",""errorMessage"":""El nombre y los apellidos no pueden superar los 34 caracteres.""},""transactionId"":""7caded48-15be-4030-8a15-86cddc9bc2ba-1786474618655""}"
False;5076984;2026-08-11 15:01:20.670000;2026-08-11 00:00:00;12101114;CREATEORDER;SHG3JHCD2C9;MWUG3CI/A;"{""orderDetailsResponses"":{""deviceEligibility"":{""secondaryDisplay"":""1"",""partDescription"":""AppleCare+ para iMac (M4)"",""coverageDuration"":""3"",""productStatement"":""AppleCare+ para iMac (M4) amplía la cobertura de servicio y soporte técnico a 3 años desde la fecha de compra de AppleCare+ e incluye cobertura para una cantidad ilimitada de incidentes por daño accidental debido a la manipulación del producto, cada uno de ellos sujeto a un cargo adicional de R$96000  por daños en la pantalla o la carcasa externa o de R$289000  por Otros daños accidentales. Lee todos los detalles en los Términos y condiciones de AppleCare+."",""deviceDateOfPurchase"":""11/08/2026"",""deviceId"":""SHG3JHCD2C9"",""registeredDevice"":""1"",""pocType"":""RPOC"",""serialNumber"":""HG3JHCD2C9"",""partNumber"":""SR1A2ZX/A"",""partAlias"":""ACP"",""purchaseMode"":""C"",""productDescription"":""iMac (24-inch,2024, Two ports)""}},""orderErrorResponse"":{""errorCode"":""GRX-50017"",""errorMessage"":""El nombre y los apellidos no pueden superar los 34 caracteres.""},""transactionId"":""b6827328-d666-4bdf-af46-7c44aa5c6499-1786474879718""}"
False;5076984;2026-08-11 15:01:22.093000;2026-08-11 00:00:00;12201114;CREATEORDER;SHG3JHCD2C9;MWUG3CI/A;"{""orderDetailsResponses"":{""deviceEligibility"":{""secondaryDisplay"":""1"",""partDescription"":""AppleCare+ para iMac (M4)"",""coverageDuration"":""3"",""productStatement"":""AppleCare+ para iMac (M4) amplía la cobertura de servicio y soporte técnico a 3 años desde la fecha de compra de AppleCare+ e incluye cobertura para una cantidad ilimitada de incidentes por daño accidental debido a la manipulación del producto, cada uno de ellos sujeto a un cargo adicional de R$96000  por daños en la pantalla o la carcasa externa o de R$289000  por Otros daños accidentales. Lee todos los detalles en los Términos y condiciones de AppleCare+."",""deviceDateOfPurchase"":""11/08/2026"",""deviceId"":""SHG3JHCD2C9"",""registeredDevice"":""1"",""pocType"":""RPOC"",""serialNumber"":""HG3JHCD2C9"",""partNumber"":""SR1A2ZX/A"",""partAlias"":""ACP"",""purchaseMode"":""C"",""productDescription"":""iMac (24-inch,2024, Two ports)""}},""orderErrorResponse"":{""errorCode"":""GRX-50017"",""errorMessage"":""El nombre y los apellidos no pueden superar los 34 caracteres.""},""transactionId"":""027dd4d6-42ed-41a5-a3f3-eada12448f5f-1786474881272""}"
False;5076984;2026-08-11 15:01:56.003000;2026-08-11 00:00:00;12101114;CREATEORDER;SHG3JHCD2C9;MWUG3CI/A;"{""orderDetailsResponses"":{""deviceEligibility"":{""secondaryDisplay"":""1"",""partDescription"":""AppleCare+ para iMac (M4)"",""coverageDuration"":""3"",""productStatement"":""AppleCare+ para iMac (M4) amplía la cobertura de servicio y soporte técnico a 3 años desde la fecha de compra de AppleCare+ e incluye cobertura para una cantidad ilimitada de incidentes por daño accidental debido a la manipulación del producto, cada uno de ellos sujeto a un cargo adicional de R$96000  por daños en la pantalla o la carcasa externa o de R$289000  por Otros daños accidentales. Lee todos los detalles en los Términos y condiciones de AppleCare+."",""deviceDateOfPurchase"":""11/08/2026"",""deviceId"":""SHG3JHCD2C9"",""registeredDevice"":""1"",""pocType"":""RPOC"",""serialNumber"":""HG3JHCD2C9"",""partNumber"":""SR1A2ZX/A"",""partAlias"":""ACP"",""purchaseMode"":""C"",""productDescription"":""iMac (24-inch,2024, Two ports)""}},""orderErrorResponse"":{""errorCode"":""GRX-50017"",""errorMessage"":""El nombre y los apellidos no pueden superar los 34 caracteres.""},""transactionId"":""77189a4c-eeea-43ce-a09f-faa415507dc0-1786474915150""}"
False;5076984;2026-08-11 15:01:57.420000;2026-08-11 00:00:00;12201114;CREATEORDER;SHG3JHCD2C9;MWUG3CI/A;"{""orderDetailsResponses"":{""deviceEligibility"":{""secondaryDisplay"":""1"",""partDescription"":""AppleCare+ para iMac (M4)"",""coverageDuration"":""3"",""productStatement"":""AppleCare+ para iMac (M4) amplía la cobertura de servicio y soporte técnico a 3 años desde la fecha de compra de AppleCare+ e incluye cobertura para una cantidad ilimitada de incidentes por daño accidental debido a la manipulación del producto, cada uno de ellos sujeto a un cargo adicional de R$96000  por daños en la pantalla o la carcasa externa o de R$289000  por Otros daños accidentales. Lee todos los detalles en los Términos y condiciones de AppleCare+."",""deviceDateOfPurchase"":""11/08/2026"",""deviceId"":""SHG3JHCD2C9"",""registeredDevice"":""1"",""pocType"":""RPOC"",""serialNumber"":""HG3JHCD2C9"",""partNumber"":""SR1A2ZX/A"",""partAlias"":""ACP"",""purchaseMode"":""C"",""productDescription"":""iMac (24-inch,2024, Two ports)""}},""orderErrorResponse"":{""errorCode"":""GRX-50017"",""errorMessage"":""El nombre y los apellidos no pueden superar los 34 caracteres.""},""transactionId"":""da24faf5-5b48-49a9-b565-70fe1af28b0a-1786474916698""}"
False;5076984;2026-08-11 15:06:18.583000;2026-08-11 00:00:00;12101114;CREATEORDER;SHG3JHCD2C9;MWUG3CI/A;"{""orderDetailsResponses"":{""deviceEligibility"":{""secondaryDisplay"":""1"",""partDescription"":""AppleCare+ para iMac (M4)"",""coverageDuration"":""3"",""productStatement"":""AppleCare+ para iMac (M4) amplía la cobertura de servicio y soporte técnico a 3 años desde la fecha de compra de AppleCare+ e incluye cobertura para una cantidad ilimitada de incidentes por daño accidental debido a la manipulación del producto, cada uno de ellos sujeto a un cargo adicional de R$96000  por daños en la pantalla o la carcasa externa o de R$289000  por Otros daños accidentales. Lee todos los detalles en los Términos y condiciones de AppleCare+."",""deviceDateOfPurchase"":""11/08/2026"",""deviceId"":""SHG3JHCD2C9"",""registeredDevice"":""1"",""pocType"":""RPOC"",""serialNumber"":""HG3JHCD2C9"",""partNumber"":""SR1A2ZX/A"",""partAlias"":""ACP"",""purchaseMode"":""C"",""productDescription"":""iMac (24-inch,2024, Two ports)""}},""orderErrorResponse"":{""errorCode"":""GRX-50017"",""errorMessage"":""El nombre y los apellidos no pueden superar los 34 caracteres.""},""transactionId"":""b2f87064-0f80-4276-8d65-fd45aa75242f-1786475177649""}"
False;5076984;2026-08-11 15:06:21.780000;2026-08-11 00:00:00;12201114;CREATEORDER;SHG3JHCD2C9;MWUG3CI/A;"{""orderDetailsResponses"":{""deviceEligibility"":{""secondaryDisplay"":""1"",""partDescription"":""AppleCare+ para iMac (M4)"",""coverageDuration"":""3"",""productStatement"":""AppleCare+ para iMac (M4) amplía la cobertura de servicio y soporte técnico a 3 años desde la fecha de compra de AppleCare+ e incluye cobertura para una cantidad ilimitada de incidentes por daño accidental debido a la manipulación del producto, cada uno de ellos sujeto a un cargo adicional de R$96000  por daños en la pantalla o la carcasa externa o de R$289000  por Otros daños accidentales. Lee todos los detalles en los Términos y condiciones de AppleCare+."",""deviceDateOfPurchase"":""11/08/2026"",""deviceId"":""SHG3JHCD2C9"",""registeredDevice"":""1"",""pocType"":""RPOC"",""serialNumber"":""HG3JHCD2C9"",""partNumber"":""SR1A2ZX/A"",""partAlias"":""ACP"",""purchaseMode"":""C"",""productDescription"":""iMac (24-inch,2024, Two ports)""}},""orderErrorResponse"":{""errorCode"":""GRX-50017"",""errorMessage"":""El nombre y los apellidos no pueden superar los 34 caracteres.""},""transactionId"":""1252512b-a7a3-40cf-b45a-547395b18fac-1786475180936""}"
False;5076984;2026-08-11 15:06:57.460000;2026-08-11 00:00:00;12101114;CREATEORDER;SHG3JHCD2C9;MWUG3CI/A;"{""orderDetailsResponses"":{""deviceEligibility"":{""secondaryDisplay"":""1"",""partDescription"":""AppleCare+ para iMac (M4)"",""coverageDuration"":""3"",""productStatement"":""AppleCare+ para iMac (M4) amplía la cobertura de servicio y soporte técnico a 3 años desde la fecha de compra de AppleCare+ e incluye cobertura para una cantidad ilimitada de incidentes por daño accidental debido a la manipulación del producto, cada uno de ellos sujeto a un cargo adicional de R$96000  por daños en la pantalla o la carcasa externa o de R$289000  por Otros daños accidentales. Lee todos los detalles en los Términos y condiciones de AppleCare+."",""deviceDateOfPurchase"":""11/08/2026"",""deviceId"":""SHG3JHCD2C9"",""registeredDevice"":""1"",""pocType"":""RPOC"",""serialNumber"":""HG3JHCD2C9"",""partNumber"":""SR1A2ZX/A"",""partAlias"":""ACP"",""purchaseMode"":""C"",""productDescription"":""iMac (24-inch,2024, Two ports)""}},""orderErrorResponse"":{""errorCode"":""GRX-50017"",""errorMessage"":""El nombre y los apellidos no pueden superar los 34 caracteres.""},""transactionId"":""1d5140d2-b1ca-4a55-b45a-ddb315e09408-1786475216718""}"
False;5076984;2026-08-11 15:06:59.233000;2026-08-11 00:00:00;12201114;CREATEORDER;SHG3JHCD2C9;MWUG3CI/A;"{""orderDetailsResponses"":{""deviceEligibility"":{""secondaryDisplay"":""1"",""partDescription"":""AppleCare+ para iMac (M4)"",""coverageDuration"":""3"",""productStatement"":""AppleCare+ para iMac (M4) amplía la cobertura de servicio y soporte técnico a 3 años desde la fecha de compra de AppleCare+ e incluye cobertura para una cantidad ilimitada de incidentes por daño accidental debido a la manipulación del producto, cada uno de ellos sujeto a un cargo adicional de R$96000  por daños en la pantalla o la carcasa externa o de R$289000  por Otros daños accidentales. Lee todos los detalles en los Términos y condiciones de AppleCare+."",""deviceDateOfPurchase"":""11/08/2026"",""deviceId"":""SHG3JHCD2C9"",""registeredDevice"":""1"",""pocType"":""RPOC"",""serialNumber"":""HG3JHCD2C9"",""partNumber"":""SR1A2ZX/A"",""partAlias"":""ACP"",""purchaseMode"":""C"",""productDescription"":""iMac (24-inch,2024, Two ports)""}},""orderErrorResponse"":{""errorCode"":""GRX-50017"",""errorMessage"":""El nombre y los apellidos no pueden superar los 34 caracteres.""},""transactionId"":""98d45700-1e18-4b71-873d-8e2d4f086586-1786475218451""}"
False;5076984;2026-08-11 15:11:29.523000;2026-08-11 00:00:00;12101114;CREATEORDER;SHG3JHCD2C9;MWUG3CI/A;"{""orderDetailsResponses"":{""deviceEligibility"":{""secondaryDisplay"":""1"",""partDescription"":""AppleCare+ para iMac (M4)"",""coverageDuration"":""3"",""productStatement"":""AppleCare+ para iMac (M4) amplía la cobertura de servicio y soporte técnico a 3 años desde la fecha de compra de AppleCare+ e incluye cobertura para una cantidad ilimitada de incidentes por daño accidental debido a la manipulación del producto, cada uno de ellos sujeto a un cargo adicional de R$96000  por daños en la pantalla o la carcasa externa o de R$289000  por Otros daños accidentales. Lee todos los detalles en los Términos y condiciones de AppleCare+."",""deviceDateOfPurchase"":""11/08/2026"",""deviceId"":""SHG3JHCD2C9"",""registeredDevice"":""1"",""pocType"":""RPOC"",""serialNumber"":""HG3JHCD2C9"",""partNumber"":""SR1A2ZX/A"",""partAlias"":""ACP"",""purchaseMode"":""C"",""productDescription"":""iMac (24-inch,2024, Two ports)""}},""orderErrorResponse"":{""errorCode"":""GRX-50017"",""errorMessage"":""El nombre y los apellidos no pueden superar los 34 caracteres.""},""transactionId"":""d0e18a1b-a08b-44f8-8d8c-68063accbe8b-1786475488746""}"
False;5076984;2026-08-11 15:11:31.603000;2026-08-11 00:00:00;12201114;CREATEORDER;SHG3JHCD2C9;MWUG3CI/A;"{""orderDetailsResponses"":{""deviceEligibility"":{""secondaryDisplay"":""1"",""partDescription"":""AppleCare+ para iMac (M4)"",""coverageDuration"":""3"",""productStatement"":""AppleCare+ para iMac (M4) amplía la cobertura de servicio y soporte técnico a 3 años desde la fecha de compra de AppleCare+ e incluye cobertura para una cantidad ilimitada de incidentes por daño accidental debido a la manipulación del producto, cada uno de ellos sujeto a un cargo adicional de R$96000  por daños en la pantalla o la carcasa externa o de R$289000  por Otros daños accidentales. Lee todos los detalles en los Términos y condiciones de AppleCare+."",""deviceDateOfPurchase"":""11/08/2026"",""deviceId"":""SHG3JHCD2C9"",""registeredDevice"":""1"",""pocType"":""RPOC"",""serialNumber"":""HG3JHCD2C9"",""partNumber"":""SR1A2ZX/A"",""partAlias"":""ACP"",""purchaseMode"":""C"",""productDescription"":""iMac (24-inch,2024, Two ports)""}},""orderErrorResponse"":{""errorCode"":""GRX-50017"",""errorMessage"":""El nombre y los apellidos no pueden superar los 34 caracteres.""},""transactionId"":""5796be73-2811-402c-9f7b-30699ed93664-1786475490854""}"
False;5076984;2026-08-11 15:12:05.383000;2026-08-11 00:00:00;12101114;CREATEORDER;SHG3JHCD2C9;MWUG3CI/A;"{""orderDetailsResponses"":{""deviceEligibility"":{""secondaryDisplay"":""1"",""partDescription"":""AppleCare+ para iMac (M4)"",""coverageDuration"":""3"",""productStatement"":""AppleCare+ para iMac (M4) amplía la cobertura de servicio y soporte técnico a 3 años desde la fecha de compra de AppleCare+ e incluye cobertura para una cantidad ilimitada de incidentes por daño accidental debido a la manipulación del producto, cada uno de ellos sujeto a un cargo adicional de R$96000  por daños en la pantalla o la carcasa externa o de R$289000  por Otros daños accidentales. Lee todos los detalles en los Términos y condiciones de AppleCare+."",""deviceDateOfPurchase"":""11/08/2026"",""deviceId"":""SHG3JHCD2C9"",""registeredDevice"":""1"",""pocType"":""RPOC"",""serialNumber"":""HG3JHCD2C9"",""partNumber"":""SR1A2ZX/A"",""partAlias"":""ACP"",""purchaseMode"":""C"",""productDescription"":""iMac (24-inch,2024, Two ports)""}},""orderErrorResponse"":{""errorCode"":""GRX-50017"",""errorMessage"":""El nombre y los apellidos no pueden superar los 34 caracteres.""},""transactionId"":""ba5b3fac-3137-4ec6-a8c7-8b20bb84577b-1786475524603""}"
False;5076984;2026-08-11 15:12:07.587000;2026-08-11 00:00:00;12201114;CREATEORDER;SHG3JHCD2C9;MWUG3CI/A;"{""orderDetailsResponses"":{""deviceEligibility"":{""secondaryDisplay"":""1"",""partDescription"":""AppleCare+ para iMac (M4)"",""coverageDuration"":""3"",""productStatement"":""AppleCare+ para iMac (M4) amplía la cobertura de servicio y soporte técnico a 3 años desde la fecha de compra de AppleCare+ e incluye cobertura para una cantidad ilimitada de incidentes por daño accidental debido a la manipulación del producto, cada uno de ellos sujeto a un cargo adicional de R$96000  por daños en la pantalla o la carcasa externa o de R$289000  por Otros daños accidentales. Lee todos los detalles en los Términos y condiciones de AppleCare+."",""deviceDateOfPurchase"":""11/08/2026"",""deviceId"":""SHG3JHCD2C9"",""registeredDevice"":""1"",""pocType"":""RPOC"",""serialNumber"":""HG3JHCD2C9"",""partNumber"":""SR1A2ZX/A"",""partAlias"":""ACP"",""purchaseMode"":""C"",""productDescription"":""iMac (24-inch,2024, Two ports)""}},""orderErrorResponse"":{""errorCode"":""GRX-50017"",""errorMessage"":""El nombre y los apellidos no pueden superar los 34 caracteres.""},""transactionId"":""14127f14-0460-4ecc-94e6-f06f3ae22ab4-1786475526799""}"
False;5076984;2026-08-11 15:16:22.780000;2026-08-11 00:00:00;12101114;CREATEORDER;SHG3JHCD2C9;MWUG3CI/A;"{""orderDetailsResponses"":{""deviceEligibility"":{""secondaryDisplay"":""1"",""partDescription"":""AppleCare+ para iMac (M4)"",""coverageDuration"":""3"",""productStatement"":""AppleCare+ para iMac (M4) amplía la cobertura de servicio y soporte técnico a 3 años desde la fecha de compra de AppleCare+ e incluye cobertura para una cantidad ilimitada de incidentes por daño accidental debido a la manipulación del producto, cada uno de ellos sujeto a un cargo adicional de R$96000  por daños en la pantalla o la carcasa externa o de R$289000  por Otros daños accidentales. Lee todos los detalles en los Términos y condiciones de AppleCare+."",""deviceDateOfPurchase"":""11/08/2026"",""deviceId"":""SHG3JHCD2C9"",""registeredDevice"":""1"",""pocType"":""RPOC"",""serialNumber"":""HG3JHCD2C9"",""partNumber"":""SR1A2ZX/A"",""partAlias"":""ACP"",""purchaseMode"":""C"",""productDescription"":""iMac (24-inch,2024, Two ports)""}},""orderErrorResponse"":{""errorCode"":""GRX-50017"",""errorMessage"":""El nombre y los apellidos no pueden superar los 34 caracteres.""},""transactionId"":""4015163a-db7f-4d66-a82e-54745940873e-1786475781905""}"
False;5076984;2026-08-11 15:16:24.397000;2026-08-11 00:00:00;12201114;CREATEORDER;SHG3JHCD2C9;MWUG3CI/A;"{""orderDetailsResponses"":{""deviceEligibility"":{""secondaryDisplay"":""1"",""partDescription"":""AppleCare+ para iMac (M4)"",""coverageDuration"":""3"",""productStatement"":""AppleCare+ para iMac (M4) amplía la cobertura de servicio y soporte técnico a 3 años desde la fecha de compra de AppleCare+ e incluye cobertura para una cantidad ilimitada de incidentes por daño accidental debido a la manipulación del producto, cada uno de ellos sujeto a un cargo adicional de R$96000  por daños en la pantalla o la carcasa externa o de R$289000  por Otros daños accidentales. Lee todos los detalles en los Términos y condiciones de AppleCare+."",""deviceDateOfPurchase"":""11/08/2026"",""deviceId"":""SHG3JHCD2C9"",""registeredDevice"":""1"",""pocType"":""RPOC"",""serialNumber"":""HG3JHCD2C9"",""partNumber"":""SR1A2ZX/A"",""partAlias"":""ACP"",""purchaseMode"":""C"",""productDescription"":""iMac (24-inch,2024, Two ports)""}},""orderErrorResponse"":{""errorCode"":""GRX-50017"",""errorMessage"":""El nombre y los apellidos no pueden superar los 34 caracteres.""},""transactionId"":""c5ababb6-f1a8-48c9-afc6-e66fa8a17305-1786475783564""}"
False;5076984;2026-08-11 15:16:57.817000;2026-08-11 00:00:00;12101114;CREATEORDER;SHG3JHCD2C9;MWUG3CI/A;"{""orderDetailsResponses"":{""deviceEligibility"":{""secondaryDisplay"":""1"",""partDescription"":""AppleCare+ para iMac (M4)"",""coverageDuration"":""3"",""productStatement"":""AppleCare+ para iMac (M4) amplía la cobertura de servicio y soporte técnico a 3 años desde la fecha de compra de AppleCare+ e incluye cobertura para una cantidad ilimitada de incidentes por daño accidental debido a la manipulación del producto, cada uno de ellos sujeto a un cargo adicional de R$96000  por daños en la pantalla o la carcasa externa o de R$289000  por Otros daños accidentales. Lee todos los detalles en los Términos y condiciones de AppleCare+."",""deviceDateOfPurchase"":""11/08/2026"",""deviceId"":""SHG3JHCD2C9"",""registeredDevice"":""1"",""pocType"":""RPOC"",""serialNumber"":""HG3JHCD2C9"",""partNumber"":""SR1A2ZX/A"",""partAlias"":""ACP"",""purchaseMode"":""C"",""productDescription"":""iMac (24-inch,2024, Two ports)""}},""orderErrorResponse"":{""errorCode"":""GRX-50017"",""errorMessage"":""El nombre y los apellidos no pueden superar los 34 caracteres.""},""transactionId"":""8f3f7910-87a5-41b8-b10a-7a16a33ca988-1786475817050""}"
False;5076984;2026-08-11 15:16:59.283000;2026-08-11 00:00:00;12201114;CREATEORDER;SHG3JHCD2C9;MWUG3CI/A;"{""orderDetailsResponses"":{""deviceEligibility"":{""secondaryDisplay"":""1"",""partDescription"":""AppleCare+ para iMac (M4)"",""coverageDuration"":""3"",""productStatement"":""AppleCare+ para iMac (M4) amplía la cobertura de servicio y soporte técnico a 3 años desde la fecha de compra de AppleCare+ e incluye cobertura para una cantidad ilimitada de incidentes por daño accidental debido a la manipulación del producto, cada uno de ellos sujeto a un cargo adicional de R$96000  por daños en la pantalla o la carcasa externa o de R$289000  por Otros daños accidentales. Lee todos los detalles en los Términos y condiciones de AppleCare+."",""deviceDateOfPurchase"":""11/08/2026"",""deviceId"":""SHG3JHCD2C9"",""registeredDevice"":""1"",""pocType"":""RPOC"",""serialNumber"":""HG3JHCD2C9"",""partNumber"":""SR1A2ZX/A"",""partAlias"":""ACP"",""purchaseMode"":""C"",""productDescription"":""iMac (24-inch,2024, Two ports)""}},""orderErrorResponse"":{""errorCode"":""GRX-50017"",""errorMessage"":""El nombre y los apellidos no pueden superar los 34 caracteres.""},""transactionId"":""44eae664-5bfe-45b3-912d-e85c0c5e17aa-1786475818430""}"
False;5076984;2026-08-11 15:21:20.220000;2026-08-11 00:00:00;12101114;CREATEORDER;SHG3JHCD2C9;MWUG3CI/A;"{""orderDetailsResponses"":{""deviceEligibility"":{""secondaryDisplay"":""1"",""partDescription"":""AppleCare+ para iMac (M4)"",""coverageDuration"":""3"",""productStatement"":""AppleCare+ para iMac (M4) amplía la cobertura de servicio y soporte técnico a 3 años desde la fecha de compra de AppleCare+ e incluye cobertura para una cantidad ilimitada de incidentes por daño accidental debido a la manipulación del producto, cada uno de ellos sujeto a un cargo adicional de R$96000  por daños en la pantalla o la carcasa externa o de R$289000  por Otros daños accidentales. Lee todos los detalles en los Términos y condiciones de AppleCare+."",""deviceDateOfPurchase"":""11/08/2026"",""deviceId"":""SHG3JHCD2C9"",""registeredDevice"":""1"",""pocType"":""RPOC"",""serialNumber"":""HG3JHCD2C9"",""partNumber"":""SR1A2ZX/A"",""partAlias"":""ACP"",""purchaseMode"":""C"",""productDescription"":""iMac (24-inch,2024, Two ports)""}},""orderErrorResponse"":{""errorCode"":""GRX-50017"",""errorMessage"":""El nombre y los apellidos no pueden superar los 34 caracteres.""},""transactionId"":""623685e7-1968-473e-8231-091910a39d67-1786476079323""}"
False;5076984;2026-08-11 15:21:21.613000;2026-08-11 00:00:00;12201114;CREATEORDER;SHG3JHCD2C9;MWUG3CI/A;"{""orderDetailsResponses"":{""deviceEligibility"":{""secondaryDisplay"":""1"",""partDescription"":""AppleCare+ para iMac (M4)"",""coverageDuration"":""3"",""productStatement"":""AppleCare+ para iMac (M4) amplía la cobertura de servicio y soporte técnico a 3 años desde la fecha de compra de AppleCare+ e incluye cobertura para una cantidad ilimitada de incidentes por daño accidental debido a la manipulación del producto, cada uno de ellos sujeto a un cargo adicional de R$96000  por daños en la pantalla o la carcasa externa o de R$289000  por Otros daños accidentales. Lee todos los detalles en los Términos y condiciones de AppleCare+."",""deviceDateOfPurchase"":""11/08/2026"",""deviceId"":""SHG3JHCD2C9"",""registeredDevice"":""1"",""pocType"":""RPOC"",""serialNumber"":""HG3JHCD2C9"",""partNumber"":""SR1A2ZX/A"",""partAlias"":""ACP"",""purchaseMode"":""C"",""productDescription"":""iMac (24-inch,2024, Two ports)""}},""orderErrorResponse"":{""errorCode"":""GRX-50017"",""errorMessage"":""El nombre y los apellidos no pueden superar los 34 caracteres.""},""transactionId"":""9d61a494-6481-484b-ae83-c79bc4fe2fca-1786476080877""}"
False;5076984;2026-08-11 15:21:55.530000;2026-08-11 00:00:00;12101114;CREATEORDER;SHG3JHCD2C9;MWUG3CI/A;"{""orderDetailsResponses"":{""deviceEligibility"":{""secondaryDisplay"":""1"",""partDescription"":""AppleCare+ para iMac (M4)"",""coverageDuration"":""3"",""productStatement"":""AppleCare+ para iMac (M4) amplía la cobertura de servicio y soporte técnico a 3 años desde la fecha de compra de AppleCare+ e incluye cobertura para una cantidad ilimitada de incidentes por daño accidental debido a la manipulación del producto, cada uno de ellos sujeto a un cargo adicional de R$96000  por daños en la pantalla o la carcasa externa o de R$289000  por Otros daños accidentales. Lee todos los detalles en los Términos y condiciones de AppleCare+."",""deviceDateOfPurchase"":""11/08/2026"",""deviceId"":""SHG3JHCD2C9"",""registeredDevice"":""1"",""pocType"":""RPOC"",""serialNumber"":""HG3JHCD2C9"",""partNumber"":""SR1A2ZX/A"",""partAlias"":""ACP"",""purchaseMode"":""C"",""productDescription"":""iMac (24-inch,2024, Two ports)""}},""orderErrorResponse"":{""errorCode"":""GRX-50017"",""errorMessage"":""El nombre y los apellidos no pueden superar los 34 caracteres.""},""transactionId"":""f5c40305-b5d1-4d0e-a4bd-64e7783c32c1-1786476114726""}"
False;5076984;2026-08-11 15:21:57.643000;2026-08-11 00:00:00;12201114;CREATEORDER;SHG3JHCD2C9;MWUG3CI/A;"{""orderDetailsResponses"":{""deviceEligibility"":{""secondaryDisplay"":""1"",""partDescription"":""AppleCare+ para iMac (M4)"",""coverageDuration"":""3"",""productStatement"":""AppleCare+ para iMac (M4) amplía la cobertura de servicio y soporte técnico a 3 años desde la fecha de compra de AppleCare+ e incluye cobertura para una cantidad ilimitada de incidentes por daño accidental debido a la manipulación del producto, cada uno de ellos sujeto a un cargo adicional de R$96000  por daños en la pantalla o la carcasa externa o de R$289000  por Otros daños accidentales. Lee todos los detalles en los Términos y condiciones de AppleCare+."",""deviceDateOfPurchase"":""11/08/2026"",""deviceId"":""SHG3JHCD2C9"",""registeredDevice"":""1"",""pocType"":""RPOC"",""serialNumber"":""HG3JHCD2C9"",""partNumber"":""SR1A2ZX/A"",""partAlias"":""ACP"",""purchaseMode"":""C"",""productDescription"":""iMac (24-inch,2024, Two ports)""}},""orderErrorResponse"":{""errorCode"":""GRX-50017"",""errorMessage"":""El nombre y los apellidos no pueden superar los 34 caracteres.""},""transactionId"":""c725e6d5-9653-4447-812b-320be6cc8d5e-1786476116889""}"
False;5076984;2026-08-11 15:26:22.613000;2026-08-11 00:00:00;12101114;CREATEORDER;SHG3JHCD2C9;MWUG3CI/A;"{""orderDetailsResponses"":{""deviceEligibility"":{""secondaryDisplay"":""1"",""partDescription"":""AppleCare+ para iMac (M4)"",""coverageDuration"":""3"",""productStatement"":""AppleCare+ para iMac (M4) amplía la cobertura de servicio y soporte técnico a 3 años desde la fecha de compra de AppleCare+ e incluye cobertura para una cantidad ilimitada de incidentes por daño accidental debido a la manipulación del producto, cada uno de ellos sujeto a un cargo adicional de R$96000  por daños en la pantalla o la carcasa externa o de R$289000  por Otros daños accidentales. Lee todos los detalles en los Términos y condiciones de AppleCare+."",""deviceDateOfPurchase"":""11/08/2026"",""deviceId"":""SHG3JHCD2C9"",""registeredDevice"":""1"",""pocType"":""RPOC"",""serialNumber"":""HG3JHCD2C9"",""partNumber"":""SR1A2ZX/A"",""partAlias"":""ACP"",""purchaseMode"":""C"",""productDescription"":""iMac (24-inch,2024, Two ports)""}},""orderErrorResponse"":{""errorCode"":""GRX-50017"",""errorMessage"":""El nombre y los apellidos no pueden superar los 34 caracteres.""},""transactionId"":""795a6cdc-27e7-46ae-a078-2c9eeb75271d-1786476381746""}"
False;5076984;2026-08-11 15:26:24.243000;2026-08-11 00:00:00;12201114;CREATEORDER;SHG3JHCD2C9;MWUG3CI/A;"{""orderDetailsResponses"":{""deviceEligibility"":{""secondaryDisplay"":""1"",""partDescription"":""AppleCare+ para iMac (M4)"",""coverageDuration"":""3"",""productStatement"":""AppleCare+ para iMac (M4) amplía la cobertura de servicio y soporte técnico a 3 años desde la fecha de compra de AppleCare+ e incluye cobertura para una cantidad ilimitada de incidentes por daño accidental debido a la manipulación del producto, cada uno de ellos sujeto a un cargo adicional de R$96000  por daños en la pantalla o la carcasa externa o de R$289000  por Otros daños accidentales. Lee todos los detalles en los Términos y condiciones de AppleCare+."",""deviceDateOfPurchase"":""11/08/2026"",""deviceId"":""SHG3JHCD2C9"",""registeredDevice"":""1"",""pocType"":""RPOC"",""serialNumber"":""HG3JHCD2C9"",""partNumber"":""SR1A2ZX/A"",""partAlias"":""ACP"",""purchaseMode"":""C"",""productDescription"":""iMac (24-inch,2024, Two ports)""}},""orderErrorResponse"":{""errorCode"":""GRX-50017"",""errorMessage"":""El nombre y los apellidos no pueden superar los 34 caracteres.""},""transactionId"":""eabcf6be-bbb9-4d66-829f-76e29594f32e-1786476383447""}"
False;5076984;2026-08-11 15:27:00.617000;2026-08-11 00:00:00;12101114;CREATEORDER;SHG3JHCD2C9;MWUG3CI/A;"{""orderDetailsResponses"":{""deviceEligibility"":{""secondaryDisplay"":""1"",""partDescription"":""AppleCare+ para iMac (M4)"",""coverageDuration"":""3"",""productStatement"":""AppleCare+ para iMac (M4) amplía la cobertura de servicio y soporte técnico a 3 años desde la fecha de compra de AppleCare+ e incluye cobertura para una cantidad ilimitada de incidentes por daño accidental debido a la manipulación del producto, cada uno de ellos sujeto a un cargo adicional de R$96000  por daños en la pantalla o la carcasa externa o de R$289000  por Otros daños accidentales. Lee todos los detalles en los Términos y condiciones de AppleCare+."",""deviceDateOfPurchase"":""11/08/2026"",""deviceId"":""SHG3JHCD2C9"",""registeredDevice"":""1"",""pocType"":""RPOC"",""serialNumber"":""HG3JHCD2C9"",""partNumber"":""SR1A2ZX/A"",""partAlias"":""ACP"",""purchaseMode"":""C"",""productDescription"":""iMac (24-inch,2024, Two ports)""}},""orderErrorResponse"":{""errorCode"":""GRX-50017"",""errorMessage"":""El nombre y los apellidos no pueden superar los 34 caracteres.""},""transactionId"":""bd1e1752-b55a-4f83-9413-0fb506788d99-1786476419801""}"
False;5076984;2026-08-11 15:27:02.313000;2026-08-11 00:00:00;12201114;CREATEORDER;SHG3JHCD2C9;MWUG3CI/A;"{""orderDetailsResponses"":{""deviceEligibility"":{""secondaryDisplay"":""1"",""partDescription"":""AppleCare+ para iMac (M4)"",""coverageDuration"":""3"",""productStatement"":""AppleCare+ para iMac (M4) amplía la cobertura de servicio y soporte técnico a 3 años desde la fecha de compra de AppleCare+ e incluye cobertura para una cantidad ilimitada de incidentes por daño accidental debido a la manipulación del producto, cada uno de ellos sujeto a un cargo adicional de R$96000  por daños en la pantalla o la carcasa externa o de R$289000  por Otros daños accidentales. Lee todos los detalles en los Términos y condiciones de AppleCare+."",""deviceDateOfPurchase"":""11/08/2026"",""deviceId"":""SHG3JHCD2C9"",""registeredDevice"":""1"",""pocType"":""RPOC"",""serialNumber"":""HG3JHCD2C9"",""partNumber"":""SR1A2ZX/A"",""partAlias"":""ACP"",""purchaseMode"":""C"",""productDescription"":""iMac (24-inch,2024, Two ports)""}},""orderErrorResponse"":{""errorCode"":""GRX-50017"",""errorMessage"":""El nombre y los apellidos no pueden superar los 34 caracteres.""},""transactionId"":""25a6d30b-f03d-4d6c-b2d5-241ff23163d7-1786476421613""}"
False;5076984;2026-08-11 15:31:21.270000;2026-08-11 00:00:00;12101114;CREATEORDER;SHG3JHCD2C9;MWUG3CI/A;"{""orderDetailsResponses"":{""deviceEligibility"":{""secondaryDisplay"":""1"",""partDescription"":""AppleCare+ para iMac (M4)"",""coverageDuration"":""3"",""productStatement"":""AppleCare+ para iMac (M4) amplía la cobertura de servicio y soporte técnico a 3 años desde la fecha de compra de AppleCare+ e incluye cobertura para una cantidad ilimitada de incidentes por daño accidental debido a la manipulación del producto, cada uno de ellos sujeto a un cargo adicional de R$96000  por daños en la pantalla o la carcasa externa o de R$289000  por Otros daños accidentales. Lee todos los detalles en los Términos y condiciones de AppleCare+."",""deviceDateOfPurchase"":""11/08/2026"",""deviceId"":""SHG3JHCD2C9"",""registeredDevice"":""1"",""pocType"":""RPOC"",""serialNumber"":""HG3JHCD2C9"",""partNumber"":""SR1A2ZX/A"",""partAlias"":""ACP"",""purchaseMode"":""C"",""productDescription"":""iMac (24-inch,2024, Two ports)""}},""orderErrorResponse"":{""errorCode"":""GRX-50017"",""errorMessage"":""El nombre y los apellidos no pueden superar los 34 caracteres.""},""transactionId"":""a17dbb50-b042-420c-8bf8-ce1c7dd12db6-1786476680538""}"
False;5076984;2026-08-11 15:31:24.120000;2026-08-11 00:00:00;12201114;CREATEORDER;SHG3JHCD2C9;MWUG3CI/A;"{""orderDetailsResponses"":{""deviceEligibility"":{""secondaryDisplay"":""1"",""partDescription"":""AppleCare+ para iMac (M4)"",""coverageDuration"":""3"",""productStatement"":""AppleCare+ para iMac (M4) amplía la cobertura de servicio y soporte técnico a 3 años desde la fecha de compra de AppleCare+ e incluye cobertura para una cantidad ilimitada de incidentes por daño accidental debido a la manipulación del producto, cada uno de ellos sujeto a un cargo adicional de R$96000  por daños en la pantalla o la carcasa externa o de R$289000  por Otros daños accidentales. Lee todos los detalles en los Términos y condiciones de AppleCare+."",""deviceDateOfPurchase"":""11/08/2026"",""deviceId"":""SHG3JHCD2C9"",""registeredDevice"":""1"",""pocType"":""RPOC"",""serialNumber"":""HG3JHCD2C9"",""partNumber"":""SR1A2ZX/A"",""partAlias"":""ACP"",""purchaseMode"":""C"",""productDescription"":""iMac (24-inch,2024, Two ports)""}},""orderErrorResponse"":{""errorCode"":""GRX-50017"",""errorMessage"":""El nombre y los apellidos no pueden superar los 34 caracteres.""},""transactionId"":""29cca0f8-dcfe-4a60-a47d-8a0497a2df88-1786476683359""}"
False;5076984;2026-08-11 15:31:56.370000;2026-08-11 00:00:00;12101114;CREATEORDER;SHG3JHCD2C9;MWUG3CI/A;"{""orderDetailsResponses"":{""deviceEligibility"":{""secondaryDisplay"":""1"",""partDescription"":""AppleCare+ para iMac (M4)"",""coverageDuration"":""3"",""productStatement"":""AppleCare+ para iMac (M4) amplía la cobertura de servicio y soporte técnico a 3 años desde la fecha de compra de AppleCare+ e incluye cobertura para una cantidad ilimitada de incidentes por daño accidental debido a la manipulación del producto, cada uno de ellos sujeto a un cargo adicional de R$96000  por daños en la pantalla o la carcasa externa o de R$289000  por Otros daños accidentales. Lee todos los detalles en los Términos y condiciones de AppleCare+."",""deviceDateOfPurchase"":""11/08/2026"",""deviceId"":""SHG3JHCD2C9"",""registeredDevice"":""1"",""pocType"":""RPOC"",""serialNumber"":""HG3JHCD2C9"",""partNumber"":""SR1A2ZX/A"",""partAlias"":""ACP"",""purchaseMode"":""C"",""productDescription"":""iMac (24-inch,2024, Two ports)""}},""orderErrorResponse"":{""errorCode"":""GRX-50017"",""errorMessage"":""El nombre y los apellidos no pueden superar los 34 caracteres.""},""transactionId"":""3e2df2ed-f828-470b-980f-d70075443597-1786476715573""}"
False;5076984;2026-08-11 15:31:59.137000;2026-08-11 00:00:00;12201114;CREATEORDER;SHG3JHCD2C9;MWUG3CI/A;"{""orderDetailsResponses"":{""deviceEligibility"":{""secondaryDisplay"":""1"",""partDescription"":""AppleCare+ para iMac (M4)"",""coverageDuration"":""3"",""productStatement"":""AppleCare+ para iMac (M4) amplía la cobertura de servicio y soporte técnico a 3 años desde la fecha de compra de AppleCare+ e incluye cobertura para una cantidad ilimitada de incidentes por daño accidental debido a la manipulación del producto, cada uno de ellos sujeto a un cargo adicional de R$96000  por daños en la pantalla o la carcasa externa o de R$289000  por Otros daños accidentales. Lee todos los detalles en los Términos y condiciones de AppleCare+."",""deviceDateOfPurchase"":""11/08/2026"",""deviceId"":""SHG3JHCD2C9"",""registeredDevice"":""1"",""pocType"":""RPOC"",""serialNumber"":""HG3JHCD2C9"",""partNumber"":""SR1A2ZX/A"",""partAlias"":""ACP"",""purchaseMode"":""C"",""productDescription"":""iMac (24-inch,2024, Two ports)""}},""orderErrorResponse"":{""errorCode"":""GRX-50017"",""errorMessage"":""El nombre y los apellidos no pueden superar los 34 caracteres.""},""transactionId"":""d3c7a371-96bb-418b-85b9-8c8c3f754044-1786476718451""}"
False;5076984;2026-08-11 15:36:22.387000;2026-08-11 00:00:00;12101114;CREATEORDER;SHG3JHCD2C9;MWUG3CI/A;"{""orderDetailsResponses"":{""deviceEligibility"":{""secondaryDisplay"":""1"",""partDescription"":""AppleCare+ para iMac (M4)"",""coverageDuration"":""3"",""productStatement"":""AppleCare+ para iMac (M4) amplía la cobertura de servicio y soporte técnico a 3 años desde la fecha de compra de AppleCare+ e incluye cobertura para una cantidad ilimitada de incidentes por daño accidental debido a la manipulación del producto, cada uno de ellos sujeto a un cargo adicional de R$96000  por daños en la pantalla o la carcasa externa o de R$289000  por Otros daños accidentales. Lee todos los detalles en los Términos y condiciones de AppleCare+."",""deviceDateOfPurchase"":""11/08/2026"",""deviceId"":""SHG3JHCD2C9"",""registeredDevice"":""1"",""pocType"":""RPOC"",""serialNumber"":""HG3JHCD2C9"",""partNumber"":""SR1A2ZX/A"",""partAlias"":""ACP"",""purchaseMode"":""C"",""productDescription"":""iMac (24-inch,2024, Two ports)""}},""orderErrorResponse"":{""errorCode"":""GRX-50017"",""errorMessage"":""El nombre y los apellidos no pueden superar los 34 caracteres.""},""transactionId"":""ce4272f7-e62b-46ab-a2b8-11011a58b7b1-1786476981613""}"
False;5076984;2026-08-11 15:36:23.890000;2026-08-11 00:00:00;12201114;CREATEORDER;SHG3JHCD2C9;MWUG3CI/A;"{""orderDetailsResponses"":{""deviceEligibility"":{""secondaryDisplay"":""1"",""partDescription"":""AppleCare+ para iMac (M4)"",""coverageDuration"":""3"",""productStatement"":""AppleCare+ para iMac (M4) amplía la cobertura de servicio y soporte técnico a 3 años desde la fecha de compra de AppleCare+ e incluye cobertura para una cantidad ilimitada de incidentes por daño accidental debido a la manipulación del producto, cada uno de ellos sujeto a un cargo adicional de R$96000  por daños en la pantalla o la carcasa externa o de R$289000  por Otros daños accidentales. Lee todos los detalles en los Términos y condiciones de AppleCare+."",""deviceDateOfPurchase"":""11/08/2026"",""deviceId"":""SHG3JHCD2C9"",""registeredDevice"":""1"",""pocType"":""RPOC"",""serialNumber"":""HG3JHCD2C9"",""partNumber"":""SR1A2ZX/A"",""partAlias"":""ACP"",""purchaseMode"":""C"",""productDescription"":""iMac (24-inch,2024, Two ports)""}},""orderErrorResponse"":{""errorCode"":""GRX-50017"",""errorMessage"":""El nombre y los apellidos no pueden superar los 34 caracteres.""},""transactionId"":""f21d19bb-7014-4568-9759-4324a5f3b3ce-1786476983182""}"
False;5076984;2026-08-11 15:37:06.880000;2026-08-11 00:00:00;12101114;CREATEORDER;SHG3JHCD2C9;MWUG3CI/A;"{""orderDetailsResponses"":{""deviceEligibility"":{""secondaryDisplay"":""1"",""partDescription"":""AppleCare+ para iMac (M4)"",""coverageDuration"":""3"",""productStatement"":""AppleCare+ para iMac (M4) amplía la cobertura de servicio y soporte técnico a 3 años desde la fecha de compra de AppleCare+ e incluye cobertura para una cantidad ilimitada de incidentes por daño accidental debido a la manipulación del producto, cada uno de ellos sujeto a un cargo adicional de R$96000  por daños en la pantalla o la carcasa externa o de R$289000  por Otros daños accidentales. Lee todos los detalles en los Términos y condiciones de AppleCare+."",""deviceDateOfPurchase"":""11/08/2026"",""deviceId"":""SHG3JHCD2C9"",""registeredDevice"":""1"",""pocType"":""RPOC"",""serialNumber"":""HG3JHCD2C9"",""partNumber"":""SR1A2ZX/A"",""partAlias"":""ACP"",""purchaseMode"":""C"",""productDescription"":""iMac (24-inch,2024, Two ports)""}},""orderErrorResponse"":{""errorCode"":""GRX-50017"",""errorMessage"":""El nombre y los apellidos no pueden superar los 34 caracteres.""},""transactionId"":""a6d0d42d-3f68-4b5f-ae47-06d800634784-1786477026195""}"
False;5076984;2026-08-11 15:37:08.517000;2026-08-11 00:00:00;12201114;CREATEORDER;SHG3JHCD2C9;MWUG3CI/A;"{""orderDetailsResponses"":{""deviceEligibility"":{""secondaryDisplay"":""1"",""partDescription"":""AppleCare+ para iMac (M4)"",""coverageDuration"":""3"",""productStatement"":""AppleCare+ para iMac (M4) amplía la cobertura de servicio y soporte técnico a 3 años desde la fecha de compra de AppleCare+ e incluye cobertura para una cantidad ilimitada de incidentes por daño accidental debido a la manipulación del producto, cada uno de ellos sujeto a un cargo adicional de R$96000  por daños en la pantalla o la carcasa externa o de R$289000  por Otros daños accidentales. Lee todos los detalles en los Términos y condiciones de AppleCare+."",""deviceDateOfPurchase"":""11/08/2026"",""deviceId"":""SHG3JHCD2C9"",""registeredDevice"":""1"",""pocType"":""RPOC"",""serialNumber"":""HG3JHCD2C9"",""partNumber"":""SR1A2ZX/A"",""partAlias"":""ACP"",""purchaseMode"":""C"",""productDescription"":""iMac (24-inch,2024, Two ports)""}},""orderErrorResponse"":{""errorCode"":""GRX-50017"",""errorMessage"":""El nombre y los apellidos no pueden superar los 34 caracteres.""},""transactionId"":""39daa24a-066c-4648-8035-6fcb125b736f-1786477027803""}"
False;5076984;2026-08-11 15:41:21.253000;2026-08-11 00:00:00;12101114;CREATEORDER;SHG3JHCD2C9;MWUG3CI/A;"{""orderDetailsResponses"":{""deviceEligibility"":{""secondaryDisplay"":""1"",""partDescription"":""AppleCare+ para iMac (M4)"",""coverageDuration"":""3"",""productStatement"":""AppleCare+ para iMac (M4) amplía la cobertura de servicio y soporte técnico a 3 años desde la fecha de compra de AppleCare+ e incluye cobertura para una cantidad ilimitada de incidentes por daño accidental debido a la manipulación del producto, cada uno de ellos sujeto a un cargo adicional de R$96000  por daños en la pantalla o la carcasa externa o de R$289000  por Otros daños accidentales. Lee todos los detalles en los Términos y condiciones de AppleCare+."",""deviceDateOfPurchase"":""11/08/2026"",""deviceId"":""SHG3JHCD2C9"",""registeredDevice"":""1"",""pocType"":""RPOC"",""serialNumber"":""HG3JHCD2C9"",""partNumber"":""SR1A2ZX/A"",""partAlias"":""ACP"",""purchaseMode"":""C"",""productDescription"":""iMac (24-inch,2024, Two ports)""}},""orderErrorResponse"":{""errorCode"":""GRX-50017"",""errorMessage"":""El nombre y los apellidos no pueden superar los 34 caracteres.""},""transactionId"":""8cc71012-9475-45cd-aae7-0b56b6df3c85-1786477280319""}"
False;5076984;2026-08-11 15:41:22.943000;2026-08-11 00:00:00;12201114;CREATEORDER;SHG3JHCD2C9;MWUG3CI/A;"{""orderDetailsResponses"":{""deviceEligibility"":{""secondaryDisplay"":""1"",""partDescription"":""AppleCare+ para iMac (M4)"",""coverageDuration"":""3"",""productStatement"":""AppleCare+ para iMac (M4) amplía la cobertura de servicio y soporte técnico a 3 años desde la fecha de compra de AppleCare+ e incluye cobertura para una cantidad ilimitada de incidentes por daño accidental debido a la manipulación del producto, cada uno de ellos sujeto a un cargo adicional de R$96000  por daños en la pantalla o la carcasa externa o de R$289000  por Otros daños accidentales. Lee todos los detalles en los Términos y condiciones de AppleCare+."",""deviceDateOfPurchase"":""11/08/2026"",""deviceId"":""SHG3JHCD2C9"",""registeredDevice"":""1"",""pocType"":""RPOC"",""serialNumber"":""HG3JHCD2C9"",""partNumber"":""SR1A2ZX/A"",""partAlias"":""ACP"",""purchaseMode"":""C"",""productDescription"":""iMac (24-inch,2024, Two ports)""}},""orderErrorResponse"":{""errorCode"":""GRX-50017"",""errorMessage"":""El nombre y los apellidos no pueden superar los 34 caracteres.""},""transactionId"":""57f0a016-42b2-4cf7-9e41-db422a91ada5-1786477282189""}"
False;5076984;2026-08-11 15:41:56.150000;2026-08-11 00:00:00;12101114;CREATEORDER;SHG3JHCD2C9;MWUG3CI/A;"{""orderDetailsResponses"":{""deviceEligibility"":{""secondaryDisplay"":""1"",""partDescription"":""AppleCare+ para iMac (M4)"",""coverageDuration"":""3"",""productStatement"":""AppleCare+ para iMac (M4) amplía la cobertura de servicio y soporte técnico a 3 años desde la fecha de compra de AppleCare+ e incluye cobertura para una cantidad ilimitada de incidentes por daño accidental debido a la manipulación del producto, cada uno de ellos sujeto a un cargo adicional de R$96000  por daños en la pantalla o la carcasa externa o de R$289000  por Otros daños accidentales. Lee todos los detalles en los Términos y condiciones de AppleCare+."",""deviceDateOfPurchase"":""11/08/2026"",""deviceId"":""SHG3JHCD2C9"",""registeredDevice"":""1"",""pocType"":""RPOC"",""serialNumber"":""HG3JHCD2C9"",""partNumber"":""SR1A2ZX/A"",""partAlias"":""ACP"",""purchaseMode"":""C"",""productDescription"":""iMac (24-inch,2024, Two ports)""}},""orderErrorResponse"":{""errorCode"":""GRX-50017"",""errorMessage"":""El nombre y los apellidos no pueden superar los 34 caracteres.""},""transactionId"":""e9a8fefb-f2d9-4bd0-9ba0-aca12e7bcaac-1786477315354""}"
False;5076984;2026-08-11 15:41:58.140000;2026-08-11 00:00:00;12201114;CREATEORDER;SHG3JHCD2C9;MWUG3CI/A;"{""orderDetailsResponses"":{""deviceEligibility"":{""secondaryDisplay"":""1"",""partDescription"":""AppleCare+ para iMac (M4)"",""coverageDuration"":""3"",""productStatement"":""AppleCare+ para iMac (M4) amplía la cobertura de servicio y soporte técnico a 3 años desde la fecha de compra de AppleCare+ e incluye cobertura para una cantidad ilimitada de incidentes por daño accidental debido a la manipulación del producto, cada uno de ellos sujeto a un cargo adicional de R$96000  por daños en la pantalla o la carcasa externa o de R$289000  por Otros daños accidentales. Lee todos los detalles en los Términos y condiciones de AppleCare+."",""deviceDateOfPurchase"":""11/08/2026"",""deviceId"":""SHG3JHCD2C9"",""registeredDevice"":""1"",""pocType"":""RPOC"",""serialNumber"":""HG3JHCD2C9"",""partNumber"":""SR1A2ZX/A"",""partAlias"":""ACP"",""purchaseMode"":""C"",""productDescription"":""iMac (24-inch,2024, Two ports)""}},""orderErrorResponse"":{""errorCode"":""GRX-50017"",""errorMessage"":""El nombre y los apellidos no pueden superar los 34 caracteres.""},""transactionId"":""248afc88-a681-48d7-8f90-eecc834058e4-1786477317409""}"
False;5076984;2026-08-11 15:46:23.537000;2026-08-11 00:00:00;12101114;CREATEORDER;SHG3JHCD2C9;MWUG3CI/A;"{""orderDetailsResponses"":{""deviceEligibility"":{""secondaryDisplay"":""1"",""partDescription"":""AppleCare+ para iMac (M4)"",""coverageDuration"":""3"",""productStatement"":""AppleCare+ para iMac (M4) amplía la cobertura de servicio y soporte técnico a 3 años desde la fecha de compra de AppleCare+ e incluye cobertura para una cantidad ilimitada de incidentes por daño accidental debido a la manipulación del producto, cada uno de ellos sujeto a un cargo adicional de R$96000  por daños en la pantalla o la carcasa externa o de R$289000  por Otros daños accidentales. Lee todos los detalles en los Términos y condiciones de AppleCare+."",""deviceDateOfPurchase"":""11/08/2026"",""deviceId"":""SHG3JHCD2C9"",""registeredDevice"":""1"",""pocType"":""RPOC"",""serialNumber"":""HG3JHCD2C9"",""partNumber"":""SR1A2ZX/A"",""partAlias"":""ACP"",""purchaseMode"":""C"",""productDescription"":""iMac (24-inch,2024, Two ports)""}},""orderErrorResponse"":{""errorCode"":""GRX-50017"",""errorMessage"":""El nombre y los apellidos no pueden superar los 34 caracteres.""},""transactionId"":""9b6c9bad-e585-47e6-a5df-bbafb8f35d26-1786477582699""}"
False;5076984;2026-08-11 15:46:26.430000;2026-08-11 00:00:00;12201114;CREATEORDER;SHG3JHCD2C9;MWUG3CI/A;"{""orderDetailsResponses"":{""deviceEligibility"":{""secondaryDisplay"":""1"",""partDescription"":""AppleCare+ para iMac (M4)"",""coverageDuration"":""3"",""productStatement"":""AppleCare+ para iMac (M4) amplía la cobertura de servicio y soporte técnico a 3 años desde la fecha de compra de AppleCare+ e incluye cobertura para una cantidad ilimitada de incidentes por daño accidental debido a la manipulación del producto, cada uno de ellos sujeto a un cargo adicional de R$96000  por daños en la pantalla o la carcasa externa o de R$289000  por Otros daños accidentales. Lee todos los detalles en los Términos y condiciones de AppleCare+."",""deviceDateOfPurchase"":""11/08/2026"",""deviceId"":""SHG3JHCD2C9"",""registeredDevice"":""1"",""pocType"":""RPOC"",""serialNumber"":""HG3JHCD2C9"",""partNumber"":""SR1A2ZX/A"",""partAlias"":""ACP"",""purchaseMode"":""C"",""productDescription"":""iMac (24-inch,2024, Two ports)""}},""orderErrorResponse"":{""errorCode"":""GRX-50017"",""errorMessage"":""El nombre y los apellidos no pueden superar los 34 caracteres.""},""transactionId"":""4e6be580-6985-49a5-b9d9-2636abca9db0-1786477585721""}"
False;5076984;2026-08-11 15:46:59.727000;2026-08-11 00:00:00;12101114;CREATEORDER;SHG3JHCD2C9;MWUG3CI/A;"{""orderDetailsResponses"":{""deviceEligibility"":{""secondaryDisplay"":""1"",""partDescription"":""AppleCare+ para iMac (M4)"",""coverageDuration"":""3"",""productStatement"":""AppleCare+ para iMac (M4) amplía la cobertura de servicio y soporte técnico a 3 años desde la fecha de compra de AppleCare+ e incluye cobertura para una cantidad ilimitada de incidentes por daño accidental debido a la manipulación del producto, cada uno de ellos sujeto a un cargo adicional de R$96000  por daños en la pantalla o la carcasa externa o de R$289000  por Otros daños accidentales. Lee todos los detalles en los Términos y condiciones de AppleCare+."",""deviceDateOfPurchase"":""11/08/2026"",""deviceId"":""SHG3JHCD2C9"",""registeredDevice"":""1"",""pocType"":""RPOC"",""serialNumber"":""HG3JHCD2C9"",""partNumber"":""SR1A2ZX/A"",""partAlias"":""ACP"",""purchaseMode"":""C"",""productDescription"":""iMac (24-inch,2024, Two ports)""}},""orderErrorResponse"":{""errorCode"":""GRX-50017"",""errorMessage"":""El nombre y los apellidos no pueden superar los 34 caracteres.""},""transactionId"":""b5b9d551-4239-438c-a71c-7bcd209e585b-1786477618924""}"
False;5076984;2026-08-11 15:47:01.917000;2026-08-11 00:00:00;12201114;CREATEORDER;SHG3JHCD2C9;MWUG3CI/A;"{""orderDetailsResponses"":{""deviceEligibility"":{""secondaryDisplay"":""1"",""partDescription"":""AppleCare+ para iMac (M4)"",""coverageDuration"":""3"",""productStatement"":""AppleCare+ para iMac (M4) amplía la cobertura de servicio y soporte técnico a 3 años desde la fecha de compra de AppleCare+ e incluye cobertura para una cantidad ilimitada de incidentes por daño accidental debido a la manipulación del producto, cada uno de ellos sujeto a un cargo adicional de R$96000  por daños en la pantalla o la carcasa externa o de R$289000  por Otros daños accidentales. Lee todos los detalles en los Términos y condiciones de AppleCare+."",""deviceDateOfPurchase"":""11/08/2026"",""deviceId"":""SHG3JHCD2C9"",""registeredDevice"":""1"",""pocType"":""RPOC"",""serialNumber"":""HG3JHCD2C9"",""partNumber"":""SR1A2ZX/A"",""partAlias"":""ACP"",""purchaseMode"":""C"",""productDescription"":""iMac (24-inch,2024, Two ports)""}},""orderErrorResponse"":{""errorCode"":""GRX-50017"",""errorMessage"":""El nombre y los apellidos no pueden superar los 34 caracteres.""},""transactionId"":""0528561a-b9dd-4f7d-959e-d3ed2d68859f-1786477621202""}"
False;5076984;2026-08-11 15:51:19.433000;2026-08-11 00:00:00;12101114;CREATEORDER;SHG3JHCD2C9;MWUG3CI/A;"{""orderDetailsResponses"":{""deviceEligibility"":{""secondaryDisplay"":""1"",""partDescription"":""AppleCare+ para iMac (M4)"",""coverageDuration"":""3"",""productStatement"":""AppleCare+ para iMac (M4) amplía la cobertura de servicio y soporte técnico a 3 años desde la fecha de compra de AppleCare+ e incluye cobertura para una cantidad ilimitada de incidentes por daño accidental debido a la manipulación del producto, cada uno de ellos sujeto a un cargo adicional de R$96000  por daños en la pantalla o la carcasa externa o de R$289000  por Otros daños accidentales. Lee todos los detalles en los Términos y condiciones de AppleCare+."",""deviceDateOfPurchase"":""11/08/2026"",""deviceId"":""SHG3JHCD2C9"",""registeredDevice"":""1"",""pocType"":""RPOC"",""serialNumber"":""HG3JHCD2C9"",""partNumber"":""SR1A2ZX/A"",""partAlias"":""ACP"",""purchaseMode"":""C"",""productDescription"":""iMac (24-inch,2024, Two ports)""}},""orderErrorResponse"":{""errorCode"":""GRX-50017"",""errorMessage"":""El nombre y los apellidos no pueden superar los 34 caracteres.""},""transactionId"":""6ae7b76f-efa8-4ff8-9a89-b1df000cef1e-1786477878627""}"
False;5076984;2026-08-11 15:51:20.930000;2026-08-11 00:00:00;12201114;CREATEORDER;SHG3JHCD2C9;MWUG3CI/A;"{""orderDetailsResponses"":{""deviceEligibility"":{""secondaryDisplay"":""1"",""partDescription"":""AppleCare+ para iMac (M4)"",""coverageDuration"":""3"",""productStatement"":""AppleCare+ para iMac (M4) amplía la cobertura de servicio y soporte técnico a 3 años desde la fecha de compra de AppleCare+ e incluye cobertura para una cantidad ilimitada de incidentes por daño accidental debido a la manipulación del producto, cada uno de ellos sujeto a un cargo adicional de R$96000  por daños en la pantalla o la carcasa externa o de R$289000  por Otros daños accidentales. Lee todos los detalles en los Términos y condiciones de AppleCare+."",""deviceDateOfPurchase"":""11/08/2026"",""deviceId"":""SHG3JHCD2C9"",""registeredDevice"":""1"",""pocType"":""RPOC"",""serialNumber"":""HG3JHCD2C9"",""partNumber"":""SR1A2ZX/A"",""partAlias"":""ACP"",""purchaseMode"":""C"",""productDescription"":""iMac (24-inch,2024, Two ports)""}},""orderErrorResponse"":{""errorCode"":""GRX-50017"",""errorMessage"":""El nombre y los apellidos no pueden superar los 34 caracteres.""},""transactionId"":""511ec6bc-1488-49c8-a380-fb267c65370e-1786477880191""}"
False;5076984;2026-08-11 15:51:54.810000;2026-08-11 00:00:00;12101114;CREATEORDER;SHG3JHCD2C9;MWUG3CI/A;"{""orderDetailsResponses"":{""deviceEligibility"":{""secondaryDisplay"":""1"",""partDescription"":""AppleCare+ para iMac (M4)"",""coverageDuration"":""3"",""productStatement"":""AppleCare+ para iMac (M4) amplía la cobertura de servicio y soporte técnico a 3 años desde la fecha de compra de AppleCare+ e incluye cobertura para una cantidad ilimitada de incidentes por daño accidental debido a la manipulación del producto, cada uno de ellos sujeto a un cargo adicional de R$96000  por daños en la pantalla o la carcasa externa o de R$289000  por Otros daños accidentales. Lee todos los detalles en los Términos y condiciones de AppleCare+."",""deviceDateOfPurchase"":""11/08/2026"",""deviceId"":""SHG3JHCD2C9"",""registeredDevice"":""1"",""pocType"":""RPOC"",""serialNumber"":""HG3JHCD2C9"",""partNumber"":""SR1A2ZX/A"",""partAlias"":""ACP"",""purchaseMode"":""C"",""productDescription"":""iMac (24-inch,2024, Two ports)""}},""orderErrorResponse"":{""errorCode"":""GRX-50017"",""errorMessage"":""El nombre y los apellidos no pueden superar los 34 caracteres.""},""transactionId"":""5306f491-4f6d-44a5-a827-2efdda4c3e74-1786477914003""}"
False;5076984;2026-08-11 15:51:56.980000;2026-08-11 00:00:00;12201114;CREATEORDER;SHG3JHCD2C9;MWUG3CI/A;"{""orderDetailsResponses"":{""deviceEligibility"":{""secondaryDisplay"":""1"",""partDescription"":""AppleCare+ para iMac (M4)"",""coverageDuration"":""3"",""productStatement"":""AppleCare+ para iMac (M4) amplía la cobertura de servicio y soporte técnico a 3 años desde la fecha de compra de AppleCare+ e incluye cobertura para una cantidad ilimitada de incidentes por daño accidental debido a la manipulación del producto, cada uno de ellos sujeto a un cargo adicional de R$96000  por daños en la pantalla o la carcasa externa o de R$289000  por Otros daños accidentales. Lee todos los detalles en los Términos y condiciones de AppleCare+."",""deviceDateOfPurchase"":""11/08/2026"",""deviceId"":""SHG3JHCD2C9"",""registeredDevice"":""1"",""pocType"":""RPOC"",""serialNumber"":""HG3JHCD2C9"",""partNumber"":""SR1A2ZX/A"",""partAlias"":""ACP"",""purchaseMode"":""C"",""productDescription"":""iMac (24-inch,2024, Two ports)""}},""orderErrorResponse"":{""errorCode"":""GRX-50017"",""errorMessage"":""El nombre y los apellidos no pueden superar los 34 caracteres.""},""transactionId"":""a725a947-6168-4668-9dea-21d8d83d6206-1786477916137""}"
True;5115222;2026-08-11 15:54:02.450000;2026-08-11 00:00:00;29501083;VERIFYORDER;SCJPGL0F2NV;MG8N4BE/A;"{""orderDetailsResponses"":{""deviceEligibility"":{""secondaryDisplay"":""0"",""partDescription"":""AppleCare+ con robo y pérdida para iPhone 17 Pro"",""coverageDuration"":""2"",""productStatement"":""Tu AppleCare+ con robo y pérdida para iPhone 17 Pro amplía la cobertura de servicio y soporte técnico a 2 años desde la fecha de compra de AppleCare+ con robo y pérdida e incluye cobertura para una cantidad ilimitada de incidentes por daño accidental debido a la manipulación del producto o un máximo de dos incidentes de robo y pérdida cada 12 meses, cada uno de ellos sujeto a un cargo adicional de R$96000  por Otros daños accidentales o de R$28000  por los daños de la pantalla o la carcasa externa o de R$144000  por robo o pérdida. Lee todos los detalles en los Términos y condiciones de AppleCare+."",""deviceDateOfPurchase"":""11/08/2026"",""deviceId"":""SCJPGL0F2NV"",""registeredDevice"":""1"",""pocType"":""APOC"",""serialNumber"":""CJPGL0F2NV"",""partNumber"":""SX342ZX/A"",""partAlias"":""ACPTL"",""purchaseMode"":""C"",""productDescription"":""iPhone 17 Pro"",""tlDisclosure"":""La cobertura de robo y pérdida requiere que tengas la función Buscar habilitada en tu dispositivo antes de que se pierda o te lo roben. Durante el proceso de reclamación, te pediremos que uses la función Buscar para poner el dispositivo perdido o robado en modo Perdido, borrarlo y transferir la propiedad a Apple para que podamos asignarte un nuevo dispositivo. Para asegurarte de que puedas iniciar sesión en Buscar y acceder a esta función, es importante que recuerdes tu ID de Apple y contraseña, y que mantengas la información de tu cuenta actualizada. Si usas la autenticación de doble factor para el ID de Apple, te recomendamos que añadas un número de teléfono adicional de confianza a tu cuenta en el que puedas recibir el código de verificación de 6 dígitos que necesitas para iniciar sesión aunque no tengas tu iPhone. Para obtener más información, visita las páginas de Soporte técnico de Apple.""}},""transactionId"":""f9148dcc-526d-4408-bb9d-50027348cd73-1786478041853""}"
True;1324777;2026-08-11 15:56:00;2026-08-11 00:00:00;34701088;VERIFYORDER;SF5FXJJKY9V;MCG74CI/A;"{""orderDetailsResponses"":{""deviceEligibility"":{""secondaryDisplay"":""1"",""partDescription"":""AppleCare+ para iPad Air 11-inch (M3)"",""coverageDuration"":""2"",""productStatement"":""AppleCare+ para iPad Air 11-inch (M3) amplía la cobertura de servicio y soporte técnico a 2 años desde la fecha de compra de AppleCare+ e incluye cobertura para una cantidad ilimitada de incidentes por daño accidental debido a la manipulación del producto, cada uno de ellos sujeto a un cargo adicional de R$96000  por Otros daños accidentales o de R$28000  por Daños que afectan solo a la pantalla o de R$28000  por Apple Pencil / Keyboard. Lee todos los detalles en los Términos y condiciones de AppleCare+."",""deviceDateOfPurchase"":""11/08/2026"",""deviceId"":""SF5FXJJKY9V"",""registeredDevice"":""1"",""pocType"":""APOC"",""serialNumber"":""F5FXJJKY9V"",""partNumber"":""SV072ZX/A"",""partAlias"":""ACP"",""purchaseMode"":""C"",""productDescription"":""iPad Air 11-inch (M3) Wi-Fi + Cellular""}},""transactionId"":""c2165d71-dd7f-4f5f-8d13-5e8f710aa6f5-1786478159474""}"
False;5076984;2026-08-11 15:56:24.923000;2026-08-11 00:00:00;12101114;CREATEORDER;SHG3JHCD2C9;MWUG3CI/A;"{""orderDetailsResponses"":{""deviceEligibility"":{""secondaryDisplay"":""1"",""partDescription"":""AppleCare+ para iMac (M4)"",""coverageDuration"":""3"",""productStatement"":""AppleCare+ para iMac (M4) amplía la cobertura de servicio y soporte técnico a 3 años desde la fecha de compra de AppleCare+ e incluye cobertura para una cantidad ilimitada de incidentes por daño accidental debido a la manipulación del producto, cada uno de ellos sujeto a un cargo adicional de R$96000  por daños en la pantalla o la carcasa externa o de R$289000  por Otros daños accidentales. Lee todos los detalles en los Términos y condiciones de AppleCare+."",""deviceDateOfPurchase"":""11/08/2026"",""deviceId"":""SHG3JHCD2C9"",""registeredDevice"":""1"",""pocType"":""RPOC"",""serialNumber"":""HG3JHCD2C9"",""partNumber"":""SR1A2ZX/A"",""partAlias"":""ACP"",""purchaseMode"":""C"",""productDescription"":""iMac (24-inch,2024, Two ports)""}},""orderErrorResponse"":{""errorCode"":""GRX-50017"",""errorMessage"":""El nombre y los apellidos no pueden superar los 34 caracteres.""},""transactionId"":""f3df4168-d6cd-4a88-ad4b-d8ffa9ffdc2f-1786478184088""}"
False;5076984;2026-08-11 15:56:26.713000;2026-08-11 00:00:00;12201114;CREATEORDER;SHG3JHCD2C9;MWUG3CI/A;"{""orderDetailsResponses"":{""deviceEligibility"":{""secondaryDisplay"":""1"",""partDescription"":""AppleCare+ para iMac (M4)"",""coverageDuration"":""3"",""productStatement"":""AppleCare+ para iMac (M4) amplía la cobertura de servicio y soporte técnico a 3 años desde la fecha de compra de AppleCare+ e incluye cobertura para una cantidad ilimitada de incidentes por daño accidental debido a la manipulación del producto, cada uno de ellos sujeto a un cargo adicional de R$96000  por daños en la pantalla o la carcasa externa o de R$289000  por Otros daños accidentales. Lee todos los detalles en los Términos y condiciones de AppleCare+."",""deviceDateOfPurchase"":""11/08/2026"",""deviceId"":""SHG3JHCD2C9"",""registeredDevice"":""1"",""pocType"":""RPOC"",""serialNumber"":""HG3JHCD2C9"",""partNumber"":""SR1A2ZX/A"",""partAlias"":""ACP"",""purchaseMode"":""C"",""productDescription"":""iMac (24-inch,2024, Two ports)""}},""orderErrorResponse"":{""errorCode"":""GRX-50017"",""errorMessage"":""El nombre y los apellidos no pueden superar los 34 caracteres.""},""transactionId"":""f1007fe4-13df-465c-8f30-71765facbec5-1786478185905""}"
False;5076984;2026-08-11 15:57:00.983000;2026-08-11 00:00:00;12101114;CREATEORDER;SHG3JHCD2C9;MWUG3CI/A;"{""orderDetailsResponses"":{""deviceEligibility"":{""secondaryDisplay"":""1"",""partDescription"":""AppleCare+ para iMac (M4)"",""coverageDuration"":""3"",""productStatement"":""AppleCare+ para iMac (M4) amplía la cobertura de servicio y soporte técnico a 3 años desde la fecha de compra de AppleCare+ e incluye cobertura para una cantidad ilimitada de incidentes por daño accidental debido a la manipulación del producto, cada uno de ellos sujeto a un cargo adicional de R$96000  por daños en la pantalla o la carcasa externa o de R$289000  por Otros daños accidentales. Lee todos los detalles en los Términos y condiciones de AppleCare+."",""deviceDateOfPurchase"":""11/08/2026"",""deviceId"":""SHG3JHCD2C9"",""registeredDevice"":""1"",""pocType"":""RPOC"",""serialNumber"":""HG3JHCD2C9"",""partNumber"":""SR1A2ZX/A"",""partAlias"":""ACP"",""purchaseMode"":""C"",""productDescription"":""iMac (24-inch,2024, Two ports)""}},""orderErrorResponse"":{""errorCode"":""GRX-50017"",""errorMessage"":""El nombre y los apellidos no pueden superar los 34 caracteres.""},""transactionId"":""3b510627-362c-47d4-997e-f625b1ffcdf5-1786478220201""}"
False;5076984;2026-08-11 15:57:02.827000;2026-08-11 00:00:00;12201114;CREATEORDER;SHG3JHCD2C9;MWUG3CI/A;"{""orderDetailsResponses"":{""deviceEligibility"":{""secondaryDisplay"":""1"",""partDescription"":""AppleCare+ para iMac (M4)"",""coverageDuration"":""3"",""productStatement"":""AppleCare+ para iMac (M4) amplía la cobertura de servicio y soporte técnico a 3 años desde la fecha de compra de AppleCare+ e incluye cobertura para una cantidad ilimitada de incidentes por daño accidental debido a la manipulación del producto, cada uno de ellos sujeto a un cargo adicional de R$96000  por daños en la pantalla o la carcasa externa o de R$289000  por Otros daños accidentales. Lee todos los detalles en los Términos y condiciones de AppleCare+."",""deviceDateOfPurchase"":""11/08/2026"",""deviceId"":""SHG3JHCD2C9"",""registeredDevice"":""1"",""pocType"":""RPOC"",""serialNumber"":""HG3JHCD2C9"",""partNumber"":""SR1A2ZX/A"",""partAlias"":""ACP"",""purchaseMode"":""C"",""productDescription"":""iMac (24-inch,2024, Two ports)""}},""orderErrorResponse"":{""errorCode"":""GRX-50017"",""errorMessage"":""El nombre y los apellidos no pueden superar los 34 caracteres.""},""transactionId"":""8ded62a7-1f41-4492-b426-1d76ded4f6f7-1786478222123""}"
True;1324777;2026-08-11 15:58:43.260000;2026-08-11 00:00:00;34701088;CREATEORDER;SF5FXJJKY9V;MCG74CI/A;"{""orderDetailsResponses"":{""deviceEligibility"":{""secondaryDisplay"":""1"",""partDescription"":""AppleCare+ para iPad Air 11-inch (M3)"",""coverageDuration"":""2"",""productStatement"":""AppleCare+ para iPad Air 11-inch (M3) amplía la cobertura de servicio y soporte técnico a 2 años desde la fecha de compra de AppleCare+ e incluye cobertura para una cantidad ilimitada de incidentes por daño accidental debido a la manipulación del producto, cada uno de ellos sujeto a un cargo adicional de R$96000  por Otros daños accidentales o de R$28000  por Daños que afectan solo a la pantalla o de R$28000  por Apple Pencil / Keyboard. Lee todos los detalles en los Términos y condiciones de AppleCare+."",""deviceDateOfPurchase"":""11/08/2026"",""deviceId"":""SF5FXJJKY9V"",""registeredDevice"":""1"",""pocType"":""APOC"",""serialNumber"":""F5FXJJKY9V"",""partNumber"":""SV072ZX/A"",""partAlias"":""ACP"",""purchaseMode"":""C"",""productDescription"":""iPad Air 11-inch (M3) Wi-Fi + Cellular""},""orderConfirmation"":{""agreementNumber"":""328097761077"",""coverageDurationStatement"":""Finaliza el 10/08/2028"",""termConditionURL"":""http://www.apple.com/legal/sales-support/"",""partNumber"":""SV072ZX/A"",""partAlias"":""ACP"",""partType"":""AppleCare+"",""purchaseMode"":""C"",""appleCareSalesDate"":""11/08/2026"",""pocType"":""APOC"",""purchaseOrderNumber"":""34701088""}},""transactionId"":""88c6cb2a-1528-4f17-abf3-4185a3027b45-1786478318685""}"
True;5115222;2026-08-11 15:58:52.163000;2026-08-11 00:00:00;29501083;CREATEORDER;SCJPGL0F2NV;MG8N4BE/A;"{""orderDetailsResponses"":{""deviceEligibility"":{""secondaryDisplay"":""0"",""partDescription"":""AppleCare+ con robo y pérdida para iPhone 17 Pro"",""coverageDuration"":""2"",""productStatement"":""Tu AppleCare+ con robo y pérdida para iPhone 17 Pro amplía la cobertura de servicio y soporte técnico a 2 años desde la fecha de compra de AppleCare+ con robo y pérdida e incluye cobertura para una cantidad ilimitada de incidentes por daño accidental debido a la manipulación del producto o un máximo de dos incidentes de robo y pérdida cada 12 meses, cada uno de ellos sujeto a un cargo adicional de R$96000  por Otros daños accidentales o de R$28000  por los daños de la pantalla o la carcasa externa o de R$144000  por robo o pérdida. Lee todos los detalles en los Términos y condiciones de AppleCare+."",""deviceDateOfPurchase"":""11/08/2026"",""deviceId"":""SCJPGL0F2NV"",""registeredDevice"":""1"",""pocType"":""APOC"",""serialNumber"":""CJPGL0F2NV"",""partNumber"":""SX342ZX/A"",""partAlias"":""ACPTL"",""purchaseMode"":""C"",""productDescription"":""iPhone 17 Pro"",""tlDisclosure"":""La cobertura de robo y pérdida requiere que tengas la función Buscar habilitada en tu dispositivo antes de que se pierda o te lo roben. Durante el proceso de reclamación, te pediremos que uses la función Buscar para poner el dispositivo perdido o robado en modo Perdido, borrarlo y transferir la propiedad a Apple para que podamos asignarte un nuevo dispositivo. Para asegurarte de que puedas iniciar sesión en Buscar y acceder a esta función, es importante que recuerdes tu ID de Apple y contraseña, y que mantengas la información de tu cuenta actualizada. Si usas la autenticación de doble factor para el ID de Apple, te recomendamos que añadas un número de teléfono adicional de confianza a tu cuenta en el que puedas recibir el código de verificación de 6 dígitos que necesitas para iniciar sesión aunque no tengas tu iPhone. Para obtener más información, visita las páginas de Soporte técnico de Apple.""},""orderConfirmation"":{""agreementNumber"":""328097760087"",""coverageDurationStatement"":""Finaliza el 10/08/2028"",""termConditionURL"":""http://www.apple.com/legal/sales-support/"",""partNumber"":""SX342ZX/A"",""partAlias"":""ACPTL"",""partType"":""AC+TL"",""purchaseMode"":""C"",""appleCareSalesDate"":""11/08/2026"",""pocType"":""APOC"",""purchaseOrderNumber"":""29501083""}},""transactionId"":""736a1936-cd7f-48bc-8f67-b359abb203b9-1786478327722""}"
False;5076984;2026-08-11 16:01:20.737000;2026-08-11 00:00:00;12101114;CREATEORDER;SHG3JHCD2C9;MWUG3CI/A;"{""orderDetailsResponses"":{""deviceEligibility"":{""secondaryDisplay"":""1"",""partDescription"":""AppleCare+ para iMac (M4)"",""coverageDuration"":""3"",""productStatement"":""AppleCare+ para iMac (M4) amplía la cobertura de servicio y soporte técnico a 3 años desde la fecha de compra de AppleCare+ e incluye cobertura para una cantidad ilimitada de incidentes por daño accidental debido a la manipulación del producto, cada uno de ellos sujeto a un cargo adicional de R$96000  por daños en la pantalla o la carcasa externa o de R$289000  por Otros daños accidentales. Lee todos los detalles en los Términos y condiciones de AppleCare+."",""deviceDateOfPurchase"":""11/08/2026"",""deviceId"":""SHG3JHCD2C9"",""registeredDevice"":""1"",""pocType"":""RPOC"",""serialNumber"":""HG3JHCD2C9"",""partNumber"":""SR1A2ZX/A"",""partAlias"":""ACP"",""purchaseMode"":""C"",""productDescription"":""iMac (24-inch,2024, Two ports)""}},""orderErrorResponse"":{""errorCode"":""GRX-50017"",""errorMessage"":""El nombre y los apellidos no pueden superar los 34 caracteres.""},""transactionId"":""a2ee76e2-4d4a-4676-b1f0-f1430a47cbac-1786478479931""}"
False;5076984;2026-08-11 16:01:24.767000;2026-08-11 00:00:00;12201114;CREATEORDER;SHG3JHCD2C9;MWUG3CI/A;"{""orderDetailsResponses"":{""deviceEligibility"":{""secondaryDisplay"":""1"",""partDescription"":""AppleCare+ para iMac (M4)"",""coverageDuration"":""3"",""productStatement"":""AppleCare+ para iMac (M4) amplía la cobertura de servicio y soporte técnico a 3 años desde la fecha de compra de AppleCare+ e incluye cobertura para una cantidad ilimitada de incidentes por daño accidental debido a la manipulación del producto, cada uno de ellos sujeto a un cargo adicional de R$96000  por daños en la pantalla o la carcasa externa o de R$289000  por Otros daños accidentales. Lee todos los detalles en los Términos y condiciones de AppleCare+."",""deviceDateOfPurchase"":""11/08/2026"",""deviceId"":""SHG3JHCD2C9"",""registeredDevice"":""1"",""pocType"":""RPOC"",""serialNumber"":""HG3JHCD2C9"",""partNumber"":""SR1A2ZX/A"",""partAlias"":""ACP"",""purchaseMode"":""C"",""productDescription"":""iMac (24-inch,2024, Two ports)""}},""orderErrorResponse"":{""errorCode"":""GRX-50017"",""errorMessage"":""El nombre y los apellidos no pueden superar los 34 caracteres.""},""transactionId"":""cf969593-272f-479b-b663-fba99a736568-1786478484033""}"
False;5076984;2026-08-11 16:02:09.297000;2026-08-11 00:00:00;12101114;CREATEORDER;SHG3JHCD2C9;MWUG3CI/A;"{""orderDetailsResponses"":{""deviceEligibility"":{""secondaryDisplay"":""1"",""partDescription"":""AppleCare+ para iMac (M4)"",""coverageDuration"":""3"",""productStatement"":""AppleCare+ para iMac (M4) amplía la cobertura de servicio y soporte técnico a 3 años desde la fecha de compra de AppleCare+ e incluye cobertura para una cantidad ilimitada de incidentes por daño accidental debido a la manipulación del producto, cada uno de ellos sujeto a un cargo adicional de R$96000  por daños en la pantalla o la carcasa externa o de R$289000  por Otros daños accidentales. Lee todos los detalles en los Términos y condiciones de AppleCare+."",""deviceDateOfPurchase"":""11/08/2026"",""deviceId"":""SHG3JHCD2C9"",""registeredDevice"":""1"",""pocType"":""RPOC"",""serialNumber"":""HG3JHCD2C9"",""partNumber"":""SR1A2ZX/A"",""partAlias"":""ACP"",""purchaseMode"":""C"",""productDescription"":""iMac (24-inch,2024, Two ports)""}},""orderErrorResponse"":{""errorCode"":""GRX-50017"",""errorMessage"":""El nombre y los apellidos no pueden superar los 34 caracteres.""},""transactionId"":""57b19ef3-7826-42db-bf27-39643cb09081-1786478528517""}"
False;5076984;2026-08-11 16:02:17.080000;2026-08-11 00:00:00;12201114;CREATEORDER;SHG3JHCD2C9;MWUG3CI/A;"{""orderDetailsResponses"":{""deviceEligibility"":{""secondaryDisplay"":""1"",""partDescription"":""AppleCare+ para iMac (M4)"",""coverageDuration"":""3"",""productStatement"":""AppleCare+ para iMac (M4) amplía la cobertura de servicio y soporte técnico a 3 años desde la fecha de compra de AppleCare+ e incluye cobertura para una cantidad ilimitada de incidentes por daño accidental debido a la manipulación del producto, cada uno de ellos sujeto a un cargo adicional de R$96000  por daños en la pantalla o la carcasa externa o de R$289000  por Otros daños accidentales. Lee todos los detalles en los Términos y condiciones de AppleCare+."",""deviceDateOfPurchase"":""11/08/2026"",""deviceId"":""SHG3JHCD2C9"",""registeredDevice"":""1"",""pocType"":""RPOC"",""serialNumber"":""HG3JHCD2C9"",""partNumber"":""SR1A2ZX/A"",""partAlias"":""ACP"",""purchaseMode"":""C"",""productDescription"":""iMac (24-inch,2024, Two ports)""}},""orderErrorResponse"":{""errorCode"":""GRX-50017"",""errorMessage"":""El nombre y los apellidos no pueden superar los 34 caracteres.""},""transactionId"":""caf3a4de-9664-422a-96c9-222491de6d9f-1786478536258""}"
False;5076984;2026-08-11 16:06:19.047000;2026-08-11 00:00:00;12101114;CREATEORDER;SHG3JHCD2C9;MWUG3CI/A;"{""orderDetailsResponses"":{""deviceEligibility"":{""secondaryDisplay"":""1"",""partDescription"":""AppleCare+ para iMac (M4)"",""coverageDuration"":""3"",""productStatement"":""AppleCare+ para iMac (M4) amplía la cobertura de servicio y soporte técnico a 3 años desde la fecha de compra de AppleCare+ e incluye cobertura para una cantidad ilimitada de incidentes por daño accidental debido a la manipulación del producto, cada uno de ellos sujeto a un cargo adicional de R$96000  por daños en la pantalla o la carcasa externa o de R$289000  por Otros daños accidentales. Lee todos los detalles en los Términos y condiciones de AppleCare+."",""deviceDateOfPurchase"":""11/08/2026"",""deviceId"":""SHG3JHCD2C9"",""registeredDevice"":""1"",""pocType"":""RPOC"",""serialNumber"":""HG3JHCD2C9"",""partNumber"":""SR1A2ZX/A"",""partAlias"":""ACP"",""purchaseMode"":""C"",""productDescription"":""iMac (24-inch,2024, Two ports)""}},""orderErrorResponse"":{""errorCode"":""GRX-50017"",""errorMessage"":""El nombre y los apellidos no pueden superar los 34 caracteres.""},""transactionId"":""0ee9381a-c8fc-4722-a802-e50057a16685-1786478778327""}"
False;5076984;2026-08-11 16:06:20.403000;2026-08-11 00:00:00;12201114;CREATEORDER;SHG3JHCD2C9;MWUG3CI/A;"{""orderDetailsResponses"":{""deviceEligibility"":{""secondaryDisplay"":""1"",""partDescription"":""AppleCare+ para iMac (M4)"",""coverageDuration"":""3"",""productStatement"":""AppleCare+ para iMac (M4) amplía la cobertura de servicio y soporte técnico a 3 años desde la fecha de compra de AppleCare+ e incluye cobertura para una cantidad ilimitada de incidentes por daño accidental debido a la manipulación del producto, cada uno de ellos sujeto a un cargo adicional de R$96000  por daños en la pantalla o la carcasa externa o de R$289000  por Otros daños accidentales. Lee todos los detalles en los Términos y condiciones de AppleCare+."",""deviceDateOfPurchase"":""11/08/2026"",""deviceId"":""SHG3JHCD2C9"",""registeredDevice"":""1"",""pocType"":""RPOC"",""serialNumber"":""HG3JHCD2C9"",""partNumber"":""SR1A2ZX/A"",""partAlias"":""ACP"",""purchaseMode"":""C"",""productDescription"":""iMac (24-inch,2024, Two ports)""}},""orderErrorResponse"":{""errorCode"":""GRX-50017"",""errorMessage"":""El nombre y los apellidos no pueden superar los 34 caracteres.""},""transactionId"":""9cc1c1c9-4e6b-40e3-9f9d-8dfab680bdaa-1786478779661""}"
False;5076984;2026-08-11 16:06:52.320000;2026-08-11 00:00:00;12101114;CREATEORDER;SHG3JHCD2C9;MWUG3CI/A;"{""orderDetailsResponses"":{""deviceEligibility"":{""secondaryDisplay"":""1"",""partDescription"":""AppleCare+ para iMac (M4)"",""coverageDuration"":""3"",""productStatement"":""AppleCare+ para iMac (M4) amplía la cobertura de servicio y soporte técnico a 3 años desde la fecha de compra de AppleCare+ e incluye cobertura para una cantidad ilimitada de incidentes por daño accidental debido a la manipulación del producto, cada uno de ellos sujeto a un cargo adicional de R$96000  por daños en la pantalla o la carcasa externa o de R$289000  por Otros daños accidentales. Lee todos los detalles en los Términos y condiciones de AppleCare+."",""deviceDateOfPurchase"":""11/08/2026"",""deviceId"":""SHG3JHCD2C9"",""registeredDevice"":""1"",""pocType"":""RPOC"",""serialNumber"":""HG3JHCD2C9"",""partNumber"":""SR1A2ZX/A"",""partAlias"":""ACP"",""purchaseMode"":""C"",""productDescription"":""iMac (24-inch,2024, Two ports)""}},""orderErrorResponse"":{""errorCode"":""GRX-50017"",""errorMessage"":""El nombre y los apellidos no pueden superar los 34 caracteres.""},""transactionId"":""a1a5bda7-2a3e-4d62-8322-b513ba556648-1786478811632""}"
False;5076984;2026-08-11 16:06:53.730000;2026-08-11 00:00:00;12201114;CREATEORDER;SHG3JHCD2C9;MWUG3CI/A;"{""orderDetailsResponses"":{""deviceEligibility"":{""secondaryDisplay"":""1"",""partDescription"":""AppleCare+ para iMac (M4)"",""coverageDuration"":""3"",""productStatement"":""AppleCare+ para iMac (M4) amplía la cobertura de servicio y soporte técnico a 3 años desde la fecha de compra de AppleCare+ e incluye cobertura para una cantidad ilimitada de incidentes por daño accidental debido a la manipulación del producto, cada uno de ellos sujeto a un cargo adicional de R$96000  por daños en la pantalla o la carcasa externa o de R$289000  por Otros daños accidentales. Lee todos los detalles en los Términos y condiciones de AppleCare+."",""deviceDateOfPurchase"":""11/08/2026"",""deviceId"":""SHG3JHCD2C9"",""registeredDevice"":""1"",""pocType"":""RPOC"",""serialNumber"":""HG3JHCD2C9"",""partNumber"":""SR1A2ZX/A"",""partAlias"":""ACP"",""purchaseMode"":""C"",""productDescription"":""iMac (24-inch,2024, Two ports)""}},""orderErrorResponse"":{""errorCode"":""GRX-50017"",""errorMessage"":""El nombre y los apellidos no pueden superar los 34 caracteres.""},""transactionId"":""3a055ab2-7297-4e73-b696-ba299abdb753-1786478812952""}"
False;5076984;2026-08-11 16:11:22.393000;2026-08-11 00:00:00;12101114;CREATEORDER;SHG3JHCD2C9;MWUG3CI/A;"{""orderDetailsResponses"":{""deviceEligibility"":{""secondaryDisplay"":""1"",""partDescription"":""AppleCare+ para iMac (M4)"",""coverageDuration"":""3"",""productStatement"":""AppleCare+ para iMac (M4) amplía la cobertura de servicio y soporte técnico a 3 años desde la fecha de compra de AppleCare+ e incluye cobertura para una cantidad ilimitada de incidentes por daño accidental debido a la manipulación del producto, cada uno de ellos sujeto a un cargo adicional de R$96000  por daños en la pantalla o la carcasa externa o de R$289000  por Otros daños accidentales. Lee todos los detalles en los Términos y condiciones de AppleCare+."",""deviceDateOfPurchase"":""11/08/2026"",""deviceId"":""SHG3JHCD2C9"",""registeredDevice"":""1"",""pocType"":""RPOC"",""serialNumber"":""HG3JHCD2C9"",""partNumber"":""SR1A2ZX/A"",""partAlias"":""ACP"",""purchaseMode"":""C"",""productDescription"":""iMac (24-inch,2024, Two ports)""}},""orderErrorResponse"":{""errorCode"":""GRX-50017"",""errorMessage"":""El nombre y los apellidos no pueden superar los 34 caracteres.""},""transactionId"":""75b0b0f6-544f-436a-8c64-39334fe0a2af-1786479081635""}"
False;5076984;2026-08-11 16:11:24.057000;2026-08-11 00:00:00;12201114;CREATEORDER;SHG3JHCD2C9;MWUG3CI/A;"{""orderDetailsResponses"":{""deviceEligibility"":{""secondaryDisplay"":""1"",""partDescription"":""AppleCare+ para iMac (M4)"",""coverageDuration"":""3"",""productStatement"":""AppleCare+ para iMac (M4) amplía la cobertura de servicio y soporte técnico a 3 años desde la fecha de compra de AppleCare+ e incluye cobertura para una cantidad ilimitada de incidentes por daño accidental debido a la manipulación del producto, cada uno de ellos sujeto a un cargo adicional de R$96000  por daños en la pantalla o la carcasa externa o de R$289000  por Otros daños accidentales. Lee todos los detalles en los Términos y condiciones de AppleCare+."",""deviceDateOfPurchase"":""11/08/2026"",""deviceId"":""SHG3JHCD2C9"",""registeredDevice"":""1"",""pocType"":""RPOC"",""serialNumber"":""HG3JHCD2C9"",""partNumber"":""SR1A2ZX/A"",""partAlias"":""ACP"",""purchaseMode"":""C"",""productDescription"":""iMac (24-inch,2024, Two ports)""}},""orderErrorResponse"":{""errorCode"":""GRX-50017"",""errorMessage"":""El nombre y los apellidos no pueden superar los 34 caracteres.""},""transactionId"":""3b84029f-08ed-4c4c-95fc-2b05332cf6bc-1786479083296""}"
False;5076984;2026-08-11 16:11:58.877000;2026-08-11 00:00:00;12101114;CREATEORDER;SHG3JHCD2C9;MWUG3CI/A;"{""orderDetailsResponses"":{""deviceEligibility"":{""secondaryDisplay"":""1"",""partDescription"":""AppleCare+ para iMac (M4)"",""coverageDuration"":""3"",""productStatement"":""AppleCare+ para iMac (M4) amplía la cobertura de servicio y soporte técnico a 3 años desde la fecha de compra de AppleCare+ e incluye cobertura para una cantidad ilimitada de incidentes por daño accidental debido a la manipulación del producto, cada uno de ellos sujeto a un cargo adicional de R$96000  por daños en la pantalla o la carcasa externa o de R$289000  por Otros daños accidentales. Lee todos los detalles en los Términos y condiciones de AppleCare+."",""deviceDateOfPurchase"":""11/08/2026"",""deviceId"":""SHG3JHCD2C9"",""registeredDevice"":""1"",""pocType"":""RPOC"",""serialNumber"":""HG3JHCD2C9"",""partNumber"":""SR1A2ZX/A"",""partAlias"":""ACP"",""purchaseMode"":""C"",""productDescription"":""iMac (24-inch,2024, Two ports)""}},""orderErrorResponse"":{""errorCode"":""GRX-50017"",""errorMessage"":""El nombre y los apellidos no pueden superar los 34 caracteres.""},""transactionId"":""d37f8bc9-2361-4f49-9bad-61a54738a897-1786479118047""}"
False;5076984;2026-08-11 16:12:02;2026-08-11 00:00:00;12201114;CREATEORDER;SHG3JHCD2C9;MWUG3CI/A;"{""orderDetailsResponses"":{""deviceEligibility"":{""secondaryDisplay"":""1"",""partDescription"":""AppleCare+ para iMac (M4)"",""coverageDuration"":""3"",""productStatement"":""AppleCare+ para iMac (M4) amplía la cobertura de servicio y soporte técnico a 3 años desde la fecha de compra de AppleCare+ e incluye cobertura para una cantidad ilimitada de incidentes por daño accidental debido a la manipulación del producto, cada uno de ellos sujeto a un cargo adicional de R$96000  por daños en la pantalla o la carcasa externa o de R$289000  por Otros daños accidentales. Lee todos los detalles en los Términos y condiciones de AppleCare+."",""deviceDateOfPurchase"":""11/08/2026"",""deviceId"":""SHG3JHCD2C9"",""registeredDevice"":""1"",""pocType"":""RPOC"",""serialNumber"":""HG3JHCD2C9"",""partNumber"":""SR1A2ZX/A"",""partAlias"":""ACP"",""purchaseMode"":""C"",""productDescription"":""iMac (24-inch,2024, Two ports)""}},""orderErrorResponse"":{""errorCode"":""GRX-50017"",""errorMessage"":""El nombre y los apellidos no pueden superar los 34 caracteres.""},""transactionId"":""e5bc0b7b-e5dd-4df1-946b-f5139ed91021-1786479121230""}"
False;5076984;2026-08-11 16:16:23.457000;2026-08-11 00:00:00;12101114;CREATEORDER;SHG3JHCD2C9;MWUG3CI/A;"{""orderDetailsResponses"":{""deviceEligibility"":{""secondaryDisplay"":""1"",""partDescription"":""AppleCare+ para iMac (M4)"",""coverageDuration"":""3"",""productStatement"":""AppleCare+ para iMac (M4) amplía la cobertura de servicio y soporte técnico a 3 años desde la fecha de compra de AppleCare+ e incluye cobertura para una cantidad ilimitada de incidentes por daño accidental debido a la manipulación del producto, cada uno de ellos sujeto a un cargo adicional de R$96000  por daños en la pantalla o la carcasa externa o de R$289000  por Otros daños accidentales. Lee todos los detalles en los Términos y condiciones de AppleCare+."",""deviceDateOfPurchase"":""11/08/2026"",""deviceId"":""SHG3JHCD2C9"",""registeredDevice"":""1"",""pocType"":""RPOC"",""serialNumber"":""HG3JHCD2C9"",""partNumber"":""SR1A2ZX/A"",""partAlias"":""ACP"",""purchaseMode"":""C"",""productDescription"":""iMac (24-inch,2024, Two ports)""}},""orderErrorResponse"":{""errorCode"":""GRX-50017"",""errorMessage"":""El nombre y los apellidos no pueden superar los 34 caracteres.""},""transactionId"":""fce76716-7f06-4ec8-b7a4-52dd50f461ca-1786479382633""}"
False;5076984;2026-08-11 16:16:25.380000;2026-08-11 00:00:00;12201114;CREATEORDER;SHG3JHCD2C9;MWUG3CI/A;"{""orderDetailsResponses"":{""deviceEligibility"":{""secondaryDisplay"":""1"",""partDescription"":""AppleCare+ para iMac (M4)"",""coverageDuration"":""3"",""productStatement"":""AppleCare+ para iMac (M4) amplía la cobertura de servicio y soporte técnico a 3 años desde la fecha de compra de AppleCare+ e incluye cobertura para una cantidad ilimitada de incidentes por daño accidental debido a la manipulación del producto, cada uno de ellos sujeto a un cargo adicional de R$96000  por daños en la pantalla o la carcasa externa o de R$289000  por Otros daños accidentales. Lee todos los detalles en los Términos y condiciones de AppleCare+."",""deviceDateOfPurchase"":""11/08/2026"",""deviceId"":""SHG3JHCD2C9"",""registeredDevice"":""1"",""pocType"":""RPOC"",""serialNumber"":""HG3JHCD2C9"",""partNumber"":""SR1A2ZX/A"",""partAlias"":""ACP"",""purchaseMode"":""C"",""productDescription"":""iMac (24-inch,2024, Two ports)""}},""orderErrorResponse"":{""errorCode"":""GRX-50017"",""errorMessage"":""El nombre y los apellidos no pueden superar los 34 caracteres.""},""transactionId"":""e7774fa9-8a72-46e6-95f4-f382f78d84e4-1786479384540""}"
False;5076984;2026-08-11 16:16:59.483000;2026-08-11 00:00:00;12101114;CREATEORDER;SHG3JHCD2C9;MWUG3CI/A;"{""orderDetailsResponses"":{""deviceEligibility"":{""secondaryDisplay"":""1"",""partDescription"":""AppleCare+ para iMac (M4)"",""coverageDuration"":""3"",""productStatement"":""AppleCare+ para iMac (M4) amplía la cobertura de servicio y soporte técnico a 3 años desde la fecha de compra de AppleCare+ e incluye cobertura para una cantidad ilimitada de incidentes por daño accidental debido a la manipulación del producto, cada uno de ellos sujeto a un cargo adicional de R$96000  por daños en la pantalla o la carcasa externa o de R$289000  por Otros daños accidentales. Lee todos los detalles en los Términos y condiciones de AppleCare+."",""deviceDateOfPurchase"":""11/08/2026"",""deviceId"":""SHG3JHCD2C9"",""registeredDevice"":""1"",""pocType"":""RPOC"",""serialNumber"":""HG3JHCD2C9"",""partNumber"":""SR1A2ZX/A"",""partAlias"":""ACP"",""purchaseMode"":""C"",""productDescription"":""iMac (24-inch,2024, Two ports)""}},""orderErrorResponse"":{""errorCode"":""GRX-50017"",""errorMessage"":""El nombre y los apellidos no pueden superar los 34 caracteres.""},""transactionId"":""f4442665-3190-495c-816a-54bacf02af54-1786479418740""}"
False;5076984;2026-08-11 16:17:02.110000;2026-08-11 00:00:00;12201114;CREATEORDER;SHG3JHCD2C9;MWUG3CI/A;"{""orderDetailsResponses"":{""deviceEligibility"":{""secondaryDisplay"":""1"",""partDescription"":""AppleCare+ para iMac (M4)"",""coverageDuration"":""3"",""productStatement"":""AppleCare+ para iMac (M4) amplía la cobertura de servicio y soporte técnico a 3 años desde la fecha de compra de AppleCare+ e incluye cobertura para una cantidad ilimitada de incidentes por daño accidental debido a la manipulación del producto, cada uno de ellos sujeto a un cargo adicional de R$96000  por daños en la pantalla o la carcasa externa o de R$289000  por Otros daños accidentales. Lee todos los detalles en los Términos y condiciones de AppleCare+."",""deviceDateOfPurchase"":""11/08/2026"",""deviceId"":""SHG3JHCD2C9"",""registeredDevice"":""1"",""pocType"":""RPOC"",""serialNumber"":""HG3JHCD2C9"",""partNumber"":""SR1A2ZX/A"",""partAlias"":""ACP"",""purchaseMode"":""C"",""productDescription"":""iMac (24-inch,2024, Two ports)""}},""orderErrorResponse"":{""errorCode"":""GRX-50017"",""errorMessage"":""El nombre y los apellidos no pueden superar los 34 caracteres.""},""transactionId"":""e78f438c-0b2e-4a8d-8735-3664257c2923-1786479421388""}"
False;5076984;2026-08-11 16:21:19.160000;2026-08-11 00:00:00;12101114;CREATEORDER;SHG3JHCD2C9;MWUG3CI/A;"{""orderDetailsResponses"":{""deviceEligibility"":{""secondaryDisplay"":""1"",""partDescription"":""AppleCare+ para iMac (M4)"",""coverageDuration"":""3"",""productStatement"":""AppleCare+ para iMac (M4) amplía la cobertura de servicio y soporte técnico a 3 años desde la fecha de compra de AppleCare+ e incluye cobertura para una cantidad ilimitada de incidentes por daño accidental debido a la manipulación del producto, cada uno de ellos sujeto a un cargo adicional de R$96000  por daños en la pantalla o la carcasa externa o de R$289000  por Otros daños accidentales. Lee todos los detalles en los Términos y condiciones de AppleCare+."",""deviceDateOfPurchase"":""11/08/2026"",""deviceId"":""SHG3JHCD2C9"",""registeredDevice"":""1"",""pocType"":""RPOC"",""serialNumber"":""HG3JHCD2C9"",""partNumber"":""SR1A2ZX/A"",""partAlias"":""ACP"",""purchaseMode"":""C"",""productDescription"":""iMac (24-inch,2024, Two ports)""}},""orderErrorResponse"":{""errorCode"":""GRX-50017"",""errorMessage"":""El nombre y los apellidos no pueden superar los 34 caracteres.""},""transactionId"":""40bbc0e7-3726-427e-aeba-925e256c73f7-1786479678379""}"
False;5076984;2026-08-11 16:21:20.637000;2026-08-11 00:00:00;12201114;CREATEORDER;SHG3JHCD2C9;MWUG3CI/A;"{""orderDetailsResponses"":{""deviceEligibility"":{""secondaryDisplay"":""1"",""partDescription"":""AppleCare+ para iMac (M4)"",""coverageDuration"":""3"",""productStatement"":""AppleCare+ para iMac (M4) amplía la cobertura de servicio y soporte técnico a 3 años desde la fecha de compra de AppleCare+ e incluye cobertura para una cantidad ilimitada de incidentes por daño accidental debido a la manipulación del producto, cada uno de ellos sujeto a un cargo adicional de R$96000  por daños en la pantalla o la carcasa externa o de R$289000  por Otros daños accidentales. Lee todos los detalles en los Términos y condiciones de AppleCare+."",""deviceDateOfPurchase"":""11/08/2026"",""deviceId"":""SHG3JHCD2C9"",""registeredDevice"":""1"",""pocType"":""RPOC"",""serialNumber"":""HG3JHCD2C9"",""partNumber"":""SR1A2ZX/A"",""partAlias"":""ACP"",""purchaseMode"":""C"",""productDescription"":""iMac (24-inch,2024, Two ports)""}},""orderErrorResponse"":{""errorCode"":""GRX-50017"",""errorMessage"":""El nombre y los apellidos no pueden superar los 34 caracteres.""},""transactionId"":""c2690034-cfa7-440d-8b51-abd126050051-1786479679768""}"
True;1292237;2026-08-11 16:21:22.567000;2026-08-11 00:00:00;1292237;VERIFYORDER;SJP7C73W3W9;MCG94CI/A;"{""orderDetailsResponses"":{""deviceEligibility"":{""secondaryDisplay"":""1"",""partDescription"":""AppleCare+ para iPad Air 11-inch (M3)"",""coverageDuration"":""2"",""productStatement"":""AppleCare+ para iPad Air 11-inch (M3) amplía la cobertura de servicio y soporte técnico a 2 años desde la fecha de compra de AppleCare+ e incluye cobertura para una cantidad ilimitada de incidentes por daño accidental debido a la manipulación del producto, cada uno de ellos sujeto a un cargo adicional de R$96000  por Otros daños accidentales o de R$28000  por Daños que afectan solo a la pantalla o de R$28000  por Apple Pencil / Keyboard. Lee todos los detalles en los Términos y condiciones de AppleCare+."",""deviceDateOfPurchase"":""11/08/2026"",""deviceId"":""SJP7C73W3W9"",""registeredDevice"":""1"",""pocType"":""APOC"",""serialNumber"":""JP7C73W3W9"",""partNumber"":""SV072ZX/A"",""partAlias"":""ACP"",""purchaseMode"":""C"",""productDescription"":""iPad Air 11-inch (M3) Wi-Fi + Cellular""}},""transactionId"":""6cb9dd15-478b-49f8-8fa3-ccf649cc6b22-1786479682028""}"
True;1292237;2026-08-11 16:21:24.020000;2026-08-11 00:00:00;1292237;CREATEORDER;SJP7C73W3W9;MCG94CI/A;"{""orderDetailsResponses"":{""deviceEligibility"":{""secondaryDisplay"":""1"",""partDescription"":""AppleCare+ para iPad Air 11-inch (M3)"",""coverageDuration"":""2"",""productStatement"":""AppleCare+ para iPad Air 11-inch (M3) amplía la cobertura de servicio y soporte técnico a 2 años desde la fecha de compra de AppleCare+ e incluye cobertura para una cantidad ilimitada de incidentes por daño accidental debido a la manipulación del producto, cada uno de ellos sujeto a un cargo adicional de R$96000  por Otros daños accidentales o de R$28000  por Daños que afectan solo a la pantalla o de R$28000  por Apple Pencil / Keyboard. Lee todos los detalles en los Términos y condiciones de AppleCare+."",""deviceDateOfPurchase"":""11/08/2026"",""deviceId"":""SJP7C73W3W9"",""registeredDevice"":""1"",""pocType"":""RPOC"",""serialNumber"":""JP7C73W3W9"",""partNumber"":""SV072ZX/A"",""partAlias"":""ACP"",""purchaseMode"":""C"",""productDescription"":""iPad Air 11-inch (M3) Wi-Fi + Cellular""},""orderConfirmation"":{""agreementNumber"":""328097740319"",""coverageDurationStatement"":""Finaliza el 10/08/2028"",""termConditionURL"":""http://www.apple.com/legal/sales-support/"",""partNumber"":""SV072ZX/A"",""partAlias"":""ACP"",""partType"":""AppleCare+"",""purchaseMode"":""C"",""appleCareSalesDate"":""11/08/2026"",""pocType"":""RPOC"",""purchaseOrderNumber"":""1292237""}},""transactionId"":""18d63135-a3b0-44d1-9432-eb0a6565be93-1786479683037""}"
False;5076984;2026-08-11 16:21:57.780000;2026-08-11 00:00:00;12101114;CREATEORDER;SHG3JHCD2C9;MWUG3CI/A;"{""orderDetailsResponses"":{""deviceEligibility"":{""secondaryDisplay"":""1"",""partDescription"":""AppleCare+ para iMac (M4)"",""coverageDuration"":""3"",""productStatement"":""AppleCare+ para iMac (M4) amplía la cobertura de servicio y soporte técnico a 3 años desde la fecha de compra de AppleCare+ e incluye cobertura para una cantidad ilimitada de incidentes por daño accidental debido a la manipulación del producto, cada uno de ellos sujeto a un cargo adicional de R$96000  por daños en la pantalla o la carcasa externa o de R$289000  por Otros daños accidentales. Lee todos los detalles en los Términos y condiciones de AppleCare+."",""deviceDateOfPurchase"":""11/08/2026"",""deviceId"":""SHG3JHCD2C9"",""registeredDevice"":""1"",""pocType"":""RPOC"",""serialNumber"":""HG3JHCD2C9"",""partNumber"":""SR1A2ZX/A"",""partAlias"":""ACP"",""purchaseMode"":""C"",""productDescription"":""iMac (24-inch,2024, Two ports)""}},""orderErrorResponse"":{""errorCode"":""GRX-50017"",""errorMessage"":""El nombre y los apellidos no pueden superar los 34 caracteres.""},""transactionId"":""97f0da26-fab7-4735-8ad4-40a29d1d6d4b-1786479716974""}"
False;5076984;2026-08-11 16:21:59.150000;2026-08-11 00:00:00;12201114;CREATEORDER;SHG3JHCD2C9;MWUG3CI/A;"{""orderDetailsResponses"":{""deviceEligibility"":{""secondaryDisplay"":""1"",""partDescription"":""AppleCare+ para iMac (M4)"",""coverageDuration"":""3"",""productStatement"":""AppleCare+ para iMac (M4) amplía la cobertura de servicio y soporte técnico a 3 años desde la fecha de compra de AppleCare+ e incluye cobertura para una cantidad ilimitada de incidentes por daño accidental debido a la manipulación del producto, cada uno de ellos sujeto a un cargo adicional de R$96000  por daños en la pantalla o la carcasa externa o de R$289000  por Otros daños accidentales. Lee todos los detalles en los Términos y condiciones de AppleCare+."",""deviceDateOfPurchase"":""11/08/2026"",""deviceId"":""SHG3JHCD2C9"",""registeredDevice"":""1"",""pocType"":""RPOC"",""serialNumber"":""HG3JHCD2C9"",""partNumber"":""SR1A2ZX/A"",""partAlias"":""ACP"",""purchaseMode"":""C"",""productDescription"":""iMac (24-inch,2024, Two ports)""}},""orderErrorResponse"":{""errorCode"":""GRX-50017"",""errorMessage"":""El nombre y los apellidos no pueden superar los 34 caracteres.""},""transactionId"":""6e494b7b-27df-4c51-8e09-5542587f5651-1786479718395""}"
False;5076984;2026-08-11 16:26:19.247000;2026-08-11 00:00:00;12101114;CREATEORDER;SHG3JHCD2C9;MWUG3CI/A;"{""orderDetailsResponses"":{""deviceEligibility"":{""secondaryDisplay"":""1"",""partDescription"":""AppleCare+ para iMac (M4)"",""coverageDuration"":""3"",""productStatement"":""AppleCare+ para iMac (M4) amplía la cobertura de servicio y soporte técnico a 3 años desde la fecha de compra de AppleCare+ e incluye cobertura para una cantidad ilimitada de incidentes por daño accidental debido a la manipulación del producto, cada uno de ellos sujeto a un cargo adicional de R$96000  por daños en la pantalla o la carcasa externa o de R$289000  por Otros daños accidentales. Lee todos los detalles en los Términos y condiciones de AppleCare+."",""deviceDateOfPurchase"":""11/08/2026"",""deviceId"":""SHG3JHCD2C9"",""registeredDevice"":""1"",""pocType"":""RPOC"",""serialNumber"":""HG3JHCD2C9"",""partNumber"":""SR1A2ZX/A"",""partAlias"":""ACP"",""purchaseMode"":""C"",""productDescription"":""iMac (24-inch,2024, Two ports)""}},""orderErrorResponse"":{""errorCode"":""GRX-50017"",""errorMessage"":""El nombre y los apellidos no pueden superar los 34 caracteres.""},""transactionId"":""c3dd487e-b207-403f-8697-d49eb6f37c71-1786479978545""}"
False;5076984;2026-08-11 16:26:22.083000;2026-08-11 00:00:00;12201114;CREATEORDER;SHG3JHCD2C9;MWUG3CI/A;"{""orderDetailsResponses"":{""deviceEligibility"":{""secondaryDisplay"":""1"",""partDescription"":""AppleCare+ para iMac (M4)"",""coverageDuration"":""3"",""productStatement"":""AppleCare+ para iMac (M4) amplía la cobertura de servicio y soporte técnico a 3 años desde la fecha de compra de AppleCare+ e incluye cobertura para una cantidad ilimitada de incidentes por daño accidental debido a la manipulación del producto, cada uno de ellos sujeto a un cargo adicional de R$96000  por daños en la pantalla o la carcasa externa o de R$289000  por Otros daños accidentales. Lee todos los detalles en los Términos y condiciones de AppleCare+."",""deviceDateOfPurchase"":""11/08/2026"",""deviceId"":""SHG3JHCD2C9"",""registeredDevice"":""1"",""pocType"":""RPOC"",""serialNumber"":""HG3JHCD2C9"",""partNumber"":""SR1A2ZX/A"",""partAlias"":""ACP"",""purchaseMode"":""C"",""productDescription"":""iMac (24-inch,2024, Two ports)""}},""orderErrorResponse"":{""errorCode"":""GRX-50017"",""errorMessage"":""El nombre y los apellidos no pueden superar los 34 caracteres.""},""transactionId"":""d066f0ef-1f7f-40a4-a6e8-70b75c6725b8-1786479981234""}"
False;5076984;2026-08-11 16:26:55.347000;2026-08-11 00:00:00;12101114;CREATEORDER;SHG3JHCD2C9;MWUG3CI/A;"{""orderDetailsResponses"":{""deviceEligibility"":{""secondaryDisplay"":""1"",""partDescription"":""AppleCare+ para iMac (M4)"",""coverageDuration"":""3"",""productStatement"":""AppleCare+ para iMac (M4) amplía la cobertura de servicio y soporte técnico a 3 años desde la fecha de compra de AppleCare+ e incluye cobertura para una cantidad ilimitada de incidentes por daño accidental debido a la manipulación del producto, cada uno de ellos sujeto a un cargo adicional de R$96000  por daños en la pantalla o la carcasa externa o de R$289000  por Otros daños accidentales. Lee todos los detalles en los Términos y condiciones de AppleCare+."",""deviceDateOfPurchase"":""11/08/2026"",""deviceId"":""SHG3JHCD2C9"",""registeredDevice"":""0"",""pocType"":""RPOC"",""serialNumber"":""HG3JHCD2C9"",""partNumber"":""SR1A2ZX/A"",""partAlias"":""ACP"",""purchaseMode"":""C"",""productDescription"":""iMac (24-inch,2024, Two ports)""}},""orderErrorResponse"":{""errorCode"":""GRX-50017"",""errorMessage"":""El nombre y los apellidos no pueden superar los 34 caracteres.""},""transactionId"":""f4ce70a7-7f51-466b-a403-9e51d21623f1-1786480014627""}"
False;5076984;2026-08-11 16:26:58.130000;2026-08-11 00:00:00;12201114;CREATEORDER;SHG3JHCD2C9;MWUG3CI/A;"{""orderDetailsResponses"":{""deviceEligibility"":{""secondaryDisplay"":""1"",""partDescription"":""AppleCare+ para iMac (M4)"",""coverageDuration"":""3"",""productStatement"":""AppleCare+ para iMac (M4) amplía la cobertura de servicio y soporte técnico a 3 años desde la fecha de compra de AppleCare+ e incluye cobertura para una cantidad ilimitada de incidentes por daño accidental debido a la manipulación del producto, cada uno de ellos sujeto a un cargo adicional de R$96000  por daños en la pantalla o la carcasa externa o de R$289000  por Otros daños accidentales. Lee todos los detalles en los Términos y condiciones de AppleCare+."",""deviceDateOfPurchase"":""11/08/2026"",""deviceId"":""SHG3JHCD2C9"",""registeredDevice"":""0"",""pocType"":""RPOC"",""serialNumber"":""HG3JHCD2C9"",""partNumber"":""SR1A2ZX/A"",""partAlias"":""ACP"",""purchaseMode"":""C"",""productDescription"":""iMac (24-inch,2024, Two ports)""}},""orderErrorResponse"":{""errorCode"":""GRX-50017"",""errorMessage"":""El nombre y los apellidos no pueden superar los 34 caracteres.""},""transactionId"":""697c68a0-2aa3-420d-9e99-6c4b5889419e-1786480017345""}"
True;1315993;2026-08-11 16:29:59.740000;2026-08-11 00:00:00;9601101;VERIFYORDER;SDF7YQ6VJGW;MDHA4CI/A;"{""orderDetailsResponses"":{""deviceEligibility"":{""secondaryDisplay"":""1"",""partDescription"":""AppleCare+ para 13-inch MacBook Air (M5)"",""coverageDuration"":""3"",""productStatement"":""AppleCare+ para 13-inch MacBook Air (M5) amplía la cobertura de servicio y soporte técnico a 3 años desde la fecha de compra de AppleCare+ e incluye cobertura para una cantidad ilimitada de incidentes por daño accidental debido a la manipulación del producto, cada uno de ellos sujeto a un cargo adicional de R$96000  por daños en la pantalla o la carcasa externa o de R$289000  por Otros daños accidentales. Lee todos los detalles en los Términos y condiciones de AppleCare+."",""deviceDateOfPurchase"":""11/08/2026"",""deviceId"":""SDF7YQ6VJGW"",""registeredDevice"":""1"",""pocType"":""APOC"",""serialNumber"":""DF7YQ6VJGW"",""partNumber"":""SCW83ZX/A"",""partAlias"":""ACP"",""purchaseMode"":""C"",""productDescription"":""MacBook Air (13-inch, M5)""}},""transactionId"":""fdda2e2a-e33d-4a61-9095-8b2930407916-1786480199159""}"
False;5076984;2026-08-11 16:31:22.870000;2026-08-11 00:00:00;12101114;CREATEORDER;SHG3JHCD2C9;MWUG3CI/A;"{""orderDetailsResponses"":{""deviceEligibility"":{""secondaryDisplay"":""1"",""partDescription"":""AppleCare+ para iMac (M4)"",""coverageDuration"":""3"",""productStatement"":""AppleCare+ para iMac (M4) amplía la cobertura de servicio y soporte técnico a 3 años desde la fecha de compra de AppleCare+ e incluye cobertura para una cantidad ilimitada de incidentes por daño accidental debido a la manipulación del producto, cada uno de ellos sujeto a un cargo adicional de R$96000  por daños en la pantalla o la carcasa externa o de R$289000  por Otros daños accidentales. Lee todos los detalles en los Términos y condiciones de AppleCare+."",""deviceDateOfPurchase"":""11/08/2026"",""deviceId"":""SHG3JHCD2C9"",""registeredDevice"":""0"",""pocType"":""RPOC"",""serialNumber"":""HG3JHCD2C9"",""partNumber"":""SR1A2ZX/A"",""partAlias"":""ACP"",""purchaseMode"":""C"",""productDescription"":""iMac (24-inch,2024, Two ports)""}},""orderErrorResponse"":{""errorCode"":""GRX-50017"",""errorMessage"":""El nombre y los apellidos no pueden superar los 34 caracteres.""},""transactionId"":""e6eae891-f683-4d35-a549-f9a69de7d80c-1786480282088""}"
False;5076984;2026-08-11 16:31:24.677000;2026-08-11 00:00:00;12201114;CREATEORDER;SHG3JHCD2C9;MWUG3CI/A;"{""orderDetailsResponses"":{""deviceEligibility"":{""secondaryDisplay"":""1"",""partDescription"":""AppleCare+ para iMac (M4)"",""coverageDuration"":""3"",""productStatement"":""AppleCare+ para iMac (M4) amplía la cobertura de servicio y soporte técnico a 3 años desde la fecha de compra de AppleCare+ e incluye cobertura para una cantidad ilimitada de incidentes por daño accidental debido a la manipulación del producto, cada uno de ellos sujeto a un cargo adicional de R$96000  por daños en la pantalla o la carcasa externa o de R$289000  por Otros daños accidentales. Lee todos los detalles en los Términos y condiciones de AppleCare+."",""deviceDateOfPurchase"":""11/08/2026"",""deviceId"":""SHG3JHCD2C9"",""registeredDevice"":""0"",""pocType"":""RPOC"",""serialNumber"":""HG3JHCD2C9"",""partNumber"":""SR1A2ZX/A"",""partAlias"":""ACP"",""purchaseMode"":""C"",""productDescription"":""iMac (24-inch,2024, Two ports)""}},""orderErrorResponse"":{""errorCode"":""GRX-50017"",""errorMessage"":""El nombre y los apellidos no pueden superar los 34 caracteres.""},""transactionId"":""a64f061c-9599-4c00-aa18-554cde376269-1786480283936""}"
False;5076984;2026-08-11 16:31:57.287000;2026-08-11 00:00:00;12101114;CREATEORDER;SHG3JHCD2C9;MWUG3CI/A;"{""orderDetailsResponses"":{""deviceEligibility"":{""secondaryDisplay"":""1"",""partDescription"":""AppleCare+ para iMac (M4)"",""coverageDuration"":""3"",""productStatement"":""AppleCare+ para iMac (M4) amplía la cobertura de servicio y soporte técnico a 3 años desde la fecha de compra de AppleCare+ e incluye cobertura para una cantidad ilimitada de incidentes por daño accidental debido a la manipulación del producto, cada uno de ellos sujeto a un cargo adicional de R$96000  por daños en la pantalla o la carcasa externa o de R$289000  por Otros daños accidentales. Lee todos los detalles en los Términos y condiciones de AppleCare+."",""deviceDateOfPurchase"":""11/08/2026"",""deviceId"":""SHG3JHCD2C9"",""registeredDevice"":""0"",""pocType"":""RPOC"",""serialNumber"":""HG3JHCD2C9"",""partNumber"":""SR1A2ZX/A"",""partAlias"":""ACP"",""purchaseMode"":""C"",""productDescription"":""iMac (24-inch,2024, Two ports)""}},""orderErrorResponse"":{""errorCode"":""GRX-50017"",""errorMessage"":""El nombre y los apellidos no pueden superar los 34 caracteres.""},""transactionId"":""d1d60854-4f40-497a-a0a6-2e1521039525-1786480316584""}"
False;5076984;2026-08-11 16:31:59.393000;2026-08-11 00:00:00;12201114;CREATEORDER;SHG3JHCD2C9;MWUG3CI/A;"{""orderDetailsResponses"":{""deviceEligibility"":{""secondaryDisplay"":""1"",""partDescription"":""AppleCare+ para iMac (M4)"",""coverageDuration"":""3"",""productStatement"":""AppleCare+ para iMac (M4) amplía la cobertura de servicio y soporte técnico a 3 años desde la fecha de compra de AppleCare+ e incluye cobertura para una cantidad ilimitada de incidentes por daño accidental debido a la manipulación del producto, cada uno de ellos sujeto a un cargo adicional de R$96000  por daños en la pantalla o la carcasa externa o de R$289000  por Otros daños accidentales. Lee todos los detalles en los Términos y condiciones de AppleCare+."",""deviceDateOfPurchase"":""11/08/2026"",""deviceId"":""SHG3JHCD2C9"",""registeredDevice"":""0"",""pocType"":""RPOC"",""serialNumber"":""HG3JHCD2C9"",""partNumber"":""SR1A2ZX/A"",""partAlias"":""ACP"",""purchaseMode"":""C"",""productDescription"":""iMac (24-inch,2024, Two ports)""}},""orderErrorResponse"":{""errorCode"":""GRX-50017"",""errorMessage"":""El nombre y los apellidos no pueden superar los 34 caracteres.""},""transactionId"":""34f7c1e9-7e81-4eb7-a9af-5e64f95a8985-1786480318648""}"
True;1315993;2026-08-11 16:32:05.753000;2026-08-11 00:00:00;9601101;CREATEORDER;SDF7YQ6VJGW;MDHA4CI/A;"{""orderDetailsResponses"":{""deviceEligibility"":{""secondaryDisplay"":""1"",""partDescription"":""AppleCare+ para 13-inch MacBook Air (M5)"",""coverageDuration"":""3"",""productStatement"":""AppleCare+ para 13-inch MacBook Air (M5) amplía la cobertura de servicio y soporte técnico a 3 años desde la fecha de compra de AppleCare+ e incluye cobertura para una cantidad ilimitada de incidentes por daño accidental debido a la manipulación del producto, cada uno de ellos sujeto a un cargo adicional de R$96000  por daños en la pantalla o la carcasa externa o de R$289000  por Otros daños accidentales. Lee todos los detalles en los Términos y condiciones de AppleCare+."",""deviceDateOfPurchase"":""11/08/2026"",""deviceId"":""SDF7YQ6VJGW"",""registeredDevice"":""1"",""pocType"":""APOC"",""serialNumber"":""DF7YQ6VJGW"",""partNumber"":""SCW83ZX/A"",""partAlias"":""ACP"",""purchaseMode"":""C"",""productDescription"":""MacBook Air (13-inch, M5)""},""orderConfirmation"":{""agreementNumber"":""328097762104"",""coverageDurationStatement"":""Finaliza el 10/08/2029"",""termConditionURL"":""http://www.apple.com/legal/sales-support/"",""partNumber"":""SCW83ZX/A"",""partAlias"":""ACP"",""partType"":""AppleCare+"",""purchaseMode"":""C"",""appleCareSalesDate"":""11/08/2026"",""pocType"":""APOC"",""purchaseOrderNumber"":""9601101""}},""transactionId"":""219c814d-b9c0-440d-9285-9999a9ae77e8-1786480323426""}"
True;5086251;2026-08-11 16:33:12.600000;2026-08-11 00:00:00;16001011;VERIFYORDER;sl1q74n0g2x;MG6M4BE/A;"{""orderDetailsResponses"":{""deviceEligibility"":{""secondaryDisplay"":""0"",""partDescription"":""AppleCare+ con robo y pérdida para iPhone 17"",""coverageDuration"":""2"",""productStatement"":""Tu AppleCare+ con robo y pérdida para iPhone 17 amplía la cobertura de servicio y soporte técnico a 2 años desde la fecha de compra de AppleCare+ con robo y pérdida e incluye cobertura para una cantidad ilimitada de incidentes por daño accidental debido a la manipulación del producto o un máximo de dos incidentes de robo y pérdida cada 12 meses, cada uno de ellos sujeto a un cargo adicional de R$96000  por Otros daños accidentales o de R$28000  por los daños de la pantalla o la carcasa externa o de R$144000  por robo o pérdida. Lee todos los detalles en los Términos y condiciones de AppleCare+."",""deviceDateOfPurchase"":""11/08/2026"",""deviceId"":""SL1Q74N0G2X"",""registeredDevice"":""0"",""pocType"":""APOC"",""serialNumber"":""L1Q74N0G2X"",""partNumber"":""SX2V2ZX/A"",""partAlias"":""ACPTL"",""purchaseMode"":""C"",""productDescription"":""iPhone 17"",""tlDisclosure"":""La cobertura de robo y pérdida requiere que tengas la función Buscar habilitada en tu dispositivo antes de que se pierda o te lo roben. Durante el proceso de reclamación, te pediremos que uses la función Buscar para poner el dispositivo perdido o robado en modo Perdido, borrarlo y transferir la propiedad a Apple para que podamos asignarte un nuevo dispositivo. Para asegurarte de que puedas iniciar sesión en Buscar y acceder a esta función, es importante que recuerdes tu ID de Apple y contraseña, y que mantengas la información de tu cuenta actualizada. Si usas la autenticación de doble factor para el ID de Apple, te recomendamos que añadas un número de teléfono adicional de confianza a tu cuenta en el que puedas recibir el código de verificación de 6 dígitos que necesitas para iniciar sesión aunque no tengas tu iPhone. Para obtener más información, visita las páginas de Soporte técnico de Apple.""}},""transactionId"":""d829fc4a-2f54-4970-a9a6-94689fbc923d-1786480391992""}"
True;5086251;2026-08-11 16:34:22.813000;2026-08-11 00:00:00;16001011;VERIFYORDER;sl1q74n0g2x;MG6M4BE/A;"{""orderDetailsResponses"":{""deviceEligibility"":{""secondaryDisplay"":""0"",""partDescription"":""AppleCare+ con robo y pérdida para iPhone 17"",""coverageDuration"":""2"",""productStatement"":""Tu AppleCare+ con robo y pérdida para iPhone 17 amplía la cobertura de servicio y soporte técnico a 2 años desde la fecha de compra de AppleCare+ con robo y pérdida e incluye cobertura para una cantidad ilimitada de incidentes por daño accidental debido a la manipulación del producto o un máximo de dos incidentes de robo y pérdida cada 12 meses, cada uno de ellos sujeto a un cargo adicional de R$96000  por Otros daños accidentales o de R$28000  por los daños de la pantalla o la carcasa externa o de R$144000  por robo o pérdida. Lee todos los detalles en los Términos y condiciones de AppleCare+."",""deviceDateOfPurchase"":""11/08/2026"",""deviceId"":""SL1Q74N0G2X"",""registeredDevice"":""0"",""pocType"":""APOC"",""serialNumber"":""L1Q74N0G2X"",""partNumber"":""SX2V2ZX/A"",""partAlias"":""ACPTL"",""purchaseMode"":""C"",""productDescription"":""iPhone 17"",""tlDisclosure"":""La cobertura de robo y pérdida requiere que tengas la función Buscar habilitada en tu dispositivo antes de que se pierda o te lo roben. Durante el proceso de reclamación, te pediremos que uses la función Buscar para poner el dispositivo perdido o robado en modo Perdido, borrarlo y transferir la propiedad a Apple para que podamos asignarte un nuevo dispositivo. Para asegurarte de que puedas iniciar sesión en Buscar y acceder a esta función, es importante que recuerdes tu ID de Apple y contraseña, y que mantengas la información de tu cuenta actualizada. Si usas la autenticación de doble factor para el ID de Apple, te recomendamos que añadas un número de teléfono adicional de confianza a tu cuenta en el que puedas recibir el código de verificación de 6 dígitos que necesitas para iniciar sesión aunque no tengas tu iPhone. Para obtener más información, visita las páginas de Soporte técnico de Apple.""}},""transactionId"":""68d1a0d4-a5b9-4717-b293-b82fb798aa22-1786480462242""}"
True;5086251;2026-08-11 16:35:34.820000;2026-08-11 00:00:00;16001011;CREATEORDER;sl1q74n0g2x;MG6M4BE/A;"{""orderDetailsResponses"":{""deviceEligibility"":{""secondaryDisplay"":""0"",""partDescription"":""AppleCare+ con robo y pérdida para iPhone 17"",""coverageDuration"":""2"",""productStatement"":""Tu AppleCare+ con robo y pérdida para iPhone 17 amplía la cobertura de servicio y soporte técnico a 2 años desde la fecha de compra de AppleCare+ con robo y pérdida e incluye cobertura para una cantidad ilimitada de incidentes por daño accidental debido a la manipulación del producto o un máximo de dos incidentes de robo y pérdida cada 12 meses, cada uno de ellos sujeto a un cargo adicional de R$96000  por Otros daños accidentales o de R$28000  por los daños de la pantalla o la carcasa externa o de R$144000  por robo o pérdida. Lee todos los detalles en los Términos y condiciones de AppleCare+."",""deviceDateOfPurchase"":""11/08/2026"",""deviceId"":""SL1Q74N0G2X"",""registeredDevice"":""0"",""pocType"":""APOC"",""serialNumber"":""L1Q74N0G2X"",""partNumber"":""SX2V2ZX/A"",""partAlias"":""ACPTL"",""purchaseMode"":""C"",""productDescription"":""iPhone 17"",""tlDisclosure"":""La cobertura de robo y pérdida requiere que tengas la función Buscar habilitada en tu dispositivo antes de que se pierda o te lo roben. Durante el proceso de reclamación, te pediremos que uses la función Buscar para poner el dispositivo perdido o robado en modo Perdido, borrarlo y transferir la propiedad a Apple para que podamos asignarte un nuevo dispositivo. Para asegurarte de que puedas iniciar sesión en Buscar y acceder a esta función, es importante que recuerdes tu ID de Apple y contraseña, y que mantengas la información de tu cuenta actualizada. Si usas la autenticación de doble factor para el ID de Apple, te recomendamos que añadas un número de teléfono adicional de confianza a tu cuenta en el que puedas recibir el código de verificación de 6 dígitos que necesitas para iniciar sesión aunque no tengas tu iPhone. Para obtener más información, visita las páginas de Soporte técnico de Apple.""},""orderConfirmation"":{""agreementNumber"":""328097780092"",""coverageDurationStatement"":""Finaliza el 10/08/2028"",""termConditionURL"":""http://www.apple.com/legal/sales-support/"",""partNumber"":""SX2V2ZX/A"",""partAlias"":""ACPTL"",""partType"":""AC+TL"",""purchaseMode"":""C"",""appleCareSalesDate"":""11/08/2026"",""pocType"":""APOC"",""purchaseOrderNumber"":""16001011""}},""transactionId"":""5ca7c702-f185-49c4-8373-a0c0e73860d5-1786480529683""}"
False;5076984;2026-08-11 16:36:15.753000;2026-08-11 00:00:00;12101114;CREATEORDER;SHG3JHCD2C9;MWUG3CI/A;"{""orderDetailsResponses"":{""deviceEligibility"":{""secondaryDisplay"":""1"",""partDescription"":""AppleCare+ para iMac (M4)"",""coverageDuration"":""3"",""productStatement"":""AppleCare+ para iMac (M4) amplía la cobertura de servicio y soporte técnico a 3 años desde la fecha de compra de AppleCare+ e incluye cobertura para una cantidad ilimitada de incidentes por daño accidental debido a la manipulación del producto, cada uno de ellos sujeto a un cargo adicional de R$96000  por daños en la pantalla o la carcasa externa o de R$289000  por Otros daños accidentales. Lee todos los detalles en los Términos y condiciones de AppleCare+."",""deviceDateOfPurchase"":""11/08/2026"",""deviceId"":""SHG3JHCD2C9"",""registeredDevice"":""0"",""pocType"":""RPOC"",""serialNumber"":""HG3JHCD2C9"",""partNumber"":""SR1A2ZX/A"",""partAlias"":""ACP"",""purchaseMode"":""C"",""productDescription"":""iMac (24-inch,2024, Two ports)""}},""orderErrorResponse"":{""errorCode"":""GRX-50017"",""errorMessage"":""El nombre y los apellidos no pueden superar los 34 caracteres.""},""transactionId"":""83dfd1c7-6e54-4f74-9c5d-5be0c07698b6-1786480574944""}"
False;5076984;2026-08-11 16:36:17.323000;2026-08-11 00:00:00;12201114;CREATEORDER;SHG3JHCD2C9;MWUG3CI/A;"{""orderDetailsResponses"":{""deviceEligibility"":{""secondaryDisplay"":""1"",""partDescription"":""AppleCare+ para iMac (M4)"",""coverageDuration"":""3"",""productStatement"":""AppleCare+ para iMac (M4) amplía la cobertura de servicio y soporte técnico a 3 años desde la fecha de compra de AppleCare+ e incluye cobertura para una cantidad ilimitada de incidentes por daño accidental debido a la manipulación del producto, cada uno de ellos sujeto a un cargo adicional de R$96000  por daños en la pantalla o la carcasa externa o de R$289000  por Otros daños accidentales. Lee todos los detalles en los Términos y condiciones de AppleCare+."",""deviceDateOfPurchase"":""11/08/2026"",""deviceId"":""SHG3JHCD2C9"",""registeredDevice"":""0"",""pocType"":""RPOC"",""serialNumber"":""HG3JHCD2C9"",""partNumber"":""SR1A2ZX/A"",""partAlias"":""ACP"",""purchaseMode"":""C"",""productDescription"":""iMac (24-inch,2024, Two ports)""}},""orderErrorResponse"":{""errorCode"":""GRX-50017"",""errorMessage"":""El nombre y los apellidos no pueden superar los 34 caracteres.""},""transactionId"":""e454789d-a635-45a1-a029-e56d11201fc4-1786480576548""}"
False;5076984;2026-08-11 16:36:52.020000;2026-08-11 00:00:00;12101114;CREATEORDER;SHG3JHCD2C9;MWUG3CI/A;"{""orderDetailsResponses"":{""deviceEligibility"":{""secondaryDisplay"":""1"",""partDescription"":""AppleCare+ para iMac (M4)"",""coverageDuration"":""3"",""productStatement"":""AppleCare+ para iMac (M4) amplía la cobertura de servicio y soporte técnico a 3 años desde la fecha de compra de AppleCare+ e incluye cobertura para una cantidad ilimitada de incidentes por daño accidental debido a la manipulación del producto, cada uno de ellos sujeto a un cargo adicional de R$96000  por daños en la pantalla o la carcasa externa o de R$289000  por Otros daños accidentales. Lee todos los detalles en los Términos y condiciones de AppleCare+."",""deviceDateOfPurchase"":""11/08/2026"",""deviceId"":""SHG3JHCD2C9"",""registeredDevice"":""0"",""pocType"":""RPOC"",""serialNumber"":""HG3JHCD2C9"",""partNumber"":""SR1A2ZX/A"",""partAlias"":""ACP"",""purchaseMode"":""C"",""productDescription"":""iMac (24-inch,2024, Two ports)""}},""orderErrorResponse"":{""errorCode"":""GRX-50017"",""errorMessage"":""El nombre y los apellidos no pueden superar los 34 caracteres.""},""transactionId"":""d314810e-ab25-42df-a826-ccc2b37052c7-1786480611296""}"
False;5076984;2026-08-11 16:36:53.490000;2026-08-11 00:00:00;12201114;CREATEORDER;SHG3JHCD2C9;MWUG3CI/A;"{""orderDetailsResponses"":{""deviceEligibility"":{""secondaryDisplay"":""1"",""partDescription"":""AppleCare+ para iMac (M4)"",""coverageDuration"":""3"",""productStatement"":""AppleCare+ para iMac (M4) amplía la cobertura de servicio y soporte técnico a 3 años desde la fecha de compra de AppleCare+ e incluye cobertura para una cantidad ilimitada de incidentes por daño accidental debido a la manipulación del producto, cada uno de ellos sujeto a un cargo adicional de R$96000  por daños en la pantalla o la carcasa externa o de R$289000  por Otros daños accidentales. Lee todos los detalles en los Términos y condiciones de AppleCare+."",""deviceDateOfPurchase"":""11/08/2026"",""deviceId"":""SHG3JHCD2C9"",""registeredDevice"":""0"",""pocType"":""RPOC"",""serialNumber"":""HG3JHCD2C9"",""partNumber"":""SR1A2ZX/A"",""partAlias"":""ACP"",""purchaseMode"":""C"",""productDescription"":""iMac (24-inch,2024, Two ports)""}},""orderErrorResponse"":{""errorCode"":""GRX-50017"",""errorMessage"":""El nombre y los apellidos no pueden superar los 34 caracteres.""},""transactionId"":""a463a550-61cf-46b0-b166-9680fc0dd992-1786480612688""}"
False;5076984;2026-08-11 16:41:21.117000;2026-08-11 00:00:00;12101114;CREATEORDER;SHG3JHCD2C9;MWUG3CI/A;"{""orderDetailsResponses"":{""deviceEligibility"":{""secondaryDisplay"":""1"",""partDescription"":""AppleCare+ para iMac (M4)"",""coverageDuration"":""3"",""productStatement"":""AppleCare+ para iMac (M4) amplía la cobertura de servicio y soporte técnico a 3 años desde la fecha de compra de AppleCare+ e incluye cobertura para una cantidad ilimitada de incidentes por daño accidental debido a la manipulación del producto, cada uno de ellos sujeto a un cargo adicional de R$96000  por daños en la pantalla o la carcasa externa o de R$289000  por Otros daños accidentales. Lee todos los detalles en los Términos y condiciones de AppleCare+."",""deviceDateOfPurchase"":""11/08/2026"",""deviceId"":""SHG3JHCD2C9"",""registeredDevice"":""0"",""pocType"":""RPOC"",""serialNumber"":""HG3JHCD2C9"",""partNumber"":""SR1A2ZX/A"",""partAlias"":""ACP"",""purchaseMode"":""C"",""productDescription"":""iMac (24-inch,2024, Two ports)""}},""orderErrorResponse"":{""errorCode"":""GRX-50017"",""errorMessage"":""El nombre y los apellidos no pueden superar los 34 caracteres.""},""transactionId"":""6347c4c1-80b2-43fb-9b8c-cd07d98e8c1e-1786480880309""}"
False;5076984;2026-08-11 16:41:23.260000;2026-08-11 00:00:00;12201114;CREATEORDER;SHG3JHCD2C9;MWUG3CI/A;"{""orderDetailsResponses"":{""deviceEligibility"":{""secondaryDisplay"":""1"",""partDescription"":""AppleCare+ para iMac (M4)"",""coverageDuration"":""3"",""productStatement"":""AppleCare+ para iMac (M4) amplía la cobertura de servicio y soporte técnico a 3 años desde la fecha de compra de AppleCare+ e incluye cobertura para una cantidad ilimitada de incidentes por daño accidental debido a la manipulación del producto, cada uno de ellos sujeto a un cargo adicional de R$96000  por daños en la pantalla o la carcasa externa o de R$289000  por Otros daños accidentales. Lee todos los detalles en los Términos y condiciones de AppleCare+."",""deviceDateOfPurchase"":""11/08/2026"",""deviceId"":""SHG3JHCD2C9"",""registeredDevice"":""0"",""pocType"":""RPOC"",""serialNumber"":""HG3JHCD2C9"",""partNumber"":""SR1A2ZX/A"",""partAlias"":""ACP"",""purchaseMode"":""C"",""productDescription"":""iMac (24-inch,2024, Two ports)""}},""orderErrorResponse"":{""errorCode"":""GRX-50017"",""errorMessage"":""El nombre y los apellidos no pueden superar los 34 caracteres.""},""transactionId"":""15f33353-5f9f-4b5a-b377-5c45e8f2c181-1786480882544""}"
False;5076984;2026-08-11 16:41:57.460000;2026-08-11 00:00:00;12101114;CREATEORDER;SHG3JHCD2C9;MWUG3CI/A;"{""orderDetailsResponses"":{""deviceEligibility"":{""secondaryDisplay"":""1"",""partDescription"":""AppleCare+ para iMac (M4)"",""coverageDuration"":""3"",""productStatement"":""AppleCare+ para iMac (M4) amplía la cobertura de servicio y soporte técnico a 3 años desde la fecha de compra de AppleCare+ e incluye cobertura para una cantidad ilimitada de incidentes por daño accidental debido a la manipulación del producto, cada uno de ellos sujeto a un cargo adicional de R$96000  por daños en la pantalla o la carcasa externa o de R$289000  por Otros daños accidentales. Lee todos los detalles en los Términos y condiciones de AppleCare+."",""deviceDateOfPurchase"":""11/08/2026"",""deviceId"":""SHG3JHCD2C9"",""registeredDevice"":""0"",""pocType"":""RPOC"",""serialNumber"":""HG3JHCD2C9"",""partNumber"":""SR1A2ZX/A"",""partAlias"":""ACP"",""purchaseMode"":""C"",""productDescription"":""iMac (24-inch,2024, Two ports)""}},""orderErrorResponse"":{""errorCode"":""GRX-50017"",""errorMessage"":""El nombre y los apellidos no pueden superar los 34 caracteres.""},""transactionId"":""cf390a39-7ce0-4484-b732-964488aadfe5-1786480916638""}"
False;5076984;2026-08-11 16:41:58.977000;2026-08-11 00:00:00;12201114;CREATEORDER;SHG3JHCD2C9;MWUG3CI/A;"{""orderDetailsResponses"":{""deviceEligibility"":{""secondaryDisplay"":""1"",""partDescription"":""AppleCare+ para iMac (M4)"",""coverageDuration"":""3"",""productStatement"":""AppleCare+ para iMac (M4) amplía la cobertura de servicio y soporte técnico a 3 años desde la fecha de compra de AppleCare+ e incluye cobertura para una cantidad ilimitada de incidentes por daño accidental debido a la manipulación del producto, cada uno de ellos sujeto a un cargo adicional de R$96000  por daños en la pantalla o la carcasa externa o de R$289000  por Otros daños accidentales. Lee todos los detalles en los Términos y condiciones de AppleCare+."",""deviceDateOfPurchase"":""11/08/2026"",""deviceId"":""SHG3JHCD2C9"",""registeredDevice"":""0"",""pocType"":""RPOC"",""serialNumber"":""HG3JHCD2C9"",""partNumber"":""SR1A2ZX/A"",""partAlias"":""ACP"",""purchaseMode"":""C"",""productDescription"":""iMac (24-inch,2024, Two ports)""}},""orderErrorResponse"":{""errorCode"":""GRX-50017"",""errorMessage"":""El nombre y los apellidos no pueden superar los 34 caracteres.""},""transactionId"":""570fb19a-8763-444c-8e48-f7032ac672f0-1786480918220""}"
False;5076984;2026-08-11 16:46:20.370000;2026-08-11 00:00:00;12101114;CREATEORDER;SHG3JHCD2C9;MWUG3CI/A;"{""orderDetailsResponses"":{""deviceEligibility"":{""secondaryDisplay"":""1"",""partDescription"":""AppleCare+ para iMac (M4)"",""coverageDuration"":""3"",""productStatement"":""AppleCare+ para iMac (M4) amplía la cobertura de servicio y soporte técnico a 3 años desde la fecha de compra de AppleCare+ e incluye cobertura para una cantidad ilimitada de incidentes por daño accidental debido a la manipulación del producto, cada uno de ellos sujeto a un cargo adicional de R$96000  por daños en la pantalla o la carcasa externa o de R$289000  por Otros daños accidentales. Lee todos los detalles en los Términos y condiciones de AppleCare+."",""deviceDateOfPurchase"":""11/08/2026"",""deviceId"":""SHG3JHCD2C9"",""registeredDevice"":""0"",""pocType"":""RPOC"",""serialNumber"":""HG3JHCD2C9"",""partNumber"":""SR1A2ZX/A"",""partAlias"":""ACP"",""purchaseMode"":""C"",""productDescription"":""iMac (24-inch,2024, Two ports)""}},""orderErrorResponse"":{""errorCode"":""GRX-50017"",""errorMessage"":""El nombre y los apellidos no pueden superar los 34 caracteres.""},""transactionId"":""9f438f39-b986-4dfe-8edc-f3edbc138395-1786481179616""}"
False;5076984;2026-08-11 16:46:22.697000;2026-08-11 00:00:00;12201114;CREATEORDER;SHG3JHCD2C9;MWUG3CI/A;"{""orderDetailsResponses"":{""deviceEligibility"":{""secondaryDisplay"":""1"",""partDescription"":""AppleCare+ para iMac (M4)"",""coverageDuration"":""3"",""productStatement"":""AppleCare+ para iMac (M4) amplía la cobertura de servicio y soporte técnico a 3 años desde la fecha de compra de AppleCare+ e incluye cobertura para una cantidad ilimitada de incidentes por daño accidental debido a la manipulación del producto, cada uno de ellos sujeto a un cargo adicional de R$96000  por daños en la pantalla o la carcasa externa o de R$289000  por Otros daños accidentales. Lee todos los detalles en los Términos y condiciones de AppleCare+."",""deviceDateOfPurchase"":""11/08/2026"",""deviceId"":""SHG3JHCD2C9"",""registeredDevice"":""0"",""pocType"":""RPOC"",""serialNumber"":""HG3JHCD2C9"",""partNumber"":""SR1A2ZX/A"",""partAlias"":""ACP"",""purchaseMode"":""C"",""productDescription"":""iMac (24-inch,2024, Two ports)""}},""orderErrorResponse"":{""errorCode"":""GRX-50017"",""errorMessage"":""El nombre y los apellidos no pueden superar los 34 caracteres.""},""transactionId"":""b071ba1c-618d-4f12-b969-f11b3a37ebba-1786481181958""}"
False;5076984;2026-08-11 16:46:55.353000;2026-08-11 00:00:00;12101114;CREATEORDER;SHG3JHCD2C9;MWUG3CI/A;"{""orderDetailsResponses"":{""deviceEligibility"":{""secondaryDisplay"":""1"",""partDescription"":""AppleCare+ para iMac (M4)"",""coverageDuration"":""3"",""productStatement"":""AppleCare+ para iMac (M4) amplía la cobertura de servicio y soporte técnico a 3 años desde la fecha de compra de AppleCare+ e incluye cobertura para una cantidad ilimitada de incidentes por daño accidental debido a la manipulación del producto, cada uno de ellos sujeto a un cargo adicional de R$96000  por daños en la pantalla o la carcasa externa o de R$289000  por Otros daños accidentales. Lee todos los detalles en los Términos y condiciones de AppleCare+."",""deviceDateOfPurchase"":""11/08/2026"",""deviceId"":""SHG3JHCD2C9"",""registeredDevice"":""0"",""pocType"":""RPOC"",""serialNumber"":""HG3JHCD2C9"",""partNumber"":""SR1A2ZX/A"",""partAlias"":""ACP"",""purchaseMode"":""C"",""productDescription"":""iMac (24-inch,2024, Two ports)""}},""orderErrorResponse"":{""errorCode"":""GRX-50017"",""errorMessage"":""El nombre y los apellidos no pueden superar los 34 caracteres.""},""transactionId"":""a533e6e6-2892-4dd1-8bfe-54dfac13826e-1786481214424""}"
False;5076984;2026-08-11 16:46:57.883000;2026-08-11 00:00:00;12201114;CREATEORDER;SHG3JHCD2C9;MWUG3CI/A;"{""orderDetailsResponses"":{""deviceEligibility"":{""secondaryDisplay"":""1"",""partDescription"":""AppleCare+ para iMac (M4)"",""coverageDuration"":""3"",""productStatement"":""AppleCare+ para iMac (M4) amplía la cobertura de servicio y soporte técnico a 3 años desde la fecha de compra de AppleCare+ e incluye cobertura para una cantidad ilimitada de incidentes por daño accidental debido a la manipulación del producto, cada uno de ellos sujeto a un cargo adicional de R$96000  por daños en la pantalla o la carcasa externa o de R$289000  por Otros daños accidentales. Lee todos los detalles en los Términos y condiciones de AppleCare+."",""deviceDateOfPurchase"":""11/08/2026"",""deviceId"":""SHG3JHCD2C9"",""registeredDevice"":""0"",""pocType"":""RPOC"",""serialNumber"":""HG3JHCD2C9"",""partNumber"":""SR1A2ZX/A"",""partAlias"":""ACP"",""purchaseMode"":""C"",""productDescription"":""iMac (24-inch,2024, Two ports)""}},""orderErrorResponse"":{""errorCode"":""GRX-50017"",""errorMessage"":""El nombre y los apellidos no pueden superar los 34 caracteres.""},""transactionId"":""690eb5c4-0ffa-491f-9b54-954d798d2bb9-1786481217088""}"
True;5062413;2026-08-11 16:48:29.530000;2026-08-11 00:00:00;28601062;VERIFYORDER;SH61RXQG7HW;MDVH4CI/A;"{""orderDetailsResponses"":{""deviceEligibility"":{""secondaryDisplay"":""1"",""partDescription"":""AppleCare+ para 15-inch MacBook Air (M5)"",""coverageDuration"":""3"",""productStatement"":""AppleCare+ para 15-inch MacBook Air (M5) amplía la cobertura de servicio y soporte técnico a 3 años desde la fecha de compra de AppleCare+ e incluye cobertura para una cantidad ilimitada de incidentes por daño accidental debido a la manipulación del producto, cada uno de ellos sujeto a un cargo adicional de R$96000  por daños en la pantalla o la carcasa externa o de R$289000  por Otros daños accidentales. Lee todos los detalles en los Términos y condiciones de AppleCare+."",""deviceDateOfPurchase"":""11/08/2026"",""deviceId"":""SH61RXQG7HW"",""registeredDevice"":""1"",""pocType"":""APOC"",""serialNumber"":""H61RXQG7HW"",""partNumber"":""SCW93ZX/A"",""partAlias"":""ACP"",""purchaseMode"":""C"",""productDescription"":""MacBook Air (15-inch, M5)""}},""transactionId"":""6aa28dab-35e1-4a80-a498-d67ad92be2b7-1786481308915""}"
False;5076984;2026-08-11 16:51:13.740000;2026-08-11 00:00:00;12101114;CREATEORDER;SHG3JHCD2C9;MWUG3CI/A;"{""orderDetailsResponses"":{""deviceEligibility"":{""secondaryDisplay"":""1"",""partDescription"":""AppleCare+ para iMac (M4)"",""coverageDuration"":""3"",""productStatement"":""AppleCare+ para iMac (M4) amplía la cobertura de servicio y soporte técnico a 3 años desde la fecha de compra de AppleCare+ e incluye cobertura para una cantidad ilimitada de incidentes por daño accidental debido a la manipulación del producto, cada uno de ellos sujeto a un cargo adicional de R$96000  por daños en la pantalla o la carcasa externa o de R$289000  por Otros daños accidentales. Lee todos los detalles en los Términos y condiciones de AppleCare+."",""deviceDateOfPurchase"":""11/08/2026"",""deviceId"":""SHG3JHCD2C9"",""registeredDevice"":""0"",""pocType"":""RPOC"",""serialNumber"":""HG3JHCD2C9"",""partNumber"":""SR1A2ZX/A"",""partAlias"":""ACP"",""purchaseMode"":""C"",""productDescription"":""iMac (24-inch,2024, Two ports)""}},""orderErrorResponse"":{""errorCode"":""GRX-50017"",""errorMessage"":""El nombre y los apellidos no pueden superar los 34 caracteres.""},""transactionId"":""ef2e8a5a-292f-47eb-a006-6c3d6ee996ee-1786481472930""}"
False;5076984;2026-08-11 16:51:15.163000;2026-08-11 00:00:00;12201114;CREATEORDER;SHG3JHCD2C9;MWUG3CI/A;"{""orderDetailsResponses"":{""deviceEligibility"":{""secondaryDisplay"":""1"",""partDescription"":""AppleCare+ para iMac (M4)"",""coverageDuration"":""3"",""productStatement"":""AppleCare+ para iMac (M4) amplía la cobertura de servicio y soporte técnico a 3 años desde la fecha de compra de AppleCare+ e incluye cobertura para una cantidad ilimitada de incidentes por daño accidental debido a la manipulación del producto, cada uno de ellos sujeto a un cargo adicional de R$96000  por daños en la pantalla o la carcasa externa o de R$289000  por Otros daños accidentales. Lee todos los detalles en los Términos y condiciones de AppleCare+."",""deviceDateOfPurchase"":""11/08/2026"",""deviceId"":""SHG3JHCD2C9"",""registeredDevice"":""0"",""pocType"":""RPOC"",""serialNumber"":""HG3JHCD2C9"",""partNumber"":""SR1A2ZX/A"",""partAlias"":""ACP"",""purchaseMode"":""C"",""productDescription"":""iMac (24-inch,2024, Two ports)""}},""orderErrorResponse"":{""errorCode"":""GRX-50017"",""errorMessage"":""El nombre y los apellidos no pueden superar los 34 caracteres.""},""transactionId"":""b27b9f57-3185-41af-955d-682ee05a8ece-1786481474407""}"
False;5076984;2026-08-11 16:51:46.807000;2026-08-11 00:00:00;12101114;CREATEORDER;SHG3JHCD2C9;MWUG3CI/A;"{""orderDetailsResponses"":{""deviceEligibility"":{""secondaryDisplay"":""1"",""partDescription"":""AppleCare+ para iMac (M4)"",""coverageDuration"":""3"",""productStatement"":""AppleCare+ para iMac (M4) amplía la cobertura de servicio y soporte técnico a 3 años desde la fecha de compra de AppleCare+ e incluye cobertura para una cantidad ilimitada de incidentes por daño accidental debido a la manipulación del producto, cada uno de ellos sujeto a un cargo adicional de R$96000  por daños en la pantalla o la carcasa externa o de R$289000  por Otros daños accidentales. Lee todos los detalles en los Términos y condiciones de AppleCare+."",""deviceDateOfPurchase"":""11/08/2026"",""deviceId"":""SHG3JHCD2C9"",""registeredDevice"":""0"",""pocType"":""RPOC"",""serialNumber"":""HG3JHCD2C9"",""partNumber"":""SR1A2ZX/A"",""partAlias"":""ACP"",""purchaseMode"":""C"",""productDescription"":""iMac (24-inch,2024, Two ports)""}},""orderErrorResponse"":{""errorCode"":""GRX-50017"",""errorMessage"":""El nombre y los apellidos no pueden superar los 34 caracteres.""},""transactionId"":""17f1cfcf-d3e7-411b-8a29-086d3a53af31-1786481506060""}"
False;5076984;2026-08-11 16:51:48.053000;2026-08-11 00:00:00;12201114;CREATEORDER;SHG3JHCD2C9;MWUG3CI/A;"{""orderDetailsResponses"":{""deviceEligibility"":{""secondaryDisplay"":""1"",""partDescription"":""AppleCare+ para iMac (M4)"",""coverageDuration"":""3"",""productStatement"":""AppleCare+ para iMac (M4) amplía la cobertura de servicio y soporte técnico a 3 años desde la fecha de compra de AppleCare+ e incluye cobertura para una cantidad ilimitada de incidentes por daño accidental debido a la manipulación del producto, cada uno de ellos sujeto a un cargo adicional de R$96000  por daños en la pantalla o la carcasa externa o de R$289000  por Otros daños accidentales. Lee todos los detalles en los Términos y condiciones de AppleCare+."",""deviceDateOfPurchase"":""11/08/2026"",""deviceId"":""SHG3JHCD2C9"",""registeredDevice"":""0"",""pocType"":""RPOC"",""serialNumber"":""HG3JHCD2C9"",""partNumber"":""SR1A2ZX/A"",""partAlias"":""ACP"",""purchaseMode"":""C"",""productDescription"":""iMac (24-inch,2024, Two ports)""}},""orderErrorResponse"":{""errorCode"":""GRX-50017"",""errorMessage"":""El nombre y los apellidos no pueden superar los 34 caracteres.""},""transactionId"":""cce1c5bb-c05c-4a42-93e2-eb5e004c345b-1786481507351""}"
True;5062413;2026-08-11 16:52:39.720000;2026-08-11 00:00:00;28601062;CREATEORDER;SH61RXQG7HW;MDVH4CI/A;"{""orderDetailsResponses"":{""deviceEligibility"":{""secondaryDisplay"":""1"",""partDescription"":""AppleCare+ para 15-inch MacBook Air (M5)"",""coverageDuration"":""3"",""productStatement"":""AppleCare+ para 15-inch MacBook Air (M5) amplía la cobertura de servicio y soporte técnico a 3 años desde la fecha de compra de AppleCare+ e incluye cobertura para una cantidad ilimitada de incidentes por daño accidental debido a la manipulación del producto, cada uno de ellos sujeto a un cargo adicional de R$96000  por daños en la pantalla o la carcasa externa o de R$289000  por Otros daños accidentales. Lee todos los detalles en los Términos y condiciones de AppleCare+."",""deviceDateOfPurchase"":""11/08/2026"",""deviceId"":""SH61RXQG7HW"",""registeredDevice"":""1"",""pocType"":""APOC"",""serialNumber"":""H61RXQG7HW"",""partNumber"":""SCW93ZX/A"",""partAlias"":""ACP"",""purchaseMode"":""C"",""productDescription"":""MacBook Air (15-inch, M5)""},""orderConfirmation"":{""agreementNumber"":""328097760226"",""coverageDurationStatement"":""Finaliza el 10/08/2029"",""termConditionURL"":""http://www.apple.com/legal/sales-support/"",""partNumber"":""SCW93ZX/A"",""partAlias"":""ACP"",""partType"":""AppleCare+"",""purchaseMode"":""C"",""appleCareSalesDate"":""11/08/2026"",""pocType"":""APOC"",""purchaseOrderNumber"":""28601062""}},""transactionId"":""a0fb4ffe-ff05-4740-9b52-1caac9008e4b-1786481557180""}"
True;5039582;2026-08-11 16:56:20.020000;2026-08-11 00:00:00;54801082;VERIFYORDER;SC6Y9LT9096;MD4E4CI/A;"{""orderDetailsResponses"":{""deviceEligibility"":{""secondaryDisplay"":""1"",""partDescription"":""AppleCare+ para iPad (A16)"",""coverageDuration"":""2"",""productStatement"":""AppleCare+ para iPad (A16) amplía la cobertura de servicio y soporte técnico a 2 años desde la fecha de compra de AppleCare+ e incluye cobertura para una cantidad ilimitada de incidentes por daño accidental debido a la manipulación del producto, cada uno de ellos sujeto a un cargo adicional de R$96000  por Otros daños accidentales o de R$28000  por Daños que afectan solo a la pantalla o de R$28000  por Apple Pencil / Keyboard. Lee todos los detalles en los Términos y condiciones de AppleCare+."",""deviceDateOfPurchase"":""11/08/2026"",""deviceId"":""SC6Y9LT9096"",""registeredDevice"":""1"",""pocType"":""APOC"",""serialNumber"":""C6Y9LT9096"",""partNumber"":""SUYD2ZX/A"",""partAlias"":""ACP"",""purchaseMode"":""C"",""productDescription"":""iPad (A16) Wi-Fi""}},""transactionId"":""8f37b612-130e-4974-bf4a-d5c4d79902c9-1786481779475""}"
False;5076984;2026-08-11 16:56:26.800000;2026-08-11 00:00:00;12101114;CREATEORDER;SHG3JHCD2C9;MWUG3CI/A;"{""orderDetailsResponses"":{""deviceEligibility"":{""secondaryDisplay"":""1"",""partDescription"":""AppleCare+ para iMac (M4)"",""coverageDuration"":""3"",""productStatement"":""AppleCare+ para iMac (M4) amplía la cobertura de servicio y soporte técnico a 3 años desde la fecha de compra de AppleCare+ e incluye cobertura para una cantidad ilimitada de incidentes por daño accidental debido a la manipulación del producto, cada uno de ellos sujeto a un cargo adicional de R$96000  por daños en la pantalla o la carcasa externa o de R$289000  por Otros daños accidentales. Lee todos los detalles en los Términos y condiciones de AppleCare+."",""deviceDateOfPurchase"":""11/08/2026"",""deviceId"":""SHG3JHCD2C9"",""registeredDevice"":""0"",""pocType"":""RPOC"",""serialNumber"":""HG3JHCD2C9"",""partNumber"":""SR1A2ZX/A"",""partAlias"":""ACP"",""purchaseMode"":""C"",""productDescription"":""iMac (24-inch,2024, Two ports)""}},""orderErrorResponse"":{""errorCode"":""GRX-50017"",""errorMessage"":""El nombre y los apellidos no pueden superar los 34 caracteres.""},""transactionId"":""42824675-2efe-44bd-ba21-504c32ce005f-1786481786069""}"
False;5076984;2026-08-11 16:56:29.140000;2026-08-11 00:00:00;12201114;CREATEORDER;SHG3JHCD2C9;MWUG3CI/A;"{""orderDetailsResponses"":{""deviceEligibility"":{""secondaryDisplay"":""1"",""partDescription"":""AppleCare+ para iMac (M4)"",""coverageDuration"":""3"",""productStatement"":""AppleCare+ para iMac (M4) amplía la cobertura de servicio y soporte técnico a 3 años desde la fecha de compra de AppleCare+ e incluye cobertura para una cantidad ilimitada de incidentes por daño accidental debido a la manipulación del producto, cada uno de ellos sujeto a un cargo adicional de R$96000  por daños en la pantalla o la carcasa externa o de R$289000  por Otros daños accidentales. Lee todos los detalles en los Términos y condiciones de AppleCare+."",""deviceDateOfPurchase"":""11/08/2026"",""deviceId"":""SHG3JHCD2C9"",""registeredDevice"":""0"",""pocType"":""RPOC"",""serialNumber"":""HG3JHCD2C9"",""partNumber"":""SR1A2ZX/A"",""partAlias"":""ACP"",""purchaseMode"":""C"",""productDescription"":""iMac (24-inch,2024, Two ports)""}},""orderErrorResponse"":{""errorCode"":""GRX-50017"",""errorMessage"":""El nombre y los apellidos no pueden superar los 34 caracteres.""},""transactionId"":""1b03540c-79c8-4c7e-b653-bc5e4242fe10-1786481788414""}"
False;5076984;2026-08-11 16:57:08.410000;2026-08-11 00:00:00;12101114;CREATEORDER;SHG3JHCD2C9;MWUG3CI/A;"{""orderDetailsResponses"":{""deviceEligibility"":{""secondaryDisplay"":""1"",""partDescription"":""AppleCare+ para iMac (M4)"",""coverageDuration"":""3"",""productStatement"":""AppleCare+ para iMac (M4) amplía la cobertura de servicio y soporte técnico a 3 años desde la fecha de compra de AppleCare+ e incluye cobertura para una cantidad ilimitada de incidentes por daño accidental debido a la manipulación del producto, cada uno de ellos sujeto a un cargo adicional de R$96000  por daños en la pantalla o la carcasa externa o de R$289000  por Otros daños accidentales. Lee todos los detalles en los Términos y condiciones de AppleCare+."",""deviceDateOfPurchase"":""11/08/2026"",""deviceId"":""SHG3JHCD2C9"",""registeredDevice"":""0"",""pocType"":""RPOC"",""serialNumber"":""HG3JHCD2C9"",""partNumber"":""SR1A2ZX/A"",""partAlias"":""ACP"",""purchaseMode"":""C"",""productDescription"":""iMac (24-inch,2024, Two ports)""}},""orderErrorResponse"":{""errorCode"":""GRX-50017"",""errorMessage"":""El nombre y los apellidos no pueden superar los 34 caracteres.""},""transactionId"":""b4cf90e6-464a-4673-b041-9e67f5708752-1786481827661""}"
False;5076984;2026-08-11 16:57:10.750000;2026-08-11 00:00:00;12201114;CREATEORDER;SHG3JHCD2C9;MWUG3CI/A;"{""orderDetailsResponses"":{""deviceEligibility"":{""secondaryDisplay"":""1"",""partDescription"":""AppleCare+ para iMac (M4)"",""coverageDuration"":""3"",""productStatement"":""AppleCare+ para iMac (M4) amplía la cobertura de servicio y soporte técnico a 3 años desde la fecha de compra de AppleCare+ e incluye cobertura para una cantidad ilimitada de incidentes por daño accidental debido a la manipulación del producto, cada uno de ellos sujeto a un cargo adicional de R$96000  por daños en la pantalla o la carcasa externa o de R$289000  por Otros daños accidentales. Lee todos los detalles en los Términos y condiciones de AppleCare+."",""deviceDateOfPurchase"":""11/08/2026"",""deviceId"":""SHG3JHCD2C9"",""registeredDevice"":""0"",""pocType"":""RPOC"",""serialNumber"":""HG3JHCD2C9"",""partNumber"":""SR1A2ZX/A"",""partAlias"":""ACP"",""purchaseMode"":""C"",""productDescription"":""iMac (24-inch,2024, Two ports)""}},""orderErrorResponse"":{""errorCode"":""GRX-50017"",""errorMessage"":""El nombre y los apellidos no pueden superar los 34 caracteres.""},""transactionId"":""836abbfc-6bfe-422a-8fd3-68a2bf45c30e-1786481830026""}"
True;5039582;2026-08-11 16:59:01.883000;2026-08-11 00:00:00;54801082;CREATEORDER;SC6Y9LT9096;MD4E4CI/A;"{""orderDetailsResponses"":{""deviceEligibility"":{""secondaryDisplay"":""1"",""partDescription"":""AppleCare+ para iPad (A16)"",""coverageDuration"":""2"",""productStatement"":""AppleCare+ para iPad (A16) amplía la cobertura de servicio y soporte técnico a 2 años desde la fecha de compra de AppleCare+ e incluye cobertura para una cantidad ilimitada de incidentes por daño accidental debido a la manipulación del producto, cada uno de ellos sujeto a un cargo adicional de R$96000  por Otros daños accidentales o de R$28000  por Daños que afectan solo a la pantalla o de R$28000  por Apple Pencil / Keyboard. Lee todos los detalles en los Términos y condiciones de AppleCare+."",""deviceDateOfPurchase"":""11/08/2026"",""deviceId"":""SC6Y9LT9096"",""registeredDevice"":""1"",""pocType"":""APOC"",""serialNumber"":""C6Y9LT9096"",""partNumber"":""SUYD2ZX/A"",""partAlias"":""ACP"",""purchaseMode"":""C"",""productDescription"":""iPad (A16) Wi-Fi""},""orderConfirmation"":{""agreementNumber"":""328097760240"",""coverageDurationStatement"":""Finaliza el 10/08/2028"",""termConditionURL"":""http://www.apple.com/legal/sales-support/"",""partNumber"":""SUYD2ZX/A"",""partAlias"":""ACP"",""partType"":""AppleCare+"",""purchaseMode"":""C"",""appleCareSalesDate"":""11/08/2026"",""pocType"":""APOC"",""purchaseOrderNumber"":""54801082""}},""transactionId"":""a44a655b-5fc9-4104-ae2d-f07b09ea978e-1786481936963""}"
False;5076984;2026-08-11 17:01:21.880000;2026-08-11 00:00:00;12101114;CREATEORDER;SHG3JHCD2C9;MWUG3CI/A;"{""orderDetailsResponses"":{""deviceEligibility"":{""secondaryDisplay"":""1"",""partDescription"":""AppleCare+ para iMac (M4)"",""coverageDuration"":""3"",""productStatement"":""AppleCare+ para iMac (M4) amplía la cobertura de servicio y soporte técnico a 3 años desde la fecha de compra de AppleCare+ e incluye cobertura para una cantidad ilimitada de incidentes por daño accidental debido a la manipulación del producto, cada uno de ellos sujeto a un cargo adicional de R$96000  por daños en la pantalla o la carcasa externa o de R$289000  por Otros daños accidentales. Lee todos los detalles en los Términos y condiciones de AppleCare+."",""deviceDateOfPurchase"":""11/08/2026"",""deviceId"":""SHG3JHCD2C9"",""registeredDevice"":""0"",""pocType"":""RPOC"",""serialNumber"":""HG3JHCD2C9"",""partNumber"":""SR1A2ZX/A"",""partAlias"":""ACP"",""purchaseMode"":""C"",""productDescription"":""iMac (24-inch,2024, Two ports)""}},""orderErrorResponse"":{""errorCode"":""GRX-50017"",""errorMessage"":""El nombre y los apellidos no pueden superar los 34 caracteres.""},""transactionId"":""07ea8b9a-d8d4-425d-b7ec-69a78762848f-1786482081154""}"
False;5076984;2026-08-11 17:01:23.950000;2026-08-11 00:00:00;12201114;CREATEORDER;SHG3JHCD2C9;MWUG3CI/A;"{""orderDetailsResponses"":{""deviceEligibility"":{""secondaryDisplay"":""1"",""partDescription"":""AppleCare+ para iMac (M4)"",""coverageDuration"":""3"",""productStatement"":""AppleCare+ para iMac (M4) amplía la cobertura de servicio y soporte técnico a 3 años desde la fecha de compra de AppleCare+ e incluye cobertura para una cantidad ilimitada de incidentes por daño accidental debido a la manipulación del producto, cada uno de ellos sujeto a un cargo adicional de R$96000  por daños en la pantalla o la carcasa externa o de R$289000  por Otros daños accidentales. Lee todos los detalles en los Términos y condiciones de AppleCare+."",""deviceDateOfPurchase"":""11/08/2026"",""deviceId"":""SHG3JHCD2C9"",""registeredDevice"":""0"",""pocType"":""RPOC"",""serialNumber"":""HG3JHCD2C9"",""partNumber"":""SR1A2ZX/A"",""partAlias"":""ACP"",""purchaseMode"":""C"",""productDescription"":""iMac (24-inch,2024, Two ports)""}},""orderErrorResponse"":{""errorCode"":""GRX-50017"",""errorMessage"":""El nombre y los apellidos no pueden superar los 34 caracteres.""},""transactionId"":""7f3913a5-7259-4431-86c8-f82ec4b94b63-1786482083229""}"
False;5076984;2026-08-11 17:02:01.007000;2026-08-11 00:00:00;12101114;CREATEORDER;SHG3JHCD2C9;MWUG3CI/A;"{""orderDetailsResponses"":{""deviceEligibility"":{""secondaryDisplay"":""1"",""partDescription"":""AppleCare+ para iMac (M4)"",""coverageDuration"":""3"",""productStatement"":""AppleCare+ para iMac (M4) amplía la cobertura de servicio y soporte técnico a 3 años desde la fecha de compra de AppleCare+ e incluye cobertura para una cantidad ilimitada de incidentes por daño accidental debido a la manipulación del producto, cada uno de ellos sujeto a un cargo adicional de R$96000  por daños en la pantalla o la carcasa externa o de R$289000  por Otros daños accidentales. Lee todos los detalles en los Términos y condiciones de AppleCare+."",""deviceDateOfPurchase"":""11/08/2026"",""deviceId"":""SHG3JHCD2C9"",""registeredDevice"":""0"",""pocType"":""RPOC"",""serialNumber"":""HG3JHCD2C9"",""partNumber"":""SR1A2ZX/A"",""partAlias"":""ACP"",""purchaseMode"":""C"",""productDescription"":""iMac (24-inch,2024, Two ports)""}},""orderErrorResponse"":{""errorCode"":""GRX-50017"",""errorMessage"":""El nombre y los apellidos no pueden superar los 34 caracteres.""},""transactionId"":""25a05f19-94a7-4513-906c-50c814cce64c-1786482120085""}"
False;5076984;2026-08-11 17:02:03.407000;2026-08-11 00:00:00;12201114;CREATEORDER;SHG3JHCD2C9;MWUG3CI/A;"{""orderDetailsResponses"":{""deviceEligibility"":{""secondaryDisplay"":""1"",""partDescription"":""AppleCare+ para iMac (M4)"",""coverageDuration"":""3"",""productStatement"":""AppleCare+ para iMac (M4) amplía la cobertura de servicio y soporte técnico a 3 años desde la fecha de compra de AppleCare+ e incluye cobertura para una cantidad ilimitada de incidentes por daño accidental debido a la manipulación del producto, cada uno de ellos sujeto a un cargo adicional de R$96000  por daños en la pantalla o la carcasa externa o de R$289000  por Otros daños accidentales. Lee todos los detalles en los Términos y condiciones de AppleCare+."",""deviceDateOfPurchase"":""11/08/2026"",""deviceId"":""SHG3JHCD2C9"",""registeredDevice"":""0"",""pocType"":""RPOC"",""serialNumber"":""HG3JHCD2C9"",""partNumber"":""SR1A2ZX/A"",""partAlias"":""ACP"",""purchaseMode"":""C"",""productDescription"":""iMac (24-inch,2024, Two ports)""}},""orderErrorResponse"":{""errorCode"":""GRX-50017"",""errorMessage"":""El nombre y los apellidos no pueden superar los 34 caracteres.""},""transactionId"":""6ad04ebb-6b73-49db-acda-4b18f9e088c4-1786482122649""}"
True;5039583;2026-08-11 17:06:10.930000;2026-08-11 00:00:00;54901082;VERIFYORDER;SC7G7YC67M3;MFYQ4BE/A;"{""orderDetailsResponses"":{""deviceEligibility"":{""secondaryDisplay"":""0"",""partDescription"":""AppleCare+ con robo y pérdida para iPhone 17 Pro Max"",""coverageDuration"":""2"",""productStatement"":""Tu AppleCare+ con robo y pérdida para iPhone 17 Pro Max amplía la cobertura de servicio y soporte técnico a 2 años desde la fecha de compra de AppleCare+ con robo y pérdida e incluye cobertura para una cantidad ilimitada de incidentes por daño accidental debido a la manipulación del producto o un máximo de dos incidentes de robo y pérdida cada 12 meses, cada uno de ellos sujeto a un cargo adicional de R$96000  por Otros daños accidentales o de R$28000  por los daños de la pantalla o la carcasa externa o de R$144000  por robo o pérdida. Lee todos los detalles en los Términos y condiciones de AppleCare+."",""deviceDateOfPurchase"":""11/08/2026"",""deviceId"":""SC7G7YC67M3"",""registeredDevice"":""1"",""pocType"":""APOC"",""serialNumber"":""C7G7YC67M3"",""partNumber"":""SX382ZX/A"",""partAlias"":""ACPTL"",""purchaseMode"":""C"",""productDescription"":""iPhone 17 Pro Max"",""tlDisclosure"":""La cobertura de robo y pérdida requiere que tengas la función Buscar habilitada en tu dispositivo antes de que se pierda o te lo roben. Durante el proceso de reclamación, te pediremos que uses la función Buscar para poner el dispositivo perdido o robado en modo Perdido, borrarlo y transferir la propiedad a Apple para que podamos asignarte un nuevo dispositivo. Para asegurarte de que puedas iniciar sesión en Buscar y acceder a esta función, es importante que recuerdes tu ID de Apple y contraseña, y que mantengas la información de tu cuenta actualizada. Si usas la autenticación de doble factor para el ID de Apple, te recomendamos que añadas un número de teléfono adicional de confianza a tu cuenta en el que puedas recibir el código de verificación de 6 dígitos que necesitas para iniciar sesión aunque no tengas tu iPhone. Para obtener más información, visita las páginas de Soporte técnico de Apple.""}},""transactionId"":""b30db818-d571-4bb4-a134-e5cd52ecac2b-1786482370314""}"
False;5076984;2026-08-11 17:06:13.130000;2026-08-11 00:00:00;12101114;CREATEORDER;SHG3JHCD2C9;MWUG3CI/A;"{""orderDetailsResponses"":{""deviceEligibility"":{""secondaryDisplay"":""1"",""partDescription"":""AppleCare+ para iMac (M4)"",""coverageDuration"":""3"",""productStatement"":""AppleCare+ para iMac (M4) amplía la cobertura de servicio y soporte técnico a 3 años desde la fecha de compra de AppleCare+ e incluye cobertura para una cantidad ilimitada de incidentes por daño accidental debido a la manipulación del producto, cada uno de ellos sujeto a un cargo adicional de R$96000  por daños en la pantalla o la carcasa externa o de R$289000  por Otros daños accidentales. Lee todos los detalles en los Términos y condiciones de AppleCare+."",""deviceDateOfPurchase"":""11/08/2026"",""deviceId"":""SHG3JHCD2C9"",""registeredDevice"":""0"",""pocType"":""RPOC"",""serialNumber"":""HG3JHCD2C9"",""partNumber"":""SR1A2ZX/A"",""partAlias"":""ACP"",""purchaseMode"":""C"",""productDescription"":""iMac (24-inch,2024, Two ports)""}},""orderErrorResponse"":{""errorCode"":""GRX-50017"",""errorMessage"":""El nombre y los apellidos no pueden superar los 34 caracteres.""},""transactionId"":""48810566-ee3e-490e-9bfe-87ac5707cf87-1786482372363""}"
False;5076984;2026-08-11 17:06:14.577000;2026-08-11 00:00:00;12201114;CREATEORDER;SHG3JHCD2C9;MWUG3CI/A;"{""orderDetailsResponses"":{""deviceEligibility"":{""secondaryDisplay"":""1"",""partDescription"":""AppleCare+ para iMac (M4)"",""coverageDuration"":""3"",""productStatement"":""AppleCare+ para iMac (M4) amplía la cobertura de servicio y soporte técnico a 3 años desde la fecha de compra de AppleCare+ e incluye cobertura para una cantidad ilimitada de incidentes por daño accidental debido a la manipulación del producto, cada uno de ellos sujeto a un cargo adicional de R$96000  por daños en la pantalla o la carcasa externa o de R$289000  por Otros daños accidentales. Lee todos los detalles en los Términos y condiciones de AppleCare+."",""deviceDateOfPurchase"":""11/08/2026"",""deviceId"":""SHG3JHCD2C9"",""registeredDevice"":""0"",""pocType"":""RPOC"",""serialNumber"":""HG3JHCD2C9"",""partNumber"":""SR1A2ZX/A"",""partAlias"":""ACP"",""purchaseMode"":""C"",""productDescription"":""iMac (24-inch,2024, Two ports)""}},""orderErrorResponse"":{""errorCode"":""GRX-50017"",""errorMessage"":""El nombre y los apellidos no pueden superar los 34 caracteres.""},""transactionId"":""ccda79d7-a680-4a6d-af8a-b029e9f77d45-1786482373824""}"
False;5076984;2026-08-11 17:06:50.780000;2026-08-11 00:00:00;12101114;CREATEORDER;SHG3JHCD2C9;MWUG3CI/A;"{""orderDetailsResponses"":{""deviceEligibility"":{""secondaryDisplay"":""1"",""partDescription"":""AppleCare+ para iMac (M4)"",""coverageDuration"":""3"",""productStatement"":""AppleCare+ para iMac (M4) amplía la cobertura de servicio y soporte técnico a 3 años desde la fecha de compra de AppleCare+ e incluye cobertura para una cantidad ilimitada de incidentes por daño accidental debido a la manipulación del producto, cada uno de ellos sujeto a un cargo adicional de R$96000  por daños en la pantalla o la carcasa externa o de R$289000  por Otros daños accidentales. Lee todos los detalles en los Términos y condiciones de AppleCare+."",""deviceDateOfPurchase"":""11/08/2026"",""deviceId"":""SHG3JHCD2C9"",""registeredDevice"":""0"",""pocType"":""RPOC"",""serialNumber"":""HG3JHCD2C9"",""partNumber"":""SR1A2ZX/A"",""partAlias"":""ACP"",""purchaseMode"":""C"",""productDescription"":""iMac (24-inch,2024, Two ports)""}},""orderErrorResponse"":{""errorCode"":""GRX-50017"",""errorMessage"":""El nombre y los apellidos no pueden superar los 34 caracteres.""},""transactionId"":""d26dca06-b3ba-4e64-ab42-b10dfac78ee1-1786482409935""}"
False;5076984;2026-08-11 17:06:52.527000;2026-08-11 00:00:00;12201114;CREATEORDER;SHG3JHCD2C9;MWUG3CI/A;"{""orderDetailsResponses"":{""deviceEligibility"":{""secondaryDisplay"":""1"",""partDescription"":""AppleCare+ para iMac (M4)"",""coverageDuration"":""3"",""productStatement"":""AppleCare+ para iMac (M4) amplía la cobertura de servicio y soporte técnico a 3 años desde la fecha de compra de AppleCare+ e incluye cobertura para una cantidad ilimitada de incidentes por daño accidental debido a la manipulación del producto, cada uno de ellos sujeto a un cargo adicional de R$96000  por daños en la pantalla o la carcasa externa o de R$289000  por Otros daños accidentales. Lee todos los detalles en los Términos y condiciones de AppleCare+."",""deviceDateOfPurchase"":""11/08/2026"",""deviceId"":""SHG3JHCD2C9"",""registeredDevice"":""0"",""pocType"":""RPOC"",""serialNumber"":""HG3JHCD2C9"",""partNumber"":""SR1A2ZX/A"",""partAlias"":""ACP"",""purchaseMode"":""C"",""productDescription"":""iMac (24-inch,2024, Two ports)""}},""orderErrorResponse"":{""errorCode"":""GRX-50017"",""errorMessage"":""El nombre y los apellidos no pueden superar los 34 caracteres.""},""transactionId"":""cd27ab03-d750-4937-ae26-1f4758e468ed-1786482411776""}"
True;5039583;2026-08-11 17:09:29.363000;2026-08-11 00:00:00;54901082;CREATEORDER;SC7G7YC67M3;MFYQ4BE/A;"{""orderDetailsResponses"":{""deviceEligibility"":{""secondaryDisplay"":""0"",""partDescription"":""AppleCare+ con robo y pérdida para iPhone 17 Pro Max"",""coverageDuration"":""2"",""productStatement"":""Tu AppleCare+ con robo y pérdida para iPhone 17 Pro Max amplía la cobertura de servicio y soporte técnico a 2 años desde la fecha de compra de AppleCare+ con robo y pérdida e incluye cobertura para una cantidad ilimitada de incidentes por daño accidental debido a la manipulación del producto o un máximo de dos incidentes de robo y pérdida cada 12 meses, cada uno de ellos sujeto a un cargo adicional de R$96000  por Otros daños accidentales o de R$28000  por los daños de la pantalla o la carcasa externa o de R$144000  por robo o pérdida. Lee todos los detalles en los Términos y condiciones de AppleCare+."",""deviceDateOfPurchase"":""11/08/2026"",""deviceId"":""SC7G7YC67M3"",""registeredDevice"":""1"",""pocType"":""APOC"",""serialNumber"":""C7G7YC67M3"",""partNumber"":""SX382ZX/A"",""partAlias"":""ACPTL"",""purchaseMode"":""C"",""productDescription"":""iPhone 17 Pro Max"",""tlDisclosure"":""La cobertura de robo y pérdida requiere que tengas la función Buscar habilitada en tu dispositivo antes de que se pierda o te lo roben. Durante el proceso de reclamación, te pediremos que uses la función Buscar para poner el dispositivo perdido o robado en modo Perdido, borrarlo y transferir la propiedad a Apple para que podamos asignarte un nuevo dispositivo. Para asegurarte de que puedas iniciar sesión en Buscar y acceder a esta función, es importante que recuerdes tu ID de Apple y contraseña, y que mantengas la información de tu cuenta actualizada. Si usas la autenticación de doble factor para el ID de Apple, te recomendamos que añadas un número de teléfono adicional de confianza a tu cuenta en el que puedas recibir el código de verificación de 6 dígitos que necesitas para iniciar sesión aunque no tengas tu iPhone. Para obtener más información, visita las páginas de Soporte técnico de Apple.""},""orderConfirmation"":{""agreementNumber"":""328097726590"",""coverageDurationStatement"":""Finaliza el 10/08/2028"",""termConditionURL"":""http://www.apple.com/legal/sales-support/"",""partNumber"":""SX382ZX/A"",""partAlias"":""ACPTL"",""partType"":""AC+TL"",""purchaseMode"":""C"",""appleCareSalesDate"":""11/08/2026"",""pocType"":""APOC"",""purchaseOrderNumber"":""54901082""}},""transactionId"":""a7262fee-6a57-4941-94fe-474d39e6d52e-1786482564722""}"
False;5076984;2026-08-11 17:11:18.497000;2026-08-11 00:00:00;12101114;CREATEORDER;SHG3JHCD2C9;MWUG3CI/A;"{""orderDetailsResponses"":{""deviceEligibility"":{""secondaryDisplay"":""1"",""partDescription"":""AppleCare+ para iMac (M4)"",""coverageDuration"":""3"",""productStatement"":""AppleCare+ para iMac (M4) amplía la cobertura de servicio y soporte técnico a 3 años desde la fecha de compra de AppleCare+ e incluye cobertura para una cantidad ilimitada de incidentes por daño accidental debido a la manipulación del producto, cada uno de ellos sujeto a un cargo adicional de R$96000  por daños en la pantalla o la carcasa externa o de R$289000  por Otros daños accidentales. Lee todos los detalles en los Términos y condiciones de AppleCare+."",""deviceDateOfPurchase"":""11/08/2026"",""deviceId"":""SHG3JHCD2C9"",""registeredDevice"":""0"",""pocType"":""RPOC"",""serialNumber"":""HG3JHCD2C9"",""partNumber"":""SR1A2ZX/A"",""partAlias"":""ACP"",""purchaseMode"":""C"",""productDescription"":""iMac (24-inch,2024, Two ports)""}},""orderErrorResponse"":{""errorCode"":""GRX-50017"",""errorMessage"":""El nombre y los apellidos no pueden superar los 34 caracteres.""},""transactionId"":""adc0d93a-5f7a-4228-874b-714eb9ae3880-1786482676962""}"
False;5076984;2026-08-11 17:11:21.083000;2026-08-11 00:00:00;12201114;CREATEORDER;SHG3JHCD2C9;MWUG3CI/A;"{""orderDetailsResponses"":{""deviceEligibility"":{""secondaryDisplay"":""1"",""partDescription"":""AppleCare+ para iMac (M4)"",""coverageDuration"":""3"",""productStatement"":""AppleCare+ para iMac (M4) amplía la cobertura de servicio y soporte técnico a 3 años desde la fecha de compra de AppleCare+ e incluye cobertura para una cantidad ilimitada de incidentes por daño accidental debido a la manipulación del producto, cada uno de ellos sujeto a un cargo adicional de R$96000  por daños en la pantalla o la carcasa externa o de R$289000  por Otros daños accidentales. Lee todos los detalles en los Términos y condiciones de AppleCare+."",""deviceDateOfPurchase"":""11/08/2026"",""deviceId"":""SHG3JHCD2C9"",""registeredDevice"":""0"",""pocType"":""RPOC"",""serialNumber"":""HG3JHCD2C9"",""partNumber"":""SR1A2ZX/A"",""partAlias"":""ACP"",""purchaseMode"":""C"",""productDescription"":""iMac (24-inch,2024, Two ports)""}},""orderErrorResponse"":{""errorCode"":""GRX-50017"",""errorMessage"":""El nombre y los apellidos no pueden superar los 34 caracteres.""},""transactionId"":""5cb06eaf-12ad-4526-834a-68a495f936de-1786482679676""}"
True;5117640;2026-08-11 17:11:36.177000;2026-08-11 00:00:00;25101094;VERIFYORDER;sjmh2wppg7l;MEH34AM/A;"{""orderDetailsResponses"":{""deviceEligibility"":{""secondaryDisplay"":""0"",""partDescription"":""AppleCare+ para Apple Watch SE (3rd gen)"",""coverageDuration"":""2"",""productStatement"":""AppleCare+ para Apple Watch SE (3rd gen) amplía la cobertura de servicio y soporte técnico a 2 años desde la fecha de compra de AppleCare+ e incluye cobertura para una cantidad ilimitada de incidentes por daño accidental debido a la manipulación del producto, cada uno de ellos sujeto a un cargo adicional de R$67000  por Otros daños accidentales. Lee todos los detalles en los Términos y condiciones de AppleCare+."",""deviceDateOfPurchase"":""11/08/2026"",""deviceId"":""SJMH2WPPG7L"",""registeredDevice"":""1"",""pocType"":""APOC"",""serialNumber"":""JMH2WPPG7L"",""partNumber"":""SXHW2ZX/A"",""partAlias"":""ACP"",""purchaseMode"":""C"",""productDescription"":""Watch SE (3rd gen, GPS) Aluminum 40MM""}},""transactionId"":""a35c23a3-168a-4a44-92c1-8d6a14fe7c9f-1786482694923""}"
False;5076984;2026-08-11 17:11:54.503000;2026-08-11 00:00:00;12101114;CREATEORDER;SHG3JHCD2C9;MWUG3CI/A;"{""orderDetailsResponses"":{""deviceEligibility"":{""secondaryDisplay"":""1"",""partDescription"":""AppleCare+ para iMac (M4)"",""coverageDuration"":""3"",""productStatement"":""AppleCare+ para iMac (M4) amplía la cobertura de servicio y soporte técnico a 3 años desde la fecha de compra de AppleCare+ e incluye cobertura para una cantidad ilimitada de incidentes por daño accidental debido a la manipulación del producto, cada uno de ellos sujeto a un cargo adicional de R$96000  por daños en la pantalla o la carcasa externa o de R$289000  por Otros daños accidentales. Lee todos los detalles en los Términos y condiciones de AppleCare+."",""deviceDateOfPurchase"":""11/08/2026"",""deviceId"":""SHG3JHCD2C9"",""registeredDevice"":""0"",""pocType"":""RPOC"",""serialNumber"":""HG3JHCD2C9"",""partNumber"":""SR1A2ZX/A"",""partAlias"":""ACP"",""purchaseMode"":""C"",""productDescription"":""iMac (24-inch,2024, Two ports)""}},""orderErrorResponse"":{""errorCode"":""GRX-50017"",""errorMessage"":""El nombre y los apellidos no pueden superar los 34 caracteres.""},""transactionId"":""e080a353-5eb1-44e8-b13e-5af8975ac9b3-1786482712944""}"
False;5076984;2026-08-11 17:11:57.670000;2026-08-11 00:00:00;12201114;CREATEORDER;SHG3JHCD2C9;MWUG3CI/A;"{""orderDetailsResponses"":{""deviceEligibility"":{""secondaryDisplay"":""1"",""partDescription"":""AppleCare+ para iMac (M4)"",""coverageDuration"":""3"",""productStatement"":""AppleCare+ para iMac (M4) amplía la cobertura de servicio y soporte técnico a 3 años desde la fecha de compra de AppleCare+ e incluye cobertura para una cantidad ilimitada de incidentes por daño accidental debido a la manipulación del producto, cada uno de ellos sujeto a un cargo adicional de R$96000  por daños en la pantalla o la carcasa externa o de R$289000  por Otros daños accidentales. Lee todos los detalles en los Términos y condiciones de AppleCare+."",""deviceDateOfPurchase"":""11/08/2026"",""deviceId"":""SHG3JHCD2C9"",""registeredDevice"":""0"",""pocType"":""RPOC"",""serialNumber"":""HG3JHCD2C9"",""partNumber"":""SR1A2ZX/A"",""partAlias"":""ACP"",""purchaseMode"":""C"",""productDescription"":""iMac (24-inch,2024, Two ports)""}},""orderErrorResponse"":{""errorCode"":""GRX-50017"",""errorMessage"":""El nombre y los apellidos no pueden superar los 34 caracteres.""},""transactionId"":""ed6975f7-a711-4d8b-8b35-097e42daa429-1786482716305""}"
True;5071624;2026-08-11 17:14:12.463000;2026-08-11 00:00:00;47101104;VERIFYORDER;SDFM73774QL;MHFJ4CI/A;"{""orderDetailsResponses"":{""deviceEligibility"":{""secondaryDisplay"":""0"",""partDescription"":""AppleCare+ para 13-inch MacBook Neo (A18PRO)"",""coverageDuration"":""3"",""productStatement"":""AppleCare+ para 13-inch MacBook Neo (A18PRO) amplía la cobertura de servicio y soporte técnico a 3 años desde la fecha de compra de AppleCare+ e incluye cobertura para una cantidad ilimitada de incidentes por daño accidental debido a la manipulación del producto, cada uno de ellos sujeto a un cargo adicional de R$51990  por daños en la pantalla o la carcasa externa o de R$156990  por Otros daños accidentales. Lee todos los detalles en los Términos y condiciones de AppleCare+."",""deviceDateOfPurchase"":""11/08/2026"",""deviceId"":""SDFM73774QL"",""registeredDevice"":""1"",""pocType"":""APOC"",""serialNumber"":""DFM73774QL"",""partNumber"":""SD0T3ZX/A"",""partAlias"":""ACP"",""purchaseMode"":""C"",""productDescription"":""MacBook Neo""}},""transactionId"":""e75ea323-1776-4bc6-a439-c6b17847621b-1786482851251""}"
True;5117640;2026-08-11 17:15:05.553000;2026-08-11 00:00:00;25101094;CREATEORDER;sjmh2wppg7l;MEH34AM/A;"{""orderDetailsResponses"":{""deviceEligibility"":{""secondaryDisplay"":""0"",""partDescription"":""AppleCare+ para Apple Watch SE (3rd gen)"",""coverageDuration"":""2"",""productStatement"":""AppleCare+ para Apple Watch SE (3rd gen) amplía la cobertura de servicio y soporte técnico a 2 años desde la fecha de compra de AppleCare+ e incluye cobertura para una cantidad ilimitada de incidentes por daño accidental debido a la manipulación del producto, cada uno de ellos sujeto a un cargo adicional de R$67000  por Otros daños accidentales. Lee todos los detalles en los Términos y condiciones de AppleCare+."",""deviceDateOfPurchase"":""11/08/2026"",""deviceId"":""SJMH2WPPG7L"",""registeredDevice"":""1"",""pocType"":""APOC"",""serialNumber"":""JMH2WPPG7L"",""partNumber"":""SXHW2ZX/A"",""partAlias"":""ACP"",""purchaseMode"":""C"",""productDescription"":""Watch SE (3rd gen, GPS) Aluminum 40MM""},""orderConfirmation"":{""agreementNumber"":""326572720418"",""coverageDurationStatement"":""Finaliza el 10/08/2028"",""termConditionURL"":""http://www.apple.com/legal/sales-support/"",""partNumber"":""SXHW2ZX/A"",""partAlias"":""ACP"",""partType"":""AppleCare+"",""purchaseMode"":""C"",""appleCareSalesDate"":""11/08/2026"",""pocType"":""APOC"",""purchaseOrderNumber"":""25101094""}},""transactionId"":""976de5ac-c2ae-44f4-9e5d-fd01cd82b7d7-1786482900570""}"
True;5096849;2026-08-11 17:15:48.850000;2026-08-11 00:00:00;9701101;VERIFYORDER;SJKPWHQ7FLQ;MHFA4CI/A;"{""orderDetailsResponses"":{""deviceEligibility"":{""secondaryDisplay"":""0"",""partDescription"":""AppleCare+ para 13-inch MacBook Neo (A18PRO)"",""coverageDuration"":""3"",""productStatement"":""AppleCare+ para 13-inch MacBook Neo (A18PRO) amplía la cobertura de servicio y soporte técnico a 3 años desde la fecha de compra de AppleCare+ e incluye cobertura para una cantidad ilimitada de incidentes por daño accidental debido a la manipulación del producto, cada uno de ellos sujeto a un cargo adicional de R$51990  por daños en la pantalla o la carcasa externa o de R$156990  por Otros daños accidentales. Lee todos los detalles en los Términos y condiciones de AppleCare+."",""deviceDateOfPurchase"":""11/08/2026"",""deviceId"":""SJKPWHQ7FLQ"",""registeredDevice"":""1"",""pocType"":""APOC"",""serialNumber"":""JKPWHQ7FLQ"",""partNumber"":""SD0T3ZX/A"",""partAlias"":""ACP"",""purchaseMode"":""C"",""productDescription"":""MacBook Neo""}},""transactionId"":""ec5e2bec-10a5-4e9c-915c-482ce038d7d4-1786482947365""}"
False;5076984;2026-08-11 17:16:20.173000;2026-08-11 00:00:00;12101114;CREATEORDER;SHG3JHCD2C9;MWUG3CI/A;"{""orderDetailsResponses"":{""deviceEligibility"":{""secondaryDisplay"":""1"",""partDescription"":""AppleCare+ para iMac (M4)"",""coverageDuration"":""3"",""productStatement"":""AppleCare+ para iMac (M4) amplía la cobertura de servicio y soporte técnico a 3 años desde la fecha de compra de AppleCare+ e incluye cobertura para una cantidad ilimitada de incidentes por daño accidental debido a la manipulación del producto, cada uno de ellos sujeto a un cargo adicional de R$96000  por daños en la pantalla o la carcasa externa o de R$289000  por Otros daños accidentales. Lee todos los detalles en los Términos y condiciones de AppleCare+."",""deviceDateOfPurchase"":""11/08/2026"",""deviceId"":""SHG3JHCD2C9"",""registeredDevice"":""0"",""pocType"":""RPOC"",""serialNumber"":""HG3JHCD2C9"",""partNumber"":""SR1A2ZX/A"",""partAlias"":""ACP"",""purchaseMode"":""C"",""productDescription"":""iMac (24-inch,2024, Two ports)""}},""orderErrorResponse"":{""errorCode"":""GRX-50017"",""errorMessage"":""El nombre y los apellidos no pueden superar los 34 caracteres.""},""transactionId"":""5e5a032a-736e-4b51-8323-e772658f7e63-1786482979360""}"
False;5076984;2026-08-11 17:16:21.990000;2026-08-11 00:00:00;12201114;CREATEORDER;SHG3JHCD2C9;MWUG3CI/A;"{""orderDetailsResponses"":{""deviceEligibility"":{""secondaryDisplay"":""1"",""partDescription"":""AppleCare+ para iMac (M4)"",""coverageDuration"":""3"",""productStatement"":""AppleCare+ para iMac (M4) amplía la cobertura de servicio y soporte técnico a 3 años desde la fecha de compra de AppleCare+ e incluye cobertura para una cantidad ilimitada de incidentes por daño accidental debido a la manipulación del producto, cada uno de ellos sujeto a un cargo adicional de R$96000  por daños en la pantalla o la carcasa externa o de R$289000  por Otros daños accidentales. Lee todos los detalles en los Términos y condiciones de AppleCare+."",""deviceDateOfPurchase"":""11/08/2026"",""deviceId"":""SHG3JHCD2C9"",""registeredDevice"":""0"",""pocType"":""RPOC"",""serialNumber"":""HG3JHCD2C9"",""partNumber"":""SR1A2ZX/A"",""partAlias"":""ACP"",""purchaseMode"":""C"",""productDescription"":""iMac (24-inch,2024, Two ports)""}},""orderErrorResponse"":{""errorCode"":""GRX-50017"",""errorMessage"":""El nombre y los apellidos no pueden superar los 34 caracteres.""},""transactionId"":""76090021-7c37-49f3-a5b4-34bf28ce020d-1786482981176""}"
True;5071624;2026-08-11 17:16:34.490000;2026-08-11 00:00:00;47101104;CREATEORDER;SDFM73774QL;MHFJ4CI/A;"{""orderDetailsResponses"":{""deviceEligibility"":{""secondaryDisplay"":""0"",""partDescription"":""AppleCare+ para 13-inch MacBook Neo (A18PRO)"",""coverageDuration"":""3"",""productStatement"":""AppleCare+ para 13-inch MacBook Neo (A18PRO) amplía la cobertura de servicio y soporte técnico a 3 años desde la fecha de compra de AppleCare+ e incluye cobertura para una cantidad ilimitada de incidentes por daño accidental debido a la manipulación del producto, cada uno de ellos sujeto a un cargo adicional de R$51990  por daños en la pantalla o la carcasa externa o de R$156990  por Otros daños accidentales. Lee todos los detalles en los Términos y condiciones de AppleCare+."",""deviceDateOfPurchase"":""11/08/2026"",""deviceId"":""SDFM73774QL"",""registeredDevice"":""1"",""pocType"":""APOC"",""serialNumber"":""DFM73774QL"",""partNumber"":""SD0T3ZX/A"",""partAlias"":""ACP"",""purchaseMode"":""C"",""productDescription"":""MacBook Neo""},""orderConfirmation"":{""agreementNumber"":""326572760336"",""coverageDurationStatement"":""Finaliza el 10/08/2029"",""termConditionURL"":""http://www.apple.com/legal/sales-support/"",""partNumber"":""SD0T3ZX/A"",""partAlias"":""ACP"",""partType"":""AppleCare+"",""purchaseMode"":""C"",""appleCareSalesDate"":""11/08/2026"",""pocType"":""APOC"",""purchaseOrderNumber"":""47101104""}},""transactionId"":""536c6d76-3efc-46d9-9d6e-fe30da6b1a4a-1786482990499""}"
False;5076984;2026-08-11 17:17:01.250000;2026-08-11 00:00:00;12101114;CREATEORDER;SHG3JHCD2C9;MWUG3CI/A;"{""orderDetailsResponses"":{""deviceEligibility"":{""secondaryDisplay"":""1"",""partDescription"":""AppleCare+ para iMac (M4)"",""coverageDuration"":""3"",""productStatement"":""AppleCare+ para iMac (M4) amplía la cobertura de servicio y soporte técnico a 3 años desde la fecha de compra de AppleCare+ e incluye cobertura para una cantidad ilimitada de incidentes por daño accidental debido a la manipulación del producto, cada uno de ellos sujeto a un cargo adicional de R$96000  por daños en la pantalla o la carcasa externa o de R$289000  por Otros daños accidentales. Lee todos los detalles en los Términos y condiciones de AppleCare+."",""deviceDateOfPurchase"":""11/08/2026"",""deviceId"":""SHG3JHCD2C9"",""registeredDevice"":""0"",""pocType"":""RPOC"",""serialNumber"":""HG3JHCD2C9"",""partNumber"":""SR1A2ZX/A"",""partAlias"":""ACP"",""purchaseMode"":""C"",""productDescription"":""iMac (24-inch,2024, Two ports)""}},""orderErrorResponse"":{""errorCode"":""GRX-50017"",""errorMessage"":""El nombre y los apellidos no pueden superar los 34 caracteres.""},""transactionId"":""5a8b4a79-928e-423d-b9fc-df2ce4466cca-1786483020236""}"
False;5076984;2026-08-11 17:17:03.713000;2026-08-11 00:00:00;12201114;CREATEORDER;SHG3JHCD2C9;MWUG3CI/A;"{""orderDetailsResponses"":{""deviceEligibility"":{""secondaryDisplay"":""1"",""partDescription"":""AppleCare+ para iMac (M4)"",""coverageDuration"":""3"",""productStatement"":""AppleCare+ para iMac (M4) amplía la cobertura de servicio y soporte técnico a 3 años desde la fecha de compra de AppleCare+ e incluye cobertura para una cantidad ilimitada de incidentes por daño accidental debido a la manipulación del producto, cada uno de ellos sujeto a un cargo adicional de R$96000  por daños en la pantalla o la carcasa externa o de R$289000  por Otros daños accidentales. Lee todos los detalles en los Términos y condiciones de AppleCare+."",""deviceDateOfPurchase"":""11/08/2026"",""deviceId"":""SHG3JHCD2C9"",""registeredDevice"":""0"",""pocType"":""RPOC"",""serialNumber"":""HG3JHCD2C9"",""partNumber"":""SR1A2ZX/A"",""partAlias"":""ACP"",""purchaseMode"":""C"",""productDescription"":""iMac (24-inch,2024, Two ports)""}},""orderErrorResponse"":{""errorCode"":""GRX-50017"",""errorMessage"":""El nombre y los apellidos no pueden superar los 34 caracteres.""},""transactionId"":""afc4fda4-fc5e-4f03-a4f6-823d8b52f1c6-1786483022933""}"
True;5095283;2026-08-11 17:18:16.790000;2026-08-11 00:00:00;7501109;VERIFYORDER;SDD9D24WCTG;MFYM4BE/A;"{""orderDetailsResponses"":{""deviceEligibility"":{""secondaryDisplay"":""0"",""partDescription"":""AppleCare+ con robo y pérdida para iPhone 17 Pro Max"",""coverageDuration"":""2"",""productStatement"":""Tu AppleCare+ con robo y pérdida para iPhone 17 Pro Max amplía la cobertura de servicio y soporte técnico a 2 años desde la fecha de compra de AppleCare+ con robo y pérdida e incluye cobertura para una cantidad ilimitada de incidentes por daño accidental debido a la manipulación del producto o un máximo de dos incidentes de robo y pérdida cada 12 meses, cada uno de ellos sujeto a un cargo adicional de R$96000  por Otros daños accidentales o de R$28000  por los daños de la pantalla o la carcasa externa o de R$144000  por robo o pérdida. Lee todos los detalles en los Términos y condiciones de AppleCare+."",""deviceDateOfPurchase"":""09/08/2026"",""deviceId"":""SDD9D24WCTG"",""registeredDevice"":""0"",""pocType"":""APOC"",""serialNumber"":""DD9D24WCTG"",""partNumber"":""SX382ZX/A"",""partAlias"":""ACPTL"",""purchaseMode"":""I"",""productDescription"":""iPhone 17 Pro Max"",""tlDisclosure"":""La cobertura de robo y pérdida requiere que tengas la función Buscar habilitada en tu dispositivo antes de que se pierda o te lo roben. Durante el proceso de reclamación, te pediremos que uses la función Buscar para poner el dispositivo perdido o robado en modo Perdido, borrarlo y transferir la propiedad a Apple para que podamos asignarte un nuevo dispositivo. Para asegurarte de que puedas iniciar sesión en Buscar y acceder a esta función, es importante que recuerdes tu ID de Apple y contraseña, y que mantengas la información de tu cuenta actualizada. Si usas la autenticación de doble factor para el ID de Apple, te recomendamos que añadas un número de teléfono adicional de confianza a tu cuenta en el que puedas recibir el código de verificación de 6 dígitos que necesitas para iniciar sesión aunque no tengas tu iPhone. Para obtener más información, visita las páginas de Soporte técnico de Apple.""}},""transactionId"":""fe3d4259-2ea6-4308-a595-4294bbae0cc8-1786483096211""}"
True;5096849;2026-08-11 17:19:01.070000;2026-08-11 00:00:00;9701101;CREATEORDER;SJKPWHQ7FLQ;MHFA4CI/A;"{""orderDetailsResponses"":{""deviceEligibility"":{""secondaryDisplay"":""0"",""partDescription"":""AppleCare+ para 13-inch MacBook Neo (A18PRO)"",""coverageDuration"":""3"",""productStatement"":""AppleCare+ para 13-inch MacBook Neo (A18PRO) amplía la cobertura de servicio y soporte técnico a 3 años desde la fecha de compra de AppleCare+ e incluye cobertura para una cantidad ilimitada de incidentes por daño accidental debido a la manipulación del producto, cada uno de ellos sujeto a un cargo adicional de R$51990  por daños en la pantalla o la carcasa externa o de R$156990  por Otros daños accidentales. Lee todos los detalles en los Términos y condiciones de AppleCare+."",""deviceDateOfPurchase"":""11/08/2026"",""deviceId"":""SJKPWHQ7FLQ"",""registeredDevice"":""1"",""pocType"":""APOC"",""serialNumber"":""JKPWHQ7FLQ"",""partNumber"":""SD0T3ZX/A"",""partAlias"":""ACP"",""purchaseMode"":""C"",""productDescription"":""MacBook Neo""},""orderConfirmation"":{""agreementNumber"":""328097820013"",""coverageDurationStatement"":""Finaliza el 10/08/2029"",""termConditionURL"":""http://www.apple.com/legal/sales-support/"",""partNumber"":""SD0T3ZX/A"",""partAlias"":""ACP"",""partType"":""AppleCare+"",""purchaseMode"":""C"",""appleCareSalesDate"":""11/08/2026"",""pocType"":""APOC"",""purchaseOrderNumber"":""9701101""}},""transactionId"":""1705cdef-5040-43bc-a256-466a20ccfa3e-1786483134940""}"
False;5076984;2026-08-11 17:21:15.720000;2026-08-11 00:00:00;12101114;CREATEORDER;SHG3JHCD2C9;MWUG3CI/A;"{""orderDetailsResponses"":{""deviceEligibility"":{""secondaryDisplay"":""1"",""partDescription"":""AppleCare+ para iMac (M4)"",""coverageDuration"":""3"",""productStatement"":""AppleCare+ para iMac (M4) amplía la cobertura de servicio y soporte técnico a 3 años desde la fecha de compra de AppleCare+ e incluye cobertura para una cantidad ilimitada de incidentes por daño accidental debido a la manipulación del producto, cada uno de ellos sujeto a un cargo adicional de R$96000  por daños en la pantalla o la carcasa externa o de R$289000  por Otros daños accidentales. Lee todos los detalles en los Términos y condiciones de AppleCare+."",""deviceDateOfPurchase"":""11/08/2026"",""deviceId"":""SHG3JHCD2C9"",""registeredDevice"":""0"",""pocType"":""RPOC"",""serialNumber"":""HG3JHCD2C9"",""partNumber"":""SR1A2ZX/A"",""partAlias"":""ACP"",""purchaseMode"":""C"",""productDescription"":""iMac (24-inch,2024, Two ports)""}},""orderErrorResponse"":{""errorCode"":""GRX-50017"",""errorMessage"":""El nombre y los apellidos no pueden superar los 34 caracteres.""},""transactionId"":""86cb871b-e789-41bb-b904-b8a841e6399a-1786483274969""}"
False;5076984;2026-08-11 17:21:17.080000;2026-08-11 00:00:00;12201114;CREATEORDER;SHG3JHCD2C9;MWUG3CI/A;"{""orderDetailsResponses"":{""deviceEligibility"":{""secondaryDisplay"":""1"",""partDescription"":""AppleCare+ para iMac (M4)"",""coverageDuration"":""3"",""productStatement"":""AppleCare+ para iMac (M4) amplía la cobertura de servicio y soporte técnico a 3 años desde la fecha de compra de AppleCare+ e incluye cobertura para una cantidad ilimitada de incidentes por daño accidental debido a la manipulación del producto, cada uno de ellos sujeto a un cargo adicional de R$96000  por daños en la pantalla o la carcasa externa o de R$289000  por Otros daños accidentales. Lee todos los detalles en los Términos y condiciones de AppleCare+."",""deviceDateOfPurchase"":""11/08/2026"",""deviceId"":""SHG3JHCD2C9"",""registeredDevice"":""0"",""pocType"":""RPOC"",""serialNumber"":""HG3JHCD2C9"",""partNumber"":""SR1A2ZX/A"",""partAlias"":""ACP"",""purchaseMode"":""C"",""productDescription"":""iMac (24-inch,2024, Two ports)""}},""orderErrorResponse"":{""errorCode"":""GRX-50017"",""errorMessage"":""El nombre y los apellidos no pueden superar los 34 caracteres.""},""transactionId"":""45cf114f-ec96-4128-8bac-d2bb004daafc-1786483276352""}"
True;5095283;2026-08-11 17:21:49.127000;2026-08-11 00:00:00;7501109;CREATEORDER;SDD9D24WCTG;MFYM4BE/A;"{""orderDetailsResponses"":{""deviceEligibility"":{""secondaryDisplay"":""0"",""partDescription"":""AppleCare+ con robo y pérdida para iPhone 17 Pro Max"",""coverageDuration"":""2"",""productStatement"":""Tu AppleCare+ con robo y pérdida para iPhone 17 Pro Max amplía la cobertura de servicio y soporte técnico a 2 años desde la fecha de compra de AppleCare+ con robo y pérdida e incluye cobertura para una cantidad ilimitada de incidentes por daño accidental debido a la manipulación del producto o un máximo de dos incidentes de robo y pérdida cada 12 meses, cada uno de ellos sujeto a un cargo adicional de R$96000  por Otros daños accidentales o de R$28000  por los daños de la pantalla o la carcasa externa o de R$144000  por robo o pérdida. Lee todos los detalles en los Términos y condiciones de AppleCare+."",""deviceDateOfPurchase"":""09/08/2026"",""deviceId"":""SDD9D24WCTG"",""registeredDevice"":""0"",""pocType"":""APOC"",""serialNumber"":""DD9D24WCTG"",""partNumber"":""SX382ZX/A"",""partAlias"":""ACPTL"",""purchaseMode"":""I"",""productDescription"":""iPhone 17 Pro Max"",""tlDisclosure"":""La cobertura de robo y pérdida requiere que tengas la función Buscar habilitada en tu dispositivo antes de que se pierda o te lo roben. Durante el proceso de reclamación, te pediremos que uses la función Buscar para poner el dispositivo perdido o robado en modo Perdido, borrarlo y transferir la propiedad a Apple para que podamos asignarte un nuevo dispositivo. Para asegurarte de que puedas iniciar sesión en Buscar y acceder a esta función, es importante que recuerdes tu ID de Apple y contraseña, y que mantengas la información de tu cuenta actualizada. Si usas la autenticación de doble factor para el ID de Apple, te recomendamos que añadas un número de teléfono adicional de confianza a tu cuenta en el que puedas recibir el código de verificación de 6 dígitos que necesitas para iniciar sesión aunque no tengas tu iPhone. Para obtener más información, visita las páginas de Soporte técnico de Apple.""},""orderConfirmation"":{""agreementNumber"":""328097781225"",""coverageDurationStatement"":""Finaliza el 10/08/2028"",""termConditionURL"":""http://www.apple.com/legal/sales-support/"",""partNumber"":""SX382ZX/A"",""partAlias"":""ACPTL"",""partType"":""AC+TL"",""purchaseMode"":""I"",""appleCareSalesDate"":""11/08/2026"",""pocType"":""APOC"",""purchaseOrderNumber"":""7501109""}},""transactionId"":""7580a133-dbea-404b-ac18-f4b0268add37-1786483304823""}"
False;5076984;2026-08-11 17:21:51.017000;2026-08-11 00:00:00;12101114;CREATEORDER;SHG3JHCD2C9;MWUG3CI/A;"{""orderDetailsResponses"":{""deviceEligibility"":{""secondaryDisplay"":""1"",""partDescription"":""AppleCare+ para iMac (M4)"",""coverageDuration"":""3"",""productStatement"":""AppleCare+ para iMac (M4) amplía la cobertura de servicio y soporte técnico a 3 años desde la fecha de compra de AppleCare+ e incluye cobertura para una cantidad ilimitada de incidentes por daño accidental debido a la manipulación del producto, cada uno de ellos sujeto a un cargo adicional de R$96000  por daños en la pantalla o la carcasa externa o de R$289000  por Otros daños accidentales. Lee todos los detalles en los Términos y condiciones de AppleCare+."",""deviceDateOfPurchase"":""11/08/2026"",""deviceId"":""SHG3JHCD2C9"",""registeredDevice"":""0"",""pocType"":""RPOC"",""serialNumber"":""HG3JHCD2C9"",""partNumber"":""SR1A2ZX/A"",""partAlias"":""ACP"",""purchaseMode"":""C"",""productDescription"":""iMac (24-inch,2024, Two ports)""}},""orderErrorResponse"":{""errorCode"":""GRX-50017"",""errorMessage"":""El nombre y los apellidos no pueden superar los 34 caracteres.""},""transactionId"":""cfc3ca86-a8b8-40a5-8599-58c248a4cfc4-1786483310209""}"
False;5076984;2026-08-11 17:21:52.440000;2026-08-11 00:00:00;12201114;CREATEORDER;SHG3JHCD2C9;MWUG3CI/A;"{""orderDetailsResponses"":{""deviceEligibility"":{""secondaryDisplay"":""1"",""partDescription"":""AppleCare+ para iMac (M4)"",""coverageDuration"":""3"",""productStatement"":""AppleCare+ para iMac (M4) amplía la cobertura de servicio y soporte técnico a 3 años desde la fecha de compra de AppleCare+ e incluye cobertura para una cantidad ilimitada de incidentes por daño accidental debido a la manipulación del producto, cada uno de ellos sujeto a un cargo adicional de R$96000  por daños en la pantalla o la carcasa externa o de R$289000  por Otros daños accidentales. Lee todos los detalles en los Términos y condiciones de AppleCare+."",""deviceDateOfPurchase"":""11/08/2026"",""deviceId"":""SHG3JHCD2C9"",""registeredDevice"":""0"",""pocType"":""RPOC"",""serialNumber"":""HG3JHCD2C9"",""partNumber"":""SR1A2ZX/A"",""partAlias"":""ACP"",""purchaseMode"":""C"",""productDescription"":""iMac (24-inch,2024, Two ports)""}},""orderErrorResponse"":{""errorCode"":""GRX-50017"",""errorMessage"":""El nombre y los apellidos no pueden superar los 34 caracteres.""},""transactionId"":""6b37e0f5-0922-4f6d-9b12-30e89b28ac5a-1786483311749""}"
False;5076984;2026-08-11 17:26:25.040000;2026-08-11 00:00:00;12101114;CREATEORDER;SHG3JHCD2C9;MWUG3CI/A;"{""orderDetailsResponses"":{""deviceEligibility"":{""secondaryDisplay"":""1"",""partDescription"":""AppleCare+ para iMac (M4)"",""coverageDuration"":""3"",""productStatement"":""AppleCare+ para iMac (M4) amplía la cobertura de servicio y soporte técnico a 3 años desde la fecha de compra de AppleCare+ e incluye cobertura para una cantidad ilimitada de incidentes por daño accidental debido a la manipulación del producto, cada uno de ellos sujeto a un cargo adicional de R$96000  por daños en la pantalla o la carcasa externa o de R$289000  por Otros daños accidentales. Lee todos los detalles en los Términos y condiciones de AppleCare+."",""deviceDateOfPurchase"":""11/08/2026"",""deviceId"":""SHG3JHCD2C9"",""registeredDevice"":""0"",""pocType"":""RPOC"",""serialNumber"":""HG3JHCD2C9"",""partNumber"":""SR1A2ZX/A"",""partAlias"":""ACP"",""purchaseMode"":""C"",""productDescription"":""iMac (24-inch,2024, Two ports)""}},""orderErrorResponse"":{""errorCode"":""GRX-50017"",""errorMessage"":""El nombre y los apellidos no pueden superar los 34 caracteres.""},""transactionId"":""a261f873-7c6b-4a38-8099-2da988b8a33b-1786483584267""}"
False;5076984;2026-08-11 17:26:27.350000;2026-08-11 00:00:00;12201114;CREATEORDER;SHG3JHCD2C9;MWUG3CI/A;"{""orderDetailsResponses"":{""deviceEligibility"":{""secondaryDisplay"":""1"",""partDescription"":""AppleCare+ para iMac (M4)"",""coverageDuration"":""3"",""productStatement"":""AppleCare+ para iMac (M4) amplía la cobertura de servicio y soporte técnico a 3 años desde la fecha de compra de AppleCare+ e incluye cobertura para una cantidad ilimitada de incidentes por daño accidental debido a la manipulación del producto, cada uno de ellos sujeto a un cargo adicional de R$96000  por daños en la pantalla o la carcasa externa o de R$289000  por Otros daños accidentales. Lee todos los detalles en los Términos y condiciones de AppleCare+."",""deviceDateOfPurchase"":""11/08/2026"",""deviceId"":""SHG3JHCD2C9"",""registeredDevice"":""0"",""pocType"":""RPOC"",""serialNumber"":""HG3JHCD2C9"",""partNumber"":""SR1A2ZX/A"",""partAlias"":""ACP"",""purchaseMode"":""C"",""productDescription"":""iMac (24-inch,2024, Two ports)""}},""orderErrorResponse"":{""errorCode"":""GRX-50017"",""errorMessage"":""El nombre y los apellidos no pueden superar los 34 caracteres.""},""transactionId"":""a216a373-851b-43d7-99f9-89b3ddde1b51-1786483586657""}"
False;5076984;2026-08-11 17:27:05.010000;2026-08-11 00:00:00;12101114;CREATEORDER;SHG3JHCD2C9;MWUG3CI/A;"{""orderDetailsResponses"":{""deviceEligibility"":{""secondaryDisplay"":""1"",""partDescription"":""AppleCare+ para iMac (M4)"",""coverageDuration"":""3"",""productStatement"":""AppleCare+ para iMac (M4) amplía la cobertura de servicio y soporte técnico a 3 años desde la fecha de compra de AppleCare+ e incluye cobertura para una cantidad ilimitada de incidentes por daño accidental debido a la manipulación del producto, cada uno de ellos sujeto a un cargo adicional de R$96000  por daños en la pantalla o la carcasa externa o de R$289000  por Otros daños accidentales. Lee todos los detalles en los Términos y condiciones de AppleCare+."",""deviceDateOfPurchase"":""11/08/2026"",""deviceId"":""SHG3JHCD2C9"",""registeredDevice"":""0"",""pocType"":""RPOC"",""serialNumber"":""HG3JHCD2C9"",""partNumber"":""SR1A2ZX/A"",""partAlias"":""ACP"",""purchaseMode"":""C"",""productDescription"":""iMac (24-inch,2024, Two ports)""}},""orderErrorResponse"":{""errorCode"":""GRX-50017"",""errorMessage"":""El nombre y los apellidos no pueden superar los 34 caracteres.""},""transactionId"":""41b10cfb-4a9c-4fb8-8e57-5052f4957915-1786483623434""}"
False;5076984;2026-08-11 17:27:07.543000;2026-08-11 00:00:00;12201114;CREATEORDER;SHG3JHCD2C9;MWUG3CI/A;"{""orderDetailsResponses"":{""deviceEligibility"":{""secondaryDisplay"":""1"",""partDescription"":""AppleCare+ para iMac (M4)"",""coverageDuration"":""3"",""productStatement"":""AppleCare+ para iMac (M4) amplía la cobertura de servicio y soporte técnico a 3 años desde la fecha de compra de AppleCare+ e incluye cobertura para una cantidad ilimitada de incidentes por daño accidental debido a la manipulación del producto, cada uno de ellos sujeto a un cargo adicional de R$96000  por daños en la pantalla o la carcasa externa o de R$289000  por Otros daños accidentales. Lee todos los detalles en los Términos y condiciones de AppleCare+."",""deviceDateOfPurchase"":""11/08/2026"",""deviceId"":""SHG3JHCD2C9"",""registeredDevice"":""0"",""pocType"":""RPOC"",""serialNumber"":""HG3JHCD2C9"",""partNumber"":""SR1A2ZX/A"",""partAlias"":""ACP"",""purchaseMode"":""C"",""productDescription"":""iMac (24-inch,2024, Two ports)""}},""orderErrorResponse"":{""errorCode"":""GRX-50017"",""errorMessage"":""El nombre y los apellidos no pueden superar los 34 caracteres.""},""transactionId"":""3fbc2206-1011-4828-99ed-aeedb6dc9bfd-1786483626311""}"
False;5076984;2026-08-11 17:31:16.770000;2026-08-11 00:00:00;12101114;CREATEORDER;SHG3JHCD2C9;MWUG3CI/A;"{""orderDetailsResponses"":{""deviceEligibility"":{""secondaryDisplay"":""1"",""partDescription"":""AppleCare+ para iMac (M4)"",""coverageDuration"":""3"",""productStatement"":""AppleCare+ para iMac (M4) amplía la cobertura de servicio y soporte técnico a 3 años desde la fecha de compra de AppleCare+ e incluye cobertura para una cantidad ilimitada de incidentes por daño accidental debido a la manipulación del producto, cada uno de ellos sujeto a un cargo adicional de R$96000  por daños en la pantalla o la carcasa externa o de R$289000  por Otros daños accidentales. Lee todos los detalles en los Términos y condiciones de AppleCare+."",""deviceDateOfPurchase"":""11/08/2026"",""deviceId"":""SHG3JHCD2C9"",""registeredDevice"":""0"",""pocType"":""RPOC"",""serialNumber"":""HG3JHCD2C9"",""partNumber"":""SR1A2ZX/A"",""partAlias"":""ACP"",""purchaseMode"":""C"",""productDescription"":""iMac (24-inch,2024, Two ports)""}},""orderErrorResponse"":{""errorCode"":""GRX-50017"",""errorMessage"":""El nombre y los apellidos no pueden superar los 34 caracteres.""},""transactionId"":""7e5a7fca-be8b-4f10-89c2-8d2f431bfa1a-1786483875382""}"
False;5076984;2026-08-11 17:31:19.763000;2026-08-11 00:00:00;12201114;CREATEORDER;SHG3JHCD2C9;MWUG3CI/A;"{""orderDetailsResponses"":{""deviceEligibility"":{""secondaryDisplay"":""1"",""partDescription"":""AppleCare+ para iMac (M4)"",""coverageDuration"":""3"",""productStatement"":""AppleCare+ para iMac (M4) amplía la cobertura de servicio y soporte técnico a 3 años desde la fecha de compra de AppleCare+ e incluye cobertura para una cantidad ilimitada de incidentes por daño accidental debido a la manipulación del producto, cada uno de ellos sujeto a un cargo adicional de R$96000  por daños en la pantalla o la carcasa externa o de R$289000  por Otros daños accidentales. Lee todos los detalles en los Términos y condiciones de AppleCare+."",""deviceDateOfPurchase"":""11/08/2026"",""deviceId"":""SHG3JHCD2C9"",""registeredDevice"":""0"",""pocType"":""RPOC"",""serialNumber"":""HG3JHCD2C9"",""partNumber"":""SR1A2ZX/A"",""partAlias"":""ACP"",""purchaseMode"":""C"",""productDescription"":""iMac (24-inch,2024, Two ports)""}},""orderErrorResponse"":{""errorCode"":""GRX-50017"",""errorMessage"":""El nombre y los apellidos no pueden superar los 34 caracteres.""},""transactionId"":""9fc98321-9df0-4a60-8ca5-38d0609d1acc-1786483878454""}"
False;5076984;2026-08-11 17:31:54.257000;2026-08-11 00:00:00;12101114;CREATEORDER;SHG3JHCD2C9;MWUG3CI/A;"{""orderDetailsResponses"":{""deviceEligibility"":{""secondaryDisplay"":""1"",""partDescription"":""AppleCare+ para iMac (M4)"",""coverageDuration"":""3"",""productStatement"":""AppleCare+ para iMac (M4) amplía la cobertura de servicio y soporte técnico a 3 años desde la fecha de compra de AppleCare+ e incluye cobertura para una cantidad ilimitada de incidentes por daño accidental debido a la manipulación del producto, cada uno de ellos sujeto a un cargo adicional de R$96000  por daños en la pantalla o la carcasa externa o de R$289000  por Otros daños accidentales. Lee todos los detalles en los Términos y condiciones de AppleCare+."",""deviceDateOfPurchase"":""11/08/2026"",""deviceId"":""SHG3JHCD2C9"",""registeredDevice"":""0"",""pocType"":""RPOC"",""serialNumber"":""HG3JHCD2C9"",""partNumber"":""SR1A2ZX/A"",""partAlias"":""ACP"",""purchaseMode"":""C"",""productDescription"":""iMac (24-inch,2024, Two ports)""}},""orderErrorResponse"":{""errorCode"":""GRX-50017"",""errorMessage"":""El nombre y los apellidos no pueden superar los 34 caracteres.""},""transactionId"":""5ad978f7-5379-4503-9811-0f523bbc2ef9-1786483912752""}"
False;5076984;2026-08-11 17:31:57.360000;2026-08-11 00:00:00;12201114;CREATEORDER;SHG3JHCD2C9;MWUG3CI/A;"{""orderDetailsResponses"":{""deviceEligibility"":{""secondaryDisplay"":""1"",""partDescription"":""AppleCare+ para iMac (M4)"",""coverageDuration"":""3"",""productStatement"":""AppleCare+ para iMac (M4) amplía la cobertura de servicio y soporte técnico a 3 años desde la fecha de compra de AppleCare+ e incluye cobertura para una cantidad ilimitada de incidentes por daño accidental debido a la manipulación del producto, cada uno de ellos sujeto a un cargo adicional de R$96000  por daños en la pantalla o la carcasa externa o de R$289000  por Otros daños accidentales. Lee todos los detalles en los Términos y condiciones de AppleCare+."",""deviceDateOfPurchase"":""11/08/2026"",""deviceId"":""SHG3JHCD2C9"",""registeredDevice"":""0"",""pocType"":""RPOC"",""serialNumber"":""HG3JHCD2C9"",""partNumber"":""SR1A2ZX/A"",""partAlias"":""ACP"",""purchaseMode"":""C"",""productDescription"":""iMac (24-inch,2024, Two ports)""}},""orderErrorResponse"":{""errorCode"":""GRX-50017"",""errorMessage"":""El nombre y los apellidos no pueden superar los 34 caracteres.""},""transactionId"":""bc796a44-bdcb-4d8e-b1c9-4f22e44ff65d-1786483915729""}"
False;5076984;2026-08-11 17:36:10.400000;2026-08-11 00:00:00;12101114;CREATEORDER;SHG3JHCD2C9;MWUG3CI/A;"{""orderDetailsResponses"":{""deviceEligibility"":{""secondaryDisplay"":""1"",""partDescription"":""AppleCare+ para iMac (M4)"",""coverageDuration"":""3"",""productStatement"":""AppleCare+ para iMac (M4) amplía la cobertura de servicio y soporte técnico a 3 años desde la fecha de compra de AppleCare+ e incluye cobertura para una cantidad ilimitada de incidentes por daño accidental debido a la manipulación del producto, cada uno de ellos sujeto a un cargo adicional de R$96000  por daños en la pantalla o la carcasa externa o de R$289000  por Otros daños accidentales. Lee todos los detalles en los Términos y condiciones de AppleCare+."",""deviceDateOfPurchase"":""11/08/2026"",""deviceId"":""SHG3JHCD2C9"",""registeredDevice"":""0"",""pocType"":""RPOC"",""serialNumber"":""HG3JHCD2C9"",""partNumber"":""SR1A2ZX/A"",""partAlias"":""ACP"",""purchaseMode"":""C"",""productDescription"":""iMac (24-inch,2024, Two ports)""}},""orderErrorResponse"":{""errorCode"":""GRX-50017"",""errorMessage"":""El nombre y los apellidos no pueden superar los 34 caracteres.""},""transactionId"":""2d2fd3d8-9852-4150-b11d-2d155bc8f841-1786484169639""}"
False;5076984;2026-08-11 17:36:11.827000;2026-08-11 00:00:00;12201114;CREATEORDER;SHG3JHCD2C9;MWUG3CI/A;"{""orderDetailsResponses"":{""deviceEligibility"":{""secondaryDisplay"":""1"",""partDescription"":""AppleCare+ para iMac (M4)"",""coverageDuration"":""3"",""productStatement"":""AppleCare+ para iMac (M4) amplía la cobertura de servicio y soporte técnico a 3 años desde la fecha de compra de AppleCare+ e incluye cobertura para una cantidad ilimitada de incidentes por daño accidental debido a la manipulación del producto, cada uno de ellos sujeto a un cargo adicional de R$96000  por daños en la pantalla o la carcasa externa o de R$289000  por Otros daños accidentales. Lee todos los detalles en los Términos y condiciones de AppleCare+."",""deviceDateOfPurchase"":""11/08/2026"",""deviceId"":""SHG3JHCD2C9"",""registeredDevice"":""0"",""pocType"":""RPOC"",""serialNumber"":""HG3JHCD2C9"",""partNumber"":""SR1A2ZX/A"",""partAlias"":""ACP"",""purchaseMode"":""C"",""productDescription"":""iMac (24-inch,2024, Two ports)""}},""orderErrorResponse"":{""errorCode"":""GRX-50017"",""errorMessage"":""El nombre y los apellidos no pueden superar los 34 caracteres.""},""transactionId"":""10c1afa8-48e3-48bb-a510-8c3307719dfe-1786484171123""}"
False;5076984;2026-08-11 17:36:43.530000;2026-08-11 00:00:00;12101114;CREATEORDER;SHG3JHCD2C9;MWUG3CI/A;"{""orderDetailsResponses"":{""deviceEligibility"":{""secondaryDisplay"":""1"",""partDescription"":""AppleCare+ para iMac (M4)"",""coverageDuration"":""3"",""productStatement"":""AppleCare+ para iMac (M4) amplía la cobertura de servicio y soporte técnico a 3 años desde la fecha de compra de AppleCare+ e incluye cobertura para una cantidad ilimitada de incidentes por daño accidental debido a la manipulación del producto, cada uno de ellos sujeto a un cargo adicional de R$96000  por daños en la pantalla o la carcasa externa o de R$289000  por Otros daños accidentales. Lee todos los detalles en los Términos y condiciones de AppleCare+."",""deviceDateOfPurchase"":""11/08/2026"",""deviceId"":""SHG3JHCD2C9"",""registeredDevice"":""0"",""pocType"":""RPOC"",""serialNumber"":""HG3JHCD2C9"",""partNumber"":""SR1A2ZX/A"",""partAlias"":""ACP"",""purchaseMode"":""C"",""productDescription"":""iMac (24-inch,2024, Two ports)""}},""orderErrorResponse"":{""errorCode"":""GRX-50017"",""errorMessage"":""El nombre y los apellidos no pueden superar los 34 caracteres.""},""transactionId"":""26878c3b-f931-49de-add3-3a9141bbfeca-1786484202758""}"
False;5076984;2026-08-11 17:36:44.880000;2026-08-11 00:00:00;12201114;CREATEORDER;SHG3JHCD2C9;MWUG3CI/A;"{""orderDetailsResponses"":{""deviceEligibility"":{""secondaryDisplay"":""1"",""partDescription"":""AppleCare+ para iMac (M4)"",""coverageDuration"":""3"",""productStatement"":""AppleCare+ para iMac (M4) amplía la cobertura de servicio y soporte técnico a 3 años desde la fecha de compra de AppleCare+ e incluye cobertura para una cantidad ilimitada de incidentes por daño accidental debido a la manipulación del producto, cada uno de ellos sujeto a un cargo adicional de R$96000  por daños en la pantalla o la carcasa externa o de R$289000  por Otros daños accidentales. Lee todos los detalles en los Términos y condiciones de AppleCare+."",""deviceDateOfPurchase"":""11/08/2026"",""deviceId"":""SHG3JHCD2C9"",""registeredDevice"":""0"",""pocType"":""RPOC"",""serialNumber"":""HG3JHCD2C9"",""partNumber"":""SR1A2ZX/A"",""partAlias"":""ACP"",""purchaseMode"":""C"",""productDescription"":""iMac (24-inch,2024, Two ports)""}},""orderErrorResponse"":{""errorCode"":""GRX-50017"",""errorMessage"":""El nombre y los apellidos no pueden superar los 34 caracteres.""},""transactionId"":""a99333e9-efd1-42c3-b403-a43438121b1c-1786484204143""}"
False;5076984;2026-08-11 17:41:21.717000;2026-08-11 00:00:00;12101114;CREATEORDER;SHG3JHCD2C9;MWUG3CI/A;"{""orderDetailsResponses"":{""deviceEligibility"":{""secondaryDisplay"":""1"",""partDescription"":""AppleCare+ para iMac (M4)"",""coverageDuration"":""3"",""productStatement"":""AppleCare+ para iMac (M4) amplía la cobertura de servicio y soporte técnico a 3 años desde la fecha de compra de AppleCare+ e incluye cobertura para una cantidad ilimitada de incidentes por daño accidental debido a la manipulación del producto, cada uno de ellos sujeto a un cargo adicional de R$96000  por daños en la pantalla o la carcasa externa o de R$289000  por Otros daños accidentales. Lee todos los detalles en los Términos y condiciones de AppleCare+."",""deviceDateOfPurchase"":""11/08/2026"",""deviceId"":""SHG3JHCD2C9"",""registeredDevice"":""0"",""pocType"":""RPOC"",""serialNumber"":""HG3JHCD2C9"",""partNumber"":""SR1A2ZX/A"",""partAlias"":""ACP"",""purchaseMode"":""C"",""productDescription"":""iMac (24-inch,2024, Two ports)""}},""orderErrorResponse"":{""errorCode"":""GRX-50017"",""errorMessage"":""El nombre y los apellidos no pueden superar los 34 caracteres.""},""transactionId"":""8fe947ae-17ca-4c2e-a343-8b3c26ade9e1-1786484480964""}"
False;5076984;2026-08-11 17:41:23.940000;2026-08-11 00:00:00;12201114;CREATEORDER;SHG3JHCD2C9;MWUG3CI/A;"{""orderDetailsResponses"":{""deviceEligibility"":{""secondaryDisplay"":""1"",""partDescription"":""AppleCare+ para iMac (M4)"",""coverageDuration"":""3"",""productStatement"":""AppleCare+ para iMac (M4) amplía la cobertura de servicio y soporte técnico a 3 años desde la fecha de compra de AppleCare+ e incluye cobertura para una cantidad ilimitada de incidentes por daño accidental debido a la manipulación del producto, cada uno de ellos sujeto a un cargo adicional de R$96000  por daños en la pantalla o la carcasa externa o de R$289000  por Otros daños accidentales. Lee todos los detalles en los Términos y condiciones de AppleCare+."",""deviceDateOfPurchase"":""11/08/2026"",""deviceId"":""SHG3JHCD2C9"",""registeredDevice"":""0"",""pocType"":""RPOC"",""serialNumber"":""HG3JHCD2C9"",""partNumber"":""SR1A2ZX/A"",""partAlias"":""ACP"",""purchaseMode"":""C"",""productDescription"":""iMac (24-inch,2024, Two ports)""}},""orderErrorResponse"":{""errorCode"":""GRX-50017"",""errorMessage"":""El nombre y los apellidos no pueden superar los 34 caracteres.""},""transactionId"":""56bdb312-96b8-4c92-89f3-816d3b8f19a5-1786484483123""}"
False;5076984;2026-08-11 17:41:56.063000;2026-08-11 00:00:00;12101114;CREATEORDER;SHG3JHCD2C9;MWUG3CI/A;"{""orderDetailsResponses"":{""deviceEligibility"":{""secondaryDisplay"":""1"",""partDescription"":""AppleCare+ para iMac (M4)"",""coverageDuration"":""3"",""productStatement"":""AppleCare+ para iMac (M4) amplía la cobertura de servicio y soporte técnico a 3 años desde la fecha de compra de AppleCare+ e incluye cobertura para una cantidad ilimitada de incidentes por daño accidental debido a la manipulación del producto, cada uno de ellos sujeto a un cargo adicional de R$96000  por daños en la pantalla o la carcasa externa o de R$289000  por Otros daños accidentales. Lee todos los detalles en los Términos y condiciones de AppleCare+."",""deviceDateOfPurchase"":""11/08/2026"",""deviceId"":""SHG3JHCD2C9"",""registeredDevice"":""0"",""pocType"":""RPOC"",""serialNumber"":""HG3JHCD2C9"",""partNumber"":""SR1A2ZX/A"",""partAlias"":""ACP"",""purchaseMode"":""C"",""productDescription"":""iMac (24-inch,2024, Two ports)""}},""orderErrorResponse"":{""errorCode"":""GRX-50017"",""errorMessage"":""El nombre y los apellidos no pueden superar los 34 caracteres.""},""transactionId"":""be6983b8-8503-467b-8c20-d7ec0479bfbe-1786484515332""}"
False;5076984;2026-08-11 17:41:58.797000;2026-08-11 00:00:00;12201114;CREATEORDER;SHG3JHCD2C9;MWUG3CI/A;"{""orderDetailsResponses"":{""deviceEligibility"":{""secondaryDisplay"":""1"",""partDescription"":""AppleCare+ para iMac (M4)"",""coverageDuration"":""3"",""productStatement"":""AppleCare+ para iMac (M4) amplía la cobertura de servicio y soporte técnico a 3 años desde la fecha de compra de AppleCare+ e incluye cobertura para una cantidad ilimitada de incidentes por daño accidental debido a la manipulación del producto, cada uno de ellos sujeto a un cargo adicional de R$96000  por daños en la pantalla o la carcasa externa o de R$289000  por Otros daños accidentales. Lee todos los detalles en los Términos y condiciones de AppleCare+."",""deviceDateOfPurchase"":""11/08/2026"",""deviceId"":""SHG3JHCD2C9"",""registeredDevice"":""0"",""pocType"":""RPOC"",""serialNumber"":""HG3JHCD2C9"",""partNumber"":""SR1A2ZX/A"",""partAlias"":""ACP"",""purchaseMode"":""C"",""productDescription"":""iMac (24-inch,2024, Two ports)""}},""orderErrorResponse"":{""errorCode"":""GRX-50017"",""errorMessage"":""El nombre y los apellidos no pueden superar los 34 caracteres.""},""transactionId"":""ee41dec5-022c-4ecf-9b66-777d7fa7c0bc-1786484518049""}"
False;5076984;2026-08-11 17:46:19.817000;2026-08-11 00:00:00;12101114;CREATEORDER;SHG3JHCD2C9;MWUG3CI/A;"{""orderDetailsResponses"":{""deviceEligibility"":{""secondaryDisplay"":""1"",""partDescription"":""AppleCare+ para iMac (M4)"",""coverageDuration"":""3"",""productStatement"":""AppleCare+ para iMac (M4) amplía la cobertura de servicio y soporte técnico a 3 años desde la fecha de compra de AppleCare+ e incluye cobertura para una cantidad ilimitada de incidentes por daño accidental debido a la manipulación del producto, cada uno de ellos sujeto a un cargo adicional de R$96000  por daños en la pantalla o la carcasa externa o de R$289000  por Otros daños accidentales. Lee todos los detalles en los Términos y condiciones de AppleCare+."",""deviceDateOfPurchase"":""11/08/2026"",""deviceId"":""SHG3JHCD2C9"",""registeredDevice"":""0"",""pocType"":""RPOC"",""serialNumber"":""HG3JHCD2C9"",""partNumber"":""SR1A2ZX/A"",""partAlias"":""ACP"",""purchaseMode"":""C"",""productDescription"":""iMac (24-inch,2024, Two ports)""}},""orderErrorResponse"":{""errorCode"":""GRX-50017"",""errorMessage"":""El nombre y los apellidos no pueden superar los 34 caracteres.""},""transactionId"":""ca2ef957-e95b-4cb5-8c1b-c75cb069f19e-1786484779018""}"
False;5076984;2026-08-11 17:46:22.487000;2026-08-11 00:00:00;12201114;CREATEORDER;SHG3JHCD2C9;MWUG3CI/A;"{""orderDetailsResponses"":{""deviceEligibility"":{""secondaryDisplay"":""1"",""partDescription"":""AppleCare+ para iMac (M4)"",""coverageDuration"":""3"",""productStatement"":""AppleCare+ para iMac (M4) amplía la cobertura de servicio y soporte técnico a 3 años desde la fecha de compra de AppleCare+ e incluye cobertura para una cantidad ilimitada de incidentes por daño accidental debido a la manipulación del producto, cada uno de ellos sujeto a un cargo adicional de R$96000  por daños en la pantalla o la carcasa externa o de R$289000  por Otros daños accidentales. Lee todos los detalles en los Términos y condiciones de AppleCare+."",""deviceDateOfPurchase"":""11/08/2026"",""deviceId"":""SHG3JHCD2C9"",""registeredDevice"":""0"",""pocType"":""RPOC"",""serialNumber"":""HG3JHCD2C9"",""partNumber"":""SR1A2ZX/A"",""partAlias"":""ACP"",""purchaseMode"":""C"",""productDescription"":""iMac (24-inch,2024, Two ports)""}},""orderErrorResponse"":{""errorCode"":""GRX-50017"",""errorMessage"":""El nombre y los apellidos no pueden superar los 34 caracteres.""},""transactionId"":""d7ca39bc-590a-41de-b5a4-dfb7503ca5a9-1786484781756""}"
False;5076984;2026-08-11 17:46:58.297000;2026-08-11 00:00:00;12101114;CREATEORDER;SHG3JHCD2C9;MWUG3CI/A;"{""orderDetailsResponses"":{""deviceEligibility"":{""secondaryDisplay"":""1"",""partDescription"":""AppleCare+ para iMac (M4)"",""coverageDuration"":""3"",""productStatement"":""AppleCare+ para iMac (M4) amplía la cobertura de servicio y soporte técnico a 3 años desde la fecha de compra de AppleCare+ e incluye cobertura para una cantidad ilimitada de incidentes por daño accidental debido a la manipulación del producto, cada uno de ellos sujeto a un cargo adicional de R$96000  por daños en la pantalla o la carcasa externa o de R$289000  por Otros daños accidentales. Lee todos los detalles en los Términos y condiciones de AppleCare+."",""deviceDateOfPurchase"":""11/08/2026"",""deviceId"":""SHG3JHCD2C9"",""registeredDevice"":""0"",""pocType"":""RPOC"",""serialNumber"":""HG3JHCD2C9"",""partNumber"":""SR1A2ZX/A"",""partAlias"":""ACP"",""purchaseMode"":""C"",""productDescription"":""iMac (24-inch,2024, Two ports)""}},""orderErrorResponse"":{""errorCode"":""GRX-50017"",""errorMessage"":""El nombre y los apellidos no pueden superar los 34 caracteres.""},""transactionId"":""1eed3da2-92a0-40c9-aebc-02c0e2b17ec0-1786484817435""}"
False;5076984;2026-08-11 17:47:00.710000;2026-08-11 00:00:00;12201114;CREATEORDER;SHG3JHCD2C9;MWUG3CI/A;"{""orderDetailsResponses"":{""deviceEligibility"":{""secondaryDisplay"":""1"",""partDescription"":""AppleCare+ para iMac (M4)"",""coverageDuration"":""3"",""productStatement"":""AppleCare+ para iMac (M4) amplía la cobertura de servicio y soporte técnico a 3 años desde la fecha de compra de AppleCare+ e incluye cobertura para una cantidad ilimitada de incidentes por daño accidental debido a la manipulación del producto, cada uno de ellos sujeto a un cargo adicional de R$96000  por daños en la pantalla o la carcasa externa o de R$289000  por Otros daños accidentales. Lee todos los detalles en los Términos y condiciones de AppleCare+."",""deviceDateOfPurchase"":""11/08/2026"",""deviceId"":""SHG3JHCD2C9"",""registeredDevice"":""0"",""pocType"":""RPOC"",""serialNumber"":""HG3JHCD2C9"",""partNumber"":""SR1A2ZX/A"",""partAlias"":""ACP"",""purchaseMode"":""C"",""productDescription"":""iMac (24-inch,2024, Two ports)""}},""orderErrorResponse"":{""errorCode"":""GRX-50017"",""errorMessage"":""El nombre y los apellidos no pueden superar los 34 caracteres.""},""transactionId"":""d70523fb-22c9-4bec-928b-78669a844348-1786484819909""}"
False;5076984;2026-08-11 17:51:16.273000;2026-08-11 00:00:00;12101114;CREATEORDER;SHG3JHCD2C9;MWUG3CI/A;"{""orderDetailsResponses"":{""deviceEligibility"":{""secondaryDisplay"":""1"",""partDescription"":""AppleCare+ para iMac (M4)"",""coverageDuration"":""3"",""productStatement"":""AppleCare+ para iMac (M4) amplía la cobertura de servicio y soporte técnico a 3 años desde la fecha de compra de AppleCare+ e incluye cobertura para una cantidad ilimitada de incidentes por daño accidental debido a la manipulación del producto, cada uno de ellos sujeto a un cargo adicional de R$96000  por daños en la pantalla o la carcasa externa o de R$289000  por Otros daños accidentales. Lee todos los detalles en los Términos y condiciones de AppleCare+."",""deviceDateOfPurchase"":""11/08/2026"",""deviceId"":""SHG3JHCD2C9"",""registeredDevice"":""0"",""pocType"":""RPOC"",""serialNumber"":""HG3JHCD2C9"",""partNumber"":""SR1A2ZX/A"",""partAlias"":""ACP"",""purchaseMode"":""C"",""productDescription"":""iMac (24-inch,2024, Two ports)""}},""orderErrorResponse"":{""errorCode"":""GRX-50017"",""errorMessage"":""El nombre y los apellidos no pueden superar los 34 caracteres.""},""transactionId"":""7877d6b6-ac6e-461e-a1d9-b122dd7819d2-1786485075373""}"
False;5076984;2026-08-11 17:51:17.690000;2026-08-11 00:00:00;12201114;CREATEORDER;SHG3JHCD2C9;MWUG3CI/A;"{""orderDetailsResponses"":{""deviceEligibility"":{""secondaryDisplay"":""1"",""partDescription"":""AppleCare+ para iMac (M4)"",""coverageDuration"":""3"",""productStatement"":""AppleCare+ para iMac (M4) amplía la cobertura de servicio y soporte técnico a 3 años desde la fecha de compra de AppleCare+ e incluye cobertura para una cantidad ilimitada de incidentes por daño accidental debido a la manipulación del producto, cada uno de ellos sujeto a un cargo adicional de R$96000  por daños en la pantalla o la carcasa externa o de R$289000  por Otros daños accidentales. Lee todos los detalles en los Términos y condiciones de AppleCare+."",""deviceDateOfPurchase"":""11/08/2026"",""deviceId"":""SHG3JHCD2C9"",""registeredDevice"":""0"",""pocType"":""RPOC"",""serialNumber"":""HG3JHCD2C9"",""partNumber"":""SR1A2ZX/A"",""partAlias"":""ACP"",""purchaseMode"":""C"",""productDescription"":""iMac (24-inch,2024, Two ports)""}},""orderErrorResponse"":{""errorCode"":""GRX-50017"",""errorMessage"":""El nombre y los apellidos no pueden superar los 34 caracteres.""},""transactionId"":""04120e91-7224-4631-ad44-98a236467e3f-1786485076979""}"
False;5076984;2026-08-11 17:51:49.173000;2026-08-11 00:00:00;12101114;CREATEORDER;SHG3JHCD2C9;MWUG3CI/A;"{""orderDetailsResponses"":{""deviceEligibility"":{""secondaryDisplay"":""1"",""partDescription"":""AppleCare+ para iMac (M4)"",""coverageDuration"":""3"",""productStatement"":""AppleCare+ para iMac (M4) amplía la cobertura de servicio y soporte técnico a 3 años desde la fecha de compra de AppleCare+ e incluye cobertura para una cantidad ilimitada de incidentes por daño accidental debido a la manipulación del producto, cada uno de ellos sujeto a un cargo adicional de R$96000  por daños en la pantalla o la carcasa externa o de R$289000  por Otros daños accidentales. Lee todos los detalles en los Términos y condiciones de AppleCare+."",""deviceDateOfPurchase"":""11/08/2026"",""deviceId"":""SHG3JHCD2C9"",""registeredDevice"":""0"",""pocType"":""RPOC"",""serialNumber"":""HG3JHCD2C9"",""partNumber"":""SR1A2ZX/A"",""partAlias"":""ACP"",""purchaseMode"":""C"",""productDescription"":""iMac (24-inch,2024, Two ports)""}},""orderErrorResponse"":{""errorCode"":""GRX-50017"",""errorMessage"":""El nombre y los apellidos no pueden superar los 34 caracteres.""},""transactionId"":""b8023502-d877-4718-84ba-d6b5d74fc9f4-1786485108305""}"
False;5076984;2026-08-11 17:51:50.607000;2026-08-11 00:00:00;12201114;CREATEORDER;SHG3JHCD2C9;MWUG3CI/A;"{""orderDetailsResponses"":{""deviceEligibility"":{""secondaryDisplay"":""1"",""partDescription"":""AppleCare+ para iMac (M4)"",""coverageDuration"":""3"",""productStatement"":""AppleCare+ para iMac (M4) amplía la cobertura de servicio y soporte técnico a 3 años desde la fecha de compra de AppleCare+ e incluye cobertura para una cantidad ilimitada de incidentes por daño accidental debido a la manipulación del producto, cada uno de ellos sujeto a un cargo adicional de R$96000  por daños en la pantalla o la carcasa externa o de R$289000  por Otros daños accidentales. Lee todos los detalles en los Términos y condiciones de AppleCare+."",""deviceDateOfPurchase"":""11/08/2026"",""deviceId"":""SHG3JHCD2C9"",""registeredDevice"":""0"",""pocType"":""RPOC"",""serialNumber"":""HG3JHCD2C9"",""partNumber"":""SR1A2ZX/A"",""partAlias"":""ACP"",""purchaseMode"":""C"",""productDescription"":""iMac (24-inch,2024, Two ports)""}},""orderErrorResponse"":{""errorCode"":""GRX-50017"",""errorMessage"":""El nombre y los apellidos no pueden superar los 34 caracteres.""},""transactionId"":""d540f301-e49b-4802-925e-e145752928e8-1786485109843""}"
True;5089514;2026-08-11 17:52:09.550000;2026-08-11 00:00:00;7801131;VERIFYORDER;SPK2M6T341F;MG8J4BE/A;"{""orderDetailsResponses"":{""deviceEligibility"":{""secondaryDisplay"":""0"",""partDescription"":""AppleCare+ con robo y pérdida para iPhone 17 Pro"",""coverageDuration"":""2"",""productStatement"":""Tu AppleCare+ con robo y pérdida para iPhone 17 Pro amplía la cobertura de servicio y soporte técnico a 2 años desde la fecha de compra de AppleCare+ con robo y pérdida e incluye cobertura para una cantidad ilimitada de incidentes por daño accidental debido a la manipulación del producto o un máximo de dos incidentes de robo y pérdida cada 12 meses, cada uno de ellos sujeto a un cargo adicional de R$96000  por Otros daños accidentales o de R$28000  por los daños de la pantalla o la carcasa externa o de R$144000  por robo o pérdida. Lee todos los detalles en los Términos y condiciones de AppleCare+."",""deviceDateOfPurchase"":""11/08/2026"",""deviceId"":""SPK2M6T341F"",""registeredDevice"":""1"",""pocType"":""APOC"",""serialNumber"":""PK2M6T341F"",""partNumber"":""SX342ZX/A"",""partAlias"":""ACPTL"",""purchaseMode"":""C"",""productDescription"":""iPhone 17 Pro"",""tlDisclosure"":""La cobertura de robo y pérdida requiere que tengas la función Buscar habilitada en tu dispositivo antes de que se pierda o te lo roben. Durante el proceso de reclamación, te pediremos que uses la función Buscar para poner el dispositivo perdido o robado en modo Perdido, borrarlo y transferir la propiedad a Apple para que podamos asignarte un nuevo dispositivo. Para asegurarte de que puedas iniciar sesión en Buscar y acceder a esta función, es importante que recuerdes tu ID de Apple y contraseña, y que mantengas la información de tu cuenta actualizada. Si usas la autenticación de doble factor para el ID de Apple, te recomendamos que añadas un número de teléfono adicional de confianza a tu cuenta en el que puedas recibir el código de verificación de 6 dígitos que necesitas para iniciar sesión aunque no tengas tu iPhone. Para obtener más información, visita las páginas de Soporte técnico de Apple.""}},""transactionId"":""0e524998-96b4-482c-8c06-cdac338d08cc-1786485128947""}"
False;5076984;2026-08-11 17:56:18.947000;2026-08-11 00:00:00;12101114;CREATEORDER;SHG3JHCD2C9;MWUG3CI/A;"{""orderDetailsResponses"":{""deviceEligibility"":{""secondaryDisplay"":""1"",""partDescription"":""AppleCare+ para iMac (M4)"",""coverageDuration"":""3"",""productStatement"":""AppleCare+ para iMac (M4) amplía la cobertura de servicio y soporte técnico a 3 años desde la fecha de compra de AppleCare+ e incluye cobertura para una cantidad ilimitada de incidentes por daño accidental debido a la manipulación del producto, cada uno de ellos sujeto a un cargo adicional de R$96000  por daños en la pantalla o la carcasa externa o de R$289000  por Otros daños accidentales. Lee todos los detalles en los Términos y condiciones de AppleCare+."",""deviceDateOfPurchase"":""11/08/2026"",""deviceId"":""SHG3JHCD2C9"",""registeredDevice"":""0"",""pocType"":""RPOC"",""serialNumber"":""HG3JHCD2C9"",""partNumber"":""SR1A2ZX/A"",""partAlias"":""ACP"",""purchaseMode"":""C"",""productDescription"":""iMac (24-inch,2024, Two ports)""}},""orderErrorResponse"":{""errorCode"":""GRX-50017"",""errorMessage"":""El nombre y los apellidos no pueden superar los 34 caracteres.""},""transactionId"":""30bdefd8-7017-46c2-822e-7bb718d86389-1786485377215""}"
False;5076984;2026-08-11 17:56:20.500000;2026-08-11 00:00:00;12201114;CREATEORDER;SHG3JHCD2C9;MWUG3CI/A;"{""orderDetailsResponses"":{""deviceEligibility"":{""secondaryDisplay"":""1"",""partDescription"":""AppleCare+ para iMac (M4)"",""coverageDuration"":""3"",""productStatement"":""AppleCare+ para iMac (M4) amplía la cobertura de servicio y soporte técnico a 3 años desde la fecha de compra de AppleCare+ e incluye cobertura para una cantidad ilimitada de incidentes por daño accidental debido a la manipulación del producto, cada uno de ellos sujeto a un cargo adicional de R$96000  por daños en la pantalla o la carcasa externa o de R$289000  por Otros daños accidentales. Lee todos los detalles en los Términos y condiciones de AppleCare+."",""deviceDateOfPurchase"":""11/08/2026"",""deviceId"":""SHG3JHCD2C9"",""registeredDevice"":""0"",""pocType"":""RPOC"",""serialNumber"":""HG3JHCD2C9"",""partNumber"":""SR1A2ZX/A"",""partAlias"":""ACP"",""purchaseMode"":""C"",""productDescription"":""iMac (24-inch,2024, Two ports)""}},""orderErrorResponse"":{""errorCode"":""GRX-50017"",""errorMessage"":""El nombre y los apellidos no pueden superar los 34 caracteres.""},""transactionId"":""da32dca6-17ed-497c-ab8e-8ace29e3add0-1786485379790""}"
False;5076984;2026-08-11 17:56:53.717000;2026-08-11 00:00:00;12101114;CREATEORDER;SHG3JHCD2C9;MWUG3CI/A;"{""orderDetailsResponses"":{""deviceEligibility"":{""secondaryDisplay"":""1"",""partDescription"":""AppleCare+ para iMac (M4)"",""coverageDuration"":""3"",""productStatement"":""AppleCare+ para iMac (M4) amplía la cobertura de servicio y soporte técnico a 3 años desde la fecha de compra de AppleCare+ e incluye cobertura para una cantidad ilimitada de incidentes por daño accidental debido a la manipulación del producto, cada uno de ellos sujeto a un cargo adicional de R$96000  por daños en la pantalla o la carcasa externa o de R$289000  por Otros daños accidentales. Lee todos los detalles en los Términos y condiciones de AppleCare+."",""deviceDateOfPurchase"":""11/08/2026"",""deviceId"":""SHG3JHCD2C9"",""registeredDevice"":""0"",""pocType"":""RPOC"",""serialNumber"":""HG3JHCD2C9"",""partNumber"":""SR1A2ZX/A"",""partAlias"":""ACP"",""purchaseMode"":""C"",""productDescription"":""iMac (24-inch,2024, Two ports)""}},""orderErrorResponse"":{""errorCode"":""GRX-50017"",""errorMessage"":""El nombre y los apellidos no pueden superar los 34 caracteres.""},""transactionId"":""9e8a79f7-185c-49cf-a534-79b5a7469811-1786485412969""}"
False;5076984;2026-08-11 17:56:55.290000;2026-08-11 00:00:00;12201114;CREATEORDER;SHG3JHCD2C9;MWUG3CI/A;"{""orderDetailsResponses"":{""deviceEligibility"":{""secondaryDisplay"":""1"",""partDescription"":""AppleCare+ para iMac (M4)"",""coverageDuration"":""3"",""productStatement"":""AppleCare+ para iMac (M4) amplía la cobertura de servicio y soporte técnico a 3 años desde la fecha de compra de AppleCare+ e incluye cobertura para una cantidad ilimitada de incidentes por daño accidental debido a la manipulación del producto, cada uno de ellos sujeto a un cargo adicional de R$96000  por daños en la pantalla o la carcasa externa o de R$289000  por Otros daños accidentales. Lee todos los detalles en los Términos y condiciones de AppleCare+."",""deviceDateOfPurchase"":""11/08/2026"",""deviceId"":""SHG3JHCD2C9"",""registeredDevice"":""0"",""pocType"":""RPOC"",""serialNumber"":""HG3JHCD2C9"",""partNumber"":""SR1A2ZX/A"",""partAlias"":""ACP"",""purchaseMode"":""C"",""productDescription"":""iMac (24-inch,2024, Two ports)""}},""orderErrorResponse"":{""errorCode"":""GRX-50017"",""errorMessage"":""El nombre y los apellidos no pueden superar los 34 caracteres.""},""transactionId"":""3fea0a3a-47e0-4102-85ad-8965230d5169-1786485414501""}"
True;5089514;2026-08-11 17:59:20.340000;2026-08-11 00:00:00;7801131;CREATEORDER;SPK2M6T341F;MG8J4BE/A;"{""orderDetailsResponses"":{""deviceEligibility"":{""secondaryDisplay"":""0"",""partDescription"":""AppleCare+ con robo y pérdida para iPhone 17 Pro"",""coverageDuration"":""2"",""productStatement"":""Tu AppleCare+ con robo y pérdida para iPhone 17 Pro amplía la cobertura de servicio y soporte técnico a 2 años desde la fecha de compra de AppleCare+ con robo y pérdida e incluye cobertura para una cantidad ilimitada de incidentes por daño accidental debido a la manipulación del producto o un máximo de dos incidentes de robo y pérdida cada 12 meses, cada uno de ellos sujeto a un cargo adicional de R$96000  por Otros daños accidentales o de R$28000  por los daños de la pantalla o la carcasa externa o de R$144000  por robo o pérdida. Lee todos los detalles en los Términos y condiciones de AppleCare+."",""deviceDateOfPurchase"":""11/08/2026"",""deviceId"":""SPK2M6T341F"",""registeredDevice"":""1"",""pocType"":""APOC"",""serialNumber"":""PK2M6T341F"",""partNumber"":""SX342ZX/A"",""partAlias"":""ACPTL"",""purchaseMode"":""C"",""productDescription"":""iPhone 17 Pro"",""tlDisclosure"":""La cobertura de robo y pérdida requiere que tengas la función Buscar habilitada en tu dispositivo antes de que se pierda o te lo roben. Durante el proceso de reclamación, te pediremos que uses la función Buscar para poner el dispositivo perdido o robado en modo Perdido, borrarlo y transferir la propiedad a Apple para que podamos asignarte un nuevo dispositivo. Para asegurarte de que puedas iniciar sesión en Buscar y acceder a esta función, es importante que recuerdes tu ID de Apple y contraseña, y que mantengas la información de tu cuenta actualizada. Si usas la autenticación de doble factor para el ID de Apple, te recomendamos que añadas un número de teléfono adicional de confianza a tu cuenta en el que puedas recibir el código de verificación de 6 dígitos que necesitas para iniciar sesión aunque no tengas tu iPhone. Para obtener más información, visita las páginas de Soporte técnico de Apple.""},""orderConfirmation"":{""agreementNumber"":""328097760547"",""coverageDurationStatement"":""Finaliza el 10/08/2028"",""termConditionURL"":""http://www.apple.com/legal/sales-support/"",""partNumber"":""SX342ZX/A"",""partAlias"":""ACPTL"",""partType"":""AC+TL"",""purchaseMode"":""C"",""appleCareSalesDate"":""11/08/2026"",""pocType"":""APOC"",""purchaseOrderNumber"":""7801131""}},""transactionId"":""826da7fe-ae03-42f2-9cf4-240f29508949-1786485555577""}"
False;5076984;2026-08-11 18:01:18.550000;2026-08-11 00:00:00;12101114;CREATEORDER;SHG3JHCD2C9;MWUG3CI/A;"{""orderDetailsResponses"":{""deviceEligibility"":{""secondaryDisplay"":""1"",""partDescription"":""AppleCare+ para iMac (M4)"",""coverageDuration"":""3"",""productStatement"":""AppleCare+ para iMac (M4) amplía la cobertura de servicio y soporte técnico a 3 años desde la fecha de compra de AppleCare+ e incluye cobertura para una cantidad ilimitada de incidentes por daño accidental debido a la manipulación del producto, cada uno de ellos sujeto a un cargo adicional de R$96000  por daños en la pantalla o la carcasa externa o de R$289000  por Otros daños accidentales. Lee todos los detalles en los Términos y condiciones de AppleCare+."",""deviceDateOfPurchase"":""11/08/2026"",""deviceId"":""SHG3JHCD2C9"",""registeredDevice"":""0"",""pocType"":""RPOC"",""serialNumber"":""HG3JHCD2C9"",""partNumber"":""SR1A2ZX/A"",""partAlias"":""ACP"",""purchaseMode"":""C"",""productDescription"":""iMac (24-inch,2024, Two ports)""}},""orderErrorResponse"":{""errorCode"":""GRX-50017"",""errorMessage"":""El nombre y los apellidos no pueden superar los 34 caracteres.""},""transactionId"":""9966b8b5-4a7a-4037-9131-bc56d5e9c8b2-1786485677802""}"
False;5076984;2026-08-11 18:01:20.443000;2026-08-11 00:00:00;12201114;CREATEORDER;SHG3JHCD2C9;MWUG3CI/A;"{""orderDetailsResponses"":{""deviceEligibility"":{""secondaryDisplay"":""1"",""partDescription"":""AppleCare+ para iMac (M4)"",""coverageDuration"":""3"",""productStatement"":""AppleCare+ para iMac (M4) amplía la cobertura de servicio y soporte técnico a 3 años desde la fecha de compra de AppleCare+ e incluye cobertura para una cantidad ilimitada de incidentes por daño accidental debido a la manipulación del producto, cada uno de ellos sujeto a un cargo adicional de R$96000  por daños en la pantalla o la carcasa externa o de R$289000  por Otros daños accidentales. Lee todos los detalles en los Términos y condiciones de AppleCare+."",""deviceDateOfPurchase"":""11/08/2026"",""deviceId"":""SHG3JHCD2C9"",""registeredDevice"":""0"",""pocType"":""RPOC"",""serialNumber"":""HG3JHCD2C9"",""partNumber"":""SR1A2ZX/A"",""partAlias"":""ACP"",""purchaseMode"":""C"",""productDescription"":""iMac (24-inch,2024, Two ports)""}},""orderErrorResponse"":{""errorCode"":""GRX-50017"",""errorMessage"":""El nombre y los apellidos no pueden superar los 34 caracteres.""},""transactionId"":""87aaa918-5895-4459-ac16-7b848c11cb51-1786485679708""}"
False;5076984;2026-08-11 18:02:07.293000;2026-08-11 00:00:00;12101114;CREATEORDER;SHG3JHCD2C9;MWUG3CI/A;"{""orderDetailsResponses"":{""deviceEligibility"":{""secondaryDisplay"":""1"",""partDescription"":""AppleCare+ para iMac (M4)"",""coverageDuration"":""3"",""productStatement"":""AppleCare+ para iMac (M4) amplía la cobertura de servicio y soporte técnico a 3 años desde la fecha de compra de AppleCare+ e incluye cobertura para una cantidad ilimitada de incidentes por daño accidental debido a la manipulación del producto, cada uno de ellos sujeto a un cargo adicional de R$96000  por daños en la pantalla o la carcasa externa o de R$289000  por Otros daños accidentales. Lee todos los detalles en los Términos y condiciones de AppleCare+."",""deviceDateOfPurchase"":""11/08/2026"",""deviceId"":""SHG3JHCD2C9"",""registeredDevice"":""0"",""pocType"":""RPOC"",""serialNumber"":""HG3JHCD2C9"",""partNumber"":""SR1A2ZX/A"",""partAlias"":""ACP"",""purchaseMode"":""C"",""productDescription"":""iMac (24-inch,2024, Two ports)""}},""orderErrorResponse"":{""errorCode"":""GRX-50017"",""errorMessage"":""El nombre y los apellidos no pueden superar los 34 caracteres.""},""transactionId"":""1cecb7b1-bc46-4b9b-a384-e441ad13b334-1786485726600""}"
False;5076984;2026-08-11 18:02:14.280000;2026-08-11 00:00:00;12201114;CREATEORDER;SHG3JHCD2C9;MWUG3CI/A;"{""orderDetailsResponses"":{""deviceEligibility"":{""secondaryDisplay"":""1"",""partDescription"":""AppleCare+ para iMac (M4)"",""coverageDuration"":""3"",""productStatement"":""AppleCare+ para iMac (M4) amplía la cobertura de servicio y soporte técnico a 3 años desde la fecha de compra de AppleCare+ e incluye cobertura para una cantidad ilimitada de incidentes por daño accidental debido a la manipulación del producto, cada uno de ellos sujeto a un cargo adicional de R$96000  por daños en la pantalla o la carcasa externa o de R$289000  por Otros daños accidentales. Lee todos los detalles en los Términos y condiciones de AppleCare+."",""deviceDateOfPurchase"":""11/08/2026"",""deviceId"":""SHG3JHCD2C9"",""registeredDevice"":""0"",""pocType"":""RPOC"",""serialNumber"":""HG3JHCD2C9"",""partNumber"":""SR1A2ZX/A"",""partAlias"":""ACP"",""purchaseMode"":""C"",""productDescription"":""iMac (24-inch,2024, Two ports)""}},""orderErrorResponse"":{""errorCode"":""GRX-50017"",""errorMessage"":""El nombre y los apellidos no pueden superar los 34 caracteres.""},""transactionId"":""ba227e5a-493f-4d58-8067-c286946b9cbf-1786485733526""}"
False;5076984;2026-08-11 18:06:16.817000;2026-08-11 00:00:00;12101114;CREATEORDER;SHG3JHCD2C9;MWUG3CI/A;"{""orderDetailsResponses"":{""deviceEligibility"":{""secondaryDisplay"":""1"",""partDescription"":""AppleCare+ para iMac (M4)"",""coverageDuration"":""3"",""productStatement"":""AppleCare+ para iMac (M4) amplía la cobertura de servicio y soporte técnico a 3 años desde la fecha de compra de AppleCare+ e incluye cobertura para una cantidad ilimitada de incidentes por daño accidental debido a la manipulación del producto, cada uno de ellos sujeto a un cargo adicional de R$96000  por daños en la pantalla o la carcasa externa o de R$289000  por Otros daños accidentales. Lee todos los detalles en los Términos y condiciones de AppleCare+."",""deviceDateOfPurchase"":""11/08/2026"",""deviceId"":""SHG3JHCD2C9"",""registeredDevice"":""0"",""pocType"":""RPOC"",""serialNumber"":""HG3JHCD2C9"",""partNumber"":""SR1A2ZX/A"",""partAlias"":""ACP"",""purchaseMode"":""C"",""productDescription"":""iMac (24-inch,2024, Two ports)""}},""orderErrorResponse"":{""errorCode"":""GRX-50017"",""errorMessage"":""El nombre y los apellidos no pueden superar los 34 caracteres.""},""transactionId"":""b54ed158-a7d1-4e13-aec2-36e026c3f879-1786485976076""}"
False;5076984;2026-08-11 18:06:18.547000;2026-08-11 00:00:00;12201114;CREATEORDER;SHG3JHCD2C9;MWUG3CI/A;"{""orderDetailsResponses"":{""deviceEligibility"":{""secondaryDisplay"":""1"",""partDescription"":""AppleCare+ para iMac (M4)"",""coverageDuration"":""3"",""productStatement"":""AppleCare+ para iMac (M4) amplía la cobertura de servicio y soporte técnico a 3 años desde la fecha de compra de AppleCare+ e incluye cobertura para una cantidad ilimitada de incidentes por daño accidental debido a la manipulación del producto, cada uno de ellos sujeto a un cargo adicional de R$96000  por daños en la pantalla o la carcasa externa o de R$289000  por Otros daños accidentales. Lee todos los detalles en los Términos y condiciones de AppleCare+."",""deviceDateOfPurchase"":""11/08/2026"",""deviceId"":""SHG3JHCD2C9"",""registeredDevice"":""0"",""pocType"":""RPOC"",""serialNumber"":""HG3JHCD2C9"",""partNumber"":""SR1A2ZX/A"",""partAlias"":""ACP"",""purchaseMode"":""C"",""productDescription"":""iMac (24-inch,2024, Two ports)""}},""orderErrorResponse"":{""errorCode"":""GRX-50017"",""errorMessage"":""El nombre y los apellidos no pueden superar los 34 caracteres.""},""transactionId"":""e7ff7883-3f97-4626-9b85-9e686c657d40-1786485977848""}"
False;5076984;2026-08-11 18:06:50.380000;2026-08-11 00:00:00;12101114;CREATEORDER;SHG3JHCD2C9;MWUG3CI/A;"{""orderDetailsResponses"":{""deviceEligibility"":{""secondaryDisplay"":""1"",""partDescription"":""AppleCare+ para iMac (M4)"",""coverageDuration"":""3"",""productStatement"":""AppleCare+ para iMac (M4) amplía la cobertura de servicio y soporte técnico a 3 años desde la fecha de compra de AppleCare+ e incluye cobertura para una cantidad ilimitada de incidentes por daño accidental debido a la manipulación del producto, cada uno de ellos sujeto a un cargo adicional de R$96000  por daños en la pantalla o la carcasa externa o de R$289000  por Otros daños accidentales. Lee todos los detalles en los Términos y condiciones de AppleCare+."",""deviceDateOfPurchase"":""11/08/2026"",""deviceId"":""SHG3JHCD2C9"",""registeredDevice"":""0"",""pocType"":""RPOC"",""serialNumber"":""HG3JHCD2C9"",""partNumber"":""SR1A2ZX/A"",""partAlias"":""ACP"",""purchaseMode"":""C"",""productDescription"":""iMac (24-inch,2024, Two ports)""}},""orderErrorResponse"":{""errorCode"":""GRX-50017"",""errorMessage"":""El nombre y los apellidos no pueden superar los 34 caracteres.""},""transactionId"":""32ea62ea-c495-4059-b2f2-e77c4b9bb39f-1786486009608""}"
False;5076984;2026-08-11 18:06:52.140000;2026-08-11 00:00:00;12201114;CREATEORDER;SHG3JHCD2C9;MWUG3CI/A;"{""orderDetailsResponses"":{""deviceEligibility"":{""secondaryDisplay"":""1"",""partDescription"":""AppleCare+ para iMac (M4)"",""coverageDuration"":""3"",""productStatement"":""AppleCare+ para iMac (M4) amplía la cobertura de servicio y soporte técnico a 3 años desde la fecha de compra de AppleCare+ e incluye cobertura para una cantidad ilimitada de incidentes por daño accidental debido a la manipulación del producto, cada uno de ellos sujeto a un cargo adicional de R$96000  por daños en la pantalla o la carcasa externa o de R$289000  por Otros daños accidentales. Lee todos los detalles en los Términos y condiciones de AppleCare+."",""deviceDateOfPurchase"":""11/08/2026"",""deviceId"":""SHG3JHCD2C9"",""registeredDevice"":""0"",""pocType"":""RPOC"",""serialNumber"":""HG3JHCD2C9"",""partNumber"":""SR1A2ZX/A"",""partAlias"":""ACP"",""purchaseMode"":""C"",""productDescription"":""iMac (24-inch,2024, Two ports)""}},""orderErrorResponse"":{""errorCode"":""GRX-50017"",""errorMessage"":""El nombre y los apellidos no pueden superar los 34 caracteres.""},""transactionId"":""86a666ad-1365-47ef-b1b6-1014ad3f3963-1786486011366""}"
False;5076984;2026-08-11 18:11:18.413000;2026-08-11 00:00:00;12101114;CREATEORDER;SHG3JHCD2C9;MWUG3CI/A;"{""orderDetailsResponses"":{""deviceEligibility"":{""secondaryDisplay"":""1"",""partDescription"":""AppleCare+ para iMac (M4)"",""coverageDuration"":""3"",""productStatement"":""AppleCare+ para iMac (M4) amplía la cobertura de servicio y soporte técnico a 3 años desde la fecha de compra de AppleCare+ e incluye cobertura para una cantidad ilimitada de incidentes por daño accidental debido a la manipulación del producto, cada uno de ellos sujeto a un cargo adicional de R$96000  por daños en la pantalla o la carcasa externa o de R$289000  por Otros daños accidentales. Lee todos los detalles en los Términos y condiciones de AppleCare+."",""deviceDateOfPurchase"":""11/08/2026"",""deviceId"":""SHG3JHCD2C9"",""registeredDevice"":""0"",""pocType"":""RPOC"",""serialNumber"":""HG3JHCD2C9"",""partNumber"":""SR1A2ZX/A"",""partAlias"":""ACP"",""purchaseMode"":""C"",""productDescription"":""iMac (24-inch,2024, Two ports)""}},""orderErrorResponse"":{""errorCode"":""GRX-50017"",""errorMessage"":""El nombre y los apellidos no pueden superar los 34 caracteres.""},""transactionId"":""d6341fd4-e7b7-490e-85d4-96bb675a062e-1786486277679""}"
False;5076984;2026-08-11 18:11:19.830000;2026-08-11 00:00:00;12201114;CREATEORDER;SHG3JHCD2C9;MWUG3CI/A;"{""orderDetailsResponses"":{""deviceEligibility"":{""secondaryDisplay"":""1"",""partDescription"":""AppleCare+ para iMac (M4)"",""coverageDuration"":""3"",""productStatement"":""AppleCare+ para iMac (M4) amplía la cobertura de servicio y soporte técnico a 3 años desde la fecha de compra de AppleCare+ e incluye cobertura para una cantidad ilimitada de incidentes por daño accidental debido a la manipulación del producto, cada uno de ellos sujeto a un cargo adicional de R$96000  por daños en la pantalla o la carcasa externa o de R$289000  por Otros daños accidentales. Lee todos los detalles en los Términos y condiciones de AppleCare+."",""deviceDateOfPurchase"":""11/08/2026"",""deviceId"":""SHG3JHCD2C9"",""registeredDevice"":""0"",""pocType"":""RPOC"",""serialNumber"":""HG3JHCD2C9"",""partNumber"":""SR1A2ZX/A"",""partAlias"":""ACP"",""purchaseMode"":""C"",""productDescription"":""iMac (24-inch,2024, Two ports)""}},""orderErrorResponse"":{""errorCode"":""GRX-50017"",""errorMessage"":""El nombre y los apellidos no pueden superar los 34 caracteres.""},""transactionId"":""d407214f-30d5-4511-a311-64b2aebed371-1786486279113""}"
False;5076984;2026-08-11 18:11:52.863000;2026-08-11 00:00:00;12101114;CREATEORDER;SHG3JHCD2C9;MWUG3CI/A;"{""orderDetailsResponses"":{""deviceEligibility"":{""secondaryDisplay"":""1"",""partDescription"":""AppleCare+ para iMac (M4)"",""coverageDuration"":""3"",""productStatement"":""AppleCare+ para iMac (M4) amplía la cobertura de servicio y soporte técnico a 3 años desde la fecha de compra de AppleCare+ e incluye cobertura para una cantidad ilimitada de incidentes por daño accidental debido a la manipulación del producto, cada uno de ellos sujeto a un cargo adicional de R$96000  por daños en la pantalla o la carcasa externa o de R$289000  por Otros daños accidentales. Lee todos los detalles en los Términos y condiciones de AppleCare+."",""deviceDateOfPurchase"":""11/08/2026"",""deviceId"":""SHG3JHCD2C9"",""registeredDevice"":""0"",""pocType"":""RPOC"",""serialNumber"":""HG3JHCD2C9"",""partNumber"":""SR1A2ZX/A"",""partAlias"":""ACP"",""purchaseMode"":""C"",""productDescription"":""iMac (24-inch,2024, Two ports)""}},""orderErrorResponse"":{""errorCode"":""GRX-50017"",""errorMessage"":""El nombre y los apellidos no pueden superar los 34 caracteres.""},""transactionId"":""b65e512f-0acd-4b4f-bd11-a490eef33017-1786486312153""}"
False;5076984;2026-08-11 18:11:54.533000;2026-08-11 00:00:00;12201114;CREATEORDER;SHG3JHCD2C9;MWUG3CI/A;"{""orderDetailsResponses"":{""deviceEligibility"":{""secondaryDisplay"":""1"",""partDescription"":""AppleCare+ para iMac (M4)"",""coverageDuration"":""3"",""productStatement"":""AppleCare+ para iMac (M4) amplía la cobertura de servicio y soporte técnico a 3 años desde la fecha de compra de AppleCare+ e incluye cobertura para una cantidad ilimitada de incidentes por daño accidental debido a la manipulación del producto, cada uno de ellos sujeto a un cargo adicional de R$96000  por daños en la pantalla o la carcasa externa o de R$289000  por Otros daños accidentales. Lee todos los detalles en los Términos y condiciones de AppleCare+."",""deviceDateOfPurchase"":""11/08/2026"",""deviceId"":""SHG3JHCD2C9"",""registeredDevice"":""0"",""pocType"":""RPOC"",""serialNumber"":""HG3JHCD2C9"",""partNumber"":""SR1A2ZX/A"",""partAlias"":""ACP"",""purchaseMode"":""C"",""productDescription"":""iMac (24-inch,2024, Two ports)""}},""orderErrorResponse"":{""errorCode"":""GRX-50017"",""errorMessage"":""El nombre y los apellidos no pueden superar los 34 caracteres.""},""transactionId"":""156257c1-c518-4777-a4d1-d31bb7ae9f2f-1786486313721""}"
False;5076984;2026-08-11 18:16:19.110000;2026-08-11 00:00:00;12101114;CREATEORDER;SHG3JHCD2C9;MWUG3CI/A;"{""orderDetailsResponses"":{""deviceEligibility"":{""secondaryDisplay"":""1"",""partDescription"":""AppleCare+ para iMac (M4)"",""coverageDuration"":""3"",""productStatement"":""AppleCare+ para iMac (M4) amplía la cobertura de servicio y soporte técnico a 3 años desde la fecha de compra de AppleCare+ e incluye cobertura para una cantidad ilimitada de incidentes por daño accidental debido a la manipulación del producto, cada uno de ellos sujeto a un cargo adicional de R$96000  por daños en la pantalla o la carcasa externa o de R$289000  por Otros daños accidentales. Lee todos los detalles en los Términos y condiciones de AppleCare+."",""deviceDateOfPurchase"":""11/08/2026"",""deviceId"":""SHG3JHCD2C9"",""registeredDevice"":""0"",""pocType"":""RPOC"",""serialNumber"":""HG3JHCD2C9"",""partNumber"":""SR1A2ZX/A"",""partAlias"":""ACP"",""purchaseMode"":""C"",""productDescription"":""iMac (24-inch,2024, Two ports)""}},""orderErrorResponse"":{""errorCode"":""GRX-50017"",""errorMessage"":""El nombre y los apellidos no pueden superar los 34 caracteres.""},""transactionId"":""a8f6c7fe-8916-4399-b31b-156910e54a97-1786486578290""}"
False;5076984;2026-08-11 18:16:21.423000;2026-08-11 00:00:00;12201114;CREATEORDER;SHG3JHCD2C9;MWUG3CI/A;"{""orderDetailsResponses"":{""deviceEligibility"":{""secondaryDisplay"":""1"",""partDescription"":""AppleCare+ para iMac (M4)"",""coverageDuration"":""3"",""productStatement"":""AppleCare+ para iMac (M4) amplía la cobertura de servicio y soporte técnico a 3 años desde la fecha de compra de AppleCare+ e incluye cobertura para una cantidad ilimitada de incidentes por daño accidental debido a la manipulación del producto, cada uno de ellos sujeto a un cargo adicional de R$96000  por daños en la pantalla o la carcasa externa o de R$289000  por Otros daños accidentales. Lee todos los detalles en los Términos y condiciones de AppleCare+."",""deviceDateOfPurchase"":""11/08/2026"",""deviceId"":""SHG3JHCD2C9"",""registeredDevice"":""0"",""pocType"":""RPOC"",""serialNumber"":""HG3JHCD2C9"",""partNumber"":""SR1A2ZX/A"",""partAlias"":""ACP"",""purchaseMode"":""C"",""productDescription"":""iMac (24-inch,2024, Two ports)""}},""orderErrorResponse"":{""errorCode"":""GRX-50017"",""errorMessage"":""El nombre y los apellidos no pueden superar los 34 caracteres.""},""transactionId"":""cd546238-6178-4527-841c-1058c852e115-1786486580624""}"
False;5076984;2026-08-11 18:16:56.370000;2026-08-11 00:00:00;12101114;CREATEORDER;SHG3JHCD2C9;MWUG3CI/A;"{""orderDetailsResponses"":{""deviceEligibility"":{""secondaryDisplay"":""1"",""partDescription"":""AppleCare+ para iMac (M4)"",""coverageDuration"":""3"",""productStatement"":""AppleCare+ para iMac (M4) amplía la cobertura de servicio y soporte técnico a 3 años desde la fecha de compra de AppleCare+ e incluye cobertura para una cantidad ilimitada de incidentes por daño accidental debido a la manipulación del producto, cada uno de ellos sujeto a un cargo adicional de R$96000  por daños en la pantalla o la carcasa externa o de R$289000  por Otros daños accidentales. Lee todos los detalles en los Términos y condiciones de AppleCare+."",""deviceDateOfPurchase"":""11/08/2026"",""deviceId"":""SHG3JHCD2C9"",""registeredDevice"":""0"",""pocType"":""RPOC"",""serialNumber"":""HG3JHCD2C9"",""partNumber"":""SR1A2ZX/A"",""partAlias"":""ACP"",""purchaseMode"":""C"",""productDescription"":""iMac (24-inch,2024, Two ports)""}},""orderErrorResponse"":{""errorCode"":""GRX-50017"",""errorMessage"":""El nombre y los apellidos no pueden superar los 34 caracteres.""},""transactionId"":""2b8f2340-8659-4a70-b48c-36b70cbb25a8-1786486615645""}"
False;5076984;2026-08-11 18:16:58.440000;2026-08-11 00:00:00;12201114;CREATEORDER;SHG3JHCD2C9;MWUG3CI/A;"{""orderDetailsResponses"":{""deviceEligibility"":{""secondaryDisplay"":""1"",""partDescription"":""AppleCare+ para iMac (M4)"",""coverageDuration"":""3"",""productStatement"":""AppleCare+ para iMac (M4) amplía la cobertura de servicio y soporte técnico a 3 años desde la fecha de compra de AppleCare+ e incluye cobertura para una cantidad ilimitada de incidentes por daño accidental debido a la manipulación del producto, cada uno de ellos sujeto a un cargo adicional de R$96000  por daños en la pantalla o la carcasa externa o de R$289000  por Otros daños accidentales. Lee todos los detalles en los Términos y condiciones de AppleCare+."",""deviceDateOfPurchase"":""11/08/2026"",""deviceId"":""SHG3JHCD2C9"",""registeredDevice"":""0"",""pocType"":""RPOC"",""serialNumber"":""HG3JHCD2C9"",""partNumber"":""SR1A2ZX/A"",""partAlias"":""ACP"",""purchaseMode"":""C"",""productDescription"":""iMac (24-inch,2024, Two ports)""}},""orderErrorResponse"":{""errorCode"":""GRX-50017"",""errorMessage"":""El nombre y los apellidos no pueden superar los 34 caracteres.""},""transactionId"":""6b22fbcd-03f8-4302-aa92-96a36d699111-1786486617663""}"
False;5076984;2026-08-11 18:21:17.410000;2026-08-11 00:00:00;12101114;CREATEORDER;SHG3JHCD2C9;MWUG3CI/A;"{""orderDetailsResponses"":{""deviceEligibility"":{""secondaryDisplay"":""1"",""partDescription"":""AppleCare+ para iMac (M4)"",""coverageDuration"":""3"",""productStatement"":""AppleCare+ para iMac (M4) amplía la cobertura de servicio y soporte técnico a 3 años desde la fecha de compra de AppleCare+ e incluye cobertura para una cantidad ilimitada de incidentes por daño accidental debido a la manipulación del producto, cada uno de ellos sujeto a un cargo adicional de R$96000  por daños en la pantalla o la carcasa externa o de R$289000  por Otros daños accidentales. Lee todos los detalles en los Términos y condiciones de AppleCare+."",""deviceDateOfPurchase"":""11/08/2026"",""deviceId"":""SHG3JHCD2C9"",""registeredDevice"":""0"",""pocType"":""RPOC"",""serialNumber"":""HG3JHCD2C9"",""partNumber"":""SR1A2ZX/A"",""partAlias"":""ACP"",""purchaseMode"":""C"",""productDescription"":""iMac (24-inch,2024, Two ports)""}},""orderErrorResponse"":{""errorCode"":""GRX-50017"",""errorMessage"":""El nombre y los apellidos no pueden superar los 34 caracteres.""},""transactionId"":""bbe61d1c-5609-4953-bad4-91c88dd0a960-1786486876515""}"
False;5076984;2026-08-11 18:21:19.043000;2026-08-11 00:00:00;12201114;CREATEORDER;SHG3JHCD2C9;MWUG3CI/A;"{""orderDetailsResponses"":{""deviceEligibility"":{""secondaryDisplay"":""1"",""partDescription"":""AppleCare+ para iMac (M4)"",""coverageDuration"":""3"",""productStatement"":""AppleCare+ para iMac (M4) amplía la cobertura de servicio y soporte técnico a 3 años desde la fecha de compra de AppleCare+ e incluye cobertura para una cantidad ilimitada de incidentes por daño accidental debido a la manipulación del producto, cada uno de ellos sujeto a un cargo adicional de R$96000  por daños en la pantalla o la carcasa externa o de R$289000  por Otros daños accidentales. Lee todos los detalles en los Términos y condiciones de AppleCare+."",""deviceDateOfPurchase"":""11/08/2026"",""deviceId"":""SHG3JHCD2C9"",""registeredDevice"":""0"",""pocType"":""RPOC"",""serialNumber"":""HG3JHCD2C9"",""partNumber"":""SR1A2ZX/A"",""partAlias"":""ACP"",""purchaseMode"":""C"",""productDescription"":""iMac (24-inch,2024, Two ports)""}},""orderErrorResponse"":{""errorCode"":""GRX-50017"",""errorMessage"":""El nombre y los apellidos no pueden superar los 34 caracteres.""},""transactionId"":""a80fbd08-37b5-4751-8560-c9a3669dd454-1786486878301""}"
False;5076984;2026-08-11 18:21:54.390000;2026-08-11 00:00:00;12101114;CREATEORDER;SHG3JHCD2C9;MWUG3CI/A;"{""orderDetailsResponses"":{""deviceEligibility"":{""secondaryDisplay"":""1"",""partDescription"":""AppleCare+ para iMac (M4)"",""coverageDuration"":""3"",""productStatement"":""AppleCare+ para iMac (M4) amplía la cobertura de servicio y soporte técnico a 3 años desde la fecha de compra de AppleCare+ e incluye cobertura para una cantidad ilimitada de incidentes por daño accidental debido a la manipulación del producto, cada uno de ellos sujeto a un cargo adicional de R$96000  por daños en la pantalla o la carcasa externa o de R$289000  por Otros daños accidentales. Lee todos los detalles en los Términos y condiciones de AppleCare+."",""deviceDateOfPurchase"":""11/08/2026"",""deviceId"":""SHG3JHCD2C9"",""registeredDevice"":""0"",""pocType"":""RPOC"",""serialNumber"":""HG3JHCD2C9"",""partNumber"":""SR1A2ZX/A"",""partAlias"":""ACP"",""purchaseMode"":""C"",""productDescription"":""iMac (24-inch,2024, Two ports)""}},""orderErrorResponse"":{""errorCode"":""GRX-50017"",""errorMessage"":""El nombre y los apellidos no pueden superar los 34 caracteres.""},""transactionId"":""27d135d1-7fa1-434c-b4e3-34ce9d1b8497-1786486913499""}"
False;5076984;2026-08-11 18:22:01.430000;2026-08-11 00:00:00;12201114;CREATEORDER;SHG3JHCD2C9;MWUG3CI/A;"{""orderDetailsResponses"":{""deviceEligibility"":{""secondaryDisplay"":""1"",""partDescription"":""AppleCare+ para iMac (M4)"",""coverageDuration"":""3"",""productStatement"":""AppleCare+ para iMac (M4) amplía la cobertura de servicio y soporte técnico a 3 años desde la fecha de compra de AppleCare+ e incluye cobertura para una cantidad ilimitada de incidentes por daño accidental debido a la manipulación del producto, cada uno de ellos sujeto a un cargo adicional de R$96000  por daños en la pantalla o la carcasa externa o de R$289000  por Otros daños accidentales. Lee todos los detalles en los Términos y condiciones de AppleCare+."",""deviceDateOfPurchase"":""11/08/2026"",""deviceId"":""SHG3JHCD2C9"",""registeredDevice"":""0"",""pocType"":""RPOC"",""serialNumber"":""HG3JHCD2C9"",""partNumber"":""SR1A2ZX/A"",""partAlias"":""ACP"",""purchaseMode"":""C"",""productDescription"":""iMac (24-inch,2024, Two ports)""}},""orderErrorResponse"":{""errorCode"":""GRX-50017"",""errorMessage"":""El nombre y los apellidos no pueden superar los 34 caracteres.""},""transactionId"":""cd694425-6c39-4303-a276-8da20781c220-1786486920632""}"
False;5076984;2026-08-11 18:26:21.960000;2026-08-11 00:00:00;12101114;CREATEORDER;SHG3JHCD2C9;MWUG3CI/A;"{""orderDetailsResponses"":{""deviceEligibility"":{""secondaryDisplay"":""1"",""partDescription"":""AppleCare+ para iMac (M4)"",""coverageDuration"":""3"",""productStatement"":""AppleCare+ para iMac (M4) amplía la cobertura de servicio y soporte técnico a 3 años desde la fecha de compra de AppleCare+ e incluye cobertura para una cantidad ilimitada de incidentes por daño accidental debido a la manipulación del producto, cada uno de ellos sujeto a un cargo adicional de R$96000  por daños en la pantalla o la carcasa externa o de R$289000  por Otros daños accidentales. Lee todos los detalles en los Términos y condiciones de AppleCare+."",""deviceDateOfPurchase"":""11/08/2026"",""deviceId"":""SHG3JHCD2C9"",""registeredDevice"":""0"",""pocType"":""RPOC"",""serialNumber"":""HG3JHCD2C9"",""partNumber"":""SR1A2ZX/A"",""partAlias"":""ACP"",""purchaseMode"":""C"",""productDescription"":""iMac (24-inch,2024, Two ports)""}},""orderErrorResponse"":{""errorCode"":""GRX-50017"",""errorMessage"":""El nombre y los apellidos no pueden superar los 34 caracteres.""},""transactionId"":""97957612-1546-4459-8465-e9c4cf502532-1786487181234""}"
False;5076984;2026-08-11 18:26:23.747000;2026-08-11 00:00:00;12201114;CREATEORDER;SHG3JHCD2C9;MWUG3CI/A;"{""orderDetailsResponses"":{""deviceEligibility"":{""secondaryDisplay"":""1"",""partDescription"":""AppleCare+ para iMac (M4)"",""coverageDuration"":""3"",""productStatement"":""AppleCare+ para iMac (M4) amplía la cobertura de servicio y soporte técnico a 3 años desde la fecha de compra de AppleCare+ e incluye cobertura para una cantidad ilimitada de incidentes por daño accidental debido a la manipulación del producto, cada uno de ellos sujeto a un cargo adicional de R$96000  por daños en la pantalla o la carcasa externa o de R$289000  por Otros daños accidentales. Lee todos los detalles en los Términos y condiciones de AppleCare+."",""deviceDateOfPurchase"":""11/08/2026"",""deviceId"":""SHG3JHCD2C9"",""registeredDevice"":""0"",""pocType"":""RPOC"",""serialNumber"":""HG3JHCD2C9"",""partNumber"":""SR1A2ZX/A"",""partAlias"":""ACP"",""purchaseMode"":""C"",""productDescription"":""iMac (24-inch,2024, Two ports)""}},""orderErrorResponse"":{""errorCode"":""GRX-50017"",""errorMessage"":""El nombre y los apellidos no pueden superar los 34 caracteres.""},""transactionId"":""f5058496-e741-43af-993e-8fc199a3cbf4-1786487183038""}"
False;5076984;2026-08-11 18:26:56.893000;2026-08-11 00:00:00;12101114;CREATEORDER;SHG3JHCD2C9;MWUG3CI/A;"{""orderDetailsResponses"":{""deviceEligibility"":{""secondaryDisplay"":""1"",""partDescription"":""AppleCare+ para iMac (M4)"",""coverageDuration"":""3"",""productStatement"":""AppleCare+ para iMac (M4) amplía la cobertura de servicio y soporte técnico a 3 años desde la fecha de compra de AppleCare+ e incluye cobertura para una cantidad ilimitada de incidentes por daño accidental debido a la manipulación del producto, cada uno de ellos sujeto a un cargo adicional de R$96000  por daños en la pantalla o la carcasa externa o de R$289000  por Otros daños accidentales. Lee todos los detalles en los Términos y condiciones de AppleCare+."",""deviceDateOfPurchase"":""11/08/2026"",""deviceId"":""SHG3JHCD2C9"",""registeredDevice"":""0"",""pocType"":""RPOC"",""serialNumber"":""HG3JHCD2C9"",""partNumber"":""SR1A2ZX/A"",""partAlias"":""ACP"",""purchaseMode"":""C"",""productDescription"":""iMac (24-inch,2024, Two ports)""}},""orderErrorResponse"":{""errorCode"":""GRX-50017"",""errorMessage"":""El nombre y los apellidos no pueden superar los 34 caracteres.""},""transactionId"":""17841091-5c98-4c8d-a874-12003b7abd9b-1786487216124""}"
False;5076984;2026-08-11 18:26:58.250000;2026-08-11 00:00:00;12201114;CREATEORDER;SHG3JHCD2C9;MWUG3CI/A;"{""orderDetailsResponses"":{""deviceEligibility"":{""secondaryDisplay"":""1"",""partDescription"":""AppleCare+ para iMac (M4)"",""coverageDuration"":""3"",""productStatement"":""AppleCare+ para iMac (M4) amplía la cobertura de servicio y soporte técnico a 3 años desde la fecha de compra de AppleCare+ e incluye cobertura para una cantidad ilimitada de incidentes por daño accidental debido a la manipulación del producto, cada uno de ellos sujeto a un cargo adicional de R$96000  por daños en la pantalla o la carcasa externa o de R$289000  por Otros daños accidentales. Lee todos los detalles en los Términos y condiciones de AppleCare+."",""deviceDateOfPurchase"":""11/08/2026"",""deviceId"":""SHG3JHCD2C9"",""registeredDevice"":""0"",""pocType"":""RPOC"",""serialNumber"":""HG3JHCD2C9"",""partNumber"":""SR1A2ZX/A"",""partAlias"":""ACP"",""purchaseMode"":""C"",""productDescription"":""iMac (24-inch,2024, Two ports)""}},""orderErrorResponse"":{""errorCode"":""GRX-50017"",""errorMessage"":""El nombre y los apellidos no pueden superar los 34 caracteres.""},""transactionId"":""bc91cbb7-322c-4f98-a244-695d2f62b9d0-1786487217583""}"
True;5114802;2026-08-11 18:27:27.777000;2026-08-11 00:00:00;19501029;VERIFYORDER;SJGDQXYC4TT;MHFC4CI/A;"{""orderDetailsResponses"":{""deviceEligibility"":{""secondaryDisplay"":""0"",""partDescription"":""AppleCare+ para 13-inch MacBook Neo (A18PRO)"",""coverageDuration"":""3"",""productStatement"":""AppleCare+ para 13-inch MacBook Neo (A18PRO) amplía la cobertura de servicio y soporte técnico a 3 años desde la fecha de compra de AppleCare+ e incluye cobertura para una cantidad ilimitada de incidentes por daño accidental debido a la manipulación del producto, cada uno de ellos sujeto a un cargo adicional de R$51990  por daños en la pantalla o la carcasa externa o de R$156990  por Otros daños accidentales. Lee todos los detalles en los Términos y condiciones de AppleCare+."",""deviceDateOfPurchase"":""11/08/2026"",""deviceId"":""SJGDQXYC4TT"",""registeredDevice"":""1"",""pocType"":""APOC"",""serialNumber"":""JGDQXYC4TT"",""partNumber"":""SD0T3ZX/A"",""partAlias"":""ACP"",""purchaseMode"":""C"",""productDescription"":""MacBook Neo""}},""transactionId"":""05d7182c-2c4d-4ef6-8465-1c7a99b18e55-1786487247258""}"
True;5114802;2026-08-11 18:27:56.780000;2026-08-11 00:00:00;19501029;VERIFYORDER;SKQGJFYJQLH;MHWM4BE/A;"{""orderDetailsResponses"":{""deviceEligibility"":{""secondaryDisplay"":""0"",""partDescription"":""AppleCare+ para AirPods Max"",""coverageDuration"":""2"",""productStatement"":""AppleCare+ para AirPods Max amplía la cobertura de servicio y soporte técnico a 2 años desde la fecha de compra de AppleCare+ e incluye cobertura para una cantidad ilimitada de incidentes por daño accidental debido a la manipulación del producto, cada uno de ellos sujeto a un cargo adicional de CLP28000 . Lee todos los detalles en los Términos y condiciones de AppleCare+."",""deviceDateOfPurchase"":""11/08/2026"",""deviceId"":""SKQGJFYJQLH"",""registeredDevice"":""1"",""pocType"":""APOC"",""serialNumber"":""KQGJFYJQLH"",""partNumber"":""S9086ZX/A"",""partAlias"":""ACP"",""purchaseMode"":""C"",""productDescription"":""AirPods Max 2""}},""transactionId"":""479184de-6da8-4a2b-9247-c9ae637afc50-1786487276263""}"
False;5076984;2026-08-11 18:31:19.230000;2026-08-11 00:00:00;12101114;CREATEORDER;SHG3JHCD2C9;MWUG3CI/A;"{""orderDetailsResponses"":{""deviceEligibility"":{""secondaryDisplay"":""1"",""partDescription"":""AppleCare+ para iMac (M4)"",""coverageDuration"":""3"",""productStatement"":""AppleCare+ para iMac (M4) amplía la cobertura de servicio y soporte técnico a 3 años desde la fecha de compra de AppleCare+ e incluye cobertura para una cantidad ilimitada de incidentes por daño accidental debido a la manipulación del producto, cada uno de ellos sujeto a un cargo adicional de R$96000  por daños en la pantalla o la carcasa externa o de R$289000  por Otros daños accidentales. Lee todos los detalles en los Términos y condiciones de AppleCare+."",""deviceDateOfPurchase"":""11/08/2026"",""deviceId"":""SHG3JHCD2C9"",""registeredDevice"":""0"",""pocType"":""RPOC"",""serialNumber"":""HG3JHCD2C9"",""partNumber"":""SR1A2ZX/A"",""partAlias"":""ACP"",""purchaseMode"":""C"",""productDescription"":""iMac (24-inch,2024, Two ports)""}},""orderErrorResponse"":{""errorCode"":""GRX-50017"",""errorMessage"":""El nombre y los apellidos no pueden superar los 34 caracteres.""},""transactionId"":""264d8d82-ba28-451c-9b5f-de50631d4c49-1786487478527""}"
False;5076984;2026-08-11 18:31:21.647000;2026-08-11 00:00:00;12201114;CREATEORDER;SHG3JHCD2C9;MWUG3CI/A;"{""orderDetailsResponses"":{""deviceEligibility"":{""secondaryDisplay"":""1"",""partDescription"":""AppleCare+ para iMac (M4)"",""coverageDuration"":""3"",""productStatement"":""AppleCare+ para iMac (M4) amplía la cobertura de servicio y soporte técnico a 3 años desde la fecha de compra de AppleCare+ e incluye cobertura para una cantidad ilimitada de incidentes por daño accidental debido a la manipulación del producto, cada uno de ellos sujeto a un cargo adicional de R$96000  por daños en la pantalla o la carcasa externa o de R$289000  por Otros daños accidentales. Lee todos los detalles en los Términos y condiciones de AppleCare+."",""deviceDateOfPurchase"":""11/08/2026"",""deviceId"":""SHG3JHCD2C9"",""registeredDevice"":""0"",""pocType"":""RPOC"",""serialNumber"":""HG3JHCD2C9"",""partNumber"":""SR1A2ZX/A"",""partAlias"":""ACP"",""purchaseMode"":""C"",""productDescription"":""iMac (24-inch,2024, Two ports)""}},""orderErrorResponse"":{""errorCode"":""GRX-50017"",""errorMessage"":""El nombre y los apellidos no pueden superar los 34 caracteres.""},""transactionId"":""8d4e0718-f0dc-4c15-8940-85ea1caf4454-1786487480910""}"
False;5076984;2026-08-11 18:31:55.693000;2026-08-11 00:00:00;12101114;CREATEORDER;SHG3JHCD2C9;MWUG3CI/A;"{""orderDetailsResponses"":{""deviceEligibility"":{""secondaryDisplay"":""1"",""partDescription"":""AppleCare+ para iMac (M4)"",""coverageDuration"":""3"",""productStatement"":""AppleCare+ para iMac (M4) amplía la cobertura de servicio y soporte técnico a 3 años desde la fecha de compra de AppleCare+ e incluye cobertura para una cantidad ilimitada de incidentes por daño accidental debido a la manipulación del producto, cada uno de ellos sujeto a un cargo adicional de R$96000  por daños en la pantalla o la carcasa externa o de R$289000  por Otros daños accidentales. Lee todos los detalles en los Términos y condiciones de AppleCare+."",""deviceDateOfPurchase"":""11/08/2026"",""deviceId"":""SHG3JHCD2C9"",""registeredDevice"":""0"",""pocType"":""RPOC"",""serialNumber"":""HG3JHCD2C9"",""partNumber"":""SR1A2ZX/A"",""partAlias"":""ACP"",""purchaseMode"":""C"",""productDescription"":""iMac (24-inch,2024, Two ports)""}},""orderErrorResponse"":{""errorCode"":""GRX-50017"",""errorMessage"":""El nombre y los apellidos no pueden superar los 34 caracteres.""},""transactionId"":""1cf921ac-e6d9-480a-8338-e1a0354ff903-1786487514961""}"
False;5076984;2026-08-11 18:31:58.343000;2026-08-11 00:00:00;12201114;CREATEORDER;SHG3JHCD2C9;MWUG3CI/A;"{""orderDetailsResponses"":{""deviceEligibility"":{""secondaryDisplay"":""1"",""partDescription"":""AppleCare+ para iMac (M4)"",""coverageDuration"":""3"",""productStatement"":""AppleCare+ para iMac (M4) amplía la cobertura de servicio y soporte técnico a 3 años desde la fecha de compra de AppleCare+ e incluye cobertura para una cantidad ilimitada de incidentes por daño accidental debido a la manipulación del producto, cada uno de ellos sujeto a un cargo adicional de R$96000  por daños en la pantalla o la carcasa externa o de R$289000  por Otros daños accidentales. Lee todos los detalles en los Términos y condiciones de AppleCare+."",""deviceDateOfPurchase"":""11/08/2026"",""deviceId"":""SHG3JHCD2C9"",""registeredDevice"":""0"",""pocType"":""RPOC"",""serialNumber"":""HG3JHCD2C9"",""partNumber"":""SR1A2ZX/A"",""partAlias"":""ACP"",""purchaseMode"":""C"",""productDescription"":""iMac (24-inch,2024, Two ports)""}},""orderErrorResponse"":{""errorCode"":""GRX-50017"",""errorMessage"":""El nombre y los apellidos no pueden superar los 34 caracteres.""},""transactionId"":""ea959431-6e5b-4c6c-9ebb-5bff04719435-1786487517613""}"
False;5076984;2026-08-11 18:36:15.907000;2026-08-11 00:00:00;12101114;CREATEORDER;SHG3JHCD2C9;MWUG3CI/A;"{""orderDetailsResponses"":{""deviceEligibility"":{""secondaryDisplay"":""1"",""partDescription"":""AppleCare+ para iMac (M4)"",""coverageDuration"":""3"",""productStatement"":""AppleCare+ para iMac (M4) amplía la cobertura de servicio y soporte técnico a 3 años desde la fecha de compra de AppleCare+ e incluye cobertura para una cantidad ilimitada de incidentes por daño accidental debido a la manipulación del producto, cada uno de ellos sujeto a un cargo adicional de R$96000  por daños en la pantalla o la carcasa externa o de R$289000  por Otros daños accidentales. Lee todos los detalles en los Términos y condiciones de AppleCare+."",""deviceDateOfPurchase"":""11/08/2026"",""deviceId"":""SHG3JHCD2C9"",""registeredDevice"":""0"",""pocType"":""RPOC"",""serialNumber"":""HG3JHCD2C9"",""partNumber"":""SR1A2ZX/A"",""partAlias"":""ACP"",""purchaseMode"":""C"",""productDescription"":""iMac (24-inch,2024, Two ports)""}},""orderErrorResponse"":{""errorCode"":""GRX-50017"",""errorMessage"":""El nombre y los apellidos no pueden superar los 34 caracteres.""},""transactionId"":""ab444486-ec53-4e31-85bd-c5ea82a3c7a4-1786487775010""}"
False;5076984;2026-08-11 18:36:18.400000;2026-08-11 00:00:00;12201114;CREATEORDER;SHG3JHCD2C9;MWUG3CI/A;"{""orderDetailsResponses"":{""deviceEligibility"":{""secondaryDisplay"":""1"",""partDescription"":""AppleCare+ para iMac (M4)"",""coverageDuration"":""3"",""productStatement"":""AppleCare+ para iMac (M4) amplía la cobertura de servicio y soporte técnico a 3 años desde la fecha de compra de AppleCare+ e incluye cobertura para una cantidad ilimitada de incidentes por daño accidental debido a la manipulación del producto, cada uno de ellos sujeto a un cargo adicional de R$96000  por daños en la pantalla o la carcasa externa o de R$289000  por Otros daños accidentales. Lee todos los detalles en los Términos y condiciones de AppleCare+."",""deviceDateOfPurchase"":""11/08/2026"",""deviceId"":""SHG3JHCD2C9"",""registeredDevice"":""0"",""pocType"":""RPOC"",""serialNumber"":""HG3JHCD2C9"",""partNumber"":""SR1A2ZX/A"",""partAlias"":""ACP"",""purchaseMode"":""C"",""productDescription"":""iMac (24-inch,2024, Two ports)""}},""orderErrorResponse"":{""errorCode"":""GRX-50017"",""errorMessage"":""El nombre y los apellidos no pueden superar los 34 caracteres.""},""transactionId"":""689fd624-ad66-4a44-9802-1669fec985ad-1786487777586""}"
False;5076984;2026-08-11 18:36:56.613000;2026-08-11 00:00:00;12101114;CREATEORDER;SHG3JHCD2C9;MWUG3CI/A;"{""orderDetailsResponses"":{""deviceEligibility"":{""secondaryDisplay"":""1"",""partDescription"":""AppleCare+ para iMac (M4)"",""coverageDuration"":""3"",""productStatement"":""AppleCare+ para iMac (M4) amplía la cobertura de servicio y soporte técnico a 3 años desde la fecha de compra de AppleCare+ e incluye cobertura para una cantidad ilimitada de incidentes por daño accidental debido a la manipulación del producto, cada uno de ellos sujeto a un cargo adicional de R$96000  por daños en la pantalla o la carcasa externa o de R$289000  por Otros daños accidentales. Lee todos los detalles en los Términos y condiciones de AppleCare+."",""deviceDateOfPurchase"":""11/08/2026"",""deviceId"":""SHG3JHCD2C9"",""registeredDevice"":""0"",""pocType"":""RPOC"",""serialNumber"":""HG3JHCD2C9"",""partNumber"":""SR1A2ZX/A"",""partAlias"":""ACP"",""purchaseMode"":""C"",""productDescription"":""iMac (24-inch,2024, Two ports)""}},""orderErrorResponse"":{""errorCode"":""GRX-50017"",""errorMessage"":""El nombre y los apellidos no pueden superar los 34 caracteres.""},""transactionId"":""c43f4ed9-e70c-4392-be6d-6c7354a38fdf-1786487815883""}"
False;5076984;2026-08-11 18:37:00.207000;2026-08-11 00:00:00;12201114;CREATEORDER;SHG3JHCD2C9;MWUG3CI/A;"{""orderDetailsResponses"":{""deviceEligibility"":{""secondaryDisplay"":""1"",""partDescription"":""AppleCare+ para iMac (M4)"",""coverageDuration"":""3"",""productStatement"":""AppleCare+ para iMac (M4) amplía la cobertura de servicio y soporte técnico a 3 años desde la fecha de compra de AppleCare+ e incluye cobertura para una cantidad ilimitada de incidentes por daño accidental debido a la manipulación del producto, cada uno de ellos sujeto a un cargo adicional de R$96000  por daños en la pantalla o la carcasa externa o de R$289000  por Otros daños accidentales. Lee todos los detalles en los Términos y condiciones de AppleCare+."",""deviceDateOfPurchase"":""11/08/2026"",""deviceId"":""SHG3JHCD2C9"",""registeredDevice"":""0"",""pocType"":""RPOC"",""serialNumber"":""HG3JHCD2C9"",""partNumber"":""SR1A2ZX/A"",""partAlias"":""ACP"",""purchaseMode"":""C"",""productDescription"":""iMac (24-inch,2024, Two ports)""}},""orderErrorResponse"":{""errorCode"":""GRX-50017"",""errorMessage"":""El nombre y los apellidos no pueden superar los 34 caracteres.""},""transactionId"":""fadcfaff-19ce-4e5f-9352-09e552cbf787-1786487819520""}"
True;5042703;2026-08-11 18:38:42.787000;2026-08-11 00:00:00;31201075;VERIFYORDER;SG10DJFGJKR;MG6M4BE/A;"{""orderDetailsResponses"":{""deviceEligibility"":{""secondaryDisplay"":""0"",""partDescription"":""AppleCare+ con robo y pérdida para iPhone 17"",""coverageDuration"":""2"",""productStatement"":""Tu AppleCare+ con robo y pérdida para iPhone 17 amplía la cobertura de servicio y soporte técnico a 2 años desde la fecha de compra de AppleCare+ con robo y pérdida e incluye cobertura para una cantidad ilimitada de incidentes por daño accidental debido a la manipulación del producto o un máximo de dos incidentes de robo y pérdida cada 12 meses, cada uno de ellos sujeto a un cargo adicional de R$96000  por Otros daños accidentales o de R$28000  por los daños de la pantalla o la carcasa externa o de R$144000  por robo o pérdida. Lee todos los detalles en los Términos y condiciones de AppleCare+."",""deviceDateOfPurchase"":""11/08/2026"",""deviceId"":""SG10DJFGJKR"",""registeredDevice"":""1"",""pocType"":""APOC"",""serialNumber"":""G10DJFGJKR"",""partNumber"":""SX2V2ZX/A"",""partAlias"":""ACPTL"",""purchaseMode"":""C"",""productDescription"":""iPhone 17"",""tlDisclosure"":""La cobertura de robo y pérdida requiere que tengas la función Buscar habilitada en tu dispositivo antes de que se pierda o te lo roben. Durante el proceso de reclamación, te pediremos que uses la función Buscar para poner el dispositivo perdido o robado en modo Perdido, borrarlo y transferir la propiedad a Apple para que podamos asignarte un nuevo dispositivo. Para asegurarte de que puedas iniciar sesión en Buscar y acceder a esta función, es importante que recuerdes tu ID de Apple y contraseña, y que mantengas la información de tu cuenta actualizada. Si usas la autenticación de doble factor para el ID de Apple, te recomendamos que añadas un número de teléfono adicional de confianza a tu cuenta en el que puedas recibir el código de verificación de 6 dígitos que necesitas para iniciar sesión aunque no tengas tu iPhone. Para obtener más información, visita las páginas de Soporte técnico de Apple.""}},""transactionId"":""85d630cf-6a02-4a55-ac1e-af15510de3b4-1786487922269""}"
False;5076984;2026-08-11 18:41:24.557000;2026-08-11 00:00:00;12101114;CREATEORDER;SHG3JHCD2C9;MWUG3CI/A;"{""orderDetailsResponses"":{""deviceEligibility"":{""secondaryDisplay"":""1"",""partDescription"":""AppleCare+ para iMac (M4)"",""coverageDuration"":""3"",""productStatement"":""AppleCare+ para iMac (M4) amplía la cobertura de servicio y soporte técnico a 3 años desde la fecha de compra de AppleCare+ e incluye cobertura para una cantidad ilimitada de incidentes por daño accidental debido a la manipulación del producto, cada uno de ellos sujeto a un cargo adicional de R$96000  por daños en la pantalla o la carcasa externa o de R$289000  por Otros daños accidentales. Lee todos los detalles en los Términos y condiciones de AppleCare+."",""deviceDateOfPurchase"":""11/08/2026"",""deviceId"":""SHG3JHCD2C9"",""registeredDevice"":""0"",""pocType"":""RPOC"",""serialNumber"":""HG3JHCD2C9"",""partNumber"":""SR1A2ZX/A"",""partAlias"":""ACP"",""purchaseMode"":""C"",""productDescription"":""iMac (24-inch,2024, Two ports)""}},""orderErrorResponse"":{""errorCode"":""GRX-50017"",""errorMessage"":""El nombre y los apellidos no pueden superar los 34 caracteres.""},""transactionId"":""6c1d8bb3-6a5f-4b8a-9b29-0cc4359840bc-1786488083802""}"
False;5076984;2026-08-11 18:41:26.243000;2026-08-11 00:00:00;12201114;CREATEORDER;SHG3JHCD2C9;MWUG3CI/A;"{""orderDetailsResponses"":{""deviceEligibility"":{""secondaryDisplay"":""1"",""partDescription"":""AppleCare+ para iMac (M4)"",""coverageDuration"":""3"",""productStatement"":""AppleCare+ para iMac (M4) amplía la cobertura de servicio y soporte técnico a 3 años desde la fecha de compra de AppleCare+ e incluye cobertura para una cantidad ilimitada de incidentes por daño accidental debido a la manipulación del producto, cada uno de ellos sujeto a un cargo adicional de R$96000  por daños en la pantalla o la carcasa externa o de R$289000  por Otros daños accidentales. Lee todos los detalles en los Términos y condiciones de AppleCare+."",""deviceDateOfPurchase"":""11/08/2026"",""deviceId"":""SHG3JHCD2C9"",""registeredDevice"":""0"",""pocType"":""RPOC"",""serialNumber"":""HG3JHCD2C9"",""partNumber"":""SR1A2ZX/A"",""partAlias"":""ACP"",""purchaseMode"":""C"",""productDescription"":""iMac (24-inch,2024, Two ports)""}},""orderErrorResponse"":{""errorCode"":""GRX-50017"",""errorMessage"":""El nombre y los apellidos no pueden superar los 34 caracteres.""},""transactionId"":""53b61480-1a28-4b18-a3e3-a4e7421331eb-1786488085318""}"
False;5076984;2026-08-11 18:41:59.650000;2026-08-11 00:00:00;12101114;CREATEORDER;SHG3JHCD2C9;MWUG3CI/A;"{""orderDetailsResponses"":{""deviceEligibility"":{""secondaryDisplay"":""1"",""partDescription"":""AppleCare+ para iMac (M4)"",""coverageDuration"":""3"",""productStatement"":""AppleCare+ para iMac (M4) amplía la cobertura de servicio y soporte técnico a 3 años desde la fecha de compra de AppleCare+ e incluye cobertura para una cantidad ilimitada de incidentes por daño accidental debido a la manipulación del producto, cada uno de ellos sujeto a un cargo adicional de R$96000  por daños en la pantalla o la carcasa externa o de R$289000  por Otros daños accidentales. Lee todos los detalles en los Términos y condiciones de AppleCare+."",""deviceDateOfPurchase"":""11/08/2026"",""deviceId"":""SHG3JHCD2C9"",""registeredDevice"":""0"",""pocType"":""RPOC"",""serialNumber"":""HG3JHCD2C9"",""partNumber"":""SR1A2ZX/A"",""partAlias"":""ACP"",""purchaseMode"":""C"",""productDescription"":""iMac (24-inch,2024, Two ports)""}},""orderErrorResponse"":{""errorCode"":""GRX-50017"",""errorMessage"":""El nombre y los apellidos no pueden superar los 34 caracteres.""},""transactionId"":""619aaa2a-5491-43d9-a618-5ab5bf0aa93c-1786488118907""}"
False;5076984;2026-08-11 18:42:01.567000;2026-08-11 00:00:00;12201114;CREATEORDER;SHG3JHCD2C9;MWUG3CI/A;"{""orderDetailsResponses"":{""deviceEligibility"":{""secondaryDisplay"":""1"",""partDescription"":""AppleCare+ para iMac (M4)"",""coverageDuration"":""3"",""productStatement"":""AppleCare+ para iMac (M4) amplía la cobertura de servicio y soporte técnico a 3 años desde la fecha de compra de AppleCare+ e incluye cobertura para una cantidad ilimitada de incidentes por daño accidental debido a la manipulación del producto, cada uno de ellos sujeto a un cargo adicional de R$96000  por daños en la pantalla o la carcasa externa o de R$289000  por Otros daños accidentales. Lee todos los detalles en los Términos y condiciones de AppleCare+."",""deviceDateOfPurchase"":""11/08/2026"",""deviceId"":""SHG3JHCD2C9"",""registeredDevice"":""0"",""pocType"":""RPOC"",""serialNumber"":""HG3JHCD2C9"",""partNumber"":""SR1A2ZX/A"",""partAlias"":""ACP"",""purchaseMode"":""C"",""productDescription"":""iMac (24-inch,2024, Two ports)""}},""orderErrorResponse"":{""errorCode"":""GRX-50017"",""errorMessage"":""El nombre y los apellidos no pueden superar los 34 caracteres.""},""transactionId"":""8106bc90-091a-4311-8778-ef7dc554a8f2-1786488120707""}"
True;5042703;2026-08-11 18:45:51.597000;2026-08-11 00:00:00;31201075;CREATEORDER;SG10DJFGJKR;MG6M4BE/A;"{""orderDetailsResponses"":{""deviceEligibility"":{""secondaryDisplay"":""0"",""partDescription"":""AppleCare+ con robo y pérdida para iPhone 17"",""coverageDuration"":""2"",""productStatement"":""Tu AppleCare+ con robo y pérdida para iPhone 17 amplía la cobertura de servicio y soporte técnico a 2 años desde la fecha de compra de AppleCare+ con robo y pérdida e incluye cobertura para una cantidad ilimitada de incidentes por daño accidental debido a la manipulación del producto o un máximo de dos incidentes de robo y pérdida cada 12 meses, cada uno de ellos sujeto a un cargo adicional de R$96000  por Otros daños accidentales o de R$28000  por los daños de la pantalla o la carcasa externa o de R$144000  por robo o pérdida. Lee todos los detalles en los Términos y condiciones de AppleCare+."",""deviceDateOfPurchase"":""11/08/2026"",""deviceId"":""SG10DJFGJKR"",""registeredDevice"":""1"",""pocType"":""APOC"",""serialNumber"":""G10DJFGJKR"",""partNumber"":""SX2V2ZX/A"",""partAlias"":""ACPTL"",""purchaseMode"":""C"",""productDescription"":""iPhone 17"",""tlDisclosure"":""La cobertura de robo y pérdida requiere que tengas la función Buscar habilitada en tu dispositivo antes de que se pierda o te lo roben. Durante el proceso de reclamación, te pediremos que uses la función Buscar para poner el dispositivo perdido o robado en modo Perdido, borrarlo y transferir la propiedad a Apple para que podamos asignarte un nuevo dispositivo. Para asegurarte de que puedas iniciar sesión en Buscar y acceder a esta función, es importante que recuerdes tu ID de Apple y contraseña, y que mantengas la información de tu cuenta actualizada. Si usas la autenticación de doble factor para el ID de Apple, te recomendamos que añadas un número de teléfono adicional de confianza a tu cuenta en el que puedas recibir el código de verificación de 6 dígitos que necesitas para iniciar sesión aunque no tengas tu iPhone. Para obtener más información, visita las páginas de Soporte técnico de Apple.""},""orderConfirmation"":{""agreementNumber"":""328097761986"",""coverageDurationStatement"":""Finaliza el 10/08/2028"",""termConditionURL"":""http://www.apple.com/legal/sales-support/"",""partNumber"":""SX2V2ZX/A"",""partAlias"":""ACPTL"",""partType"":""AC+TL"",""purchaseMode"":""C"",""appleCareSalesDate"":""11/08/2026"",""pocType"":""APOC"",""purchaseOrderNumber"":""31201075""}},""transactionId"":""d3e6615e-09e5-4c03-b032-79f5249df8c3-1786488347203""}"
False;5076984;2026-08-11 18:46:18.080000;2026-08-11 00:00:00;12101114;CREATEORDER;SHG3JHCD2C9;MWUG3CI/A;"{""orderDetailsResponses"":{""deviceEligibility"":{""secondaryDisplay"":""1"",""partDescription"":""AppleCare+ para iMac (M4)"",""coverageDuration"":""3"",""productStatement"":""AppleCare+ para iMac (M4) amplía la cobertura de servicio y soporte técnico a 3 años desde la fecha de compra de AppleCare+ e incluye cobertura para una cantidad ilimitada de incidentes por daño accidental debido a la manipulación del producto, cada uno de ellos sujeto a un cargo adicional de R$96000  por daños en la pantalla o la carcasa externa o de R$289000  por Otros daños accidentales. Lee todos los detalles en los Términos y condiciones de AppleCare+."",""deviceDateOfPurchase"":""11/08/2026"",""deviceId"":""SHG3JHCD2C9"",""registeredDevice"":""0"",""pocType"":""RPOC"",""serialNumber"":""HG3JHCD2C9"",""partNumber"":""SR1A2ZX/A"",""partAlias"":""ACP"",""purchaseMode"":""C"",""productDescription"":""iMac (24-inch,2024, Two ports)""}},""orderErrorResponse"":{""errorCode"":""GRX-50017"",""errorMessage"":""El nombre y los apellidos no pueden superar los 34 caracteres.""},""transactionId"":""514773c0-4dc0-4fc7-94e4-a2dd3fca3243-1786488377385""}"
False;5076984;2026-08-11 18:46:19.610000;2026-08-11 00:00:00;12201114;CREATEORDER;SHG3JHCD2C9;MWUG3CI/A;"{""orderDetailsResponses"":{""deviceEligibility"":{""secondaryDisplay"":""1"",""partDescription"":""AppleCare+ para iMac (M4)"",""coverageDuration"":""3"",""productStatement"":""AppleCare+ para iMac (M4) amplía la cobertura de servicio y soporte técnico a 3 años desde la fecha de compra de AppleCare+ e incluye cobertura para una cantidad ilimitada de incidentes por daño accidental debido a la manipulación del producto, cada uno de ellos sujeto a un cargo adicional de R$96000  por daños en la pantalla o la carcasa externa o de R$289000  por Otros daños accidentales. Lee todos los detalles en los Términos y condiciones de AppleCare+."",""deviceDateOfPurchase"":""11/08/2026"",""deviceId"":""SHG3JHCD2C9"",""registeredDevice"":""0"",""pocType"":""RPOC"",""serialNumber"":""HG3JHCD2C9"",""partNumber"":""SR1A2ZX/A"",""partAlias"":""ACP"",""purchaseMode"":""C"",""productDescription"":""iMac (24-inch,2024, Two ports)""}},""orderErrorResponse"":{""errorCode"":""GRX-50017"",""errorMessage"":""El nombre y los apellidos no pueden superar los 34 caracteres.""},""transactionId"":""b168e56f-e6eb-40ad-a751-41ed8af818cb-1786488378898""}"
False;5076984;2026-08-11 18:46:57.393000;2026-08-11 00:00:00;12101114;CREATEORDER;SHG3JHCD2C9;MWUG3CI/A;"{""orderDetailsResponses"":{""deviceEligibility"":{""secondaryDisplay"":""1"",""partDescription"":""AppleCare+ para iMac (M4)"",""coverageDuration"":""3"",""productStatement"":""AppleCare+ para iMac (M4) amplía la cobertura de servicio y soporte técnico a 3 años desde la fecha de compra de AppleCare+ e incluye cobertura para una cantidad ilimitada de incidentes por daño accidental debido a la manipulación del producto, cada uno de ellos sujeto a un cargo adicional de R$96000  por daños en la pantalla o la carcasa externa o de R$289000  por Otros daños accidentales. Lee todos los detalles en los Términos y condiciones de AppleCare+."",""deviceDateOfPurchase"":""11/08/2026"",""deviceId"":""SHG3JHCD2C9"",""registeredDevice"":""0"",""pocType"":""RPOC"",""serialNumber"":""HG3JHCD2C9"",""partNumber"":""SR1A2ZX/A"",""partAlias"":""ACP"",""purchaseMode"":""C"",""productDescription"":""iMac (24-inch,2024, Two ports)""}},""orderErrorResponse"":{""errorCode"":""GRX-50017"",""errorMessage"":""El nombre y los apellidos no pueden superar los 34 caracteres.""},""transactionId"":""f116f51b-665b-42b6-a71e-83b3ee7ade4a-1786488416676""}"
False;5076984;2026-08-11 18:46:59.923000;2026-08-11 00:00:00;12201114;CREATEORDER;SHG3JHCD2C9;MWUG3CI/A;"{""orderDetailsResponses"":{""deviceEligibility"":{""secondaryDisplay"":""1"",""partDescription"":""AppleCare+ para iMac (M4)"",""coverageDuration"":""3"",""productStatement"":""AppleCare+ para iMac (M4) amplía la cobertura de servicio y soporte técnico a 3 años desde la fecha de compra de AppleCare+ e incluye cobertura para una cantidad ilimitada de incidentes por daño accidental debido a la manipulación del producto, cada uno de ellos sujeto a un cargo adicional de R$96000  por daños en la pantalla o la carcasa externa o de R$289000  por Otros daños accidentales. Lee todos los detalles en los Términos y condiciones de AppleCare+."",""deviceDateOfPurchase"":""11/08/2026"",""deviceId"":""SHG3JHCD2C9"",""registeredDevice"":""0"",""pocType"":""RPOC"",""serialNumber"":""HG3JHCD2C9"",""partNumber"":""SR1A2ZX/A"",""partAlias"":""ACP"",""purchaseMode"":""C"",""productDescription"":""iMac (24-inch,2024, Two ports)""}},""orderErrorResponse"":{""errorCode"":""GRX-50017"",""errorMessage"":""El nombre y los apellidos no pueden superar los 34 caracteres.""},""transactionId"":""28139243-2ed2-4d2c-9bb3-03f51a7b87d4-1786488419214""}"
True;5114802;2026-08-11 18:48:43.983000;2026-08-11 00:00:00;19501029;CREATEORDER;SJGDQXYC4TT;MHFC4CI/A;"{""orderDetailsResponses"":{""deviceEligibility"":{""secondaryDisplay"":""0"",""partDescription"":""AppleCare+ para 13-inch MacBook Neo (A18PRO)"",""coverageDuration"":""3"",""productStatement"":""AppleCare+ para 13-inch MacBook Neo (A18PRO) amplía la cobertura de servicio y soporte técnico a 3 años desde la fecha de compra de AppleCare+ e incluye cobertura para una cantidad ilimitada de incidentes por daño accidental debido a la manipulación del producto, cada uno de ellos sujeto a un cargo adicional de R$51990  por daños en la pantalla o la carcasa externa o de R$156990  por Otros daños accidentales. Lee todos los detalles en los Términos y condiciones de AppleCare+."",""deviceDateOfPurchase"":""11/08/2026"",""deviceId"":""SJGDQXYC4TT"",""registeredDevice"":""1"",""pocType"":""APOC"",""serialNumber"":""JGDQXYC4TT"",""partNumber"":""SD0T3ZX/A"",""partAlias"":""ACP"",""purchaseMode"":""C"",""productDescription"":""MacBook Neo""},""orderConfirmation"":{""agreementNumber"":""328097842157"",""coverageDurationStatement"":""Finaliza el 10/08/2029"",""termConditionURL"":""http://www.apple.com/legal/sales-support/"",""partNumber"":""SD0T3ZX/A"",""partAlias"":""ACP"",""partType"":""AppleCare+"",""purchaseMode"":""C"",""appleCareSalesDate"":""11/08/2026"",""pocType"":""APOC"",""purchaseOrderNumber"":""19501029""}},""transactionId"":""954fa900-ee79-4396-a6f0-f46af2cef8c1-1786488519347""}"
True;5114802;2026-08-11 18:48:48.943000;2026-08-11 00:00:00;19501029;CREATEORDER;SKQGJFYJQLH;MHWM4BE/A;"{""orderDetailsResponses"":{""deviceEligibility"":{""secondaryDisplay"":""0"",""partDescription"":""AppleCare+ para AirPods Max"",""coverageDuration"":""2"",""productStatement"":""AppleCare+ para AirPods Max amplía la cobertura de servicio y soporte técnico a 2 años desde la fecha de compra de AppleCare+ e incluye cobertura para una cantidad ilimitada de incidentes por daño accidental debido a la manipulación del producto, cada uno de ellos sujeto a un cargo adicional de CLP28000 . Lee todos los detalles en los Términos y condiciones de AppleCare+."",""deviceDateOfPurchase"":""11/08/2026"",""deviceId"":""SKQGJFYJQLH"",""registeredDevice"":""1"",""pocType"":""APOC"",""serialNumber"":""KQGJFYJQLH"",""partNumber"":""S9086ZX/A"",""partAlias"":""ACP"",""purchaseMode"":""C"",""productDescription"":""AirPods Max 2""},""orderConfirmation"":{""agreementNumber"":""328097780927"",""coverageDurationStatement"":""Finaliza el 10/08/2028"",""termConditionURL"":""http://www.apple.com/legal/sales-support/"",""partNumber"":""S9086ZX/A"",""partAlias"":""ACP"",""partType"":""AppleCare+"",""purchaseMode"":""C"",""appleCareSalesDate"":""11/08/2026"",""pocType"":""APOC"",""purchaseOrderNumber"":""19501029""}},""transactionId"":""98bff22b-b424-4eee-b8c6-f8079188268a-1786488524436""}"
False;5076984;2026-08-11 18:51:15.470000;2026-08-11 00:00:00;12101114;CREATEORDER;SHG3JHCD2C9;MWUG3CI/A;"{""orderDetailsResponses"":{""deviceEligibility"":{""secondaryDisplay"":""1"",""partDescription"":""AppleCare+ para iMac (M4)"",""coverageDuration"":""3"",""productStatement"":""AppleCare+ para iMac (M4) amplía la cobertura de servicio y soporte técnico a 3 años desde la fecha de compra de AppleCare+ e incluye cobertura para una cantidad ilimitada de incidentes por daño accidental debido a la manipulación del producto, cada uno de ellos sujeto a un cargo adicional de R$96000  por daños en la pantalla o la carcasa externa o de R$289000  por Otros daños accidentales. Lee todos los detalles en los Términos y condiciones de AppleCare+."",""deviceDateOfPurchase"":""11/08/2026"",""deviceId"":""SHG3JHCD2C9"",""registeredDevice"":""0"",""pocType"":""RPOC"",""serialNumber"":""HG3JHCD2C9"",""partNumber"":""SR1A2ZX/A"",""partAlias"":""ACP"",""purchaseMode"":""C"",""productDescription"":""iMac (24-inch,2024, Two ports)""}},""orderErrorResponse"":{""errorCode"":""GRX-50017"",""errorMessage"":""El nombre y los apellidos no pueden superar los 34 caracteres.""},""transactionId"":""8b86d48c-4115-4c05-a697-5b2d4ff8ffb1-1786488674705""}"
False;5076984;2026-08-11 18:51:16.973000;2026-08-11 00:00:00;12201114;CREATEORDER;SHG3JHCD2C9;MWUG3CI/A;"{""orderDetailsResponses"":{""deviceEligibility"":{""secondaryDisplay"":""1"",""partDescription"":""AppleCare+ para iMac (M4)"",""coverageDuration"":""3"",""productStatement"":""AppleCare+ para iMac (M4) amplía la cobertura de servicio y soporte técnico a 3 años desde la fecha de compra de AppleCare+ e incluye cobertura para una cantidad ilimitada de incidentes por daño accidental debido a la manipulación del producto, cada uno de ellos sujeto a un cargo adicional de R$96000  por daños en la pantalla o la carcasa externa o de R$289000  por Otros daños accidentales. Lee todos los detalles en los Términos y condiciones de AppleCare+."",""deviceDateOfPurchase"":""11/08/2026"",""deviceId"":""SHG3JHCD2C9"",""registeredDevice"":""0"",""pocType"":""RPOC"",""serialNumber"":""HG3JHCD2C9"",""partNumber"":""SR1A2ZX/A"",""partAlias"":""ACP"",""purchaseMode"":""C"",""productDescription"":""iMac (24-inch,2024, Two ports)""}},""orderErrorResponse"":{""errorCode"":""GRX-50017"",""errorMessage"":""El nombre y los apellidos no pueden superar los 34 caracteres.""},""transactionId"":""38c53cd8-ec11-4c0e-81e5-c5dd8002cf16-1786488676233""}"
False;5076984;2026-08-11 18:51:56.653000;2026-08-11 00:00:00;12101114;CREATEORDER;SHG3JHCD2C9;MWUG3CI/A;"{""orderDetailsResponses"":{""deviceEligibility"":{""secondaryDisplay"":""1"",""partDescription"":""AppleCare+ para iMac (M4)"",""coverageDuration"":""3"",""productStatement"":""AppleCare+ para iMac (M4) amplía la cobertura de servicio y soporte técnico a 3 años desde la fecha de compra de AppleCare+ e incluye cobertura para una cantidad ilimitada de incidentes por daño accidental debido a la manipulación del producto, cada uno de ellos sujeto a un cargo adicional de R$96000  por daños en la pantalla o la carcasa externa o de R$289000  por Otros daños accidentales. Lee todos los detalles en los Términos y condiciones de AppleCare+."",""deviceDateOfPurchase"":""11/08/2026"",""deviceId"":""SHG3JHCD2C9"",""registeredDevice"":""0"",""pocType"":""RPOC"",""serialNumber"":""HG3JHCD2C9"",""partNumber"":""SR1A2ZX/A"",""partAlias"":""ACP"",""purchaseMode"":""C"",""productDescription"":""iMac (24-inch,2024, Two ports)""}},""orderErrorResponse"":{""errorCode"":""GRX-50017"",""errorMessage"":""El nombre y los apellidos no pueden superar los 34 caracteres.""},""transactionId"":""6a36831d-73b6-4ecd-8ec7-dd659c4ff04a-1786488715754""}"
False;5076984;2026-08-11 18:52:00.133000;2026-08-11 00:00:00;12201114;CREATEORDER;SHG3JHCD2C9;MWUG3CI/A;"{""orderDetailsResponses"":{""deviceEligibility"":{""secondaryDisplay"":""1"",""partDescription"":""AppleCare+ para iMac (M4)"",""coverageDuration"":""3"",""productStatement"":""AppleCare+ para iMac (M4) amplía la cobertura de servicio y soporte técnico a 3 años desde la fecha de compra de AppleCare+ e incluye cobertura para una cantidad ilimitada de incidentes por daño accidental debido a la manipulación del producto, cada uno de ellos sujeto a un cargo adicional de R$96000  por daños en la pantalla o la carcasa externa o de R$289000  por Otros daños accidentales. Lee todos los detalles en los Términos y condiciones de AppleCare+."",""deviceDateOfPurchase"":""11/08/2026"",""deviceId"":""SHG3JHCD2C9"",""registeredDevice"":""0"",""pocType"":""RPOC"",""serialNumber"":""HG3JHCD2C9"",""partNumber"":""SR1A2ZX/A"",""partAlias"":""ACP"",""purchaseMode"":""C"",""productDescription"":""iMac (24-inch,2024, Two ports)""}},""orderErrorResponse"":{""errorCode"":""GRX-50017"",""errorMessage"":""El nombre y los apellidos no pueden superar los 34 caracteres.""},""transactionId"":""2f8361cf-4e01-4f20-945e-14d8c43159fb-1786488719389""}"
False;5076984;2026-08-11 18:56:19.807000;2026-08-11 00:00:00;12101114;CREATEORDER;SHG3JHCD2C9;MWUG3CI/A;"{""orderDetailsResponses"":{""deviceEligibility"":{""secondaryDisplay"":""1"",""partDescription"":""AppleCare+ para iMac (M4)"",""coverageDuration"":""3"",""productStatement"":""AppleCare+ para iMac (M4) amplía la cobertura de servicio y soporte técnico a 3 años desde la fecha de compra de AppleCare+ e incluye cobertura para una cantidad ilimitada de incidentes por daño accidental debido a la manipulación del producto, cada uno de ellos sujeto a un cargo adicional de R$96000  por daños en la pantalla o la carcasa externa o de R$289000  por Otros daños accidentales. Lee todos los detalles en los Términos y condiciones de AppleCare+."",""deviceDateOfPurchase"":""11/08/2026"",""deviceId"":""SHG3JHCD2C9"",""registeredDevice"":""0"",""pocType"":""RPOC"",""serialNumber"":""HG3JHCD2C9"",""partNumber"":""SR1A2ZX/A"",""partAlias"":""ACP"",""purchaseMode"":""C"",""productDescription"":""iMac (24-inch,2024, Two ports)""}},""orderErrorResponse"":{""errorCode"":""GRX-50017"",""errorMessage"":""El nombre y los apellidos no pueden superar los 34 caracteres.""},""transactionId"":""bcb01b6d-f876-472a-a649-3ced8522050b-1786488979106""}"
False;5076984;2026-08-11 18:56:21.327000;2026-08-11 00:00:00;12201114;CREATEORDER;SHG3JHCD2C9;MWUG3CI/A;"{""orderDetailsResponses"":{""deviceEligibility"":{""secondaryDisplay"":""1"",""partDescription"":""AppleCare+ para iMac (M4)"",""coverageDuration"":""3"",""productStatement"":""AppleCare+ para iMac (M4) amplía la cobertura de servicio y soporte técnico a 3 años desde la fecha de compra de AppleCare+ e incluye cobertura para una cantidad ilimitada de incidentes por daño accidental debido a la manipulación del producto, cada uno de ellos sujeto a un cargo adicional de R$96000  por daños en la pantalla o la carcasa externa o de R$289000  por Otros daños accidentales. Lee todos los detalles en los Términos y condiciones de AppleCare+."",""deviceDateOfPurchase"":""11/08/2026"",""deviceId"":""SHG3JHCD2C9"",""registeredDevice"":""0"",""pocType"":""RPOC"",""serialNumber"":""HG3JHCD2C9"",""partNumber"":""SR1A2ZX/A"",""partAlias"":""ACP"",""purchaseMode"":""C"",""productDescription"":""iMac (24-inch,2024, Two ports)""}},""orderErrorResponse"":{""errorCode"":""GRX-50017"",""errorMessage"":""El nombre y los apellidos no pueden superar los 34 caracteres.""},""transactionId"":""a2e13609-98a1-46c0-86ae-112718e5b9fd-1786488980552""}"
False;5076984;2026-08-11 18:56:54.267000;2026-08-11 00:00:00;12101114;CREATEORDER;SHG3JHCD2C9;MWUG3CI/A;"{""orderDetailsResponses"":{""deviceEligibility"":{""secondaryDisplay"":""1"",""partDescription"":""AppleCare+ para iMac (M4)"",""coverageDuration"":""3"",""productStatement"":""AppleCare+ para iMac (M4) amplía la cobertura de servicio y soporte técnico a 3 años desde la fecha de compra de AppleCare+ e incluye cobertura para una cantidad ilimitada de incidentes por daño accidental debido a la manipulación del producto, cada uno de ellos sujeto a un cargo adicional de R$96000  por daños en la pantalla o la carcasa externa o de R$289000  por Otros daños accidentales. Lee todos los detalles en los Términos y condiciones de AppleCare+."",""deviceDateOfPurchase"":""11/08/2026"",""deviceId"":""SHG3JHCD2C9"",""registeredDevice"":""0"",""pocType"":""RPOC"",""serialNumber"":""HG3JHCD2C9"",""partNumber"":""SR1A2ZX/A"",""partAlias"":""ACP"",""purchaseMode"":""C"",""productDescription"":""iMac (24-inch,2024, Two ports)""}},""orderErrorResponse"":{""errorCode"":""GRX-50017"",""errorMessage"":""El nombre y los apellidos no pueden superar los 34 caracteres.""},""transactionId"":""196d094a-05b6-4ea3-9f83-5f97dffb6592-1786489013477""}"
False;5076984;2026-08-11 18:56:55.780000;2026-08-11 00:00:00;12201114;CREATEORDER;SHG3JHCD2C9;MWUG3CI/A;"{""orderDetailsResponses"":{""deviceEligibility"":{""secondaryDisplay"":""1"",""partDescription"":""AppleCare+ para iMac (M4)"",""coverageDuration"":""3"",""productStatement"":""AppleCare+ para iMac (M4) amplía la cobertura de servicio y soporte técnico a 3 años desde la fecha de compra de AppleCare+ e incluye cobertura para una cantidad ilimitada de incidentes por daño accidental debido a la manipulación del producto, cada uno de ellos sujeto a un cargo adicional de R$96000  por daños en la pantalla o la carcasa externa o de R$289000  por Otros daños accidentales. Lee todos los detalles en los Términos y condiciones de AppleCare+."",""deviceDateOfPurchase"":""11/08/2026"",""deviceId"":""SHG3JHCD2C9"",""registeredDevice"":""0"",""pocType"":""RPOC"",""serialNumber"":""HG3JHCD2C9"",""partNumber"":""SR1A2ZX/A"",""partAlias"":""ACP"",""purchaseMode"":""C"",""productDescription"":""iMac (24-inch,2024, Two ports)""}},""orderErrorResponse"":{""errorCode"":""GRX-50017"",""errorMessage"":""El nombre y los apellidos no pueden superar los 34 caracteres.""},""transactionId"":""1e3952c5-2f02-444e-aadc-181e8b38bab5-1786489015103""}"
False;5076984;2026-08-11 19:01:24.357000;2026-08-11 00:00:00;12101114;CREATEORDER;SHG3JHCD2C9;MWUG3CI/A;"{""orderDetailsResponses"":{""deviceEligibility"":{""secondaryDisplay"":""1"",""partDescription"":""AppleCare+ para iMac (M4)"",""coverageDuration"":""3"",""productStatement"":""AppleCare+ para iMac (M4) amplía la cobertura de servicio y soporte técnico a 3 años desde la fecha de compra de AppleCare+ e incluye cobertura para una cantidad ilimitada de incidentes por daño accidental debido a la manipulación del producto, cada uno de ellos sujeto a un cargo adicional de R$96000  por daños en la pantalla o la carcasa externa o de R$289000  por Otros daños accidentales. Lee todos los detalles en los Términos y condiciones de AppleCare+."",""deviceDateOfPurchase"":""11/08/2026"",""deviceId"":""SHG3JHCD2C9"",""registeredDevice"":""0"",""pocType"":""RPOC"",""serialNumber"":""HG3JHCD2C9"",""partNumber"":""SR1A2ZX/A"",""partAlias"":""ACP"",""purchaseMode"":""C"",""productDescription"":""iMac (24-inch,2024, Two ports)""}},""orderErrorResponse"":{""errorCode"":""GRX-50017"",""errorMessage"":""El nombre y los apellidos no pueden superar los 34 caracteres.""},""transactionId"":""85657637-9b72-467a-9f87-4bb8d44fe590-1786489283508""}"
False;5076984;2026-08-11 19:01:27.450000;2026-08-11 00:00:00;12201114;CREATEORDER;SHG3JHCD2C9;MWUG3CI/A;"{""orderDetailsResponses"":{""deviceEligibility"":{""secondaryDisplay"":""1"",""partDescription"":""AppleCare+ para iMac (M4)"",""coverageDuration"":""3"",""productStatement"":""AppleCare+ para iMac (M4) amplía la cobertura de servicio y soporte técnico a 3 años desde la fecha de compra de AppleCare+ e incluye cobertura para una cantidad ilimitada de incidentes por daño accidental debido a la manipulación del producto, cada uno de ellos sujeto a un cargo adicional de R$96000  por daños en la pantalla o la carcasa externa o de R$289000  por Otros daños accidentales. Lee todos los detalles en los Términos y condiciones de AppleCare+."",""deviceDateOfPurchase"":""11/08/2026"",""deviceId"":""SHG3JHCD2C9"",""registeredDevice"":""0"",""pocType"":""RPOC"",""serialNumber"":""HG3JHCD2C9"",""partNumber"":""SR1A2ZX/A"",""partAlias"":""ACP"",""purchaseMode"":""C"",""productDescription"":""iMac (24-inch,2024, Two ports)""}},""orderErrorResponse"":{""errorCode"":""GRX-50017"",""errorMessage"":""El nombre y los apellidos no pueden superar los 34 caracteres.""},""transactionId"":""84fcb8b2-b08f-4974-aeaf-cf9674e1951c-1786489286724""}"
False;5076984;2026-08-11 19:02:01.610000;2026-08-11 00:00:00;12101114;CREATEORDER;SHG3JHCD2C9;MWUG3CI/A;"{""orderDetailsResponses"":{""deviceEligibility"":{""secondaryDisplay"":""1"",""partDescription"":""AppleCare+ para iMac (M4)"",""coverageDuration"":""3"",""productStatement"":""AppleCare+ para iMac (M4) amplía la cobertura de servicio y soporte técnico a 3 años desde la fecha de compra de AppleCare+ e incluye cobertura para una cantidad ilimitada de incidentes por daño accidental debido a la manipulación del producto, cada uno de ellos sujeto a un cargo adicional de R$96000  por daños en la pantalla o la carcasa externa o de R$289000  por Otros daños accidentales. Lee todos los detalles en los Términos y condiciones de AppleCare+."",""deviceDateOfPurchase"":""11/08/2026"",""deviceId"":""SHG3JHCD2C9"",""registeredDevice"":""0"",""pocType"":""RPOC"",""serialNumber"":""HG3JHCD2C9"",""partNumber"":""SR1A2ZX/A"",""partAlias"":""ACP"",""purchaseMode"":""C"",""productDescription"":""iMac (24-inch,2024, Two ports)""}},""orderErrorResponse"":{""errorCode"":""GRX-50017"",""errorMessage"":""El nombre y los apellidos no pueden superar los 34 caracteres.""},""transactionId"":""f06b12e3-68a1-4dca-8ebb-4fb8fd1466a4-1786489320862""}"
False;5076984;2026-08-11 19:02:03.910000;2026-08-11 00:00:00;12201114;CREATEORDER;SHG3JHCD2C9;MWUG3CI/A;"{""orderDetailsResponses"":{""deviceEligibility"":{""secondaryDisplay"":""1"",""partDescription"":""AppleCare+ para iMac (M4)"",""coverageDuration"":""3"",""productStatement"":""AppleCare+ para iMac (M4) amplía la cobertura de servicio y soporte técnico a 3 años desde la fecha de compra de AppleCare+ e incluye cobertura para una cantidad ilimitada de incidentes por daño accidental debido a la manipulación del producto, cada uno de ellos sujeto a un cargo adicional de R$96000  por daños en la pantalla o la carcasa externa o de R$289000  por Otros daños accidentales. Lee todos los detalles en los Términos y condiciones de AppleCare+."",""deviceDateOfPurchase"":""11/08/2026"",""deviceId"":""SHG3JHCD2C9"",""registeredDevice"":""0"",""pocType"":""RPOC"",""serialNumber"":""HG3JHCD2C9"",""partNumber"":""SR1A2ZX/A"",""partAlias"":""ACP"",""purchaseMode"":""C"",""productDescription"":""iMac (24-inch,2024, Two ports)""}},""orderErrorResponse"":{""errorCode"":""GRX-50017"",""errorMessage"":""El nombre y los apellidos no pueden superar los 34 caracteres.""},""transactionId"":""a0dbb443-6681-44e1-aad5-bb7b4bc4dd68-1786489323221""}"
False;5076984;2026-08-11 19:06:16.407000;2026-08-11 00:00:00;12101114;CREATEORDER;SHG3JHCD2C9;MWUG3CI/A;"{""orderDetailsResponses"":{""deviceEligibility"":{""secondaryDisplay"":""1"",""partDescription"":""AppleCare+ para iMac (M4)"",""coverageDuration"":""3"",""productStatement"":""AppleCare+ para iMac (M4) amplía la cobertura de servicio y soporte técnico a 3 años desde la fecha de compra de AppleCare+ e incluye cobertura para una cantidad ilimitada de incidentes por daño accidental debido a la manipulación del producto, cada uno de ellos sujeto a un cargo adicional de R$96000  por daños en la pantalla o la carcasa externa o de R$289000  por Otros daños accidentales. Lee todos los detalles en los Términos y condiciones de AppleCare+."",""deviceDateOfPurchase"":""11/08/2026"",""deviceId"":""SHG3JHCD2C9"",""registeredDevice"":""0"",""pocType"":""RPOC"",""serialNumber"":""HG3JHCD2C9"",""partNumber"":""SR1A2ZX/A"",""partAlias"":""ACP"",""purchaseMode"":""C"",""productDescription"":""iMac (24-inch,2024, Two ports)""}},""orderErrorResponse"":{""errorCode"":""GRX-50017"",""errorMessage"":""El nombre y los apellidos no pueden superar los 34 caracteres.""},""transactionId"":""5b6fdb92-069c-4cba-80f6-36d01f23fb4a-1786489575614""}"
False;5076984;2026-08-11 19:06:18.607000;2026-08-11 00:00:00;12201114;CREATEORDER;SHG3JHCD2C9;MWUG3CI/A;"{""orderDetailsResponses"":{""deviceEligibility"":{""secondaryDisplay"":""1"",""partDescription"":""AppleCare+ para iMac (M4)"",""coverageDuration"":""3"",""productStatement"":""AppleCare+ para iMac (M4) amplía la cobertura de servicio y soporte técnico a 3 años desde la fecha de compra de AppleCare+ e incluye cobertura para una cantidad ilimitada de incidentes por daño accidental debido a la manipulación del producto, cada uno de ellos sujeto a un cargo adicional de R$96000  por daños en la pantalla o la carcasa externa o de R$289000  por Otros daños accidentales. Lee todos los detalles en los Términos y condiciones de AppleCare+."",""deviceDateOfPurchase"":""11/08/2026"",""deviceId"":""SHG3JHCD2C9"",""registeredDevice"":""0"",""pocType"":""RPOC"",""serialNumber"":""HG3JHCD2C9"",""partNumber"":""SR1A2ZX/A"",""partAlias"":""ACP"",""purchaseMode"":""C"",""productDescription"":""iMac (24-inch,2024, Two ports)""}},""orderErrorResponse"":{""errorCode"":""GRX-50017"",""errorMessage"":""El nombre y los apellidos no pueden superar los 34 caracteres.""},""transactionId"":""4ffa35e5-5a98-409e-8543-2be9942d1b0c-1786489577879""}"
False;5076984;2026-08-11 19:06:49.827000;2026-08-11 00:00:00;12101114;CREATEORDER;SHG3JHCD2C9;MWUG3CI/A;"{""orderDetailsResponses"":{""deviceEligibility"":{""secondaryDisplay"":""1"",""partDescription"":""AppleCare+ para iMac (M4)"",""coverageDuration"":""3"",""productStatement"":""AppleCare+ para iMac (M4) amplía la cobertura de servicio y soporte técnico a 3 años desde la fecha de compra de AppleCare+ e incluye cobertura para una cantidad ilimitada de incidentes por daño accidental debido a la manipulación del producto, cada uno de ellos sujeto a un cargo adicional de R$96000  por daños en la pantalla o la carcasa externa o de R$289000  por Otros daños accidentales. Lee todos los detalles en los Términos y condiciones de AppleCare+."",""deviceDateOfPurchase"":""11/08/2026"",""deviceId"":""SHG3JHCD2C9"",""registeredDevice"":""0"",""pocType"":""RPOC"",""serialNumber"":""HG3JHCD2C9"",""partNumber"":""SR1A2ZX/A"",""partAlias"":""ACP"",""purchaseMode"":""C"",""productDescription"":""iMac (24-inch,2024, Two ports)""}},""orderErrorResponse"":{""errorCode"":""GRX-50017"",""errorMessage"":""El nombre y los apellidos no pueden superar los 34 caracteres.""},""transactionId"":""0a46232f-123a-4f83-b504-df91e0939e30-1786489609051""}"
False;5076984;2026-08-11 19:06:52.827000;2026-08-11 00:00:00;12201114;CREATEORDER;SHG3JHCD2C9;MWUG3CI/A;"{""orderDetailsResponses"":{""deviceEligibility"":{""secondaryDisplay"":""1"",""partDescription"":""AppleCare+ para iMac (M4)"",""coverageDuration"":""3"",""productStatement"":""AppleCare+ para iMac (M4) amplía la cobertura de servicio y soporte técnico a 3 años desde la fecha de compra de AppleCare+ e incluye cobertura para una cantidad ilimitada de incidentes por daño accidental debido a la manipulación del producto, cada uno de ellos sujeto a un cargo adicional de R$96000  por daños en la pantalla o la carcasa externa o de R$289000  por Otros daños accidentales. Lee todos los detalles en los Términos y condiciones de AppleCare+."",""deviceDateOfPurchase"":""11/08/2026"",""deviceId"":""SHG3JHCD2C9"",""registeredDevice"":""0"",""pocType"":""RPOC"",""serialNumber"":""HG3JHCD2C9"",""partNumber"":""SR1A2ZX/A"",""partAlias"":""ACP"",""purchaseMode"":""C"",""productDescription"":""iMac (24-inch,2024, Two ports)""}},""orderErrorResponse"":{""errorCode"":""GRX-50017"",""errorMessage"":""El nombre y los apellidos no pueden superar los 34 caracteres.""},""transactionId"":""9d2b0345-76d3-4e4f-a7af-fa2e525e27d0-1786489612042""}"
False;5076984;2026-08-11 19:11:24.377000;2026-08-11 00:00:00;12101114;CREATEORDER;SHG3JHCD2C9;MWUG3CI/A;"{""orderDetailsResponses"":{""deviceEligibility"":{""secondaryDisplay"":""1"",""partDescription"":""AppleCare+ para iMac (M4)"",""coverageDuration"":""3"",""productStatement"":""AppleCare+ para iMac (M4) amplía la cobertura de servicio y soporte técnico a 3 años desde la fecha de compra de AppleCare+ e incluye cobertura para una cantidad ilimitada de incidentes por daño accidental debido a la manipulación del producto, cada uno de ellos sujeto a un cargo adicional de R$96000  por daños en la pantalla o la carcasa externa o de R$289000  por Otros daños accidentales. Lee todos los detalles en los Términos y condiciones de AppleCare+."",""deviceDateOfPurchase"":""11/08/2026"",""deviceId"":""SHG3JHCD2C9"",""registeredDevice"":""0"",""pocType"":""RPOC"",""serialNumber"":""HG3JHCD2C9"",""partNumber"":""SR1A2ZX/A"",""partAlias"":""ACP"",""purchaseMode"":""C"",""productDescription"":""iMac (24-inch,2024, Two ports)""}},""orderErrorResponse"":{""errorCode"":""GRX-50017"",""errorMessage"":""El nombre y los apellidos no pueden superar los 34 caracteres.""},""transactionId"":""cc7fabf5-06cf-4c01-abb6-715b5a16619b-1786489883663""}"
False;5076984;2026-08-11 19:11:25.967000;2026-08-11 00:00:00;12201114;CREATEORDER;SHG3JHCD2C9;MWUG3CI/A;"{""orderDetailsResponses"":{""deviceEligibility"":{""secondaryDisplay"":""1"",""partDescription"":""AppleCare+ para iMac (M4)"",""coverageDuration"":""3"",""productStatement"":""AppleCare+ para iMac (M4) amplía la cobertura de servicio y soporte técnico a 3 años desde la fecha de compra de AppleCare+ e incluye cobertura para una cantidad ilimitada de incidentes por daño accidental debido a la manipulación del producto, cada uno de ellos sujeto a un cargo adicional de R$96000  por daños en la pantalla o la carcasa externa o de R$289000  por Otros daños accidentales. Lee todos los detalles en los Términos y condiciones de AppleCare+."",""deviceDateOfPurchase"":""11/08/2026"",""deviceId"":""SHG3JHCD2C9"",""registeredDevice"":""0"",""pocType"":""RPOC"",""serialNumber"":""HG3JHCD2C9"",""partNumber"":""SR1A2ZX/A"",""partAlias"":""ACP"",""purchaseMode"":""C"",""productDescription"":""iMac (24-inch,2024, Two ports)""}},""orderErrorResponse"":{""errorCode"":""GRX-50017"",""errorMessage"":""El nombre y los apellidos no pueden superar los 34 caracteres.""},""transactionId"":""077c68ce-2a60-461e-b2a9-f2cfbc20c3fb-1786489885216""}"
False;5076984;2026-08-11 19:11:58.270000;2026-08-11 00:00:00;12101114;CREATEORDER;SHG3JHCD2C9;MWUG3CI/A;"{""orderDetailsResponses"":{""deviceEligibility"":{""secondaryDisplay"":""1"",""partDescription"":""AppleCare+ para iMac (M4)"",""coverageDuration"":""3"",""productStatement"":""AppleCare+ para iMac (M4) amplía la cobertura de servicio y soporte técnico a 3 años desde la fecha de compra de AppleCare+ e incluye cobertura para una cantidad ilimitada de incidentes por daño accidental debido a la manipulación del producto, cada uno de ellos sujeto a un cargo adicional de R$96000  por daños en la pantalla o la carcasa externa o de R$289000  por Otros daños accidentales. Lee todos los detalles en los Términos y condiciones de AppleCare+."",""deviceDateOfPurchase"":""11/08/2026"",""deviceId"":""SHG3JHCD2C9"",""registeredDevice"":""0"",""pocType"":""RPOC"",""serialNumber"":""HG3JHCD2C9"",""partNumber"":""SR1A2ZX/A"",""partAlias"":""ACP"",""purchaseMode"":""C"",""productDescription"":""iMac (24-inch,2024, Two ports)""}},""orderErrorResponse"":{""errorCode"":""GRX-50017"",""errorMessage"":""El nombre y los apellidos no pueden superar los 34 caracteres.""},""transactionId"":""096740bb-ee60-4c33-bfa5-1eb2f4086d25-1786489917531""}"
False;5076984;2026-08-11 19:11:59.720000;2026-08-11 00:00:00;12201114;CREATEORDER;SHG3JHCD2C9;MWUG3CI/A;"{""orderDetailsResponses"":{""deviceEligibility"":{""secondaryDisplay"":""1"",""partDescription"":""AppleCare+ para iMac (M4)"",""coverageDuration"":""3"",""productStatement"":""AppleCare+ para iMac (M4) amplía la cobertura de servicio y soporte técnico a 3 años desde la fecha de compra de AppleCare+ e incluye cobertura para una cantidad ilimitada de incidentes por daño accidental debido a la manipulación del producto, cada uno de ellos sujeto a un cargo adicional de R$96000  por daños en la pantalla o la carcasa externa o de R$289000  por Otros daños accidentales. Lee todos los detalles en los Términos y condiciones de AppleCare+."",""deviceDateOfPurchase"":""11/08/2026"",""deviceId"":""SHG3JHCD2C9"",""registeredDevice"":""0"",""pocType"":""RPOC"",""serialNumber"":""HG3JHCD2C9"",""partNumber"":""SR1A2ZX/A"",""partAlias"":""ACP"",""purchaseMode"":""C"",""productDescription"":""iMac (24-inch,2024, Two ports)""}},""orderErrorResponse"":{""errorCode"":""GRX-50017"",""errorMessage"":""El nombre y los apellidos no pueden superar los 34 caracteres.""},""transactionId"":""353eb482-4e56-44d7-91eb-a6f96a487649-1786489918990""}"
False;5076984;2026-08-11 19:16:23.033000;2026-08-11 00:00:00;12101114;CREATEORDER;SHG3JHCD2C9;MWUG3CI/A;"{""orderDetailsResponses"":{""deviceEligibility"":{""secondaryDisplay"":""1"",""partDescription"":""AppleCare+ para iMac (M4)"",""coverageDuration"":""3"",""productStatement"":""AppleCare+ para iMac (M4) amplía la cobertura de servicio y soporte técnico a 3 años desde la fecha de compra de AppleCare+ e incluye cobertura para una cantidad ilimitada de incidentes por daño accidental debido a la manipulación del producto, cada uno de ellos sujeto a un cargo adicional de R$96000  por daños en la pantalla o la carcasa externa o de R$289000  por Otros daños accidentales. Lee todos los detalles en los Términos y condiciones de AppleCare+."",""deviceDateOfPurchase"":""11/08/2026"",""deviceId"":""SHG3JHCD2C9"",""registeredDevice"":""0"",""pocType"":""RPOC"",""serialNumber"":""HG3JHCD2C9"",""partNumber"":""SR1A2ZX/A"",""partAlias"":""ACP"",""purchaseMode"":""C"",""productDescription"":""iMac (24-inch,2024, Two ports)""}},""orderErrorResponse"":{""errorCode"":""GRX-50017"",""errorMessage"":""El nombre y los apellidos no pueden superar los 34 caracteres.""},""transactionId"":""a93b2fd6-33e7-4166-9dae-a772c665d55b-1786490182241""}"
False;5076984;2026-08-11 19:16:24.700000;2026-08-11 00:00:00;12201114;CREATEORDER;SHG3JHCD2C9;MWUG3CI/A;"{""orderDetailsResponses"":{""deviceEligibility"":{""secondaryDisplay"":""1"",""partDescription"":""AppleCare+ para iMac (M4)"",""coverageDuration"":""3"",""productStatement"":""AppleCare+ para iMac (M4) amplía la cobertura de servicio y soporte técnico a 3 años desde la fecha de compra de AppleCare+ e incluye cobertura para una cantidad ilimitada de incidentes por daño accidental debido a la manipulación del producto, cada uno de ellos sujeto a un cargo adicional de R$96000  por daños en la pantalla o la carcasa externa o de R$289000  por Otros daños accidentales. Lee todos los detalles en los Términos y condiciones de AppleCare+."",""deviceDateOfPurchase"":""11/08/2026"",""deviceId"":""SHG3JHCD2C9"",""registeredDevice"":""0"",""pocType"":""RPOC"",""serialNumber"":""HG3JHCD2C9"",""partNumber"":""SR1A2ZX/A"",""partAlias"":""ACP"",""purchaseMode"":""C"",""productDescription"":""iMac (24-inch,2024, Two ports)""}},""orderErrorResponse"":{""errorCode"":""GRX-50017"",""errorMessage"":""El nombre y los apellidos no pueden superar los 34 caracteres.""},""transactionId"":""adb547ed-a4a3-438c-84df-0cc6cc70c9ba-1786490183890""}"
True;5114803;2026-08-11 19:16:34.520000;2026-08-11 00:00:00;19601029;VERIFYORDER;SMJ97MC9FVD;MDHE4CI/A;"{""orderDetailsResponses"":{""deviceEligibility"":{""secondaryDisplay"":""1"",""partDescription"":""AppleCare+ para 13-inch MacBook Air (M5)"",""coverageDuration"":""3"",""productStatement"":""AppleCare+ para 13-inch MacBook Air (M5) amplía la cobertura de servicio y soporte técnico a 3 años desde la fecha de compra de AppleCare+ e incluye cobertura para una cantidad ilimitada de incidentes por daño accidental debido a la manipulación del producto, cada uno de ellos sujeto a un cargo adicional de R$96000  por daños en la pantalla o la carcasa externa o de R$289000  por Otros daños accidentales. Lee todos los detalles en los Términos y condiciones de AppleCare+."",""deviceDateOfPurchase"":""11/08/2026"",""deviceId"":""SMJ97MC9FVD"",""registeredDevice"":""1"",""pocType"":""APOC"",""serialNumber"":""MJ97MC9FVD"",""partNumber"":""SCW83ZX/A"",""partAlias"":""ACP"",""purchaseMode"":""C"",""productDescription"":""MacBook Air (13-inch, M5)""}},""transactionId"":""9dfd2ce9-a45c-479d-b356-8e4eeda19348-1786490194022""}"
False;5076984;2026-08-11 19:16:56.900000;2026-08-11 00:00:00;12101114;CREATEORDER;SHG3JHCD2C9;MWUG3CI/A;"{""orderDetailsResponses"":{""deviceEligibility"":{""secondaryDisplay"":""1"",""partDescription"":""AppleCare+ para iMac (M4)"",""coverageDuration"":""3"",""productStatement"":""AppleCare+ para iMac (M4) amplía la cobertura de servicio y soporte técnico a 3 años desde la fecha de compra de AppleCare+ e incluye cobertura para una cantidad ilimitada de incidentes por daño accidental debido a la manipulación del producto, cada uno de ellos sujeto a un cargo adicional de R$96000  por daños en la pantalla o la carcasa externa o de R$289000  por Otros daños accidentales. Lee todos los detalles en los Términos y condiciones de AppleCare+."",""deviceDateOfPurchase"":""11/08/2026"",""deviceId"":""SHG3JHCD2C9"",""registeredDevice"":""0"",""pocType"":""RPOC"",""serialNumber"":""HG3JHCD2C9"",""partNumber"":""SR1A2ZX/A"",""partAlias"":""ACP"",""purchaseMode"":""C"",""productDescription"":""iMac (24-inch,2024, Two ports)""}},""orderErrorResponse"":{""errorCode"":""GRX-50017"",""errorMessage"":""El nombre y los apellidos no pueden superar los 34 caracteres.""},""transactionId"":""30636a90-9ba1-484e-8f05-982d5e7f6eb6-1786490216175""}"
False;5076984;2026-08-11 19:16:58.843000;2026-08-11 00:00:00;12201114;CREATEORDER;SHG3JHCD2C9;MWUG3CI/A;"{""orderDetailsResponses"":{""deviceEligibility"":{""secondaryDisplay"":""1"",""partDescription"":""AppleCare+ para iMac (M4)"",""coverageDuration"":""3"",""productStatement"":""AppleCare+ para iMac (M4) amplía la cobertura de servicio y soporte técnico a 3 años desde la fecha de compra de AppleCare+ e incluye cobertura para una cantidad ilimitada de incidentes por daño accidental debido a la manipulación del producto, cada uno de ellos sujeto a un cargo adicional de R$96000  por daños en la pantalla o la carcasa externa o de R$289000  por Otros daños accidentales. Lee todos los detalles en los Términos y condiciones de AppleCare+."",""deviceDateOfPurchase"":""11/08/2026"",""deviceId"":""SHG3JHCD2C9"",""registeredDevice"":""0"",""pocType"":""RPOC"",""serialNumber"":""HG3JHCD2C9"",""partNumber"":""SR1A2ZX/A"",""partAlias"":""ACP"",""purchaseMode"":""C"",""productDescription"":""iMac (24-inch,2024, Two ports)""}},""orderErrorResponse"":{""errorCode"":""GRX-50017"",""errorMessage"":""El nombre y los apellidos no pueden superar los 34 caracteres.""},""transactionId"":""ece70dbd-0f34-4fdf-b97c-b9fbdb2310b1-1786490217988""}"
True;1325074;2026-08-11 19:20:21.743000;2026-08-11 00:00:00;20001111;VERIFYORDER;SF0303R2R30;MDYL4CI/A;"{""orderDetailsResponses"":{""deviceEligibility"":{""secondaryDisplay"":""1"",""partDescription"":""AppleCare+ para iPad Pro 13-inch (M5)"",""coverageDuration"":""2"",""productStatement"":""AppleCare+ para iPad Pro 13-inch (M5) amplía la cobertura de servicio y soporte técnico a 2 años desde la fecha de compra de AppleCare+ e incluye cobertura para una cantidad ilimitada de incidentes por daño accidental debido a la manipulación del producto, cada uno de ellos sujeto a un cargo adicional de R$28000  por Apple Pencil / Keyboard o de R$28000  por Daños que afectan solo a la pantalla o de R$96000  por Otros daños accidentales. Lee todos los detalles en los Términos y condiciones de AppleCare+."",""deviceDateOfPurchase"":""11/08/2026"",""deviceId"":""SF0303R2R30"",""registeredDevice"":""1"",""pocType"":""APOC"",""serialNumber"":""F0303R2R30"",""partNumber"":""SXT12ZX/A"",""partAlias"":""ACP"",""purchaseMode"":""C"",""productDescription"":""iPad Pro 13-inch (M5) Wi-Fi""}},""transactionId"":""703e3a1f-e02c-4c99-b670-0a359eb37436-1786490421194""}"
True;5123427;2026-08-11 19:20:43.493000;2026-08-11 00:00:00;18501004;VERIFYORDER;SCGPQR75RW3;MG8G4BE/A;"{""orderDetailsResponses"":{""deviceEligibility"":{""secondaryDisplay"":""0"",""partDescription"":""AppleCare+ con robo y pérdida para iPhone 17 Pro"",""coverageDuration"":""2"",""productStatement"":""Tu AppleCare+ con robo y pérdida para iPhone 17 Pro amplía la cobertura de servicio y soporte técnico a 2 años desde la fecha de compra de AppleCare+ con robo y pérdida e incluye cobertura para una cantidad ilimitada de incidentes por daño accidental debido a la manipulación del producto o un máximo de dos incidentes de robo y pérdida cada 12 meses, cada uno de ellos sujeto a un cargo adicional de R$96000  por Otros daños accidentales o de R$28000  por los daños de la pantalla o la carcasa externa o de R$144000  por robo o pérdida. Lee todos los detalles en los Términos y condiciones de AppleCare+."",""deviceDateOfPurchase"":""11/08/2026"",""deviceId"":""SCGPQR75RW3"",""registeredDevice"":""1"",""pocType"":""APOC"",""serialNumber"":""CGPQR75RW3"",""partNumber"":""SX342ZX/A"",""partAlias"":""ACPTL"",""purchaseMode"":""C"",""productDescription"":""iPhone 17 Pro"",""tlDisclosure"":""La cobertura de robo y pérdida requiere que tengas la función Buscar habilitada en tu dispositivo antes de que se pierda o te lo roben. Durante el proceso de reclamación, te pediremos que uses la función Buscar para poner el dispositivo perdido o robado en modo Perdido, borrarlo y transferir la propiedad a Apple para que podamos asignarte un nuevo dispositivo. Para asegurarte de que puedas iniciar sesión en Buscar y acceder a esta función, es importante que recuerdes tu ID de Apple y contraseña, y que mantengas la información de tu cuenta actualizada. Si usas la autenticación de doble factor para el ID de Apple, te recomendamos que añadas un número de teléfono adicional de confianza a tu cuenta en el que puedas recibir el código de verificación de 6 dígitos que necesitas para iniciar sesión aunque no tengas tu iPhone. Para obtener más información, visita las páginas de Soporte técnico de Apple.""}},""transactionId"":""afac6343-223a-4aaf-b8a9-af63ad460a94-1786490442906""}"
False;5076984;2026-08-11 19:21:15.127000;2026-08-11 00:00:00;12101114;CREATEORDER;SHG3JHCD2C9;MWUG3CI/A;"{""orderDetailsResponses"":{""deviceEligibility"":{""secondaryDisplay"":""1"",""partDescription"":""AppleCare+ para iMac (M4)"",""coverageDuration"":""3"",""productStatement"":""AppleCare+ para iMac (M4) amplía la cobertura de servicio y soporte técnico a 3 años desde la fecha de compra de AppleCare+ e incluye cobertura para una cantidad ilimitada de incidentes por daño accidental debido a la manipulación del producto, cada uno de ellos sujeto a un cargo adicional de R$96000  por daños en la pantalla o la carcasa externa o de R$289000  por Otros daños accidentales. Lee todos los detalles en los Términos y condiciones de AppleCare+."",""deviceDateOfPurchase"":""11/08/2026"",""deviceId"":""SHG3JHCD2C9"",""registeredDevice"":""0"",""pocType"":""RPOC"",""serialNumber"":""HG3JHCD2C9"",""partNumber"":""SR1A2ZX/A"",""partAlias"":""ACP"",""purchaseMode"":""C"",""productDescription"":""iMac (24-inch,2024, Two ports)""}},""orderErrorResponse"":{""errorCode"":""GRX-50017"",""errorMessage"":""El nombre y los apellidos no pueden superar los 34 caracteres.""},""transactionId"":""d08018a3-6cf3-4f04-bdb5-3adb8a777c4e-1786490474422""}"
False;5076984;2026-08-11 19:21:17.683000;2026-08-11 00:00:00;12201114;CREATEORDER;SHG3JHCD2C9;MWUG3CI/A;"{""orderDetailsResponses"":{""deviceEligibility"":{""secondaryDisplay"":""1"",""partDescription"":""AppleCare+ para iMac (M4)"",""coverageDuration"":""3"",""productStatement"":""AppleCare+ para iMac (M4) amplía la cobertura de servicio y soporte técnico a 3 años desde la fecha de compra de AppleCare+ e incluye cobertura para una cantidad ilimitada de incidentes por daño accidental debido a la manipulación del producto, cada uno de ellos sujeto a un cargo adicional de R$96000  por daños en la pantalla o la carcasa externa o de R$289000  por Otros daños accidentales. Lee todos los detalles en los Términos y condiciones de AppleCare+."",""deviceDateOfPurchase"":""11/08/2026"",""deviceId"":""SHG3JHCD2C9"",""registeredDevice"":""0"",""pocType"":""RPOC"",""serialNumber"":""HG3JHCD2C9"",""partNumber"":""SR1A2ZX/A"",""partAlias"":""ACP"",""purchaseMode"":""C"",""productDescription"":""iMac (24-inch,2024, Two ports)""}},""orderErrorResponse"":{""errorCode"":""GRX-50017"",""errorMessage"":""El nombre y los apellidos no pueden superar los 34 caracteres.""},""transactionId"":""3428d3b7-3d7e-437d-99f0-92c04c363d28-1786490476930""}"
True;5102274;2026-08-11 19:21:21.060000;2026-08-11 00:00:00;5102274;VERIFYORDER;SDJHN926J4N;MFHP4AM/A;"{""orderDetailsResponses"":{""deviceEligibility"":{""secondaryDisplay"":""0"",""partDescription"":""AppleCare+ para Headphones - AirPods Pro"",""coverageDuration"":""2"",""productStatement"":""AppleCare+ para Headphones - AirPods Pro amplía la cobertura de servicio y soporte técnico a 2 años desde la fecha de compra de AppleCare+ e incluye cobertura para una cantidad ilimitada de incidentes por daño accidental debido a la manipulación del producto, cada uno de ellos sujeto a un cargo adicional de R$28000 . Lee todos los detalles en los Términos y condiciones de AppleCare+."",""deviceDateOfPurchase"":""11/08/2026"",""deviceId"":""SDJHN926J4N"",""registeredDevice"":""1"",""pocType"":""APOC"",""serialNumber"":""DJHN926J4N"",""partNumber"":""SYLW2ZX/A"",""partAlias"":""ACP"",""purchaseMode"":""C"",""productDescription"":""AirPods Pro 3""}},""transactionId"":""7905d471-934c-4a8c-86b9-86bfa2b15960-1786490480560""}"
True;5102274;2026-08-11 19:21:22.727000;2026-08-11 00:00:00;5102274;CREATEORDER;SDJHN926J4N;MFHP4AM/A;"{""orderDetailsResponses"":{""deviceEligibility"":{""secondaryDisplay"":""0"",""partDescription"":""AppleCare+ para Headphones - AirPods Pro"",""coverageDuration"":""2"",""productStatement"":""AppleCare+ para Headphones - AirPods Pro amplía la cobertura de servicio y soporte técnico a 2 años desde la fecha de compra de AppleCare+ e incluye cobertura para una cantidad ilimitada de incidentes por daño accidental debido a la manipulación del producto, cada uno de ellos sujeto a un cargo adicional de R$28000 . Lee todos los detalles en los Términos y condiciones de AppleCare+."",""deviceDateOfPurchase"":""11/08/2026"",""deviceId"":""SDJHN926J4N"",""registeredDevice"":""1"",""pocType"":""RPOC"",""serialNumber"":""DJHN926J4N"",""partNumber"":""SYLW2ZX/A"",""partAlias"":""ACP"",""purchaseMode"":""C"",""productDescription"":""AirPods Pro 3""},""orderConfirmation"":{""agreementNumber"":""328097862164"",""coverageDurationStatement"":""Finaliza el 10/08/2028"",""termConditionURL"":""http://www.apple.com/legal/sales-support/"",""partNumber"":""SYLW2ZX/A"",""partAlias"":""ACP"",""partType"":""AppleCare+"",""purchaseMode"":""C"",""appleCareSalesDate"":""11/08/2026"",""pocType"":""RPOC"",""purchaseOrderNumber"":""5102274""}},""transactionId"":""e9ab8996-c75c-416f-9b56-c224445b20ef-1786490481904""}"
False;5076984;2026-08-11 19:21:56.773000;2026-08-11 00:00:00;12101114;CREATEORDER;SHG3JHCD2C9;MWUG3CI/A;"{""orderDetailsResponses"":{""deviceEligibility"":{""secondaryDisplay"":""1"",""partDescription"":""AppleCare+ para iMac (M4)"",""coverageDuration"":""3"",""productStatement"":""AppleCare+ para iMac (M4) amplía la cobertura de servicio y soporte técnico a 3 años desde la fecha de compra de AppleCare+ e incluye cobertura para una cantidad ilimitada de incidentes por daño accidental debido a la manipulación del producto, cada uno de ellos sujeto a un cargo adicional de R$96000  por daños en la pantalla o la carcasa externa o de R$289000  por Otros daños accidentales. Lee todos los detalles en los Términos y condiciones de AppleCare+."",""deviceDateOfPurchase"":""11/08/2026"",""deviceId"":""SHG3JHCD2C9"",""registeredDevice"":""0"",""pocType"":""RPOC"",""serialNumber"":""HG3JHCD2C9"",""partNumber"":""SR1A2ZX/A"",""partAlias"":""ACP"",""purchaseMode"":""C"",""productDescription"":""iMac (24-inch,2024, Two ports)""}},""orderErrorResponse"":{""errorCode"":""GRX-50017"",""errorMessage"":""El nombre y los apellidos no pueden superar los 34 caracteres.""},""transactionId"":""af845d6a-df38-4818-8546-cfeaf97f02c1-1786490516038""}"
False;5076984;2026-08-11 19:21:58.913000;2026-08-11 00:00:00;12201114;CREATEORDER;SHG3JHCD2C9;MWUG3CI/A;"{""orderDetailsResponses"":{""deviceEligibility"":{""secondaryDisplay"":""1"",""partDescription"":""AppleCare+ para iMac (M4)"",""coverageDuration"":""3"",""productStatement"":""AppleCare+ para iMac (M4) amplía la cobertura de servicio y soporte técnico a 3 años desde la fecha de compra de AppleCare+ e incluye cobertura para una cantidad ilimitada de incidentes por daño accidental debido a la manipulación del producto, cada uno de ellos sujeto a un cargo adicional de R$96000  por daños en la pantalla o la carcasa externa o de R$289000  por Otros daños accidentales. Lee todos los detalles en los Términos y condiciones de AppleCare+."",""deviceDateOfPurchase"":""11/08/2026"",""deviceId"":""SHG3JHCD2C9"",""registeredDevice"":""0"",""pocType"":""RPOC"",""serialNumber"":""HG3JHCD2C9"",""partNumber"":""SR1A2ZX/A"",""partAlias"":""ACP"",""purchaseMode"":""C"",""productDescription"":""iMac (24-inch,2024, Two ports)""}},""orderErrorResponse"":{""errorCode"":""GRX-50017"",""errorMessage"":""El nombre y los apellidos no pueden superar los 34 caracteres.""},""transactionId"":""f1d25849-3549-4be0-9bd7-528db791d675-1786490518043""}"
True;5123427;2026-08-11 19:22:14.657000;2026-08-11 00:00:00;18501004;CREATEORDER;SCGPQR75RW3;MG8G4BE/A;"{""orderDetailsResponses"":{""deviceEligibility"":{""secondaryDisplay"":""0"",""partDescription"":""AppleCare+ con robo y pérdida para iPhone 17 Pro"",""coverageDuration"":""2"",""productStatement"":""Tu AppleCare+ con robo y pérdida para iPhone 17 Pro amplía la cobertura de servicio y soporte técnico a 2 años desde la fecha de compra de AppleCare+ con robo y pérdida e incluye cobertura para una cantidad ilimitada de incidentes por daño accidental debido a la manipulación del producto o un máximo de dos incidentes de robo y pérdida cada 12 meses, cada uno de ellos sujeto a un cargo adicional de R$96000  por Otros daños accidentales o de R$28000  por los daños de la pantalla o la carcasa externa o de R$144000  por robo o pérdida. Lee todos los detalles en los Términos y condiciones de AppleCare+."",""deviceDateOfPurchase"":""11/08/2026"",""deviceId"":""SCGPQR75RW3"",""registeredDevice"":""1"",""pocType"":""APOC"",""serialNumber"":""CGPQR75RW3"",""partNumber"":""SX342ZX/A"",""partAlias"":""ACPTL"",""purchaseMode"":""C"",""productDescription"":""iPhone 17 Pro"",""tlDisclosure"":""La cobertura de robo y pérdida requiere que tengas la función Buscar habilitada en tu dispositivo antes de que se pierda o te lo roben. Durante el proceso de reclamación, te pediremos que uses la función Buscar para poner el dispositivo perdido o robado en modo Perdido, borrarlo y transferir la propiedad a Apple para que podamos asignarte un nuevo dispositivo. Para asegurarte de que puedas iniciar sesión en Buscar y acceder a esta función, es importante que recuerdes tu ID de Apple y contraseña, y que mantengas la información de tu cuenta actualizada. Si usas la autenticación de doble factor para el ID de Apple, te recomendamos que añadas un número de teléfono adicional de confianza a tu cuenta en el que puedas recibir el código de verificación de 6 dígitos que necesitas para iniciar sesión aunque no tengas tu iPhone. Para obtener más información, visita las páginas de Soporte técnico de Apple.""},""orderConfirmation"":{""agreementNumber"":""328097842575"",""coverageDurationStatement"":""Finaliza el 10/08/2028"",""termConditionURL"":""http://www.apple.com/legal/sales-support/"",""partNumber"":""SX342ZX/A"",""partAlias"":""ACPTL"",""partType"":""AC+TL"",""purchaseMode"":""C"",""appleCareSalesDate"":""11/08/2026"",""pocType"":""APOC"",""purchaseOrderNumber"":""18501004""}},""transactionId"":""26f48df1-c4cb-4859-a743-2eccf314b888-1786490530105""}"
True;1325074;2026-08-11 19:23:27.780000;2026-08-11 00:00:00;20001111;CREATEORDER;SF0303R2R30;MDYL4CI/A;"{""orderDetailsResponses"":{""deviceEligibility"":{""secondaryDisplay"":""1"",""partDescription"":""AppleCare+ para iPad Pro 13-inch (M5)"",""coverageDuration"":""2"",""productStatement"":""AppleCare+ para iPad Pro 13-inch (M5) amplía la cobertura de servicio y soporte técnico a 2 años desde la fecha de compra de AppleCare+ e incluye cobertura para una cantidad ilimitada de incidentes por daño accidental debido a la manipulación del producto, cada uno de ellos sujeto a un cargo adicional de R$28000  por Apple Pencil / Keyboard o de R$28000  por Daños que afectan solo a la pantalla o de R$96000  por Otros daños accidentales. Lee todos los detalles en los Términos y condiciones de AppleCare+."",""deviceDateOfPurchase"":""11/08/2026"",""deviceId"":""SF0303R2R30"",""registeredDevice"":""1"",""pocType"":""APOC"",""serialNumber"":""F0303R2R30"",""partNumber"":""SXT12ZX/A"",""partAlias"":""ACP"",""purchaseMode"":""C"",""productDescription"":""iPad Pro 13-inch (M5) Wi-Fi""},""orderConfirmation"":{""agreementNumber"":""328097841758"",""coverageDurationStatement"":""Finaliza el 10/08/2028"",""termConditionURL"":""http://www.apple.com/legal/sales-support/"",""partNumber"":""SXT12ZX/A"",""partAlias"":""ACP"",""partType"":""AppleCare+"",""purchaseMode"":""C"",""appleCareSalesDate"":""11/08/2026"",""pocType"":""APOC"",""purchaseOrderNumber"":""20001111""}},""transactionId"":""fbd3f3e2-1535-4828-a4d1-33fc99d889c9-1786490602989""}"
False;5076984;2026-08-11 19:26:18.230000;2026-08-11 00:00:00;12101114;CREATEORDER;SHG3JHCD2C9;MWUG3CI/A;"{""orderDetailsResponses"":{""deviceEligibility"":{""secondaryDisplay"":""1"",""partDescription"":""AppleCare+ para iMac (M4)"",""coverageDuration"":""3"",""productStatement"":""AppleCare+ para iMac (M4) amplía la cobertura de servicio y soporte técnico a 3 años desde la fecha de compra de AppleCare+ e incluye cobertura para una cantidad ilimitada de incidentes por daño accidental debido a la manipulación del producto, cada uno de ellos sujeto a un cargo adicional de R$96000  por daños en la pantalla o la carcasa externa o de R$289000  por Otros daños accidentales. Lee todos los detalles en los Términos y condiciones de AppleCare+."",""deviceDateOfPurchase"":""11/08/2026"",""deviceId"":""SHG3JHCD2C9"",""registeredDevice"":""0"",""pocType"":""RPOC"",""serialNumber"":""HG3JHCD2C9"",""partNumber"":""SR1A2ZX/A"",""partAlias"":""ACP"",""purchaseMode"":""C"",""productDescription"":""iMac (24-inch,2024, Two ports)""}},""orderErrorResponse"":{""errorCode"":""GRX-50017"",""errorMessage"":""El nombre y los apellidos no pueden superar los 34 caracteres.""},""transactionId"":""11b89b23-43ac-42df-8ded-c085ac646a48-1786490777276""}"
False;5076984;2026-08-11 19:26:19.867000;2026-08-11 00:00:00;12201114;CREATEORDER;SHG3JHCD2C9;MWUG3CI/A;"{""orderDetailsResponses"":{""deviceEligibility"":{""secondaryDisplay"":""1"",""partDescription"":""AppleCare+ para iMac (M4)"",""coverageDuration"":""3"",""productStatement"":""AppleCare+ para iMac (M4) amplía la cobertura de servicio y soporte técnico a 3 años desde la fecha de compra de AppleCare+ e incluye cobertura para una cantidad ilimitada de incidentes por daño accidental debido a la manipulación del producto, cada uno de ellos sujeto a un cargo adicional de R$96000  por daños en la pantalla o la carcasa externa o de R$289000  por Otros daños accidentales. Lee todos los detalles en los Términos y condiciones de AppleCare+."",""deviceDateOfPurchase"":""11/08/2026"",""deviceId"":""SHG3JHCD2C9"",""registeredDevice"":""0"",""pocType"":""RPOC"",""serialNumber"":""HG3JHCD2C9"",""partNumber"":""SR1A2ZX/A"",""partAlias"":""ACP"",""purchaseMode"":""C"",""productDescription"":""iMac (24-inch,2024, Two ports)""}},""orderErrorResponse"":{""errorCode"":""GRX-50017"",""errorMessage"":""El nombre y los apellidos no pueden superar los 34 caracteres.""},""transactionId"":""eb5473b8-1989-4b59-8205-03d6c46b51a6-1786490779129""}"
False;5076984;2026-08-11 19:26:55.917000;2026-08-11 00:00:00;12101114;CREATEORDER;SHG3JHCD2C9;MWUG3CI/A;"{""orderDetailsResponses"":{""deviceEligibility"":{""secondaryDisplay"":""1"",""partDescription"":""AppleCare+ para iMac (M4)"",""coverageDuration"":""3"",""productStatement"":""AppleCare+ para iMac (M4) amplía la cobertura de servicio y soporte técnico a 3 años desde la fecha de compra de AppleCare+ e incluye cobertura para una cantidad ilimitada de incidentes por daño accidental debido a la manipulación del producto, cada uno de ellos sujeto a un cargo adicional de R$96000  por daños en la pantalla o la carcasa externa o de R$289000  por Otros daños accidentales. Lee todos los detalles en los Términos y condiciones de AppleCare+."",""deviceDateOfPurchase"":""11/08/2026"",""deviceId"":""SHG3JHCD2C9"",""registeredDevice"":""0"",""pocType"":""RPOC"",""serialNumber"":""HG3JHCD2C9"",""partNumber"":""SR1A2ZX/A"",""partAlias"":""ACP"",""purchaseMode"":""C"",""productDescription"":""iMac (24-inch,2024, Two ports)""}},""orderErrorResponse"":{""errorCode"":""GRX-50017"",""errorMessage"":""El nombre y los apellidos no pueden superar los 34 caracteres.""},""transactionId"":""f93e34a4-99af-4508-9f3f-ca3fa929f16c-1786490815204""}"
False;5076984;2026-08-11 19:26:57.517000;2026-08-11 00:00:00;12201114;CREATEORDER;SHG3JHCD2C9;MWUG3CI/A;"{""orderDetailsResponses"":{""deviceEligibility"":{""secondaryDisplay"":""1"",""partDescription"":""AppleCare+ para iMac (M4)"",""coverageDuration"":""3"",""productStatement"":""AppleCare+ para iMac (M4) amplía la cobertura de servicio y soporte técnico a 3 años desde la fecha de compra de AppleCare+ e incluye cobertura para una cantidad ilimitada de incidentes por daño accidental debido a la manipulación del producto, cada uno de ellos sujeto a un cargo adicional de R$96000  por daños en la pantalla o la carcasa externa o de R$289000  por Otros daños accidentales. Lee todos los detalles en los Términos y condiciones de AppleCare+."",""deviceDateOfPurchase"":""11/08/2026"",""deviceId"":""SHG3JHCD2C9"",""registeredDevice"":""0"",""pocType"":""RPOC"",""serialNumber"":""HG3JHCD2C9"",""partNumber"":""SR1A2ZX/A"",""partAlias"":""ACP"",""purchaseMode"":""C"",""productDescription"":""iMac (24-inch,2024, Two ports)""}},""orderErrorResponse"":{""errorCode"":""GRX-50017"",""errorMessage"":""El nombre y los apellidos no pueden superar los 34 caracteres.""},""transactionId"":""772c63c0-124c-4870-a194-43c55796c93c-1786490816847""}"
True;5091023;2026-08-11 19:28:14.687000;2026-08-11 00:00:00;29901090;VERIFYORDER;SH7FX1WW34X;MG6L4BE/A;"{""orderDetailsResponses"":{""deviceEligibility"":{""secondaryDisplay"":""0"",""partDescription"":""AppleCare+ con robo y pérdida para iPhone 17"",""coverageDuration"":""2"",""productStatement"":""Tu AppleCare+ con robo y pérdida para iPhone 17 amplía la cobertura de servicio y soporte técnico a 2 años desde la fecha de compra de AppleCare+ con robo y pérdida e incluye cobertura para una cantidad ilimitada de incidentes por daño accidental debido a la manipulación del producto o un máximo de dos incidentes de robo y pérdida cada 12 meses, cada uno de ellos sujeto a un cargo adicional de R$96000  por Otros daños accidentales o de R$28000  por los daños de la pantalla o la carcasa externa o de R$144000  por robo o pérdida. Lee todos los detalles en los Términos y condiciones de AppleCare+."",""deviceDateOfPurchase"":""11/08/2026"",""deviceId"":""SH7FX1WW34X"",""registeredDevice"":""1"",""pocType"":""APOC"",""serialNumber"":""H7FX1WW34X"",""partNumber"":""SX2V2ZX/A"",""partAlias"":""ACPTL"",""purchaseMode"":""C"",""productDescription"":""iPhone 17"",""tlDisclosure"":""La cobertura de robo y pérdida requiere que tengas la función Buscar habilitada en tu dispositivo antes de que se pierda o te lo roben. Durante el proceso de reclamación, te pediremos que uses la función Buscar para poner el dispositivo perdido o robado en modo Perdido, borrarlo y transferir la propiedad a Apple para que podamos asignarte un nuevo dispositivo. Para asegurarte de que puedas iniciar sesión en Buscar y acceder a esta función, es importante que recuerdes tu ID de Apple y contraseña, y que mantengas la información de tu cuenta actualizada. Si usas la autenticación de doble factor para el ID de Apple, te recomendamos que añadas un número de teléfono adicional de confianza a tu cuenta en el que puedas recibir el código de verificación de 6 dígitos que necesitas para iniciar sesión aunque no tengas tu iPhone. Para obtener más información, visita las páginas de Soporte técnico de Apple.""}},""transactionId"":""6e999677-3d9e-4992-ab31-b783842488a9-1786490893870""}"
True;5114803;2026-08-11 19:29:49.227000;2026-08-11 00:00:00;19601029;CREATEORDER;SMJ97MC9FVD;MDHE4CI/A;"{""orderDetailsResponses"":{""deviceEligibility"":{""secondaryDisplay"":""1"",""partDescription"":""AppleCare+ para 13-inch MacBook Air (M5)"",""coverageDuration"":""3"",""productStatement"":""AppleCare+ para 13-inch MacBook Air (M5) amplía la cobertura de servicio y soporte técnico a 3 años desde la fecha de compra de AppleCare+ e incluye cobertura para una cantidad ilimitada de incidentes por daño accidental debido a la manipulación del producto, cada uno de ellos sujeto a un cargo adicional de R$96000  por daños en la pantalla o la carcasa externa o de R$289000  por Otros daños accidentales. Lee todos los detalles en los Términos y condiciones de AppleCare+."",""deviceDateOfPurchase"":""11/08/2026"",""deviceId"":""SMJ97MC9FVD"",""registeredDevice"":""1"",""pocType"":""APOC"",""serialNumber"":""MJ97MC9FVD"",""partNumber"":""SCW83ZX/A"",""partAlias"":""ACP"",""purchaseMode"":""C"",""productDescription"":""MacBook Air (13-inch, M5)""},""orderConfirmation"":{""agreementNumber"":""328097845401"",""coverageDurationStatement"":""Finaliza el 10/08/2029"",""termConditionURL"":""http://www.apple.com/legal/sales-support/"",""partNumber"":""SCW83ZX/A"",""partAlias"":""ACP"",""partType"":""AppleCare+"",""purchaseMode"":""C"",""appleCareSalesDate"":""11/08/2026"",""pocType"":""APOC"",""purchaseOrderNumber"":""19601029""}},""transactionId"":""af220f15-abe9-4e32-9524-c11ca14be357-1786490987012""}"
False;5076984;2026-08-11 19:31:18.803000;2026-08-11 00:00:00;12101114;CREATEORDER;SHG3JHCD2C9;MWUG3CI/A;"{""orderDetailsResponses"":{""deviceEligibility"":{""secondaryDisplay"":""1"",""partDescription"":""AppleCare+ para iMac (M4)"",""coverageDuration"":""3"",""productStatement"":""AppleCare+ para iMac (M4) amplía la cobertura de servicio y soporte técnico a 3 años desde la fecha de compra de AppleCare+ e incluye cobertura para una cantidad ilimitada de incidentes por daño accidental debido a la manipulación del producto, cada uno de ellos sujeto a un cargo adicional de R$96000  por daños en la pantalla o la carcasa externa o de R$289000  por Otros daños accidentales. Lee todos los detalles en los Términos y condiciones de AppleCare+."",""deviceDateOfPurchase"":""11/08/2026"",""deviceId"":""SHG3JHCD2C9"",""registeredDevice"":""0"",""pocType"":""RPOC"",""serialNumber"":""HG3JHCD2C9"",""partNumber"":""SR1A2ZX/A"",""partAlias"":""ACP"",""purchaseMode"":""C"",""productDescription"":""iMac (24-inch,2024, Two ports)""}},""orderErrorResponse"":{""errorCode"":""GRX-50017"",""errorMessage"":""El nombre y los apellidos no pueden superar los 34 caracteres.""},""transactionId"":""b6793155-2821-4dd0-8c5d-78e2da940f72-1786491078046""}"
False;5076984;2026-08-11 19:31:21.227000;2026-08-11 00:00:00;12201114;CREATEORDER;SHG3JHCD2C9;MWUG3CI/A;"{""orderDetailsResponses"":{""deviceEligibility"":{""secondaryDisplay"":""1"",""partDescription"":""AppleCare+ para iMac (M4)"",""coverageDuration"":""3"",""productStatement"":""AppleCare+ para iMac (M4) amplía la cobertura de servicio y soporte técnico a 3 años desde la fecha de compra de AppleCare+ e incluye cobertura para una cantidad ilimitada de incidentes por daño accidental debido a la manipulación del producto, cada uno de ellos sujeto a un cargo adicional de R$96000  por daños en la pantalla o la carcasa externa o de R$289000  por Otros daños accidentales. Lee todos los detalles en los Términos y condiciones de AppleCare+."",""deviceDateOfPurchase"":""11/08/2026"",""deviceId"":""SHG3JHCD2C9"",""registeredDevice"":""0"",""pocType"":""RPOC"",""serialNumber"":""HG3JHCD2C9"",""partNumber"":""SR1A2ZX/A"",""partAlias"":""ACP"",""purchaseMode"":""C"",""productDescription"":""iMac (24-inch,2024, Two ports)""}},""orderErrorResponse"":{""errorCode"":""GRX-50017"",""errorMessage"":""El nombre y los apellidos no pueden superar los 34 caracteres.""},""transactionId"":""8151a04b-d3e2-4ab9-a689-3966a4dd54b9-1786491080502""}"
False;5076984;2026-08-11 19:31:57.930000;2026-08-11 00:00:00;12101114;CREATEORDER;SHG3JHCD2C9;MWUG3CI/A;"{""orderDetailsResponses"":{""deviceEligibility"":{""secondaryDisplay"":""1"",""partDescription"":""AppleCare+ para iMac (M4)"",""coverageDuration"":""3"",""productStatement"":""AppleCare+ para iMac (M4) amplía la cobertura de servicio y soporte técnico a 3 años desde la fecha de compra de AppleCare+ e incluye cobertura para una cantidad ilimitada de incidentes por daño accidental debido a la manipulación del producto, cada uno de ellos sujeto a un cargo adicional de R$96000  por daños en la pantalla o la carcasa externa o de R$289000  por Otros daños accidentales. Lee todos los detalles en los Términos y condiciones de AppleCare+."",""deviceDateOfPurchase"":""11/08/2026"",""deviceId"":""SHG3JHCD2C9"",""registeredDevice"":""0"",""pocType"":""RPOC"",""serialNumber"":""HG3JHCD2C9"",""partNumber"":""SR1A2ZX/A"",""partAlias"":""ACP"",""purchaseMode"":""C"",""productDescription"":""iMac (24-inch,2024, Two ports)""}},""orderErrorResponse"":{""errorCode"":""GRX-50017"",""errorMessage"":""El nombre y los apellidos no pueden superar los 34 caracteres.""},""transactionId"":""e954d54d-aa6b-4508-b2c5-ea845767fdc0-1786491117216""}"
False;5076984;2026-08-11 19:31:59.980000;2026-08-11 00:00:00;12201114;CREATEORDER;SHG3JHCD2C9;MWUG3CI/A;"{""orderDetailsResponses"":{""deviceEligibility"":{""secondaryDisplay"":""1"",""partDescription"":""AppleCare+ para iMac (M4)"",""coverageDuration"":""3"",""productStatement"":""AppleCare+ para iMac (M4) amplía la cobertura de servicio y soporte técnico a 3 años desde la fecha de compra de AppleCare+ e incluye cobertura para una cantidad ilimitada de incidentes por daño accidental debido a la manipulación del producto, cada uno de ellos sujeto a un cargo adicional de R$96000  por daños en la pantalla o la carcasa externa o de R$289000  por Otros daños accidentales. Lee todos los detalles en los Términos y condiciones de AppleCare+."",""deviceDateOfPurchase"":""11/08/2026"",""deviceId"":""SHG3JHCD2C9"",""registeredDevice"":""0"",""pocType"":""RPOC"",""serialNumber"":""HG3JHCD2C9"",""partNumber"":""SR1A2ZX/A"",""partAlias"":""ACP"",""purchaseMode"":""C"",""productDescription"":""iMac (24-inch,2024, Two ports)""}},""orderErrorResponse"":{""errorCode"":""GRX-50017"",""errorMessage"":""El nombre y los apellidos no pueden superar los 34 caracteres.""},""transactionId"":""4885ea40-e0b1-42c2-b019-3958dfc6046c-1786491119239""}"
True;5091023;2026-08-11 19:35:30.507000;2026-08-11 00:00:00;29901090;CREATEORDER;SH7FX1WW34X;MG6L4BE/A;"{""orderDetailsResponses"":{""deviceEligibility"":{""secondaryDisplay"":""0"",""partDescription"":""AppleCare+ con robo y pérdida para iPhone 17"",""coverageDuration"":""2"",""productStatement"":""Tu AppleCare+ con robo y pérdida para iPhone 17 amplía la cobertura de servicio y soporte técnico a 2 años desde la fecha de compra de AppleCare+ con robo y pérdida e incluye cobertura para una cantidad ilimitada de incidentes por daño accidental debido a la manipulación del producto o un máximo de dos incidentes de robo y pérdida cada 12 meses, cada uno de ellos sujeto a un cargo adicional de R$96000  por Otros daños accidentales o de R$28000  por los daños de la pantalla o la carcasa externa o de R$144000  por robo o pérdida. Lee todos los detalles en los Términos y condiciones de AppleCare+."",""deviceDateOfPurchase"":""11/08/2026"",""deviceId"":""SH7FX1WW34X"",""registeredDevice"":""1"",""pocType"":""APOC"",""serialNumber"":""H7FX1WW34X"",""partNumber"":""SX2V2ZX/A"",""partAlias"":""ACPTL"",""purchaseMode"":""C"",""productDescription"":""iPhone 17"",""tlDisclosure"":""La cobertura de robo y pérdida requiere que tengas la función Buscar habilitada en tu dispositivo antes de que se pierda o te lo roben. Durante el proceso de reclamación, te pediremos que uses la función Buscar para poner el dispositivo perdido o robado en modo Perdido, borrarlo y transferir la propiedad a Apple para que podamos asignarte un nuevo dispositivo. Para asegurarte de que puedas iniciar sesión en Buscar y acceder a esta función, es importante que recuerdes tu ID de Apple y contraseña, y que mantengas la información de tu cuenta actualizada. Si usas la autenticación de doble factor para el ID de Apple, te recomendamos que añadas un número de teléfono adicional de confianza a tu cuenta en el que puedas recibir el código de verificación de 6 dígitos que necesitas para iniciar sesión aunque no tengas tu iPhone. Para obtener más información, visita las páginas de Soporte técnico de Apple.""},""orderConfirmation"":{""agreementNumber"":""328097843530"",""coverageDurationStatement"":""Finaliza el 10/08/2028"",""termConditionURL"":""http://www.apple.com/legal/sales-support/"",""partNumber"":""SX2V2ZX/A"",""partAlias"":""ACPTL"",""partType"":""AC+TL"",""purchaseMode"":""C"",""appleCareSalesDate"":""11/08/2026"",""pocType"":""APOC"",""purchaseOrderNumber"":""29901090""}},""transactionId"":""84f0a106-fb3c-4c39-bcf3-b64d130e4c7a-1786491325724""}"
False;5076984;2026-08-11 19:36:17.067000;2026-08-11 00:00:00;12101114;CREATEORDER;SHG3JHCD2C9;MWUG3CI/A;"{""orderDetailsResponses"":{""deviceEligibility"":{""secondaryDisplay"":""1"",""partDescription"":""AppleCare+ para iMac (M4)"",""coverageDuration"":""3"",""productStatement"":""AppleCare+ para iMac (M4) amplía la cobertura de servicio y soporte técnico a 3 años desde la fecha de compra de AppleCare+ e incluye cobertura para una cantidad ilimitada de incidentes por daño accidental debido a la manipulación del producto, cada uno de ellos sujeto a un cargo adicional de R$96000  por daños en la pantalla o la carcasa externa o de R$289000  por Otros daños accidentales. Lee todos los detalles en los Términos y condiciones de AppleCare+."",""deviceDateOfPurchase"":""11/08/2026"",""deviceId"":""SHG3JHCD2C9"",""registeredDevice"":""0"",""pocType"":""RPOC"",""serialNumber"":""HG3JHCD2C9"",""partNumber"":""SR1A2ZX/A"",""partAlias"":""ACP"",""purchaseMode"":""C"",""productDescription"":""iMac (24-inch,2024, Two ports)""}},""orderErrorResponse"":{""errorCode"":""GRX-50017"",""errorMessage"":""El nombre y los apellidos no pueden superar los 34 caracteres.""},""transactionId"":""e338ac69-1811-4d13-9eed-88eb50329496-1786491376247""}"
False;5076984;2026-08-11 19:36:19.043000;2026-08-11 00:00:00;12201114;CREATEORDER;SHG3JHCD2C9;MWUG3CI/A;"{""orderDetailsResponses"":{""deviceEligibility"":{""secondaryDisplay"":""1"",""partDescription"":""AppleCare+ para iMac (M4)"",""coverageDuration"":""3"",""productStatement"":""AppleCare+ para iMac (M4) amplía la cobertura de servicio y soporte técnico a 3 años desde la fecha de compra de AppleCare+ e incluye cobertura para una cantidad ilimitada de incidentes por daño accidental debido a la manipulación del producto, cada uno de ellos sujeto a un cargo adicional de R$96000  por daños en la pantalla o la carcasa externa o de R$289000  por Otros daños accidentales. Lee todos los detalles en los Términos y condiciones de AppleCare+."",""deviceDateOfPurchase"":""11/08/2026"",""deviceId"":""SHG3JHCD2C9"",""registeredDevice"":""0"",""pocType"":""RPOC"",""serialNumber"":""HG3JHCD2C9"",""partNumber"":""SR1A2ZX/A"",""partAlias"":""ACP"",""purchaseMode"":""C"",""productDescription"":""iMac (24-inch,2024, Two ports)""}},""orderErrorResponse"":{""errorCode"":""GRX-50017"",""errorMessage"":""El nombre y los apellidos no pueden superar los 34 caracteres.""},""transactionId"":""2812d513-cbbf-4ed0-9f7b-5e3b1750af66-1786491378283""}"
False;5076984;2026-08-11 19:36:56.007000;2026-08-11 00:00:00;12101114;CREATEORDER;SHG3JHCD2C9;MWUG3CI/A;"{""orderDetailsResponses"":{""deviceEligibility"":{""secondaryDisplay"":""1"",""partDescription"":""AppleCare+ para iMac (M4)"",""coverageDuration"":""3"",""productStatement"":""AppleCare+ para iMac (M4) amplía la cobertura de servicio y soporte técnico a 3 años desde la fecha de compra de AppleCare+ e incluye cobertura para una cantidad ilimitada de incidentes por daño accidental debido a la manipulación del producto, cada uno de ellos sujeto a un cargo adicional de R$96000  por daños en la pantalla o la carcasa externa o de R$289000  por Otros daños accidentales. Lee todos los detalles en los Términos y condiciones de AppleCare+."",""deviceDateOfPurchase"":""11/08/2026"",""deviceId"":""SHG3JHCD2C9"",""registeredDevice"":""0"",""pocType"":""RPOC"",""serialNumber"":""HG3JHCD2C9"",""partNumber"":""SR1A2ZX/A"",""partAlias"":""ACP"",""purchaseMode"":""C"",""productDescription"":""iMac (24-inch,2024, Two ports)""}},""orderErrorResponse"":{""errorCode"":""GRX-50017"",""errorMessage"":""El nombre y los apellidos no pueden superar los 34 caracteres.""},""transactionId"":""476ce616-f80b-4b99-9d75-6f246836967f-1786491415242""}"
False;5076984;2026-08-11 19:36:57.887000;2026-08-11 00:00:00;12201114;CREATEORDER;SHG3JHCD2C9;MWUG3CI/A;"{""orderDetailsResponses"":{""deviceEligibility"":{""secondaryDisplay"":""1"",""partDescription"":""AppleCare+ para iMac (M4)"",""coverageDuration"":""3"",""productStatement"":""AppleCare+ para iMac (M4) amplía la cobertura de servicio y soporte técnico a 3 años desde la fecha de compra de AppleCare+ e incluye cobertura para una cantidad ilimitada de incidentes por daño accidental debido a la manipulación del producto, cada uno de ellos sujeto a un cargo adicional de R$96000  por daños en la pantalla o la carcasa externa o de R$289000  por Otros daños accidentales. Lee todos los detalles en los Términos y condiciones de AppleCare+."",""deviceDateOfPurchase"":""11/08/2026"",""deviceId"":""SHG3JHCD2C9"",""registeredDevice"":""0"",""pocType"":""RPOC"",""serialNumber"":""HG3JHCD2C9"",""partNumber"":""SR1A2ZX/A"",""partAlias"":""ACP"",""purchaseMode"":""C"",""productDescription"":""iMac (24-inch,2024, Two ports)""}},""orderErrorResponse"":{""errorCode"":""GRX-50017"",""errorMessage"":""El nombre y los apellidos no pueden superar los 34 caracteres.""},""transactionId"":""5d9fa290-3605-432f-8f16-b16622efc7b8-1786491417145""}"
True;5076997;2026-08-11 19:41:10.273000;2026-08-11 00:00:00;12301114;VERIFYORDER;SH9RT2YQ21J;MEU04AM/A;"{""orderDetailsResponses"":{""deviceEligibility"":{""secondaryDisplay"":""0"",""partDescription"":""AppleCare+ para Apple Watch Series 11"",""coverageDuration"":""2"",""productStatement"":""AppleCare+ para Apple Watch Series 11 amplía la cobertura de servicio y soporte técnico a 2 años desde la fecha de compra de AppleCare+ e incluye cobertura para una cantidad ilimitada de incidentes por daño accidental debido a la manipulación del producto, cada uno de ellos sujeto a un cargo adicional de R$67000  por Otros daños accidentales. Lee todos los detalles en los Términos y condiciones de AppleCare+."",""deviceDateOfPurchase"":""11/08/2026"",""deviceId"":""SH9RT2YQ21J"",""registeredDevice"":""1"",""pocType"":""APOC"",""serialNumber"":""H9RT2YQ21J"",""partNumber"":""SXCJ2ZX/A"",""partAlias"":""ACP"",""purchaseMode"":""C"",""productDescription"":""Watch Series 11 (GPS) Aluminum 42MM""}},""transactionId"":""18711e38-e7c0-405f-81ff-e8acdda78982-1786491669734""}"
False;5076984;2026-08-11 19:41:19.310000;2026-08-11 00:00:00;12101114;CREATEORDER;SHG3JHCD2C9;MWUG3CI/A;"{""orderDetailsResponses"":{""deviceEligibility"":{""secondaryDisplay"":""1"",""partDescription"":""AppleCare+ para iMac (M4)"",""coverageDuration"":""3"",""productStatement"":""AppleCare+ para iMac (M4) amplía la cobertura de servicio y soporte técnico a 3 años desde la fecha de compra de AppleCare+ e incluye cobertura para una cantidad ilimitada de incidentes por daño accidental debido a la manipulación del producto, cada uno de ellos sujeto a un cargo adicional de R$96000  por daños en la pantalla o la carcasa externa o de R$289000  por Otros daños accidentales. Lee todos los detalles en los Términos y condiciones de AppleCare+."",""deviceDateOfPurchase"":""11/08/2026"",""deviceId"":""SHG3JHCD2C9"",""registeredDevice"":""0"",""pocType"":""RPOC"",""serialNumber"":""HG3JHCD2C9"",""partNumber"":""SR1A2ZX/A"",""partAlias"":""ACP"",""purchaseMode"":""C"",""productDescription"":""iMac (24-inch,2024, Two ports)""}},""orderErrorResponse"":{""errorCode"":""GRX-50017"",""errorMessage"":""El nombre y los apellidos no pueden superar los 34 caracteres.""},""transactionId"":""8760f565-8acc-4ebc-8788-801117dad8be-1786491678586""}"
False;5076984;2026-08-11 19:41:21.117000;2026-08-11 00:00:00;12201114;CREATEORDER;SHG3JHCD2C9;MWUG3CI/A;"{""orderDetailsResponses"":{""deviceEligibility"":{""secondaryDisplay"":""1"",""partDescription"":""AppleCare+ para iMac (M4)"",""coverageDuration"":""3"",""productStatement"":""AppleCare+ para iMac (M4) amplía la cobertura de servicio y soporte técnico a 3 años desde la fecha de compra de AppleCare+ e incluye cobertura para una cantidad ilimitada de incidentes por daño accidental debido a la manipulación del producto, cada uno de ellos sujeto a un cargo adicional de R$96000  por daños en la pantalla o la carcasa externa o de R$289000  por Otros daños accidentales. Lee todos los detalles en los Términos y condiciones de AppleCare+."",""deviceDateOfPurchase"":""11/08/2026"",""deviceId"":""SHG3JHCD2C9"",""registeredDevice"":""0"",""pocType"":""RPOC"",""serialNumber"":""HG3JHCD2C9"",""partNumber"":""SR1A2ZX/A"",""partAlias"":""ACP"",""purchaseMode"":""C"",""productDescription"":""iMac (24-inch,2024, Two ports)""}},""orderErrorResponse"":{""errorCode"":""GRX-50017"",""errorMessage"":""El nombre y los apellidos no pueden superar los 34 caracteres.""},""transactionId"":""556546f8-3bf8-4227-b680-4ee7bd60e5b7-1786491680323""}"
False;5076984;2026-08-11 19:41:56.553000;2026-08-11 00:00:00;12101114;CREATEORDER;SHG3JHCD2C9;MWUG3CI/A;"{""orderDetailsResponses"":{""deviceEligibility"":{""secondaryDisplay"":""1"",""partDescription"":""AppleCare+ para iMac (M4)"",""coverageDuration"":""3"",""productStatement"":""AppleCare+ para iMac (M4) amplía la cobertura de servicio y soporte técnico a 3 años desde la fecha de compra de AppleCare+ e incluye cobertura para una cantidad ilimitada de incidentes por daño accidental debido a la manipulación del producto, cada uno de ellos sujeto a un cargo adicional de R$96000  por daños en la pantalla o la carcasa externa o de R$289000  por Otros daños accidentales. Lee todos los detalles en los Términos y condiciones de AppleCare+."",""deviceDateOfPurchase"":""11/08/2026"",""deviceId"":""SHG3JHCD2C9"",""registeredDevice"":""0"",""pocType"":""RPOC"",""serialNumber"":""HG3JHCD2C9"",""partNumber"":""SR1A2ZX/A"",""partAlias"":""ACP"",""purchaseMode"":""C"",""productDescription"":""iMac (24-inch,2024, Two ports)""}},""orderErrorResponse"":{""errorCode"":""GRX-50017"",""errorMessage"":""El nombre y los apellidos no pueden superar los 34 caracteres.""},""transactionId"":""70c91870-84a4-4315-82d6-d00e5a055190-1786491715828""}"
False;5076984;2026-08-11 19:41:58.357000;2026-08-11 00:00:00;12201114;CREATEORDER;SHG3JHCD2C9;MWUG3CI/A;"{""orderDetailsResponses"":{""deviceEligibility"":{""secondaryDisplay"":""1"",""partDescription"":""AppleCare+ para iMac (M4)"",""coverageDuration"":""3"",""productStatement"":""AppleCare+ para iMac (M4) amplía la cobertura de servicio y soporte técnico a 3 años desde la fecha de compra de AppleCare+ e incluye cobertura para una cantidad ilimitada de incidentes por daño accidental debido a la manipulación del producto, cada uno de ellos sujeto a un cargo adicional de R$96000  por daños en la pantalla o la carcasa externa o de R$289000  por Otros daños accidentales. Lee todos los detalles en los Términos y condiciones de AppleCare+."",""deviceDateOfPurchase"":""11/08/2026"",""deviceId"":""SHG3JHCD2C9"",""registeredDevice"":""0"",""pocType"":""RPOC"",""serialNumber"":""HG3JHCD2C9"",""partNumber"":""SR1A2ZX/A"",""partAlias"":""ACP"",""purchaseMode"":""C"",""productDescription"":""iMac (24-inch,2024, Two ports)""}},""orderErrorResponse"":{""errorCode"":""GRX-50017"",""errorMessage"":""El nombre y los apellidos no pueden superar los 34 caracteres.""},""transactionId"":""c588c845-d3e5-4ea6-a68f-3f38e8bf1fcd-1786491717634""}"
True;5121297;2026-08-11 19:44:30.637000;2026-08-11 00:00:00;16801065;VERIFYORDER;SG9277DFVXW;MD4A4CI/A;"{""orderDetailsResponses"":{""deviceEligibility"":{""secondaryDisplay"":""1"",""partDescription"":""AppleCare+ para iPad (A16)"",""coverageDuration"":""2"",""productStatement"":""AppleCare+ para iPad (A16) amplía la cobertura de servicio y soporte técnico a 2 años desde la fecha de compra de AppleCare+ e incluye cobertura para una cantidad ilimitada de incidentes por daño accidental debido a la manipulación del producto, cada uno de ellos sujeto a un cargo adicional de R$96000  por Otros daños accidentales o de R$28000  por Daños que afectan solo a la pantalla o de R$28000  por Apple Pencil / Keyboard. Lee todos los detalles en los Términos y condiciones de AppleCare+."",""deviceDateOfPurchase"":""04/08/2026"",""deviceId"":""SG9277DFVXW"",""registeredDevice"":""0"",""pocType"":""APOC"",""serialNumber"":""G9277DFVXW"",""partNumber"":""SUYD2ZX/A"",""partAlias"":""ACP"",""purchaseMode"":""I"",""productDescription"":""iPad (A16) Wi-Fi""}},""transactionId"":""c923b1fb-e5c9-448d-ba61-f06315a965d2-1786491870079""}"
True;5076997;2026-08-11 19:44:37.993000;2026-08-11 00:00:00;12301114;CREATEORDER;SH9RT2YQ21J;MEU04AM/A;"{""orderDetailsResponses"":{""deviceEligibility"":{""secondaryDisplay"":""0"",""partDescription"":""AppleCare+ para Apple Watch Series 11"",""coverageDuration"":""2"",""productStatement"":""AppleCare+ para Apple Watch Series 11 amplía la cobertura de servicio y soporte técnico a 2 años desde la fecha de compra de AppleCare+ e incluye cobertura para una cantidad ilimitada de incidentes por daño accidental debido a la manipulación del producto, cada uno de ellos sujeto a un cargo adicional de R$67000  por Otros daños accidentales. Lee todos los detalles en los Términos y condiciones de AppleCare+."",""deviceDateOfPurchase"":""11/08/2026"",""deviceId"":""SH9RT2YQ21J"",""registeredDevice"":""1"",""pocType"":""APOC"",""serialNumber"":""H9RT2YQ21J"",""partNumber"":""SXCJ2ZX/A"",""partAlias"":""ACP"",""purchaseMode"":""C"",""productDescription"":""Watch Series 11 (GPS) Aluminum 42MM""},""orderConfirmation"":{""agreementNumber"":""328097845536"",""coverageDurationStatement"":""Finaliza el 10/08/2028"",""termConditionURL"":""http://www.apple.com/legal/sales-support/"",""partNumber"":""SXCJ2ZX/A"",""partAlias"":""ACP"",""partType"":""AppleCare+"",""purchaseMode"":""C"",""appleCareSalesDate"":""11/08/2026"",""pocType"":""APOC"",""purchaseOrderNumber"":""12301114""}},""transactionId"":""3868ea42-dbff-4d4d-972a-36dffeb8cb35-1786491873364""}"
False;5076984;2026-08-11 19:46:18.950000;2026-08-11 00:00:00;12101114;CREATEORDER;SHG3JHCD2C9;MWUG3CI/A;"{""orderDetailsResponses"":{""deviceEligibility"":{""secondaryDisplay"":""1"",""partDescription"":""AppleCare+ para iMac (M4)"",""coverageDuration"":""3"",""productStatement"":""AppleCare+ para iMac (M4) amplía la cobertura de servicio y soporte técnico a 3 años desde la fecha de compra de AppleCare+ e incluye cobertura para una cantidad ilimitada de incidentes por daño accidental debido a la manipulación del producto, cada uno de ellos sujeto a un cargo adicional de R$96000  por daños en la pantalla o la carcasa externa o de R$289000  por Otros daños accidentales. Lee todos los detalles en los Términos y condiciones de AppleCare+."",""deviceDateOfPurchase"":""11/08/2026"",""deviceId"":""SHG3JHCD2C9"",""registeredDevice"":""0"",""pocType"":""RPOC"",""serialNumber"":""HG3JHCD2C9"",""partNumber"":""SR1A2ZX/A"",""partAlias"":""ACP"",""purchaseMode"":""C"",""productDescription"":""iMac (24-inch,2024, Two ports)""}},""orderErrorResponse"":{""errorCode"":""GRX-50017"",""errorMessage"":""El nombre y los apellidos no pueden superar los 34 caracteres.""},""transactionId"":""c55b9c2e-4c32-44b0-89d3-bfa41564a8c8-1786491978182""}"
False;5076984;2026-08-11 19:46:26.057000;2026-08-11 00:00:00;12201114;CREATEORDER;SHG3JHCD2C9;MWUG3CI/A;"{""orderDetailsResponses"":{""deviceEligibility"":{""secondaryDisplay"":""1"",""partDescription"":""AppleCare+ para iMac (M4)"",""coverageDuration"":""3"",""productStatement"":""AppleCare+ para iMac (M4) amplía la cobertura de servicio y soporte técnico a 3 años desde la fecha de compra de AppleCare+ e incluye cobertura para una cantidad ilimitada de incidentes por daño accidental debido a la manipulación del producto, cada uno de ellos sujeto a un cargo adicional de R$96000  por daños en la pantalla o la carcasa externa o de R$289000  por Otros daños accidentales. Lee todos los detalles en los Términos y condiciones de AppleCare+."",""deviceDateOfPurchase"":""11/08/2026"",""deviceId"":""SHG3JHCD2C9"",""registeredDevice"":""0"",""pocType"":""RPOC"",""serialNumber"":""HG3JHCD2C9"",""partNumber"":""SR1A2ZX/A"",""partAlias"":""ACP"",""purchaseMode"":""C"",""productDescription"":""iMac (24-inch,2024, Two ports)""}},""orderErrorResponse"":{""errorCode"":""GRX-50017"",""errorMessage"":""El nombre y los apellidos no pueden superar los 34 caracteres.""},""transactionId"":""6605237e-06d7-46e5-b71d-db89b902a886-1786491985258""}"
True;5121297;2026-08-11 19:46:30.480000;2026-08-11 00:00:00;16801065;VERIFYORDER;SG9277DFVXW;MD4A4CI/A;"{""orderDetailsResponses"":{""deviceEligibility"":{""secondaryDisplay"":""1"",""partDescription"":""AppleCare+ para iPad (A16)"",""coverageDuration"":""2"",""productStatement"":""AppleCare+ para iPad (A16) amplía la cobertura de servicio y soporte técnico a 2 años desde la fecha de compra de AppleCare+ e incluye cobertura para una cantidad ilimitada de incidentes por daño accidental debido a la manipulación del producto, cada uno de ellos sujeto a un cargo adicional de R$96000  por Otros daños accidentales o de R$28000  por Daños que afectan solo a la pantalla o de R$28000  por Apple Pencil / Keyboard. Lee todos los detalles en los Términos y condiciones de AppleCare+."",""deviceDateOfPurchase"":""04/08/2026"",""deviceId"":""SG9277DFVXW"",""registeredDevice"":""0"",""pocType"":""APOC"",""serialNumber"":""G9277DFVXW"",""partNumber"":""SUYD2ZX/A"",""partAlias"":""ACP"",""purchaseMode"":""I"",""productDescription"":""iPad (A16) Wi-Fi""}},""transactionId"":""b1184a50-8ecf-4656-a317-21af23989379-1786491989941""}"
False;5076984;2026-08-11 19:46:57.493000;2026-08-11 00:00:00;12101114;CREATEORDER;SHG3JHCD2C9;MWUG3CI/A;"{""orderDetailsResponses"":{""deviceEligibility"":{""secondaryDisplay"":""1"",""partDescription"":""AppleCare+ para iMac (M4)"",""coverageDuration"":""3"",""productStatement"":""AppleCare+ para iMac (M4) amplía la cobertura de servicio y soporte técnico a 3 años desde la fecha de compra de AppleCare+ e incluye cobertura para una cantidad ilimitada de incidentes por daño accidental debido a la manipulación del producto, cada uno de ellos sujeto a un cargo adicional de R$96000  por daños en la pantalla o la carcasa externa o de R$289000  por Otros daños accidentales. Lee todos los detalles en los Términos y condiciones de AppleCare+."",""deviceDateOfPurchase"":""11/08/2026"",""deviceId"":""SHG3JHCD2C9"",""registeredDevice"":""0"",""pocType"":""RPOC"",""serialNumber"":""HG3JHCD2C9"",""partNumber"":""SR1A2ZX/A"",""partAlias"":""ACP"",""purchaseMode"":""C"",""productDescription"":""iMac (24-inch,2024, Two ports)""}},""orderErrorResponse"":{""errorCode"":""GRX-50017"",""errorMessage"":""El nombre y los apellidos no pueden superar los 34 caracteres.""},""transactionId"":""e3bcc7b1-9962-4232-8b63-570565072ef3-1786492016802""}"
False;5076984;2026-08-11 19:47:00.063000;2026-08-11 00:00:00;12201114;CREATEORDER;SHG3JHCD2C9;MWUG3CI/A;"{""orderDetailsResponses"":{""deviceEligibility"":{""secondaryDisplay"":""1"",""partDescription"":""AppleCare+ para iMac (M4)"",""coverageDuration"":""3"",""productStatement"":""AppleCare+ para iMac (M4) amplía la cobertura de servicio y soporte técnico a 3 años desde la fecha de compra de AppleCare+ e incluye cobertura para una cantidad ilimitada de incidentes por daño accidental debido a la manipulación del producto, cada uno de ellos sujeto a un cargo adicional de R$96000  por daños en la pantalla o la carcasa externa o de R$289000  por Otros daños accidentales. Lee todos los detalles en los Términos y condiciones de AppleCare+."",""deviceDateOfPurchase"":""11/08/2026"",""deviceId"":""SHG3JHCD2C9"",""registeredDevice"":""0"",""pocType"":""RPOC"",""serialNumber"":""HG3JHCD2C9"",""partNumber"":""SR1A2ZX/A"",""partAlias"":""ACP"",""purchaseMode"":""C"",""productDescription"":""iMac (24-inch,2024, Two ports)""}},""orderErrorResponse"":{""errorCode"":""GRX-50017"",""errorMessage"":""El nombre y los apellidos no pueden superar los 34 caracteres.""},""transactionId"":""5125a78e-a76a-4c89-a308-63ddfbf08331-1786492019402""}"
True;5121297;2026-08-11 19:47:40.220000;2026-08-11 00:00:00;16801065;CREATEORDER;SG9277DFVXW;MD4A4CI/A;"{""orderDetailsResponses"":{""deviceEligibility"":{""secondaryDisplay"":""1"",""partDescription"":""AppleCare+ para iPad (A16)"",""coverageDuration"":""2"",""productStatement"":""AppleCare+ para iPad (A16) amplía la cobertura de servicio y soporte técnico a 2 años desde la fecha de compra de AppleCare+ e incluye cobertura para una cantidad ilimitada de incidentes por daño accidental debido a la manipulación del producto, cada uno de ellos sujeto a un cargo adicional de R$96000  por Otros daños accidentales o de R$28000  por Daños que afectan solo a la pantalla o de R$28000  por Apple Pencil / Keyboard. Lee todos los detalles en los Términos y condiciones de AppleCare+."",""deviceDateOfPurchase"":""04/08/2026"",""deviceId"":""SG9277DFVXW"",""registeredDevice"":""0"",""pocType"":""APOC"",""serialNumber"":""G9277DFVXW"",""partNumber"":""SUYD2ZX/A"",""partAlias"":""ACP"",""purchaseMode"":""I"",""productDescription"":""iPad (A16) Wi-Fi""},""orderConfirmation"":{""agreementNumber"":""328097862387"",""coverageDurationStatement"":""Finaliza el 10/08/2028"",""termConditionURL"":""http://www.apple.com/legal/sales-support/"",""partNumber"":""SUYD2ZX/A"",""partAlias"":""ACP"",""partType"":""AppleCare+"",""purchaseMode"":""I"",""appleCareSalesDate"":""11/08/2026"",""pocType"":""APOC"",""purchaseOrderNumber"":""16801065""}},""transactionId"":""97129175-0f43-4f68-a8bd-cd78e7b91efe-1786492055690""}"
False;5076984;2026-08-11 19:51:17.280000;2026-08-11 00:00:00;12101114;CREATEORDER;SHG3JHCD2C9;MWUG3CI/A;"{""orderDetailsResponses"":{""deviceEligibility"":{""secondaryDisplay"":""1"",""partDescription"":""AppleCare+ para iMac (M4)"",""coverageDuration"":""3"",""productStatement"":""AppleCare+ para iMac (M4) amplía la cobertura de servicio y soporte técnico a 3 años desde la fecha de compra de AppleCare+ e incluye cobertura para una cantidad ilimitada de incidentes por daño accidental debido a la manipulación del producto, cada uno de ellos sujeto a un cargo adicional de R$96000  por daños en la pantalla o la carcasa externa o de R$289000  por Otros daños accidentales. Lee todos los detalles en los Términos y condiciones de AppleCare+."",""deviceDateOfPurchase"":""11/08/2026"",""deviceId"":""SHG3JHCD2C9"",""registeredDevice"":""0"",""pocType"":""RPOC"",""serialNumber"":""HG3JHCD2C9"",""partNumber"":""SR1A2ZX/A"",""partAlias"":""ACP"",""purchaseMode"":""C"",""productDescription"":""iMac (24-inch,2024, Two ports)""}},""orderErrorResponse"":{""errorCode"":""GRX-50017"",""errorMessage"":""El nombre y los apellidos no pueden superar los 34 caracteres.""},""transactionId"":""670d084f-8563-4215-b6e9-fa84a8d96744-1786492276569""}"
False;5076984;2026-08-11 19:51:20.690000;2026-08-11 00:00:00;12201114;CREATEORDER;SHG3JHCD2C9;MWUG3CI/A;"{""orderDetailsResponses"":{""deviceEligibility"":{""secondaryDisplay"":""1"",""partDescription"":""AppleCare+ para iMac (M4)"",""coverageDuration"":""3"",""productStatement"":""AppleCare+ para iMac (M4) amplía la cobertura de servicio y soporte técnico a 3 años desde la fecha de compra de AppleCare+ e incluye cobertura para una cantidad ilimitada de incidentes por daño accidental debido a la manipulación del producto, cada uno de ellos sujeto a un cargo adicional de R$96000  por daños en la pantalla o la carcasa externa o de R$289000  por Otros daños accidentales. Lee todos los detalles en los Términos y condiciones de AppleCare+."",""deviceDateOfPurchase"":""11/08/2026"",""deviceId"":""SHG3JHCD2C9"",""registeredDevice"":""0"",""pocType"":""RPOC"",""serialNumber"":""HG3JHCD2C9"",""partNumber"":""SR1A2ZX/A"",""partAlias"":""ACP"",""purchaseMode"":""C"",""productDescription"":""iMac (24-inch,2024, Two ports)""}},""orderErrorResponse"":{""errorCode"":""GRX-50017"",""errorMessage"":""El nombre y los apellidos no pueden superar los 34 caracteres.""},""transactionId"":""edb72d2f-be62-47c1-9e61-1e5050dec02b-1786492279944""}"
False;5076984;2026-08-11 19:52:06.410000;2026-08-11 00:00:00;12101114;CREATEORDER;SHG3JHCD2C9;MWUG3CI/A;"{""orderDetailsResponses"":{""deviceEligibility"":{""secondaryDisplay"":""1"",""partDescription"":""AppleCare+ para iMac (M4)"",""coverageDuration"":""3"",""productStatement"":""AppleCare+ para iMac (M4) amplía la cobertura de servicio y soporte técnico a 3 años desde la fecha de compra de AppleCare+ e incluye cobertura para una cantidad ilimitada de incidentes por daño accidental debido a la manipulación del producto, cada uno de ellos sujeto a un cargo adicional de R$96000  por daños en la pantalla o la carcasa externa o de R$289000  por Otros daños accidentales. Lee todos los detalles en los Términos y condiciones de AppleCare+."",""deviceDateOfPurchase"":""11/08/2026"",""deviceId"":""SHG3JHCD2C9"",""registeredDevice"":""0"",""pocType"":""RPOC"",""serialNumber"":""HG3JHCD2C9"",""partNumber"":""SR1A2ZX/A"",""partAlias"":""ACP"",""purchaseMode"":""C"",""productDescription"":""iMac (24-inch,2024, Two ports)""}},""orderErrorResponse"":{""errorCode"":""GRX-50017"",""errorMessage"":""El nombre y los apellidos no pueden superar los 34 caracteres.""},""transactionId"":""2d58f84d-cf25-4e6b-801e-3641fb82411c-1786492325473""}"
False;5076984;2026-08-11 19:52:09.340000;2026-08-11 00:00:00;12201114;CREATEORDER;SHG3JHCD2C9;MWUG3CI/A;"{""orderDetailsResponses"":{""deviceEligibility"":{""secondaryDisplay"":""1"",""partDescription"":""AppleCare+ para iMac (M4)"",""coverageDuration"":""3"",""productStatement"":""AppleCare+ para iMac (M4) amplía la cobertura de servicio y soporte técnico a 3 años desde la fecha de compra de AppleCare+ e incluye cobertura para una cantidad ilimitada de incidentes por daño accidental debido a la manipulación del producto, cada uno de ellos sujeto a un cargo adicional de R$96000  por daños en la pantalla o la carcasa externa o de R$289000  por Otros daños accidentales. Lee todos los detalles en los Términos y condiciones de AppleCare+."",""deviceDateOfPurchase"":""11/08/2026"",""deviceId"":""SHG3JHCD2C9"",""registeredDevice"":""0"",""pocType"":""RPOC"",""serialNumber"":""HG3JHCD2C9"",""partNumber"":""SR1A2ZX/A"",""partAlias"":""ACP"",""purchaseMode"":""C"",""productDescription"":""iMac (24-inch,2024, Two ports)""}},""orderErrorResponse"":{""errorCode"":""GRX-50017"",""errorMessage"":""El nombre y los apellidos no pueden superar los 34 caracteres.""},""transactionId"":""5f97210d-a041-4d08-9461-084f6b66c617-1786492328127""}"
False;5076984;2026-08-11 19:56:24.780000;2026-08-11 00:00:00;12101114;CREATEORDER;SHG3JHCD2C9;MWUG3CI/A;"{""orderDetailsResponses"":{""deviceEligibility"":{""secondaryDisplay"":""1"",""partDescription"":""AppleCare+ para iMac (M4)"",""coverageDuration"":""3"",""productStatement"":""AppleCare+ para iMac (M4) amplía la cobertura de servicio y soporte técnico a 3 años desde la fecha de compra de AppleCare+ e incluye cobertura para una cantidad ilimitada de incidentes por daño accidental debido a la manipulación del producto, cada uno de ellos sujeto a un cargo adicional de R$96000  por daños en la pantalla o la carcasa externa o de R$289000  por Otros daños accidentales. Lee todos los detalles en los Términos y condiciones de AppleCare+."",""deviceDateOfPurchase"":""11/08/2026"",""deviceId"":""SHG3JHCD2C9"",""registeredDevice"":""0"",""pocType"":""RPOC"",""serialNumber"":""HG3JHCD2C9"",""partNumber"":""SR1A2ZX/A"",""partAlias"":""ACP"",""purchaseMode"":""C"",""productDescription"":""iMac (24-inch,2024, Two ports)""}},""orderErrorResponse"":{""errorCode"":""GRX-50017"",""errorMessage"":""El nombre y los apellidos no pueden superar los 34 caracteres.""},""transactionId"":""bf4b72be-2f33-4d72-8754-e700b35801c9-1786492584034""}"
False;5076984;2026-08-11 19:56:26.283000;2026-08-11 00:00:00;12201114;CREATEORDER;SHG3JHCD2C9;MWUG3CI/A;"{""orderDetailsResponses"":{""deviceEligibility"":{""secondaryDisplay"":""1"",""partDescription"":""AppleCare+ para iMac (M4)"",""coverageDuration"":""3"",""productStatement"":""AppleCare+ para iMac (M4) amplía la cobertura de servicio y soporte técnico a 3 años desde la fecha de compra de AppleCare+ e incluye cobertura para una cantidad ilimitada de incidentes por daño accidental debido a la manipulación del producto, cada uno de ellos sujeto a un cargo adicional de R$96000  por daños en la pantalla o la carcasa externa o de R$289000  por Otros daños accidentales. Lee todos los detalles en los Términos y condiciones de AppleCare+."",""deviceDateOfPurchase"":""11/08/2026"",""deviceId"":""SHG3JHCD2C9"",""registeredDevice"":""0"",""pocType"":""RPOC"",""serialNumber"":""HG3JHCD2C9"",""partNumber"":""SR1A2ZX/A"",""partAlias"":""ACP"",""purchaseMode"":""C"",""productDescription"":""iMac (24-inch,2024, Two ports)""}},""orderErrorResponse"":{""errorCode"":""GRX-50017"",""errorMessage"":""El nombre y los apellidos no pueden superar los 34 caracteres.""},""transactionId"":""2bab067c-99a6-4788-a703-fb8eba663fda-1786492585558""}"
False;5076984;2026-08-11 19:56:58.447000;2026-08-11 00:00:00;12101114;CREATEORDER;SHG3JHCD2C9;MWUG3CI/A;"{""orderDetailsResponses"":{""deviceEligibility"":{""secondaryDisplay"":""1"",""partDescription"":""AppleCare+ para iMac (M4)"",""coverageDuration"":""3"",""productStatement"":""AppleCare+ para iMac (M4) amplía la cobertura de servicio y soporte técnico a 3 años desde la fecha de compra de AppleCare+ e incluye cobertura para una cantidad ilimitada de incidentes por daño accidental debido a la manipulación del producto, cada uno de ellos sujeto a un cargo adicional de R$96000  por daños en la pantalla o la carcasa externa o de R$289000  por Otros daños accidentales. Lee todos los detalles en los Términos y condiciones de AppleCare+."",""deviceDateOfPurchase"":""11/08/2026"",""deviceId"":""SHG3JHCD2C9"",""registeredDevice"":""0"",""pocType"":""RPOC"",""serialNumber"":""HG3JHCD2C9"",""partNumber"":""SR1A2ZX/A"",""partAlias"":""ACP"",""purchaseMode"":""C"",""productDescription"":""iMac (24-inch,2024, Two ports)""}},""orderErrorResponse"":{""errorCode"":""GRX-50017"",""errorMessage"":""El nombre y los apellidos no pueden superar los 34 caracteres.""},""transactionId"":""04e4de0e-ebe2-4e96-bb4b-e2b7417a001f-1786492617691""}"
False;5076984;2026-08-11 19:56:59.947000;2026-08-11 00:00:00;12201114;CREATEORDER;SHG3JHCD2C9;MWUG3CI/A;"{""orderDetailsResponses"":{""deviceEligibility"":{""secondaryDisplay"":""1"",""partDescription"":""AppleCare+ para iMac (M4)"",""coverageDuration"":""3"",""productStatement"":""AppleCare+ para iMac (M4) amplía la cobertura de servicio y soporte técnico a 3 años desde la fecha de compra de AppleCare+ e incluye cobertura para una cantidad ilimitada de incidentes por daño accidental debido a la manipulación del producto, cada uno de ellos sujeto a un cargo adicional de R$96000  por daños en la pantalla o la carcasa externa o de R$289000  por Otros daños accidentales. Lee todos los detalles en los Términos y condiciones de AppleCare+."",""deviceDateOfPurchase"":""11/08/2026"",""deviceId"":""SHG3JHCD2C9"",""registeredDevice"":""0"",""pocType"":""RPOC"",""serialNumber"":""HG3JHCD2C9"",""partNumber"":""SR1A2ZX/A"",""partAlias"":""ACP"",""purchaseMode"":""C"",""productDescription"":""iMac (24-inch,2024, Two ports)""}},""orderErrorResponse"":{""errorCode"":""GRX-50017"",""errorMessage"":""El nombre y los apellidos no pueden superar los 34 caracteres.""},""transactionId"":""0ff66eda-b465-407c-8668-404120692b62-1786492619247""}"
False;5076984;2026-08-11 20:01:16.973000;2026-08-11 00:00:00;12101114;CREATEORDER;SHG3JHCD2C9;MWUG3CI/A;"{""orderDetailsResponses"":{""deviceEligibility"":{""secondaryDisplay"":""1"",""partDescription"":""AppleCare+ para iMac (M4)"",""coverageDuration"":""3"",""productStatement"":""AppleCare+ para iMac (M4) amplía la cobertura de servicio y soporte técnico a 3 años desde la fecha de compra de AppleCare+ e incluye cobertura para una cantidad ilimitada de incidentes por daño accidental debido a la manipulación del producto, cada uno de ellos sujeto a un cargo adicional de R$96000  por daños en la pantalla o la carcasa externa o de R$289000  por Otros daños accidentales. Lee todos los detalles en los Términos y condiciones de AppleCare+."",""deviceDateOfPurchase"":""11/08/2026"",""deviceId"":""SHG3JHCD2C9"",""registeredDevice"":""0"",""pocType"":""RPOC"",""serialNumber"":""HG3JHCD2C9"",""partNumber"":""SR1A2ZX/A"",""partAlias"":""ACP"",""purchaseMode"":""C"",""productDescription"":""iMac (24-inch,2024, Two ports)""}},""orderErrorResponse"":{""errorCode"":""GRX-50017"",""errorMessage"":""El nombre y los apellidos no pueden superar los 34 caracteres.""},""transactionId"":""a3d39944-955d-4bd6-977d-81178e0180db-1786492876252""}"
False;5076984;2026-08-11 20:01:19.117000;2026-08-11 00:00:00;12201114;CREATEORDER;SHG3JHCD2C9;MWUG3CI/A;"{""orderDetailsResponses"":{""deviceEligibility"":{""secondaryDisplay"":""1"",""partDescription"":""AppleCare+ para iMac (M4)"",""coverageDuration"":""3"",""productStatement"":""AppleCare+ para iMac (M4) amplía la cobertura de servicio y soporte técnico a 3 años desde la fecha de compra de AppleCare+ e incluye cobertura para una cantidad ilimitada de incidentes por daño accidental debido a la manipulación del producto, cada uno de ellos sujeto a un cargo adicional de R$96000  por daños en la pantalla o la carcasa externa o de R$289000  por Otros daños accidentales. Lee todos los detalles en los Términos y condiciones de AppleCare+."",""deviceDateOfPurchase"":""11/08/2026"",""deviceId"":""SHG3JHCD2C9"",""registeredDevice"":""0"",""pocType"":""RPOC"",""serialNumber"":""HG3JHCD2C9"",""partNumber"":""SR1A2ZX/A"",""partAlias"":""ACP"",""purchaseMode"":""C"",""productDescription"":""iMac (24-inch,2024, Two ports)""}},""orderErrorResponse"":{""errorCode"":""GRX-50017"",""errorMessage"":""El nombre y los apellidos no pueden superar los 34 caracteres.""},""transactionId"":""9ad4e01e-8bd8-4e65-9e4a-5ae6491fdc59-1786492878387""}"
False;5076984;2026-08-11 20:01:57.903000;2026-08-11 00:00:00;12101114;CREATEORDER;SHG3JHCD2C9;MWUG3CI/A;"{""orderDetailsResponses"":{""deviceEligibility"":{""secondaryDisplay"":""1"",""partDescription"":""AppleCare+ para iMac (M4)"",""coverageDuration"":""3"",""productStatement"":""AppleCare+ para iMac (M4) amplía la cobertura de servicio y soporte técnico a 3 años desde la fecha de compra de AppleCare+ e incluye cobertura para una cantidad ilimitada de incidentes por daño accidental debido a la manipulación del producto, cada uno de ellos sujeto a un cargo adicional de R$96000  por daños en la pantalla o la carcasa externa o de R$289000  por Otros daños accidentales. Lee todos los detalles en los Términos y condiciones de AppleCare+."",""deviceDateOfPurchase"":""11/08/2026"",""deviceId"":""SHG3JHCD2C9"",""registeredDevice"":""0"",""pocType"":""RPOC"",""serialNumber"":""HG3JHCD2C9"",""partNumber"":""SR1A2ZX/A"",""partAlias"":""ACP"",""purchaseMode"":""C"",""productDescription"":""iMac (24-inch,2024, Two ports)""}},""orderErrorResponse"":{""errorCode"":""GRX-50017"",""errorMessage"":""El nombre y los apellidos no pueden superar los 34 caracteres.""},""transactionId"":""a2775875-a835-4f20-9201-01f0de92a944-1786492917050""}"
False;5076984;2026-08-11 20:02:05.307000;2026-08-11 00:00:00;12201114;CREATEORDER;SHG3JHCD2C9;MWUG3CI/A;"{""orderDetailsResponses"":{""deviceEligibility"":{""secondaryDisplay"":""1"",""partDescription"":""AppleCare+ para iMac (M4)"",""coverageDuration"":""3"",""productStatement"":""AppleCare+ para iMac (M4) amplía la cobertura de servicio y soporte técnico a 3 años desde la fecha de compra de AppleCare+ e incluye cobertura para una cantidad ilimitada de incidentes por daño accidental debido a la manipulación del producto, cada uno de ellos sujeto a un cargo adicional de R$96000  por daños en la pantalla o la carcasa externa o de R$289000  por Otros daños accidentales. Lee todos los detalles en los Términos y condiciones de AppleCare+."",""deviceDateOfPurchase"":""11/08/2026"",""deviceId"":""SHG3JHCD2C9"",""registeredDevice"":""0"",""pocType"":""RPOC"",""serialNumber"":""HG3JHCD2C9"",""partNumber"":""SR1A2ZX/A"",""partAlias"":""ACP"",""purchaseMode"":""C"",""productDescription"":""iMac (24-inch,2024, Two ports)""}},""orderErrorResponse"":{""errorCode"":""GRX-50017"",""errorMessage"":""El nombre y los apellidos no pueden superar los 34 caracteres.""},""transactionId"":""e98d4e30-37ca-4c67-8327-412210548655-1786492924607""}"
False;5076984;2026-08-11 20:06:18.683000;2026-08-11 00:00:00;12101114;CREATEORDER;SHG3JHCD2C9;MWUG3CI/A;"{""orderDetailsResponses"":{""deviceEligibility"":{""secondaryDisplay"":""1"",""partDescription"":""AppleCare+ para iMac (M4)"",""coverageDuration"":""3"",""productStatement"":""AppleCare+ para iMac (M4) amplía la cobertura de servicio y soporte técnico a 3 años desde la fecha de compra de AppleCare+ e incluye cobertura para una cantidad ilimitada de incidentes por daño accidental debido a la manipulación del producto, cada uno de ellos sujeto a un cargo adicional de R$96000  por daños en la pantalla o la carcasa externa o de R$289000  por Otros daños accidentales. Lee todos los detalles en los Términos y condiciones de AppleCare+."",""deviceDateOfPurchase"":""11/08/2026"",""deviceId"":""SHG3JHCD2C9"",""registeredDevice"":""0"",""pocType"":""RPOC"",""serialNumber"":""HG3JHCD2C9"",""partNumber"":""SR1A2ZX/A"",""partAlias"":""ACP"",""purchaseMode"":""C"",""productDescription"":""iMac (24-inch,2024, Two ports)""}},""orderErrorResponse"":{""errorCode"":""GRX-50017"",""errorMessage"":""El nombre y los apellidos no pueden superar los 34 caracteres.""},""transactionId"":""c9138bfa-7817-49a4-9107-552fe9aa15c7-1786493177874""}"
False;5076984;2026-08-11 20:06:24.807000;2026-08-11 00:00:00;12201114;CREATEORDER;SHG3JHCD2C9;MWUG3CI/A;"{""orderDetailsResponses"":{""deviceEligibility"":{""secondaryDisplay"":""1"",""partDescription"":""AppleCare+ para iMac (M4)"",""coverageDuration"":""3"",""productStatement"":""AppleCare+ para iMac (M4) amplía la cobertura de servicio y soporte técnico a 3 años desde la fecha de compra de AppleCare+ e incluye cobertura para una cantidad ilimitada de incidentes por daño accidental debido a la manipulación del producto, cada uno de ellos sujeto a un cargo adicional de R$96000  por daños en la pantalla o la carcasa externa o de R$289000  por Otros daños accidentales. Lee todos los detalles en los Términos y condiciones de AppleCare+."",""deviceDateOfPurchase"":""11/08/2026"",""deviceId"":""SHG3JHCD2C9"",""registeredDevice"":""0"",""pocType"":""RPOC"",""serialNumber"":""HG3JHCD2C9"",""partNumber"":""SR1A2ZX/A"",""partAlias"":""ACP"",""purchaseMode"":""C"",""productDescription"":""iMac (24-inch,2024, Two ports)""}},""orderErrorResponse"":{""errorCode"":""GRX-50017"",""errorMessage"":""El nombre y los apellidos no pueden superar los 34 caracteres.""},""transactionId"":""78ed5a5f-5723-4e00-ba1e-5b1de06d29a5-1786493184077""}"
False;5076984;2026-08-11 20:07:00.133000;2026-08-11 00:00:00;12101114;CREATEORDER;SHG3JHCD2C9;MWUG3CI/A;"{""orderDetailsResponses"":{""deviceEligibility"":{""secondaryDisplay"":""1"",""partDescription"":""AppleCare+ para iMac (M4)"",""coverageDuration"":""3"",""productStatement"":""AppleCare+ para iMac (M4) amplía la cobertura de servicio y soporte técnico a 3 años desde la fecha de compra de AppleCare+ e incluye cobertura para una cantidad ilimitada de incidentes por daño accidental debido a la manipulación del producto, cada uno de ellos sujeto a un cargo adicional de R$96000  por daños en la pantalla o la carcasa externa o de R$289000  por Otros daños accidentales. Lee todos los detalles en los Términos y condiciones de AppleCare+."",""deviceDateOfPurchase"":""11/08/2026"",""deviceId"":""SHG3JHCD2C9"",""registeredDevice"":""0"",""pocType"":""RPOC"",""serialNumber"":""HG3JHCD2C9"",""partNumber"":""SR1A2ZX/A"",""partAlias"":""ACP"",""purchaseMode"":""C"",""productDescription"":""iMac (24-inch,2024, Two ports)""}},""orderErrorResponse"":{""errorCode"":""GRX-50017"",""errorMessage"":""El nombre y los apellidos no pueden superar los 34 caracteres.""},""transactionId"":""73abdbae-ffa6-4404-a690-246c05d3fb38-1786493219406""}"
False;5076984;2026-08-11 20:07:04.933000;2026-08-11 00:00:00;12201114;CREATEORDER;SHG3JHCD2C9;MWUG3CI/A;"{""orderDetailsResponses"":{""deviceEligibility"":{""secondaryDisplay"":""1"",""partDescription"":""AppleCare+ para iMac (M4)"",""coverageDuration"":""3"",""productStatement"":""AppleCare+ para iMac (M4) amplía la cobertura de servicio y soporte técnico a 3 años desde la fecha de compra de AppleCare+ e incluye cobertura para una cantidad ilimitada de incidentes por daño accidental debido a la manipulación del producto, cada uno de ellos sujeto a un cargo adicional de R$96000  por daños en la pantalla o la carcasa externa o de R$289000  por Otros daños accidentales. Lee todos los detalles en los Términos y condiciones de AppleCare+."",""deviceDateOfPurchase"":""11/08/2026"",""deviceId"":""SHG3JHCD2C9"",""registeredDevice"":""0"",""pocType"":""RPOC"",""serialNumber"":""HG3JHCD2C9"",""partNumber"":""SR1A2ZX/A"",""partAlias"":""ACP"",""purchaseMode"":""C"",""productDescription"":""iMac (24-inch,2024, Two ports)""}},""orderErrorResponse"":{""errorCode"":""GRX-50017"",""errorMessage"":""El nombre y los apellidos no pueden superar los 34 caracteres.""},""transactionId"":""d76e48a6-82fe-459f-9981-9545d10daf28-1786493224180""}"
False;5076984;2026-08-11 20:11:15.553000;2026-08-11 00:00:00;12101114;CREATEORDER;SHG3JHCD2C9;MWUG3CI/A;"{""orderDetailsResponses"":{""deviceEligibility"":{""secondaryDisplay"":""1"",""partDescription"":""AppleCare+ para iMac (M4)"",""coverageDuration"":""3"",""productStatement"":""AppleCare+ para iMac (M4) amplía la cobertura de servicio y soporte técnico a 3 años desde la fecha de compra de AppleCare+ e incluye cobertura para una cantidad ilimitada de incidentes por daño accidental debido a la manipulación del producto, cada uno de ellos sujeto a un cargo adicional de R$96000  por daños en la pantalla o la carcasa externa o de R$289000  por Otros daños accidentales. Lee todos los detalles en los Términos y condiciones de AppleCare+."",""deviceDateOfPurchase"":""11/08/2026"",""deviceId"":""SHG3JHCD2C9"",""registeredDevice"":""0"",""pocType"":""RPOC"",""serialNumber"":""HG3JHCD2C9"",""partNumber"":""SR1A2ZX/A"",""partAlias"":""ACP"",""purchaseMode"":""C"",""productDescription"":""iMac (24-inch,2024, Two ports)""}},""orderErrorResponse"":{""errorCode"":""GRX-50017"",""errorMessage"":""El nombre y los apellidos no pueden superar los 34 caracteres.""},""transactionId"":""ba5ef5ad-2679-43c7-863e-3f7ffaf09a01-1786493474770""}"
False;5076984;2026-08-11 20:11:16.903000;2026-08-11 00:00:00;12201114;CREATEORDER;SHG3JHCD2C9;MWUG3CI/A;"{""orderDetailsResponses"":{""deviceEligibility"":{""secondaryDisplay"":""1"",""partDescription"":""AppleCare+ para iMac (M4)"",""coverageDuration"":""3"",""productStatement"":""AppleCare+ para iMac (M4) amplía la cobertura de servicio y soporte técnico a 3 años desde la fecha de compra de AppleCare+ e incluye cobertura para una cantidad ilimitada de incidentes por daño accidental debido a la manipulación del producto, cada uno de ellos sujeto a un cargo adicional de R$96000  por daños en la pantalla o la carcasa externa o de R$289000  por Otros daños accidentales. Lee todos los detalles en los Términos y condiciones de AppleCare+."",""deviceDateOfPurchase"":""11/08/2026"",""deviceId"":""SHG3JHCD2C9"",""registeredDevice"":""0"",""pocType"":""RPOC"",""serialNumber"":""HG3JHCD2C9"",""partNumber"":""SR1A2ZX/A"",""partAlias"":""ACP"",""purchaseMode"":""C"",""productDescription"":""iMac (24-inch,2024, Two ports)""}},""orderErrorResponse"":{""errorCode"":""GRX-50017"",""errorMessage"":""El nombre y los apellidos no pueden superar los 34 caracteres.""},""transactionId"":""50ebbfa4-d942-4793-9008-de919bc8d071-1786493476206""}"
True;5094025;2026-08-11 20:11:43.333000;2026-08-11 00:00:00;16001124;VERIFYORDER;schqg6rhyfr;MG2L4BE/A;"{""orderDetailsResponses"":{""deviceEligibility"":{""secondaryDisplay"":""0"",""partDescription"":""AppleCare+ con robo y pérdida para iPhone Air"",""coverageDuration"":""2"",""productStatement"":""Tu AppleCare+ con robo y pérdida para iPhone Air amplía la cobertura de servicio y soporte técnico a 2 años desde la fecha de compra de AppleCare+ con robo y pérdida e incluye cobertura para una cantidad ilimitada de incidentes por daño accidental debido a la manipulación del producto o un máximo de dos incidentes de robo y pérdida cada 12 meses, cada uno de ellos sujeto a un cargo adicional de R$96000  por Otros daños accidentales o de R$28000  por los daños de la pantalla o la carcasa externa o de R$144000  por robo o pérdida. Lee todos los detalles en los Términos y condiciones de AppleCare+."",""deviceDateOfPurchase"":""11/08/2026"",""deviceId"":""SCHQG6RHYFR"",""registeredDevice"":""1"",""pocType"":""APOC"",""serialNumber"":""CHQG6RHYFR"",""partNumber"":""SX302ZX/A"",""partAlias"":""ACPTL"",""purchaseMode"":""C"",""productDescription"":""iPhone Air"",""tlDisclosure"":""La cobertura de robo y pérdida requiere que tengas la función Buscar habilitada en tu dispositivo antes de que se pierda o te lo roben. Durante el proceso de reclamación, te pediremos que uses la función Buscar para poner el dispositivo perdido o robado en modo Perdido, borrarlo y transferir la propiedad a Apple para que podamos asignarte un nuevo dispositivo. Para asegurarte de que puedas iniciar sesión en Buscar y acceder a esta función, es importante que recuerdes tu ID de Apple y contraseña, y que mantengas la información de tu cuenta actualizada. Si usas la autenticación de doble factor para el ID de Apple, te recomendamos que añadas un número de teléfono adicional de confianza a tu cuenta en el que puedas recibir el código de verificación de 6 dígitos que necesitas para iniciar sesión aunque no tengas tu iPhone. Para obtener más información, visita las páginas de Soporte técnico de Apple.""}},""transactionId"":""6af19a21-deda-449e-aae6-5d4e7ad98d91-1786493502833""}"
False;5076984;2026-08-11 20:11:48.747000;2026-08-11 00:00:00;12101114;CREATEORDER;SHG3JHCD2C9;MWUG3CI/A;"{""orderDetailsResponses"":{""deviceEligibility"":{""secondaryDisplay"":""1"",""partDescription"":""AppleCare+ para iMac (M4)"",""coverageDuration"":""3"",""productStatement"":""AppleCare+ para iMac (M4) amplía la cobertura de servicio y soporte técnico a 3 años desde la fecha de compra de AppleCare+ e incluye cobertura para una cantidad ilimitada de incidentes por daño accidental debido a la manipulación del producto, cada uno de ellos sujeto a un cargo adicional de R$96000  por daños en la pantalla o la carcasa externa o de R$289000  por Otros daños accidentales. Lee todos los detalles en los Términos y condiciones de AppleCare+."",""deviceDateOfPurchase"":""11/08/2026"",""deviceId"":""SHG3JHCD2C9"",""registeredDevice"":""0"",""pocType"":""RPOC"",""serialNumber"":""HG3JHCD2C9"",""partNumber"":""SR1A2ZX/A"",""partAlias"":""ACP"",""purchaseMode"":""C"",""productDescription"":""iMac (24-inch,2024, Two ports)""}},""orderErrorResponse"":{""errorCode"":""GRX-50017"",""errorMessage"":""El nombre y los apellidos no pueden superar los 34 caracteres.""},""transactionId"":""aacc1633-3be3-4643-873d-19f466780187-1786493507997""}"
False;5076984;2026-08-11 20:11:50.327000;2026-08-11 00:00:00;12201114;CREATEORDER;SHG3JHCD2C9;MWUG3CI/A;"{""orderDetailsResponses"":{""deviceEligibility"":{""secondaryDisplay"":""1"",""partDescription"":""AppleCare+ para iMac (M4)"",""coverageDuration"":""3"",""productStatement"":""AppleCare+ para iMac (M4) amplía la cobertura de servicio y soporte técnico a 3 años desde la fecha de compra de AppleCare+ e incluye cobertura para una cantidad ilimitada de incidentes por daño accidental debido a la manipulación del producto, cada uno de ellos sujeto a un cargo adicional de R$96000  por daños en la pantalla o la carcasa externa o de R$289000  por Otros daños accidentales. Lee todos los detalles en los Términos y condiciones de AppleCare+."",""deviceDateOfPurchase"":""11/08/2026"",""deviceId"":""SHG3JHCD2C9"",""registeredDevice"":""0"",""pocType"":""RPOC"",""serialNumber"":""HG3JHCD2C9"",""partNumber"":""SR1A2ZX/A"",""partAlias"":""ACP"",""purchaseMode"":""C"",""productDescription"":""iMac (24-inch,2024, Two ports)""}},""orderErrorResponse"":{""errorCode"":""GRX-50017"",""errorMessage"":""El nombre y los apellidos no pueden superar los 34 caracteres.""},""transactionId"":""eead0421-0416-45a6-879f-9e2232ab0b32-1786493509532""}"
True;5094025;2026-08-11 20:13:29.260000;2026-08-11 00:00:00;16001124;CREATEORDER;schqg6rhyfr;MG2L4BE/A;"{""orderDetailsResponses"":{""deviceEligibility"":{""secondaryDisplay"":""0"",""partDescription"":""AppleCare+ con robo y pérdida para iPhone Air"",""coverageDuration"":""2"",""productStatement"":""Tu AppleCare+ con robo y pérdida para iPhone Air amplía la cobertura de servicio y soporte técnico a 2 años desde la fecha de compra de AppleCare+ con robo y pérdida e incluye cobertura para una cantidad ilimitada de incidentes por daño accidental debido a la manipulación del producto o un máximo de dos incidentes de robo y pérdida cada 12 meses, cada uno de ellos sujeto a un cargo adicional de R$96000  por Otros daños accidentales o de R$28000  por los daños de la pantalla o la carcasa externa o de R$144000  por robo o pérdida. Lee todos los detalles en los Términos y condiciones de AppleCare+."",""deviceDateOfPurchase"":""11/08/2026"",""deviceId"":""SCHQG6RHYFR"",""registeredDevice"":""1"",""pocType"":""APOC"",""serialNumber"":""CHQG6RHYFR"",""partNumber"":""SX302ZX/A"",""partAlias"":""ACPTL"",""purchaseMode"":""C"",""productDescription"":""iPhone Air"",""tlDisclosure"":""La cobertura de robo y pérdida requiere que tengas la función Buscar habilitada en tu dispositivo antes de que se pierda o te lo roben. Durante el proceso de reclamación, te pediremos que uses la función Buscar para poner el dispositivo perdido o robado en modo Perdido, borrarlo y transferir la propiedad a Apple para que podamos asignarte un nuevo dispositivo. Para asegurarte de que puedas iniciar sesión en Buscar y acceder a esta función, es importante que recuerdes tu ID de Apple y contraseña, y que mantengas la información de tu cuenta actualizada. Si usas la autenticación de doble factor para el ID de Apple, te recomendamos que añadas un número de teléfono adicional de confianza a tu cuenta en el que puedas recibir el código de verificación de 6 dígitos que necesitas para iniciar sesión aunque no tengas tu iPhone. Para obtener más información, visita las páginas de Soporte técnico de Apple.""},""orderConfirmation"":{""agreementNumber"":""328097860692"",""coverageDurationStatement"":""Finaliza el 10/08/2028"",""termConditionURL"":""http://www.apple.com/legal/sales-support/"",""partNumber"":""SX302ZX/A"",""partAlias"":""ACPTL"",""partType"":""AC+TL"",""purchaseMode"":""C"",""appleCareSalesDate"":""11/08/2026"",""pocType"":""APOC"",""purchaseOrderNumber"":""16001124""}},""transactionId"":""041beebd-1a32-4257-8c2f-a841f148873f-1786493604508""}"
False;5076984;2026-08-11 20:16:22.440000;2026-08-11 00:00:00;12101114;CREATEORDER;SHG3JHCD2C9;MWUG3CI/A;"{""orderDetailsResponses"":{""deviceEligibility"":{""secondaryDisplay"":""1"",""partDescription"":""AppleCare+ para iMac (M4)"",""coverageDuration"":""3"",""productStatement"":""AppleCare+ para iMac (M4) amplía la cobertura de servicio y soporte técnico a 3 años desde la fecha de compra de AppleCare+ e incluye cobertura para una cantidad ilimitada de incidentes por daño accidental debido a la manipulación del producto, cada uno de ellos sujeto a un cargo adicional de R$96000  por daños en la pantalla o la carcasa externa o de R$289000  por Otros daños accidentales. Lee todos los detalles en los Términos y condiciones de AppleCare+."",""deviceDateOfPurchase"":""11/08/2026"",""deviceId"":""SHG3JHCD2C9"",""registeredDevice"":""0"",""pocType"":""RPOC"",""serialNumber"":""HG3JHCD2C9"",""partNumber"":""SR1A2ZX/A"",""partAlias"":""ACP"",""purchaseMode"":""C"",""productDescription"":""iMac (24-inch,2024, Two ports)""}},""orderErrorResponse"":{""errorCode"":""GRX-50017"",""errorMessage"":""El nombre y los apellidos no pueden superar los 34 caracteres.""},""transactionId"":""1a659934-c78f-4d13-8d56-953633285b99-1786493781647""}"
False;5076984;2026-08-11 20:16:24.683000;2026-08-11 00:00:00;12201114;CREATEORDER;SHG3JHCD2C9;MWUG3CI/A;"{""orderDetailsResponses"":{""deviceEligibility"":{""secondaryDisplay"":""1"",""partDescription"":""AppleCare+ para iMac (M4)"",""coverageDuration"":""3"",""productStatement"":""AppleCare+ para iMac (M4) amplía la cobertura de servicio y soporte técnico a 3 años desde la fecha de compra de AppleCare+ e incluye cobertura para una cantidad ilimitada de incidentes por daño accidental debido a la manipulación del producto, cada uno de ellos sujeto a un cargo adicional de R$96000  por daños en la pantalla o la carcasa externa o de R$289000  por Otros daños accidentales. Lee todos los detalles en los Términos y condiciones de AppleCare+."",""deviceDateOfPurchase"":""11/08/2026"",""deviceId"":""SHG3JHCD2C9"",""registeredDevice"":""0"",""pocType"":""RPOC"",""serialNumber"":""HG3JHCD2C9"",""partNumber"":""SR1A2ZX/A"",""partAlias"":""ACP"",""purchaseMode"":""C"",""productDescription"":""iMac (24-inch,2024, Two ports)""}},""orderErrorResponse"":{""errorCode"":""GRX-50017"",""errorMessage"":""El nombre y los apellidos no pueden superar los 34 caracteres.""},""transactionId"":""40d28e0a-0cb4-4be1-9f25-ef66ac2b2e2c-1786493783944""}"
False;5076984;2026-08-11 20:16:58.077000;2026-08-11 00:00:00;12101114;CREATEORDER;SHG3JHCD2C9;MWUG3CI/A;"{""orderDetailsResponses"":{""deviceEligibility"":{""secondaryDisplay"":""1"",""partDescription"":""AppleCare+ para iMac (M4)"",""coverageDuration"":""3"",""productStatement"":""AppleCare+ para iMac (M4) amplía la cobertura de servicio y soporte técnico a 3 años desde la fecha de compra de AppleCare+ e incluye cobertura para una cantidad ilimitada de incidentes por daño accidental debido a la manipulación del producto, cada uno de ellos sujeto a un cargo adicional de R$96000  por daños en la pantalla o la carcasa externa o de R$289000  por Otros daños accidentales. Lee todos los detalles en los Términos y condiciones de AppleCare+."",""deviceDateOfPurchase"":""11/08/2026"",""deviceId"":""SHG3JHCD2C9"",""registeredDevice"":""0"",""pocType"":""RPOC"",""serialNumber"":""HG3JHCD2C9"",""partNumber"":""SR1A2ZX/A"",""partAlias"":""ACP"",""purchaseMode"":""C"",""productDescription"":""iMac (24-inch,2024, Two ports)""}},""orderErrorResponse"":{""errorCode"":""GRX-50017"",""errorMessage"":""El nombre y los apellidos no pueden superar los 34 caracteres.""},""transactionId"":""1a645624-aa3f-413d-8709-74f3ab652eeb-1786493817353""}"
False;5076984;2026-08-11 20:17:00.767000;2026-08-11 00:00:00;12201114;CREATEORDER;SHG3JHCD2C9;MWUG3CI/A;"{""orderDetailsResponses"":{""deviceEligibility"":{""secondaryDisplay"":""1"",""partDescription"":""AppleCare+ para iMac (M4)"",""coverageDuration"":""3"",""productStatement"":""AppleCare+ para iMac (M4) amplía la cobertura de servicio y soporte técnico a 3 años desde la fecha de compra de AppleCare+ e incluye cobertura para una cantidad ilimitada de incidentes por daño accidental debido a la manipulación del producto, cada uno de ellos sujeto a un cargo adicional de R$96000  por daños en la pantalla o la carcasa externa o de R$289000  por Otros daños accidentales. Lee todos los detalles en los Términos y condiciones de AppleCare+."",""deviceDateOfPurchase"":""11/08/2026"",""deviceId"":""SHG3JHCD2C9"",""registeredDevice"":""0"",""pocType"":""RPOC"",""serialNumber"":""HG3JHCD2C9"",""partNumber"":""SR1A2ZX/A"",""partAlias"":""ACP"",""purchaseMode"":""C"",""productDescription"":""iMac (24-inch,2024, Two ports)""}},""orderErrorResponse"":{""errorCode"":""GRX-50017"",""errorMessage"":""El nombre y los apellidos no pueden superar los 34 caracteres.""},""transactionId"":""60096f94-b0e7-4ddf-9125-badf1a173e56-1786493819975""}"
True;5111812;2026-08-11 20:19:03.150000;2026-08-11 00:00:00;31401058;VERIFYORDER;SH746FTV99V;MD1R4BE/A;"{""orderDetailsResponses"":{""deviceEligibility"":{""secondaryDisplay"":""0"",""partDescription"":""AppleCare+ con robo y pérdida para iPhone 16e"",""coverageDuration"":""2"",""productStatement"":""Tu AppleCare+ con robo y pérdida para iPhone 16e amplía la cobertura de servicio y soporte técnico a 2 años desde la fecha de compra de AppleCare+ con robo y pérdida e incluye cobertura para una cantidad ilimitada de incidentes por daño accidental debido a la manipulación del producto o un máximo de dos incidentes de robo y pérdida cada 12 meses, cada uno de ellos sujeto a un cargo adicional de R$28000  por Daños que afectan solo a la pantalla o de R$96000  por Otros daños accidentales o de R$144000  por robo o pérdida. Lee todos los detalles en los Términos y condiciones de AppleCare+."",""deviceDateOfPurchase"":""06/08/2026"",""deviceId"":""SH746FTV99V"",""registeredDevice"":""0"",""pocType"":""APOC"",""serialNumber"":""H746FTV99V"",""partNumber"":""ST4G2ZX/A"",""partAlias"":""ACPTL"",""purchaseMode"":""I"",""productDescription"":""iPhone 16e"",""tlDisclosure"":""La cobertura de robo y pérdida requiere que tengas la función Buscar habilitada en tu dispositivo antes de que se pierda o te lo roben. Durante el proceso de reclamación, te pediremos que uses la función Buscar para poner el dispositivo perdido o robado en modo Perdido, borrarlo y transferir la propiedad a Apple para que podamos asignarte un nuevo dispositivo. Para asegurarte de que puedas iniciar sesión en Buscar y acceder a esta función, es importante que recuerdes tu ID de Apple y contraseña, y que mantengas la información de tu cuenta actualizada. Si usas la autenticación de doble factor para el ID de Apple, te recomendamos que añadas un número de teléfono adicional de confianza a tu cuenta en el que puedas recibir el código de verificación de 6 dígitos que necesitas para iniciar sesión aunque no tengas tu iPhone. Para obtener más información, visita las páginas de Soporte técnico de Apple.""}},""transactionId"":""ad618337-ee3c-41be-b70a-5862670d7bb3-1786493942638""}"
False;5076984;2026-08-11 20:21:14.383000;2026-08-11 00:00:00;12101114;CREATEORDER;SHG3JHCD2C9;MWUG3CI/A;"{""orderDetailsResponses"":{""deviceEligibility"":{""secondaryDisplay"":""1"",""partDescription"":""AppleCare+ para iMac (M4)"",""coverageDuration"":""3"",""productStatement"":""AppleCare+ para iMac (M4) amplía la cobertura de servicio y soporte técnico a 3 años desde la fecha de compra de AppleCare+ e incluye cobertura para una cantidad ilimitada de incidentes por daño accidental debido a la manipulación del producto, cada uno de ellos sujeto a un cargo adicional de R$96000  por daños en la pantalla o la carcasa externa o de R$289000  por Otros daños accidentales. Lee todos los detalles en los Términos y condiciones de AppleCare+."",""deviceDateOfPurchase"":""11/08/2026"",""deviceId"":""SHG3JHCD2C9"",""registeredDevice"":""0"",""pocType"":""RPOC"",""serialNumber"":""HG3JHCD2C9"",""partNumber"":""SR1A2ZX/A"",""partAlias"":""ACP"",""purchaseMode"":""C"",""productDescription"":""iMac (24-inch,2024, Two ports)""}},""orderErrorResponse"":{""errorCode"":""GRX-50017"",""errorMessage"":""El nombre y los apellidos no pueden superar los 34 caracteres.""},""transactionId"":""f3b315f6-2535-407d-b467-c67cfc8a6b0d-1786494073682""}"
False;5076984;2026-08-11 20:21:16.113000;2026-08-11 00:00:00;12201114;CREATEORDER;SHG3JHCD2C9;MWUG3CI/A;"{""orderDetailsResponses"":{""deviceEligibility"":{""secondaryDisplay"":""1"",""partDescription"":""AppleCare+ para iMac (M4)"",""coverageDuration"":""3"",""productStatement"":""AppleCare+ para iMac (M4) amplía la cobertura de servicio y soporte técnico a 3 años desde la fecha de compra de AppleCare+ e incluye cobertura para una cantidad ilimitada de incidentes por daño accidental debido a la manipulación del producto, cada uno de ellos sujeto a un cargo adicional de R$96000  por daños en la pantalla o la carcasa externa o de R$289000  por Otros daños accidentales. Lee todos los detalles en los Términos y condiciones de AppleCare+."",""deviceDateOfPurchase"":""11/08/2026"",""deviceId"":""SHG3JHCD2C9"",""registeredDevice"":""0"",""pocType"":""RPOC"",""serialNumber"":""HG3JHCD2C9"",""partNumber"":""SR1A2ZX/A"",""partAlias"":""ACP"",""purchaseMode"":""C"",""productDescription"":""iMac (24-inch,2024, Two ports)""}},""orderErrorResponse"":{""errorCode"":""GRX-50017"",""errorMessage"":""El nombre y los apellidos no pueden superar los 34 caracteres.""},""transactionId"":""3604f639-4fe9-48d2-ae10-df805d1a8c1c-1786494075379""}"
False;5076984;2026-08-11 20:21:51.683000;2026-08-11 00:00:00;12101114;CREATEORDER;SHG3JHCD2C9;MWUG3CI/A;"{""orderDetailsResponses"":{""deviceEligibility"":{""secondaryDisplay"":""1"",""partDescription"":""AppleCare+ para iMac (M4)"",""coverageDuration"":""3"",""productStatement"":""AppleCare+ para iMac (M4) amplía la cobertura de servicio y soporte técnico a 3 años desde la fecha de compra de AppleCare+ e incluye cobertura para una cantidad ilimitada de incidentes por daño accidental debido a la manipulación del producto, cada uno de ellos sujeto a un cargo adicional de R$96000  por daños en la pantalla o la carcasa externa o de R$289000  por Otros daños accidentales. Lee todos los detalles en los Términos y condiciones de AppleCare+."",""deviceDateOfPurchase"":""11/08/2026"",""deviceId"":""SHG3JHCD2C9"",""registeredDevice"":""0"",""pocType"":""RPOC"",""serialNumber"":""HG3JHCD2C9"",""partNumber"":""SR1A2ZX/A"",""partAlias"":""ACP"",""purchaseMode"":""C"",""productDescription"":""iMac (24-inch,2024, Two ports)""}},""orderErrorResponse"":{""errorCode"":""GRX-50017"",""errorMessage"":""El nombre y los apellidos no pueden superar los 34 caracteres.""},""transactionId"":""fd5f94b6-ac6d-487f-aabb-0da04b688308-1786494110950""}"
False;5076984;2026-08-11 20:21:54.260000;2026-08-11 00:00:00;12201114;CREATEORDER;SHG3JHCD2C9;MWUG3CI/A;"{""orderDetailsResponses"":{""deviceEligibility"":{""secondaryDisplay"":""1"",""partDescription"":""AppleCare+ para iMac (M4)"",""coverageDuration"":""3"",""productStatement"":""AppleCare+ para iMac (M4) amplía la cobertura de servicio y soporte técnico a 3 años desde la fecha de compra de AppleCare+ e incluye cobertura para una cantidad ilimitada de incidentes por daño accidental debido a la manipulación del producto, cada uno de ellos sujeto a un cargo adicional de R$96000  por daños en la pantalla o la carcasa externa o de R$289000  por Otros daños accidentales. Lee todos los detalles en los Términos y condiciones de AppleCare+."",""deviceDateOfPurchase"":""11/08/2026"",""deviceId"":""SHG3JHCD2C9"",""registeredDevice"":""0"",""pocType"":""RPOC"",""serialNumber"":""HG3JHCD2C9"",""partNumber"":""SR1A2ZX/A"",""partAlias"":""ACP"",""purchaseMode"":""C"",""productDescription"":""iMac (24-inch,2024, Two ports)""}},""orderErrorResponse"":{""errorCode"":""GRX-50017"",""errorMessage"":""El nombre y los apellidos no pueden superar los 34 caracteres.""},""transactionId"":""d8eb5bfa-d3d1-49cf-b7a9-daf04738c175-1786494113450""}"
False;5076984;2026-08-11 20:26:19.963000;2026-08-11 00:00:00;12101114;CREATEORDER;SHG3JHCD2C9;MWUG3CI/A;"{""orderDetailsResponses"":{""deviceEligibility"":{""secondaryDisplay"":""1"",""partDescription"":""AppleCare+ para iMac (M4)"",""coverageDuration"":""3"",""productStatement"":""AppleCare+ para iMac (M4) amplía la cobertura de servicio y soporte técnico a 3 años desde la fecha de compra de AppleCare+ e incluye cobertura para una cantidad ilimitada de incidentes por daño accidental debido a la manipulación del producto, cada uno de ellos sujeto a un cargo adicional de R$96000  por daños en la pantalla o la carcasa externa o de R$289000  por Otros daños accidentales. Lee todos los detalles en los Términos y condiciones de AppleCare+."",""deviceDateOfPurchase"":""11/08/2026"",""deviceId"":""SHG3JHCD2C9"",""registeredDevice"":""0"",""pocType"":""RPOC"",""serialNumber"":""HG3JHCD2C9"",""partNumber"":""SR1A2ZX/A"",""partAlias"":""ACP"",""purchaseMode"":""C"",""productDescription"":""iMac (24-inch,2024, Two ports)""}},""orderErrorResponse"":{""errorCode"":""GRX-50017"",""errorMessage"":""El nombre y los apellidos no pueden superar los 34 caracteres.""},""transactionId"":""0ad16420-1875-445b-84f8-cb24e1c20678-1786494377860""}"
False;5076984;2026-08-11 20:26:21.303000;2026-08-11 00:00:00;12201114;CREATEORDER;SHG3JHCD2C9;MWUG3CI/A;"{""orderDetailsResponses"":{""deviceEligibility"":{""secondaryDisplay"":""1"",""partDescription"":""AppleCare+ para iMac (M4)"",""coverageDuration"":""3"",""productStatement"":""AppleCare+ para iMac (M4) amplía la cobertura de servicio y soporte técnico a 3 años desde la fecha de compra de AppleCare+ e incluye cobertura para una cantidad ilimitada de incidentes por daño accidental debido a la manipulación del producto, cada uno de ellos sujeto a un cargo adicional de R$96000  por daños en la pantalla o la carcasa externa o de R$289000  por Otros daños accidentales. Lee todos los detalles en los Términos y condiciones de AppleCare+."",""deviceDateOfPurchase"":""11/08/2026"",""deviceId"":""SHG3JHCD2C9"",""registeredDevice"":""0"",""pocType"":""RPOC"",""serialNumber"":""HG3JHCD2C9"",""partNumber"":""SR1A2ZX/A"",""partAlias"":""ACP"",""purchaseMode"":""C"",""productDescription"":""iMac (24-inch,2024, Two ports)""}},""orderErrorResponse"":{""errorCode"":""GRX-50017"",""errorMessage"":""El nombre y los apellidos no pueden superar los 34 caracteres.""},""transactionId"":""6fd8730d-da24-46ed-ae27-d8ec2e2ee64c-1786494380579""}"
False;5076984;2026-08-11 20:26:53.040000;2026-08-11 00:00:00;12101114;CREATEORDER;SHG3JHCD2C9;MWUG3CI/A;"{""orderDetailsResponses"":{""deviceEligibility"":{""secondaryDisplay"":""1"",""partDescription"":""AppleCare+ para iMac (M4)"",""coverageDuration"":""3"",""productStatement"":""AppleCare+ para iMac (M4) amplía la cobertura de servicio y soporte técnico a 3 años desde la fecha de compra de AppleCare+ e incluye cobertura para una cantidad ilimitada de incidentes por daño accidental debido a la manipulación del producto, cada uno de ellos sujeto a un cargo adicional de R$96000  por daños en la pantalla o la carcasa externa o de R$289000  por Otros daños accidentales. Lee todos los detalles en los Términos y condiciones de AppleCare+."",""deviceDateOfPurchase"":""11/08/2026"",""deviceId"":""SHG3JHCD2C9"",""registeredDevice"":""0"",""pocType"":""RPOC"",""serialNumber"":""HG3JHCD2C9"",""partNumber"":""SR1A2ZX/A"",""partAlias"":""ACP"",""purchaseMode"":""C"",""productDescription"":""iMac (24-inch,2024, Two ports)""}},""orderErrorResponse"":{""errorCode"":""GRX-50017"",""errorMessage"":""El nombre y los apellidos no pueden superar los 34 caracteres.""},""transactionId"":""6b7f3350-5943-4a58-bbdc-e6199ca7ea72-1786494412302""}"
False;5076984;2026-08-11 20:26:54.590000;2026-08-11 00:00:00;12201114;CREATEORDER;SHG3JHCD2C9;MWUG3CI/A;"{""orderDetailsResponses"":{""deviceEligibility"":{""secondaryDisplay"":""1"",""partDescription"":""AppleCare+ para iMac (M4)"",""coverageDuration"":""3"",""productStatement"":""AppleCare+ para iMac (M4) amplía la cobertura de servicio y soporte técnico a 3 años desde la fecha de compra de AppleCare+ e incluye cobertura para una cantidad ilimitada de incidentes por daño accidental debido a la manipulación del producto, cada uno de ellos sujeto a un cargo adicional de R$96000  por daños en la pantalla o la carcasa externa o de R$289000  por Otros daños accidentales. Lee todos los detalles en los Términos y condiciones de AppleCare+."",""deviceDateOfPurchase"":""11/08/2026"",""deviceId"":""SHG3JHCD2C9"",""registeredDevice"":""0"",""pocType"":""RPOC"",""serialNumber"":""HG3JHCD2C9"",""partNumber"":""SR1A2ZX/A"",""partAlias"":""ACP"",""purchaseMode"":""C"",""productDescription"":""iMac (24-inch,2024, Two ports)""}},""orderErrorResponse"":{""errorCode"":""GRX-50017"",""errorMessage"":""El nombre y los apellidos no pueden superar los 34 caracteres.""},""transactionId"":""a77e12a8-3fdd-435c-a5c0-5baa7ea3a254-1786494413813""}"
True;5111812;2026-08-11 20:27:55.037000;2026-08-11 00:00:00;31401058;CREATEORDER;SH746FTV99V;MD1R4BE/A;"{""orderDetailsResponses"":{""deviceEligibility"":{""secondaryDisplay"":""0"",""partDescription"":""AppleCare+ con robo y pérdida para iPhone 16e"",""coverageDuration"":""2"",""productStatement"":""Tu AppleCare+ con robo y pérdida para iPhone 16e amplía la cobertura de servicio y soporte técnico a 2 años desde la fecha de compra de AppleCare+ con robo y pérdida e incluye cobertura para una cantidad ilimitada de incidentes por daño accidental debido a la manipulación del producto o un máximo de dos incidentes de robo y pérdida cada 12 meses, cada uno de ellos sujeto a un cargo adicional de R$28000  por Daños que afectan solo a la pantalla o de R$96000  por Otros daños accidentales o de R$144000  por robo o pérdida. Lee todos los detalles en los Términos y condiciones de AppleCare+."",""deviceDateOfPurchase"":""06/08/2026"",""deviceId"":""SH746FTV99V"",""registeredDevice"":""0"",""pocType"":""APOC"",""serialNumber"":""H746FTV99V"",""partNumber"":""ST4G2ZX/A"",""partAlias"":""ACPTL"",""purchaseMode"":""I"",""productDescription"":""iPhone 16e"",""tlDisclosure"":""La cobertura de robo y pérdida requiere que tengas la función Buscar habilitada en tu dispositivo antes de que se pierda o te lo roben. Durante el proceso de reclamación, te pediremos que uses la función Buscar para poner el dispositivo perdido o robado en modo Perdido, borrarlo y transferir la propiedad a Apple para que podamos asignarte un nuevo dispositivo. Para asegurarte de que puedas iniciar sesión en Buscar y acceder a esta función, es importante que recuerdes tu ID de Apple y contraseña, y que mantengas la información de tu cuenta actualizada. Si usas la autenticación de doble factor para el ID de Apple, te recomendamos que añadas un número de teléfono adicional de confianza a tu cuenta en el que puedas recibir el código de verificación de 6 dígitos que necesitas para iniciar sesión aunque no tengas tu iPhone. Para obtener más información, visita las páginas de Soporte técnico de Apple.""},""orderConfirmation"":{""agreementNumber"":""328097862688"",""coverageDurationStatement"":""Finaliza el 10/08/2028"",""termConditionURL"":""http://www.apple.com/legal/sales-support/"",""partNumber"":""ST4G2ZX/A"",""partAlias"":""ACPTL"",""partType"":""AC+TL"",""purchaseMode"":""I"",""appleCareSalesDate"":""11/08/2026"",""pocType"":""APOC"",""purchaseOrderNumber"":""31401058""}},""transactionId"":""6dcd8d3b-50f4-494f-8a78-4972317d532a-1786494470677""}"
False;5076984;2026-08-11 20:31:19.647000;2026-08-11 00:00:00;12101114;CREATEORDER;SHG3JHCD2C9;MWUG3CI/A;"{""orderDetailsResponses"":{""deviceEligibility"":{""secondaryDisplay"":""1"",""partDescription"":""AppleCare+ para iMac (M4)"",""coverageDuration"":""3"",""productStatement"":""AppleCare+ para iMac (M4) amplía la cobertura de servicio y soporte técnico a 3 años desde la fecha de compra de AppleCare+ e incluye cobertura para una cantidad ilimitada de incidentes por daño accidental debido a la manipulación del producto, cada uno de ellos sujeto a un cargo adicional de R$96000  por daños en la pantalla o la carcasa externa o de R$289000  por Otros daños accidentales. Lee todos los detalles en los Términos y condiciones de AppleCare+."",""deviceDateOfPurchase"":""11/08/2026"",""deviceId"":""SHG3JHCD2C9"",""registeredDevice"":""0"",""pocType"":""RPOC"",""serialNumber"":""HG3JHCD2C9"",""partNumber"":""SR1A2ZX/A"",""partAlias"":""ACP"",""purchaseMode"":""C"",""productDescription"":""iMac (24-inch,2024, Two ports)""}},""orderErrorResponse"":{""errorCode"":""GRX-50017"",""errorMessage"":""El nombre y los apellidos no pueden superar los 34 caracteres.""},""transactionId"":""e4c4b717-7ca2-4089-92c9-99c8b6028ab7-1786494678923""}"
False;5076984;2026-08-11 20:31:22.180000;2026-08-11 00:00:00;12201114;CREATEORDER;SHG3JHCD2C9;MWUG3CI/A;"{""orderDetailsResponses"":{""deviceEligibility"":{""secondaryDisplay"":""1"",""partDescription"":""AppleCare+ para iMac (M4)"",""coverageDuration"":""3"",""productStatement"":""AppleCare+ para iMac (M4) amplía la cobertura de servicio y soporte técnico a 3 años desde la fecha de compra de AppleCare+ e incluye cobertura para una cantidad ilimitada de incidentes por daño accidental debido a la manipulación del producto, cada uno de ellos sujeto a un cargo adicional de R$96000  por daños en la pantalla o la carcasa externa o de R$289000  por Otros daños accidentales. Lee todos los detalles en los Términos y condiciones de AppleCare+."",""deviceDateOfPurchase"":""11/08/2026"",""deviceId"":""SHG3JHCD2C9"",""registeredDevice"":""0"",""pocType"":""RPOC"",""serialNumber"":""HG3JHCD2C9"",""partNumber"":""SR1A2ZX/A"",""partAlias"":""ACP"",""purchaseMode"":""C"",""productDescription"":""iMac (24-inch,2024, Two ports)""}},""orderErrorResponse"":{""errorCode"":""GRX-50017"",""errorMessage"":""El nombre y los apellidos no pueden superar los 34 caracteres.""},""transactionId"":""d78d43e8-f0c3-4eb9-ab7e-6848ed5ebc99-1786494681430""}"
False;5076984;2026-08-11 20:31:56.270000;2026-08-11 00:00:00;12101114;CREATEORDER;SHG3JHCD2C9;MWUG3CI/A;"{""orderDetailsResponses"":{""deviceEligibility"":{""secondaryDisplay"":""1"",""partDescription"":""AppleCare+ para iMac (M4)"",""coverageDuration"":""3"",""productStatement"":""AppleCare+ para iMac (M4) amplía la cobertura de servicio y soporte técnico a 3 años desde la fecha de compra de AppleCare+ e incluye cobertura para una cantidad ilimitada de incidentes por daño accidental debido a la manipulación del producto, cada uno de ellos sujeto a un cargo adicional de R$96000  por daños en la pantalla o la carcasa externa o de R$289000  por Otros daños accidentales. Lee todos los detalles en los Términos y condiciones de AppleCare+."",""deviceDateOfPurchase"":""11/08/2026"",""deviceId"":""SHG3JHCD2C9"",""registeredDevice"":""0"",""pocType"":""RPOC"",""serialNumber"":""HG3JHCD2C9"",""partNumber"":""SR1A2ZX/A"",""partAlias"":""ACP"",""purchaseMode"":""C"",""productDescription"":""iMac (24-inch,2024, Two ports)""}},""orderErrorResponse"":{""errorCode"":""GRX-50017"",""errorMessage"":""El nombre y los apellidos no pueden superar los 34 caracteres.""},""transactionId"":""a050a39c-77b9-4cda-9f1c-c75fb6e8a499-1786494715546""}"
False;5076984;2026-08-11 20:31:58.750000;2026-08-11 00:00:00;12201114;CREATEORDER;SHG3JHCD2C9;MWUG3CI/A;"{""orderDetailsResponses"":{""deviceEligibility"":{""secondaryDisplay"":""1"",""partDescription"":""AppleCare+ para iMac (M4)"",""coverageDuration"":""3"",""productStatement"":""AppleCare+ para iMac (M4) amplía la cobertura de servicio y soporte técnico a 3 años desde la fecha de compra de AppleCare+ e incluye cobertura para una cantidad ilimitada de incidentes por daño accidental debido a la manipulación del producto, cada uno de ellos sujeto a un cargo adicional de R$96000  por daños en la pantalla o la carcasa externa o de R$289000  por Otros daños accidentales. Lee todos los detalles en los Términos y condiciones de AppleCare+."",""deviceDateOfPurchase"":""11/08/2026"",""deviceId"":""SHG3JHCD2C9"",""registeredDevice"":""0"",""pocType"":""RPOC"",""serialNumber"":""HG3JHCD2C9"",""partNumber"":""SR1A2ZX/A"",""partAlias"":""ACP"",""purchaseMode"":""C"",""productDescription"":""iMac (24-inch,2024, Two ports)""}},""orderErrorResponse"":{""errorCode"":""GRX-50017"",""errorMessage"":""El nombre y los apellidos no pueden superar los 34 caracteres.""},""transactionId"":""e7d5c491-62c2-4b63-bb2a-a795ec5b7ba8-1786494718049""}"
False;5076984;2026-08-11 20:36:22.003000;2026-08-11 00:00:00;12101114;CREATEORDER;SHG3JHCD2C9;MWUG3CI/A;"{""orderDetailsResponses"":{""deviceEligibility"":{""secondaryDisplay"":""1"",""partDescription"":""AppleCare+ para iMac (M4)"",""coverageDuration"":""3"",""productStatement"":""AppleCare+ para iMac (M4) amplía la cobertura de servicio y soporte técnico a 3 años desde la fecha de compra de AppleCare+ e incluye cobertura para una cantidad ilimitada de incidentes por daño accidental debido a la manipulación del producto, cada uno de ellos sujeto a un cargo adicional de R$96000  por daños en la pantalla o la carcasa externa o de R$289000  por Otros daños accidentales. Lee todos los detalles en los Términos y condiciones de AppleCare+."",""deviceDateOfPurchase"":""11/08/2026"",""deviceId"":""SHG3JHCD2C9"",""registeredDevice"":""0"",""pocType"":""RPOC"",""serialNumber"":""HG3JHCD2C9"",""partNumber"":""SR1A2ZX/A"",""partAlias"":""ACP"",""purchaseMode"":""C"",""productDescription"":""iMac (24-inch,2024, Two ports)""}},""orderErrorResponse"":{""errorCode"":""GRX-50017"",""errorMessage"":""El nombre y los apellidos no pueden superar los 34 caracteres.""},""transactionId"":""bb13d34e-6d9a-4d9d-b935-c934fb19794a-1786494981277""}"
False;5076984;2026-08-11 20:36:24.323000;2026-08-11 00:00:00;12201114;CREATEORDER;SHG3JHCD2C9;MWUG3CI/A;"{""orderDetailsResponses"":{""deviceEligibility"":{""secondaryDisplay"":""1"",""partDescription"":""AppleCare+ para iMac (M4)"",""coverageDuration"":""3"",""productStatement"":""AppleCare+ para iMac (M4) amplía la cobertura de servicio y soporte técnico a 3 años desde la fecha de compra de AppleCare+ e incluye cobertura para una cantidad ilimitada de incidentes por daño accidental debido a la manipulación del producto, cada uno de ellos sujeto a un cargo adicional de R$96000  por daños en la pantalla o la carcasa externa o de R$289000  por Otros daños accidentales. Lee todos los detalles en los Términos y condiciones de AppleCare+."",""deviceDateOfPurchase"":""11/08/2026"",""deviceId"":""SHG3JHCD2C9"",""registeredDevice"":""0"",""pocType"":""RPOC"",""serialNumber"":""HG3JHCD2C9"",""partNumber"":""SR1A2ZX/A"",""partAlias"":""ACP"",""purchaseMode"":""C"",""productDescription"":""iMac (24-inch,2024, Two ports)""}},""orderErrorResponse"":{""errorCode"":""GRX-50017"",""errorMessage"":""El nombre y los apellidos no pueden superar los 34 caracteres.""},""transactionId"":""bb22a299-afd8-4867-b19d-76a30dc598f8-1786494983599""}"
False;5076984;2026-08-11 20:36:56.383000;2026-08-11 00:00:00;12101114;CREATEORDER;SHG3JHCD2C9;MWUG3CI/A;"{""orderDetailsResponses"":{""deviceEligibility"":{""secondaryDisplay"":""1"",""partDescription"":""AppleCare+ para iMac (M4)"",""coverageDuration"":""3"",""productStatement"":""AppleCare+ para iMac (M4) amplía la cobertura de servicio y soporte técnico a 3 años desde la fecha de compra de AppleCare+ e incluye cobertura para una cantidad ilimitada de incidentes por daño accidental debido a la manipulación del producto, cada uno de ellos sujeto a un cargo adicional de R$96000  por daños en la pantalla o la carcasa externa o de R$289000  por Otros daños accidentales. Lee todos los detalles en los Términos y condiciones de AppleCare+."",""deviceDateOfPurchase"":""11/08/2026"",""deviceId"":""SHG3JHCD2C9"",""registeredDevice"":""0"",""pocType"":""RPOC"",""serialNumber"":""HG3JHCD2C9"",""partNumber"":""SR1A2ZX/A"",""partAlias"":""ACP"",""purchaseMode"":""C"",""productDescription"":""iMac (24-inch,2024, Two ports)""}},""orderErrorResponse"":{""errorCode"":""GRX-50017"",""errorMessage"":""El nombre y los apellidos no pueden superar los 34 caracteres.""},""transactionId"":""9ed6af1f-6f48-4a28-b74d-f80576fb89e1-1786495015648""}"
False;5076984;2026-08-11 20:36:58.130000;2026-08-11 00:00:00;12201114;CREATEORDER;SHG3JHCD2C9;MWUG3CI/A;"{""orderDetailsResponses"":{""deviceEligibility"":{""secondaryDisplay"":""1"",""partDescription"":""AppleCare+ para iMac (M4)"",""coverageDuration"":""3"",""productStatement"":""AppleCare+ para iMac (M4) amplía la cobertura de servicio y soporte técnico a 3 años desde la fecha de compra de AppleCare+ e incluye cobertura para una cantidad ilimitada de incidentes por daño accidental debido a la manipulación del producto, cada uno de ellos sujeto a un cargo adicional de R$96000  por daños en la pantalla o la carcasa externa o de R$289000  por Otros daños accidentales. Lee todos los detalles en los Términos y condiciones de AppleCare+."",""deviceDateOfPurchase"":""11/08/2026"",""deviceId"":""SHG3JHCD2C9"",""registeredDevice"":""0"",""pocType"":""RPOC"",""serialNumber"":""HG3JHCD2C9"",""partNumber"":""SR1A2ZX/A"",""partAlias"":""ACP"",""purchaseMode"":""C"",""productDescription"":""iMac (24-inch,2024, Two ports)""}},""orderErrorResponse"":{""errorCode"":""GRX-50017"",""errorMessage"":""El nombre y los apellidos no pueden superar los 34 caracteres.""},""transactionId"":""1e1bab3b-9bb6-4d14-aafa-bda601fd57f7-1786495017438""}"
False;5076984;2026-08-11 20:41:24.433000;2026-08-11 00:00:00;12101114;CREATEORDER;SHG3JHCD2C9;MWUG3CI/A;"{""orderDetailsResponses"":{""deviceEligibility"":{""secondaryDisplay"":""1"",""partDescription"":""AppleCare+ para iMac (M4)"",""coverageDuration"":""3"",""productStatement"":""AppleCare+ para iMac (M4) amplía la cobertura de servicio y soporte técnico a 3 años desde la fecha de compra de AppleCare+ e incluye cobertura para una cantidad ilimitada de incidentes por daño accidental debido a la manipulación del producto, cada uno de ellos sujeto a un cargo adicional de R$96000  por daños en la pantalla o la carcasa externa o de R$289000  por Otros daños accidentales. Lee todos los detalles en los Términos y condiciones de AppleCare+."",""deviceDateOfPurchase"":""11/08/2026"",""deviceId"":""SHG3JHCD2C9"",""registeredDevice"":""0"",""pocType"":""RPOC"",""serialNumber"":""HG3JHCD2C9"",""partNumber"":""SR1A2ZX/A"",""partAlias"":""ACP"",""purchaseMode"":""C"",""productDescription"":""iMac (24-inch,2024, Two ports)""}},""orderErrorResponse"":{""errorCode"":""GRX-50017"",""errorMessage"":""El nombre y los apellidos no pueden superar los 34 caracteres.""},""transactionId"":""a8a10123-8454-4c4c-8f60-33dbebc2fbf4-1786495283573""}"
False;5076984;2026-08-11 20:41:25.837000;2026-08-11 00:00:00;12201114;CREATEORDER;SHG3JHCD2C9;MWUG3CI/A;"{""orderDetailsResponses"":{""deviceEligibility"":{""secondaryDisplay"":""1"",""partDescription"":""AppleCare+ para iMac (M4)"",""coverageDuration"":""3"",""productStatement"":""AppleCare+ para iMac (M4) amplía la cobertura de servicio y soporte técnico a 3 años desde la fecha de compra de AppleCare+ e incluye cobertura para una cantidad ilimitada de incidentes por daño accidental debido a la manipulación del producto, cada uno de ellos sujeto a un cargo adicional de R$96000  por daños en la pantalla o la carcasa externa o de R$289000  por Otros daños accidentales. Lee todos los detalles en los Términos y condiciones de AppleCare+."",""deviceDateOfPurchase"":""11/08/2026"",""deviceId"":""SHG3JHCD2C9"",""registeredDevice"":""0"",""pocType"":""RPOC"",""serialNumber"":""HG3JHCD2C9"",""partNumber"":""SR1A2ZX/A"",""partAlias"":""ACP"",""purchaseMode"":""C"",""productDescription"":""iMac (24-inch,2024, Two ports)""}},""orderErrorResponse"":{""errorCode"":""GRX-50017"",""errorMessage"":""El nombre y los apellidos no pueden superar los 34 caracteres.""},""transactionId"":""2ed3da35-b851-4e42-8eda-09204434a767-1786495285043""}"
False;5076984;2026-08-11 20:41:57.847000;2026-08-11 00:00:00;12101114;CREATEORDER;SHG3JHCD2C9;MWUG3CI/A;"{""orderDetailsResponses"":{""deviceEligibility"":{""secondaryDisplay"":""1"",""partDescription"":""AppleCare+ para iMac (M4)"",""coverageDuration"":""3"",""productStatement"":""AppleCare+ para iMac (M4) amplía la cobertura de servicio y soporte técnico a 3 años desde la fecha de compra de AppleCare+ e incluye cobertura para una cantidad ilimitada de incidentes por daño accidental debido a la manipulación del producto, cada uno de ellos sujeto a un cargo adicional de R$96000  por daños en la pantalla o la carcasa externa o de R$289000  por Otros daños accidentales. Lee todos los detalles en los Términos y condiciones de AppleCare+."",""deviceDateOfPurchase"":""11/08/2026"",""deviceId"":""SHG3JHCD2C9"",""registeredDevice"":""0"",""pocType"":""RPOC"",""serialNumber"":""HG3JHCD2C9"",""partNumber"":""SR1A2ZX/A"",""partAlias"":""ACP"",""purchaseMode"":""C"",""productDescription"":""iMac (24-inch,2024, Two ports)""}},""orderErrorResponse"":{""errorCode"":""GRX-50017"",""errorMessage"":""El nombre y los apellidos no pueden superar los 34 caracteres.""},""transactionId"":""7de8b216-577b-48a4-aebd-f318b24530eb-1786495317097""}"
False;5076984;2026-08-11 20:41:59.210000;2026-08-11 00:00:00;12201114;CREATEORDER;SHG3JHCD2C9;MWUG3CI/A;"{""orderDetailsResponses"":{""deviceEligibility"":{""secondaryDisplay"":""1"",""partDescription"":""AppleCare+ para iMac (M4)"",""coverageDuration"":""3"",""productStatement"":""AppleCare+ para iMac (M4) amplía la cobertura de servicio y soporte técnico a 3 años desde la fecha de compra de AppleCare+ e incluye cobertura para una cantidad ilimitada de incidentes por daño accidental debido a la manipulación del producto, cada uno de ellos sujeto a un cargo adicional de R$96000  por daños en la pantalla o la carcasa externa o de R$289000  por Otros daños accidentales. Lee todos los detalles en los Términos y condiciones de AppleCare+."",""deviceDateOfPurchase"":""11/08/2026"",""deviceId"":""SHG3JHCD2C9"",""registeredDevice"":""0"",""pocType"":""RPOC"",""serialNumber"":""HG3JHCD2C9"",""partNumber"":""SR1A2ZX/A"",""partAlias"":""ACP"",""purchaseMode"":""C"",""productDescription"":""iMac (24-inch,2024, Two ports)""}},""orderErrorResponse"":{""errorCode"":""GRX-50017"",""errorMessage"":""El nombre y los apellidos no pueden superar los 34 caracteres.""},""transactionId"":""3d3058ea-250e-4eb5-8e53-9a668e820339-1786495318499""}"
False;5076984;2026-08-11 20:46:21.260000;2026-08-11 00:00:00;12101114;CREATEORDER;SHG3JHCD2C9;MWUG3CI/A;"{""orderDetailsResponses"":{""deviceEligibility"":{""secondaryDisplay"":""1"",""partDescription"":""AppleCare+ para iMac (M4)"",""coverageDuration"":""3"",""productStatement"":""AppleCare+ para iMac (M4) amplía la cobertura de servicio y soporte técnico a 3 años desde la fecha de compra de AppleCare+ e incluye cobertura para una cantidad ilimitada de incidentes por daño accidental debido a la manipulación del producto, cada uno de ellos sujeto a un cargo adicional de R$96000  por daños en la pantalla o la carcasa externa o de R$289000  por Otros daños accidentales. Lee todos los detalles en los Términos y condiciones de AppleCare+."",""deviceDateOfPurchase"":""11/08/2026"",""deviceId"":""SHG3JHCD2C9"",""registeredDevice"":""0"",""pocType"":""RPOC"",""serialNumber"":""HG3JHCD2C9"",""partNumber"":""SR1A2ZX/A"",""partAlias"":""ACP"",""purchaseMode"":""C"",""productDescription"":""iMac (24-inch,2024, Two ports)""}},""orderErrorResponse"":{""errorCode"":""GRX-50017"",""errorMessage"":""El nombre y los apellidos no pueden superar los 34 caracteres.""},""transactionId"":""fed40889-cd24-4ea8-8380-1702e4d8b101-1786495580564""}"
False;5076984;2026-08-11 20:46:23.600000;2026-08-11 00:00:00;12201114;CREATEORDER;SHG3JHCD2C9;MWUG3CI/A;"{""orderDetailsResponses"":{""deviceEligibility"":{""secondaryDisplay"":""1"",""partDescription"":""AppleCare+ para iMac (M4)"",""coverageDuration"":""3"",""productStatement"":""AppleCare+ para iMac (M4) amplía la cobertura de servicio y soporte técnico a 3 años desde la fecha de compra de AppleCare+ e incluye cobertura para una cantidad ilimitada de incidentes por daño accidental debido a la manipulación del producto, cada uno de ellos sujeto a un cargo adicional de R$96000  por daños en la pantalla o la carcasa externa o de R$289000  por Otros daños accidentales. Lee todos los detalles en los Términos y condiciones de AppleCare+."",""deviceDateOfPurchase"":""11/08/2026"",""deviceId"":""SHG3JHCD2C9"",""registeredDevice"":""0"",""pocType"":""RPOC"",""serialNumber"":""HG3JHCD2C9"",""partNumber"":""SR1A2ZX/A"",""partAlias"":""ACP"",""purchaseMode"":""C"",""productDescription"":""iMac (24-inch,2024, Two ports)""}},""orderErrorResponse"":{""errorCode"":""GRX-50017"",""errorMessage"":""El nombre y los apellidos no pueden superar los 34 caracteres.""},""transactionId"":""200fe0ed-2d4c-41d8-a931-07ac1a0b5f39-1786495582909""}"
False;5076984;2026-08-11 20:46:54.580000;2026-08-11 00:00:00;12101114;CREATEORDER;SHG3JHCD2C9;MWUG3CI/A;"{""orderDetailsResponses"":{""deviceEligibility"":{""secondaryDisplay"":""1"",""partDescription"":""AppleCare+ para iMac (M4)"",""coverageDuration"":""3"",""productStatement"":""AppleCare+ para iMac (M4) amplía la cobertura de servicio y soporte técnico a 3 años desde la fecha de compra de AppleCare+ e incluye cobertura para una cantidad ilimitada de incidentes por daño accidental debido a la manipulación del producto, cada uno de ellos sujeto a un cargo adicional de R$96000  por daños en la pantalla o la carcasa externa o de R$289000  por Otros daños accidentales. Lee todos los detalles en los Términos y condiciones de AppleCare+."",""deviceDateOfPurchase"":""11/08/2026"",""deviceId"":""SHG3JHCD2C9"",""registeredDevice"":""0"",""pocType"":""RPOC"",""serialNumber"":""HG3JHCD2C9"",""partNumber"":""SR1A2ZX/A"",""partAlias"":""ACP"",""purchaseMode"":""C"",""productDescription"":""iMac (24-inch,2024, Two ports)""}},""orderErrorResponse"":{""errorCode"":""GRX-50017"",""errorMessage"":""El nombre y los apellidos no pueden superar los 34 caracteres.""},""transactionId"":""25b4dc32-baa9-45a4-a0cc-e04a1f03d0b4-1786495613884""}"
False;5076984;2026-08-11 20:46:56.070000;2026-08-11 00:00:00;12201114;CREATEORDER;SHG3JHCD2C9;MWUG3CI/A;"{""orderDetailsResponses"":{""deviceEligibility"":{""secondaryDisplay"":""1"",""partDescription"":""AppleCare+ para iMac (M4)"",""coverageDuration"":""3"",""productStatement"":""AppleCare+ para iMac (M4) amplía la cobertura de servicio y soporte técnico a 3 años desde la fecha de compra de AppleCare+ e incluye cobertura para una cantidad ilimitada de incidentes por daño accidental debido a la manipulación del producto, cada uno de ellos sujeto a un cargo adicional de R$96000  por daños en la pantalla o la carcasa externa o de R$289000  por Otros daños accidentales. Lee todos los detalles en los Términos y condiciones de AppleCare+."",""deviceDateOfPurchase"":""11/08/2026"",""deviceId"":""SHG3JHCD2C9"",""registeredDevice"":""0"",""pocType"":""RPOC"",""serialNumber"":""HG3JHCD2C9"",""partNumber"":""SR1A2ZX/A"",""partAlias"":""ACP"",""purchaseMode"":""C"",""productDescription"":""iMac (24-inch,2024, Two ports)""}},""orderErrorResponse"":{""errorCode"":""GRX-50017"",""errorMessage"":""El nombre y los apellidos no pueden superar los 34 caracteres.""},""transactionId"":""a23a6ae8-f103-416c-b605-b09e156f9b73-1786495615358""}"
False;5076984;2026-08-11 20:51:15.387000;2026-08-11 00:00:00;12101114;CREATEORDER;SHG3JHCD2C9;MWUG3CI/A;"{""orderDetailsResponses"":{""deviceEligibility"":{""secondaryDisplay"":""1"",""partDescription"":""AppleCare+ para iMac (M4)"",""coverageDuration"":""3"",""productStatement"":""AppleCare+ para iMac (M4) amplía la cobertura de servicio y soporte técnico a 3 años desde la fecha de compra de AppleCare+ e incluye cobertura para una cantidad ilimitada de incidentes por daño accidental debido a la manipulación del producto, cada uno de ellos sujeto a un cargo adicional de R$96000  por daños en la pantalla o la carcasa externa o de R$289000  por Otros daños accidentales. Lee todos los detalles en los Términos y condiciones de AppleCare+."",""deviceDateOfPurchase"":""11/08/2026"",""deviceId"":""SHG3JHCD2C9"",""registeredDevice"":""0"",""pocType"":""RPOC"",""serialNumber"":""HG3JHCD2C9"",""partNumber"":""SR1A2ZX/A"",""partAlias"":""ACP"",""purchaseMode"":""C"",""productDescription"":""iMac (24-inch,2024, Two ports)""}},""orderErrorResponse"":{""errorCode"":""GRX-50017"",""errorMessage"":""El nombre y los apellidos no pueden superar los 34 caracteres.""},""transactionId"":""c5ec1169-1757-46bf-955f-37a19b59c65f-1786495874605""}"
False;5076984;2026-08-11 20:51:17.540000;2026-08-11 00:00:00;12201114;CREATEORDER;SHG3JHCD2C9;MWUG3CI/A;"{""orderDetailsResponses"":{""deviceEligibility"":{""secondaryDisplay"":""1"",""partDescription"":""AppleCare+ para iMac (M4)"",""coverageDuration"":""3"",""productStatement"":""AppleCare+ para iMac (M4) amplía la cobertura de servicio y soporte técnico a 3 años desde la fecha de compra de AppleCare+ e incluye cobertura para una cantidad ilimitada de incidentes por daño accidental debido a la manipulación del producto, cada uno de ellos sujeto a un cargo adicional de R$96000  por daños en la pantalla o la carcasa externa o de R$289000  por Otros daños accidentales. Lee todos los detalles en los Términos y condiciones de AppleCare+."",""deviceDateOfPurchase"":""11/08/2026"",""deviceId"":""SHG3JHCD2C9"",""registeredDevice"":""0"",""pocType"":""RPOC"",""serialNumber"":""HG3JHCD2C9"",""partNumber"":""SR1A2ZX/A"",""partAlias"":""ACP"",""purchaseMode"":""C"",""productDescription"":""iMac (24-inch,2024, Two ports)""}},""orderErrorResponse"":{""errorCode"":""GRX-50017"",""errorMessage"":""El nombre y los apellidos no pueden superar los 34 caracteres.""},""transactionId"":""1081b474-d64f-426b-8548-a9edbdeff62c-1786495876812""}"
False;5076984;2026-08-11 20:51:55.920000;2026-08-11 00:00:00;12101114;CREATEORDER;SHG3JHCD2C9;MWUG3CI/A;"{""orderDetailsResponses"":{""deviceEligibility"":{""secondaryDisplay"":""1"",""partDescription"":""AppleCare+ para iMac (M4)"",""coverageDuration"":""3"",""productStatement"":""AppleCare+ para iMac (M4) amplía la cobertura de servicio y soporte técnico a 3 años desde la fecha de compra de AppleCare+ e incluye cobertura para una cantidad ilimitada de incidentes por daño accidental debido a la manipulación del producto, cada uno de ellos sujeto a un cargo adicional de R$96000  por daños en la pantalla o la carcasa externa o de R$289000  por Otros daños accidentales. Lee todos los detalles en los Términos y condiciones de AppleCare+."",""deviceDateOfPurchase"":""11/08/2026"",""deviceId"":""SHG3JHCD2C9"",""registeredDevice"":""0"",""pocType"":""RPOC"",""serialNumber"":""HG3JHCD2C9"",""partNumber"":""SR1A2ZX/A"",""partAlias"":""ACP"",""purchaseMode"":""C"",""productDescription"":""iMac (24-inch,2024, Two ports)""}},""orderErrorResponse"":{""errorCode"":""GRX-50017"",""errorMessage"":""El nombre y los apellidos no pueden superar los 34 caracteres.""},""transactionId"":""508404cc-64c9-465c-8963-5307765027da-1786495915157""}"
False;5076984;2026-08-11 20:51:57.537000;2026-08-11 00:00:00;12201114;CREATEORDER;SHG3JHCD2C9;MWUG3CI/A;"{""orderDetailsResponses"":{""deviceEligibility"":{""secondaryDisplay"":""1"",""partDescription"":""AppleCare+ para iMac (M4)"",""coverageDuration"":""3"",""productStatement"":""AppleCare+ para iMac (M4) amplía la cobertura de servicio y soporte técnico a 3 años desde la fecha de compra de AppleCare+ e incluye cobertura para una cantidad ilimitada de incidentes por daño accidental debido a la manipulación del producto, cada uno de ellos sujeto a un cargo adicional de R$96000  por daños en la pantalla o la carcasa externa o de R$289000  por Otros daños accidentales. Lee todos los detalles en los Términos y condiciones de AppleCare+."",""deviceDateOfPurchase"":""11/08/2026"",""deviceId"":""SHG3JHCD2C9"",""registeredDevice"":""0"",""pocType"":""RPOC"",""serialNumber"":""HG3JHCD2C9"",""partNumber"":""SR1A2ZX/A"",""partAlias"":""ACP"",""purchaseMode"":""C"",""productDescription"":""iMac (24-inch,2024, Two ports)""}},""orderErrorResponse"":{""errorCode"":""GRX-50017"",""errorMessage"":""El nombre y los apellidos no pueden superar los 34 caracteres.""},""transactionId"":""f496de1e-7788-4c6a-9ca7-39b677ac7a2f-1786495916826""}"
False;5076984;2026-08-11 20:56:19.290000;2026-08-11 00:00:00;12101114;CREATEORDER;SHG3JHCD2C9;MWUG3CI/A;"{""orderDetailsResponses"":{""deviceEligibility"":{""secondaryDisplay"":""1"",""partDescription"":""AppleCare+ para iMac (M4)"",""coverageDuration"":""3"",""productStatement"":""AppleCare+ para iMac (M4) amplía la cobertura de servicio y soporte técnico a 3 años desde la fecha de compra de AppleCare+ e incluye cobertura para una cantidad ilimitada de incidentes por daño accidental debido a la manipulación del producto, cada uno de ellos sujeto a un cargo adicional de R$96000  por daños en la pantalla o la carcasa externa o de R$289000  por Otros daños accidentales. Lee todos los detalles en los Términos y condiciones de AppleCare+."",""deviceDateOfPurchase"":""11/08/2026"",""deviceId"":""SHG3JHCD2C9"",""registeredDevice"":""0"",""pocType"":""RPOC"",""serialNumber"":""HG3JHCD2C9"",""partNumber"":""SR1A2ZX/A"",""partAlias"":""ACP"",""purchaseMode"":""C"",""productDescription"":""iMac (24-inch,2024, Two ports)""}},""orderErrorResponse"":{""errorCode"":""GRX-50017"",""errorMessage"":""El nombre y los apellidos no pueden superar los 34 caracteres.""},""transactionId"":""342f043c-37f2-4fb6-b88f-f2646d4a818f-1786496178336""}"
False;5076984;2026-08-11 20:56:21.370000;2026-08-11 00:00:00;12201114;CREATEORDER;SHG3JHCD2C9;MWUG3CI/A;"{""orderDetailsResponses"":{""deviceEligibility"":{""secondaryDisplay"":""1"",""partDescription"":""AppleCare+ para iMac (M4)"",""coverageDuration"":""3"",""productStatement"":""AppleCare+ para iMac (M4) amplía la cobertura de servicio y soporte técnico a 3 años desde la fecha de compra de AppleCare+ e incluye cobertura para una cantidad ilimitada de incidentes por daño accidental debido a la manipulación del producto, cada uno de ellos sujeto a un cargo adicional de R$96000  por daños en la pantalla o la carcasa externa o de R$289000  por Otros daños accidentales. Lee todos los detalles en los Términos y condiciones de AppleCare+."",""deviceDateOfPurchase"":""11/08/2026"",""deviceId"":""SHG3JHCD2C9"",""registeredDevice"":""0"",""pocType"":""RPOC"",""serialNumber"":""HG3JHCD2C9"",""partNumber"":""SR1A2ZX/A"",""partAlias"":""ACP"",""purchaseMode"":""C"",""productDescription"":""iMac (24-inch,2024, Two ports)""}},""orderErrorResponse"":{""errorCode"":""GRX-50017"",""errorMessage"":""El nombre y los apellidos no pueden superar los 34 caracteres.""},""transactionId"":""e5b6e57a-44c3-4f24-a937-9e4eb8d07b88-1786496180644""}"
False;5076984;2026-08-11 20:56:52.277000;2026-08-11 00:00:00;12101114;CREATEORDER;SHG3JHCD2C9;MWUG3CI/A;"{""orderDetailsResponses"":{""deviceEligibility"":{""secondaryDisplay"":""1"",""partDescription"":""AppleCare+ para iMac (M4)"",""coverageDuration"":""3"",""productStatement"":""AppleCare+ para iMac (M4) amplía la cobertura de servicio y soporte técnico a 3 años desde la fecha de compra de AppleCare+ e incluye cobertura para una cantidad ilimitada de incidentes por daño accidental debido a la manipulación del producto, cada uno de ellos sujeto a un cargo adicional de R$96000  por daños en la pantalla o la carcasa externa o de R$289000  por Otros daños accidentales. Lee todos los detalles en los Términos y condiciones de AppleCare+."",""deviceDateOfPurchase"":""11/08/2026"",""deviceId"":""SHG3JHCD2C9"",""registeredDevice"":""0"",""pocType"":""RPOC"",""serialNumber"":""HG3JHCD2C9"",""partNumber"":""SR1A2ZX/A"",""partAlias"":""ACP"",""purchaseMode"":""C"",""productDescription"":""iMac (24-inch,2024, Two ports)""}},""orderErrorResponse"":{""errorCode"":""GRX-50017"",""errorMessage"":""El nombre y los apellidos no pueden superar los 34 caracteres.""},""transactionId"":""6bfd5430-4d69-482e-9d8b-27fb5f6d73d9-1786496211468""}"
False;5076984;2026-08-11 20:56:53.683000;2026-08-11 00:00:00;12201114;CREATEORDER;SHG3JHCD2C9;MWUG3CI/A;"{""orderDetailsResponses"":{""deviceEligibility"":{""secondaryDisplay"":""1"",""partDescription"":""AppleCare+ para iMac (M4)"",""coverageDuration"":""3"",""productStatement"":""AppleCare+ para iMac (M4) amplía la cobertura de servicio y soporte técnico a 3 años desde la fecha de compra de AppleCare+ e incluye cobertura para una cantidad ilimitada de incidentes por daño accidental debido a la manipulación del producto, cada uno de ellos sujeto a un cargo adicional de R$96000  por daños en la pantalla o la carcasa externa o de R$289000  por Otros daños accidentales. Lee todos los detalles en los Términos y condiciones de AppleCare+."",""deviceDateOfPurchase"":""11/08/2026"",""deviceId"":""SHG3JHCD2C9"",""registeredDevice"":""0"",""pocType"":""RPOC"",""serialNumber"":""HG3JHCD2C9"",""partNumber"":""SR1A2ZX/A"",""partAlias"":""ACP"",""purchaseMode"":""C"",""productDescription"":""iMac (24-inch,2024, Two ports)""}},""orderErrorResponse"":{""errorCode"":""GRX-50017"",""errorMessage"":""El nombre y los apellidos no pueden superar los 34 caracteres.""},""transactionId"":""4496ef87-d4e4-4d16-a7f6-9991d452a558-1786496212881""}"
False;5076984;2026-08-11 21:01:20.953000;2026-08-11 00:00:00;12101114;CREATEORDER;SHG3JHCD2C9;MWUG3CI/A;"{""orderDetailsResponses"":{""deviceEligibility"":{""secondaryDisplay"":""1"",""partDescription"":""AppleCare+ para iMac (M4)"",""coverageDuration"":""3"",""productStatement"":""AppleCare+ para iMac (M4) amplía la cobertura de servicio y soporte técnico a 3 años desde la fecha de compra de AppleCare+ e incluye cobertura para una cantidad ilimitada de incidentes por daño accidental debido a la manipulación del producto, cada uno de ellos sujeto a un cargo adicional de R$96000  por daños en la pantalla o la carcasa externa o de R$289000  por Otros daños accidentales. Lee todos los detalles en los Términos y condiciones de AppleCare+."",""deviceDateOfPurchase"":""11/08/2026"",""deviceId"":""SHG3JHCD2C9"",""registeredDevice"":""0"",""pocType"":""RPOC"",""serialNumber"":""HG3JHCD2C9"",""partNumber"":""SR1A2ZX/A"",""partAlias"":""ACP"",""purchaseMode"":""C"",""productDescription"":""iMac (24-inch,2024, Two ports)""}},""orderErrorResponse"":{""errorCode"":""GRX-50017"",""errorMessage"":""El nombre y los apellidos no pueden superar los 34 caracteres.""},""transactionId"":""15a1cc2e-e7f6-42ff-b4c9-6b4254deeeea-1786496480077""}"
False;5076984;2026-08-11 21:01:23.753000;2026-08-11 00:00:00;12201114;CREATEORDER;SHG3JHCD2C9;MWUG3CI/A;"{""orderDetailsResponses"":{""deviceEligibility"":{""secondaryDisplay"":""1"",""partDescription"":""AppleCare+ para iMac (M4)"",""coverageDuration"":""3"",""productStatement"":""AppleCare+ para iMac (M4) amplía la cobertura de servicio y soporte técnico a 3 años desde la fecha de compra de AppleCare+ e incluye cobertura para una cantidad ilimitada de incidentes por daño accidental debido a la manipulación del producto, cada uno de ellos sujeto a un cargo adicional de R$96000  por daños en la pantalla o la carcasa externa o de R$289000  por Otros daños accidentales. Lee todos los detalles en los Términos y condiciones de AppleCare+."",""deviceDateOfPurchase"":""11/08/2026"",""deviceId"":""SHG3JHCD2C9"",""registeredDevice"":""0"",""pocType"":""RPOC"",""serialNumber"":""HG3JHCD2C9"",""partNumber"":""SR1A2ZX/A"",""partAlias"":""ACP"",""purchaseMode"":""C"",""productDescription"":""iMac (24-inch,2024, Two ports)""}},""orderErrorResponse"":{""errorCode"":""GRX-50017"",""errorMessage"":""El nombre y los apellidos no pueden superar los 34 caracteres.""},""transactionId"":""c7bcca34-2c44-47c7-bdbf-adda5787ec8e-1786496482983""}"
False;5076984;2026-08-11 21:01:57.920000;2026-08-11 00:00:00;12101114;CREATEORDER;SHG3JHCD2C9;MWUG3CI/A;"{""orderDetailsResponses"":{""deviceEligibility"":{""secondaryDisplay"":""1"",""partDescription"":""AppleCare+ para iMac (M4)"",""coverageDuration"":""3"",""productStatement"":""AppleCare+ para iMac (M4) amplía la cobertura de servicio y soporte técnico a 3 años desde la fecha de compra de AppleCare+ e incluye cobertura para una cantidad ilimitada de incidentes por daño accidental debido a la manipulación del producto, cada uno de ellos sujeto a un cargo adicional de R$96000  por daños en la pantalla o la carcasa externa o de R$289000  por Otros daños accidentales. Lee todos los detalles en los Términos y condiciones de AppleCare+."",""deviceDateOfPurchase"":""11/08/2026"",""deviceId"":""SHG3JHCD2C9"",""registeredDevice"":""0"",""pocType"":""RPOC"",""serialNumber"":""HG3JHCD2C9"",""partNumber"":""SR1A2ZX/A"",""partAlias"":""ACP"",""purchaseMode"":""C"",""productDescription"":""iMac (24-inch,2024, Two ports)""}},""orderErrorResponse"":{""errorCode"":""GRX-50017"",""errorMessage"":""El nombre y los apellidos no pueden superar los 34 caracteres.""},""transactionId"":""230b05bf-1ee4-40b8-9e02-c212e6333d87-1786496517155""}"
False;5076984;2026-08-11 21:02:00.503000;2026-08-11 00:00:00;12201114;CREATEORDER;SHG3JHCD2C9;MWUG3CI/A;"{""orderDetailsResponses"":{""deviceEligibility"":{""secondaryDisplay"":""1"",""partDescription"":""AppleCare+ para iMac (M4)"",""coverageDuration"":""3"",""productStatement"":""AppleCare+ para iMac (M4) amplía la cobertura de servicio y soporte técnico a 3 años desde la fecha de compra de AppleCare+ e incluye cobertura para una cantidad ilimitada de incidentes por daño accidental debido a la manipulación del producto, cada uno de ellos sujeto a un cargo adicional de R$96000  por daños en la pantalla o la carcasa externa o de R$289000  por Otros daños accidentales. Lee todos los detalles en los Términos y condiciones de AppleCare+."",""deviceDateOfPurchase"":""11/08/2026"",""deviceId"":""SHG3JHCD2C9"",""registeredDevice"":""0"",""pocType"":""RPOC"",""serialNumber"":""HG3JHCD2C9"",""partNumber"":""SR1A2ZX/A"",""partAlias"":""ACP"",""purchaseMode"":""C"",""productDescription"":""iMac (24-inch,2024, Two ports)""}},""orderErrorResponse"":{""errorCode"":""GRX-50017"",""errorMessage"":""El nombre y los apellidos no pueden superar los 34 caracteres.""},""transactionId"":""05d94e45-2ad8-4610-b0fd-ec78c34f1f4c-1786496519630""}"
False;5076984;2026-08-11 21:06:17.293000;2026-08-11 00:00:00;12101114;CREATEORDER;SHG3JHCD2C9;MWUG3CI/A;"{""orderDetailsResponses"":{""deviceEligibility"":{""secondaryDisplay"":""1"",""partDescription"":""AppleCare+ para iMac (M4)"",""coverageDuration"":""3"",""productStatement"":""AppleCare+ para iMac (M4) amplía la cobertura de servicio y soporte técnico a 3 años desde la fecha de compra de AppleCare+ e incluye cobertura para una cantidad ilimitada de incidentes por daño accidental debido a la manipulación del producto, cada uno de ellos sujeto a un cargo adicional de R$96000  por daños en la pantalla o la carcasa externa o de R$289000  por Otros daños accidentales. Lee todos los detalles en los Términos y condiciones de AppleCare+."",""deviceDateOfPurchase"":""11/08/2026"",""deviceId"":""SHG3JHCD2C9"",""registeredDevice"":""0"",""pocType"":""RPOC"",""serialNumber"":""HG3JHCD2C9"",""partNumber"":""SR1A2ZX/A"",""partAlias"":""ACP"",""purchaseMode"":""C"",""productDescription"":""iMac (24-inch,2024, Two ports)""}},""orderErrorResponse"":{""errorCode"":""GRX-50017"",""errorMessage"":""El nombre y los apellidos no pueden superar los 34 caracteres.""},""transactionId"":""ae047860-32ff-4638-a3c6-a283fdaf1377-1786496776548""}"
False;5076984;2026-08-11 21:06:19.093000;2026-08-11 00:00:00;12201114;CREATEORDER;SHG3JHCD2C9;MWUG3CI/A;"{""orderDetailsResponses"":{""deviceEligibility"":{""secondaryDisplay"":""1"",""partDescription"":""AppleCare+ para iMac (M4)"",""coverageDuration"":""3"",""productStatement"":""AppleCare+ para iMac (M4) amplía la cobertura de servicio y soporte técnico a 3 años desde la fecha de compra de AppleCare+ e incluye cobertura para una cantidad ilimitada de incidentes por daño accidental debido a la manipulación del producto, cada uno de ellos sujeto a un cargo adicional de R$96000  por daños en la pantalla o la carcasa externa o de R$289000  por Otros daños accidentales. Lee todos los detalles en los Términos y condiciones de AppleCare+."",""deviceDateOfPurchase"":""11/08/2026"",""deviceId"":""SHG3JHCD2C9"",""registeredDevice"":""0"",""pocType"":""RPOC"",""serialNumber"":""HG3JHCD2C9"",""partNumber"":""SR1A2ZX/A"",""partAlias"":""ACP"",""purchaseMode"":""C"",""productDescription"":""iMac (24-inch,2024, Two ports)""}},""orderErrorResponse"":{""errorCode"":""GRX-50017"",""errorMessage"":""El nombre y los apellidos no pueden superar los 34 caracteres.""},""transactionId"":""2cc78b1e-c2e2-42be-b9ad-3b8cc858977b-1786496778357""}"
False;5076984;2026-08-11 21:06:54.947000;2026-08-11 00:00:00;12101114;CREATEORDER;SHG3JHCD2C9;MWUG3CI/A;"{""orderDetailsResponses"":{""deviceEligibility"":{""secondaryDisplay"":""1"",""partDescription"":""AppleCare+ para iMac (M4)"",""coverageDuration"":""3"",""productStatement"":""AppleCare+ para iMac (M4) amplía la cobertura de servicio y soporte técnico a 3 años desde la fecha de compra de AppleCare+ e incluye cobertura para una cantidad ilimitada de incidentes por daño accidental debido a la manipulación del producto, cada uno de ellos sujeto a un cargo adicional de R$96000  por daños en la pantalla o la carcasa externa o de R$289000  por Otros daños accidentales. Lee todos los detalles en los Términos y condiciones de AppleCare+."",""deviceDateOfPurchase"":""11/08/2026"",""deviceId"":""SHG3JHCD2C9"",""registeredDevice"":""0"",""pocType"":""RPOC"",""serialNumber"":""HG3JHCD2C9"",""partNumber"":""SR1A2ZX/A"",""partAlias"":""ACP"",""purchaseMode"":""C"",""productDescription"":""iMac (24-inch,2024, Two ports)""}},""orderErrorResponse"":{""errorCode"":""GRX-50017"",""errorMessage"":""El nombre y los apellidos no pueden superar los 34 caracteres.""},""transactionId"":""0295f566-0740-4ab3-9751-d0c3ea845a54-1786496814223""}"
False;5076984;2026-08-11 21:06:56.710000;2026-08-11 00:00:00;12201114;CREATEORDER;SHG3JHCD2C9;MWUG3CI/A;"{""orderDetailsResponses"":{""deviceEligibility"":{""secondaryDisplay"":""1"",""partDescription"":""AppleCare+ para iMac (M4)"",""coverageDuration"":""3"",""productStatement"":""AppleCare+ para iMac (M4) amplía la cobertura de servicio y soporte técnico a 3 años desde la fecha de compra de AppleCare+ e incluye cobertura para una cantidad ilimitada de incidentes por daño accidental debido a la manipulación del producto, cada uno de ellos sujeto a un cargo adicional de R$96000  por daños en la pantalla o la carcasa externa o de R$289000  por Otros daños accidentales. Lee todos los detalles en los Términos y condiciones de AppleCare+."",""deviceDateOfPurchase"":""11/08/2026"",""deviceId"":""SHG3JHCD2C9"",""registeredDevice"":""0"",""pocType"":""RPOC"",""serialNumber"":""HG3JHCD2C9"",""partNumber"":""SR1A2ZX/A"",""partAlias"":""ACP"",""purchaseMode"":""C"",""productDescription"":""iMac (24-inch,2024, Two ports)""}},""orderErrorResponse"":{""errorCode"":""GRX-50017"",""errorMessage"":""El nombre y los apellidos no pueden superar los 34 caracteres.""},""transactionId"":""4430de88-716b-4a0c-bd17-db63cc4d8a9c-1786496815959""}"
False;5076984;2026-08-11 21:11:18.327000;2026-08-11 00:00:00;12101114;CREATEORDER;SHG3JHCD2C9;MWUG3CI/A;"{""orderDetailsResponses"":{""deviceEligibility"":{""secondaryDisplay"":""1"",""partDescription"":""AppleCare+ para iMac (M4)"",""coverageDuration"":""3"",""productStatement"":""AppleCare+ para iMac (M4) amplía la cobertura de servicio y soporte técnico a 3 años desde la fecha de compra de AppleCare+ e incluye cobertura para una cantidad ilimitada de incidentes por daño accidental debido a la manipulación del producto, cada uno de ellos sujeto a un cargo adicional de R$96000  por daños en la pantalla o la carcasa externa o de R$289000  por Otros daños accidentales. Lee todos los detalles en los Términos y condiciones de AppleCare+."",""deviceDateOfPurchase"":""11/08/2026"",""deviceId"":""SHG3JHCD2C9"",""registeredDevice"":""0"",""pocType"":""RPOC"",""serialNumber"":""HG3JHCD2C9"",""partNumber"":""SR1A2ZX/A"",""partAlias"":""ACP"",""purchaseMode"":""C"",""productDescription"":""iMac (24-inch,2024, Two ports)""}},""orderErrorResponse"":{""errorCode"":""GRX-50017"",""errorMessage"":""El nombre y los apellidos no pueden superar los 34 caracteres.""},""transactionId"":""32cad245-5c8d-4c04-ad6d-325ef91893b8-1786497077573""}"
False;5076984;2026-08-11 21:11:19.650000;2026-08-11 00:00:00;12201114;CREATEORDER;SHG3JHCD2C9;MWUG3CI/A;"{""orderDetailsResponses"":{""deviceEligibility"":{""secondaryDisplay"":""1"",""partDescription"":""AppleCare+ para iMac (M4)"",""coverageDuration"":""3"",""productStatement"":""AppleCare+ para iMac (M4) amplía la cobertura de servicio y soporte técnico a 3 años desde la fecha de compra de AppleCare+ e incluye cobertura para una cantidad ilimitada de incidentes por daño accidental debido a la manipulación del producto, cada uno de ellos sujeto a un cargo adicional de R$96000  por daños en la pantalla o la carcasa externa o de R$289000  por Otros daños accidentales. Lee todos los detalles en los Términos y condiciones de AppleCare+."",""deviceDateOfPurchase"":""11/08/2026"",""deviceId"":""SHG3JHCD2C9"",""registeredDevice"":""0"",""pocType"":""RPOC"",""serialNumber"":""HG3JHCD2C9"",""partNumber"":""SR1A2ZX/A"",""partAlias"":""ACP"",""purchaseMode"":""C"",""productDescription"":""iMac (24-inch,2024, Two ports)""}},""orderErrorResponse"":{""errorCode"":""GRX-50017"",""errorMessage"":""El nombre y los apellidos no pueden superar los 34 caracteres.""},""transactionId"":""7ae9af4a-1a0f-49a4-86d3-62e75ad20b0a-1786497078883""}"
False;5076984;2026-08-11 21:11:52.177000;2026-08-11 00:00:00;12101114;CREATEORDER;SHG3JHCD2C9;MWUG3CI/A;"{""orderDetailsResponses"":{""deviceEligibility"":{""secondaryDisplay"":""1"",""partDescription"":""AppleCare+ para iMac (M4)"",""coverageDuration"":""3"",""productStatement"":""AppleCare+ para iMac (M4) amplía la cobertura de servicio y soporte técnico a 3 años desde la fecha de compra de AppleCare+ e incluye cobertura para una cantidad ilimitada de incidentes por daño accidental debido a la manipulación del producto, cada uno de ellos sujeto a un cargo adicional de R$96000  por daños en la pantalla o la carcasa externa o de R$289000  por Otros daños accidentales. Lee todos los detalles en los Términos y condiciones de AppleCare+."",""deviceDateOfPurchase"":""11/08/2026"",""deviceId"":""SHG3JHCD2C9"",""registeredDevice"":""0"",""pocType"":""RPOC"",""serialNumber"":""HG3JHCD2C9"",""partNumber"":""SR1A2ZX/A"",""partAlias"":""ACP"",""purchaseMode"":""C"",""productDescription"":""iMac (24-inch,2024, Two ports)""}},""orderErrorResponse"":{""errorCode"":""GRX-50017"",""errorMessage"":""El nombre y los apellidos no pueden superar los 34 caracteres.""},""transactionId"":""72ab82c8-17af-4482-9f53-7c2923156ce3-1786497111256""}"
False;5076984;2026-08-11 21:11:53.570000;2026-08-11 00:00:00;12201114;CREATEORDER;SHG3JHCD2C9;MWUG3CI/A;"{""orderDetailsResponses"":{""deviceEligibility"":{""secondaryDisplay"":""1"",""partDescription"":""AppleCare+ para iMac (M4)"",""coverageDuration"":""3"",""productStatement"":""AppleCare+ para iMac (M4) amplía la cobertura de servicio y soporte técnico a 3 años desde la fecha de compra de AppleCare+ e incluye cobertura para una cantidad ilimitada de incidentes por daño accidental debido a la manipulación del producto, cada uno de ellos sujeto a un cargo adicional de R$96000  por daños en la pantalla o la carcasa externa o de R$289000  por Otros daños accidentales. Lee todos los detalles en los Términos y condiciones de AppleCare+."",""deviceDateOfPurchase"":""11/08/2026"",""deviceId"":""SHG3JHCD2C9"",""registeredDevice"":""0"",""pocType"":""RPOC"",""serialNumber"":""HG3JHCD2C9"",""partNumber"":""SR1A2ZX/A"",""partAlias"":""ACP"",""purchaseMode"":""C"",""productDescription"":""iMac (24-inch,2024, Two ports)""}},""orderErrorResponse"":{""errorCode"":""GRX-50017"",""errorMessage"":""El nombre y los apellidos no pueden superar los 34 caracteres.""},""transactionId"":""629f65be-afc4-46ee-ab7c-8117410ea25a-1786497112814""}"
False;5076984;2026-08-11 21:16:16.650000;2026-08-11 00:00:00;12101114;CREATEORDER;SHG3JHCD2C9;MWUG3CI/A;"{""orderDetailsResponses"":{""deviceEligibility"":{""secondaryDisplay"":""1"",""partDescription"":""AppleCare+ para iMac (M4)"",""coverageDuration"":""3"",""productStatement"":""AppleCare+ para iMac (M4) amplía la cobertura de servicio y soporte técnico a 3 años desde la fecha de compra de AppleCare+ e incluye cobertura para una cantidad ilimitada de incidentes por daño accidental debido a la manipulación del producto, cada uno de ellos sujeto a un cargo adicional de R$96000  por daños en la pantalla o la carcasa externa o de R$289000  por Otros daños accidentales. Lee todos los detalles en los Términos y condiciones de AppleCare+."",""deviceDateOfPurchase"":""11/08/2026"",""deviceId"":""SHG3JHCD2C9"",""registeredDevice"":""0"",""pocType"":""RPOC"",""serialNumber"":""HG3JHCD2C9"",""partNumber"":""SR1A2ZX/A"",""partAlias"":""ACP"",""purchaseMode"":""C"",""productDescription"":""iMac (24-inch,2024, Two ports)""}},""orderErrorResponse"":{""errorCode"":""GRX-50017"",""errorMessage"":""El nombre y los apellidos no pueden superar los 34 caracteres.""},""transactionId"":""c5a390ef-307a-415e-b9fd-5f2ced3b63de-1786497375833""}"
False;5076984;2026-08-11 21:16:19.387000;2026-08-11 00:00:00;12201114;CREATEORDER;SHG3JHCD2C9;MWUG3CI/A;"{""orderDetailsResponses"":{""deviceEligibility"":{""secondaryDisplay"":""1"",""partDescription"":""AppleCare+ para iMac (M4)"",""coverageDuration"":""3"",""productStatement"":""AppleCare+ para iMac (M4) amplía la cobertura de servicio y soporte técnico a 3 años desde la fecha de compra de AppleCare+ e incluye cobertura para una cantidad ilimitada de incidentes por daño accidental debido a la manipulación del producto, cada uno de ellos sujeto a un cargo adicional de R$96000  por daños en la pantalla o la carcasa externa o de R$289000  por Otros daños accidentales. Lee todos los detalles en los Términos y condiciones de AppleCare+."",""deviceDateOfPurchase"":""11/08/2026"",""deviceId"":""SHG3JHCD2C9"",""registeredDevice"":""0"",""pocType"":""RPOC"",""serialNumber"":""HG3JHCD2C9"",""partNumber"":""SR1A2ZX/A"",""partAlias"":""ACP"",""purchaseMode"":""C"",""productDescription"":""iMac (24-inch,2024, Two ports)""}},""orderErrorResponse"":{""errorCode"":""GRX-50017"",""errorMessage"":""El nombre y los apellidos no pueden superar los 34 caracteres.""},""transactionId"":""9c5f12ff-8f33-4f1e-8743-ed94697cb163-1786497378641""}"
False;5076984;2026-08-11 21:16:52.360000;2026-08-11 00:00:00;12101114;CREATEORDER;SHG3JHCD2C9;MWUG3CI/A;"{""orderDetailsResponses"":{""deviceEligibility"":{""secondaryDisplay"":""1"",""partDescription"":""AppleCare+ para iMac (M4)"",""coverageDuration"":""3"",""productStatement"":""AppleCare+ para iMac (M4) amplía la cobertura de servicio y soporte técnico a 3 años desde la fecha de compra de AppleCare+ e incluye cobertura para una cantidad ilimitada de incidentes por daño accidental debido a la manipulación del producto, cada uno de ellos sujeto a un cargo adicional de R$96000  por daños en la pantalla o la carcasa externa o de R$289000  por Otros daños accidentales. Lee todos los detalles en los Términos y condiciones de AppleCare+."",""deviceDateOfPurchase"":""11/08/2026"",""deviceId"":""SHG3JHCD2C9"",""registeredDevice"":""0"",""pocType"":""RPOC"",""serialNumber"":""HG3JHCD2C9"",""partNumber"":""SR1A2ZX/A"",""partAlias"":""ACP"",""purchaseMode"":""C"",""productDescription"":""iMac (24-inch,2024, Two ports)""}},""orderErrorResponse"":{""errorCode"":""GRX-50017"",""errorMessage"":""El nombre y los apellidos no pueden superar los 34 caracteres.""},""transactionId"":""683922de-d573-456b-8f0f-837c3325db80-1786497411562""}"
False;5076984;2026-08-11 21:16:54.330000;2026-08-11 00:00:00;12201114;CREATEORDER;SHG3JHCD2C9;MWUG3CI/A;"{""orderDetailsResponses"":{""deviceEligibility"":{""secondaryDisplay"":""1"",""partDescription"":""AppleCare+ para iMac (M4)"",""coverageDuration"":""3"",""productStatement"":""AppleCare+ para iMac (M4) amplía la cobertura de servicio y soporte técnico a 3 años desde la fecha de compra de AppleCare+ e incluye cobertura para una cantidad ilimitada de incidentes por daño accidental debido a la manipulación del producto, cada uno de ellos sujeto a un cargo adicional de R$96000  por daños en la pantalla o la carcasa externa o de R$289000  por Otros daños accidentales. Lee todos los detalles en los Términos y condiciones de AppleCare+."",""deviceDateOfPurchase"":""11/08/2026"",""deviceId"":""SHG3JHCD2C9"",""registeredDevice"":""0"",""pocType"":""RPOC"",""serialNumber"":""HG3JHCD2C9"",""partNumber"":""SR1A2ZX/A"",""partAlias"":""ACP"",""purchaseMode"":""C"",""productDescription"":""iMac (24-inch,2024, Two ports)""}},""orderErrorResponse"":{""errorCode"":""GRX-50017"",""errorMessage"":""El nombre y los apellidos no pueden superar los 34 caracteres.""},""transactionId"":""9f9a6067-0fed-4c5e-8405-a72d98d321ef-1786497413535""}"
False;5076984;2026-08-11 21:21:14.160000;2026-08-11 00:00:00;12101114;CREATEORDER;SHG3JHCD2C9;MWUG3CI/A;"{""orderDetailsResponses"":{""deviceEligibility"":{""secondaryDisplay"":""1"",""partDescription"":""AppleCare+ para iMac (M4)"",""coverageDuration"":""3"",""productStatement"":""AppleCare+ para iMac (M4) amplía la cobertura de servicio y soporte técnico a 3 años desde la fecha de compra de AppleCare+ e incluye cobertura para una cantidad ilimitada de incidentes por daño accidental debido a la manipulación del producto, cada uno de ellos sujeto a un cargo adicional de R$96000  por daños en la pantalla o la carcasa externa o de R$289000  por Otros daños accidentales. Lee todos los detalles en los Términos y condiciones de AppleCare+."",""deviceDateOfPurchase"":""11/08/2026"",""deviceId"":""SHG3JHCD2C9"",""registeredDevice"":""0"",""pocType"":""RPOC"",""serialNumber"":""HG3JHCD2C9"",""partNumber"":""SR1A2ZX/A"",""partAlias"":""ACP"",""purchaseMode"":""C"",""productDescription"":""iMac (24-inch,2024, Two ports)""}},""orderErrorResponse"":{""errorCode"":""GRX-50017"",""errorMessage"":""El nombre y los apellidos no pueden superar los 34 caracteres.""},""transactionId"":""f7dafa6d-99cc-4bdd-a725-1efcfece09a1-1786497673388""}"
False;5076984;2026-08-11 21:21:16.277000;2026-08-11 00:00:00;12201114;CREATEORDER;SHG3JHCD2C9;MWUG3CI/A;"{""orderDetailsResponses"":{""deviceEligibility"":{""secondaryDisplay"":""1"",""partDescription"":""AppleCare+ para iMac (M4)"",""coverageDuration"":""3"",""productStatement"":""AppleCare+ para iMac (M4) amplía la cobertura de servicio y soporte técnico a 3 años desde la fecha de compra de AppleCare+ e incluye cobertura para una cantidad ilimitada de incidentes por daño accidental debido a la manipulación del producto, cada uno de ellos sujeto a un cargo adicional de R$96000  por daños en la pantalla o la carcasa externa o de R$289000  por Otros daños accidentales. Lee todos los detalles en los Términos y condiciones de AppleCare+."",""deviceDateOfPurchase"":""11/08/2026"",""deviceId"":""SHG3JHCD2C9"",""registeredDevice"":""0"",""pocType"":""RPOC"",""serialNumber"":""HG3JHCD2C9"",""partNumber"":""SR1A2ZX/A"",""partAlias"":""ACP"",""purchaseMode"":""C"",""productDescription"":""iMac (24-inch,2024, Two ports)""}},""orderErrorResponse"":{""errorCode"":""GRX-50017"",""errorMessage"":""El nombre y los apellidos no pueden superar los 34 caracteres.""},""transactionId"":""63012fa1-da1c-457a-b0ec-b8f61212d67a-1786497675489""}"
False;5076984;2026-08-11 21:21:53.157000;2026-08-11 00:00:00;12101114;CREATEORDER;SHG3JHCD2C9;MWUG3CI/A;"{""orderDetailsResponses"":{""deviceEligibility"":{""secondaryDisplay"":""1"",""partDescription"":""AppleCare+ para iMac (M4)"",""coverageDuration"":""3"",""productStatement"":""AppleCare+ para iMac (M4) amplía la cobertura de servicio y soporte técnico a 3 años desde la fecha de compra de AppleCare+ e incluye cobertura para una cantidad ilimitada de incidentes por daño accidental debido a la manipulación del producto, cada uno de ellos sujeto a un cargo adicional de R$96000  por daños en la pantalla o la carcasa externa o de R$289000  por Otros daños accidentales. Lee todos los detalles en los Términos y condiciones de AppleCare+."",""deviceDateOfPurchase"":""11/08/2026"",""deviceId"":""SHG3JHCD2C9"",""registeredDevice"":""0"",""pocType"":""RPOC"",""serialNumber"":""HG3JHCD2C9"",""partNumber"":""SR1A2ZX/A"",""partAlias"":""ACP"",""purchaseMode"":""C"",""productDescription"":""iMac (24-inch,2024, Two ports)""}},""orderErrorResponse"":{""errorCode"":""GRX-50017"",""errorMessage"":""El nombre y los apellidos no pueden superar los 34 caracteres.""},""transactionId"":""bed9d4fb-00ab-4b7f-81dc-c16bfe0ec51a-1786497712406""}"
False;5076984;2026-08-11 21:21:55.720000;2026-08-11 00:00:00;12201114;CREATEORDER;SHG3JHCD2C9;MWUG3CI/A;"{""orderDetailsResponses"":{""deviceEligibility"":{""secondaryDisplay"":""1"",""partDescription"":""AppleCare+ para iMac (M4)"",""coverageDuration"":""3"",""productStatement"":""AppleCare+ para iMac (M4) amplía la cobertura de servicio y soporte técnico a 3 años desde la fecha de compra de AppleCare+ e incluye cobertura para una cantidad ilimitada de incidentes por daño accidental debido a la manipulación del producto, cada uno de ellos sujeto a un cargo adicional de R$96000  por daños en la pantalla o la carcasa externa o de R$289000  por Otros daños accidentales. Lee todos los detalles en los Términos y condiciones de AppleCare+."",""deviceDateOfPurchase"":""11/08/2026"",""deviceId"":""SHG3JHCD2C9"",""registeredDevice"":""0"",""pocType"":""RPOC"",""serialNumber"":""HG3JHCD2C9"",""partNumber"":""SR1A2ZX/A"",""partAlias"":""ACP"",""purchaseMode"":""C"",""productDescription"":""iMac (24-inch,2024, Two ports)""}},""orderErrorResponse"":{""errorCode"":""GRX-50017"",""errorMessage"":""El nombre y los apellidos no pueden superar los 34 caracteres.""},""transactionId"":""43c784d4-ae04-4dd8-af20-4cd3a3e44ffa-1786497714916""}"
False;5076984;2026-08-11 21:26:22.263000;2026-08-11 00:00:00;12101114;CREATEORDER;SHG3JHCD2C9;MWUG3CI/A;"{""orderDetailsResponses"":{""deviceEligibility"":{""secondaryDisplay"":""1"",""partDescription"":""AppleCare+ para iMac (M4)"",""coverageDuration"":""3"",""productStatement"":""AppleCare+ para iMac (M4) amplía la cobertura de servicio y soporte técnico a 3 años desde la fecha de compra de AppleCare+ e incluye cobertura para una cantidad ilimitada de incidentes por daño accidental debido a la manipulación del producto, cada uno de ellos sujeto a un cargo adicional de R$96000  por daños en la pantalla o la carcasa externa o de R$289000  por Otros daños accidentales. Lee todos los detalles en los Términos y condiciones de AppleCare+."",""deviceDateOfPurchase"":""11/08/2026"",""deviceId"":""SHG3JHCD2C9"",""registeredDevice"":""0"",""pocType"":""RPOC"",""serialNumber"":""HG3JHCD2C9"",""partNumber"":""SR1A2ZX/A"",""partAlias"":""ACP"",""purchaseMode"":""C"",""productDescription"":""iMac (24-inch,2024, Two ports)""}},""orderErrorResponse"":{""errorCode"":""GRX-50017"",""errorMessage"":""El nombre y los apellidos no pueden superar los 34 caracteres.""},""transactionId"":""df234383-03b4-4a30-ad6a-569a45c68fec-1786497981303""}"
False;5076984;2026-08-11 21:26:24.617000;2026-08-11 00:00:00;12201114;CREATEORDER;SHG3JHCD2C9;MWUG3CI/A;"{""orderDetailsResponses"":{""deviceEligibility"":{""secondaryDisplay"":""1"",""partDescription"":""AppleCare+ para iMac (M4)"",""coverageDuration"":""3"",""productStatement"":""AppleCare+ para iMac (M4) amplía la cobertura de servicio y soporte técnico a 3 años desde la fecha de compra de AppleCare+ e incluye cobertura para una cantidad ilimitada de incidentes por daño accidental debido a la manipulación del producto, cada uno de ellos sujeto a un cargo adicional de R$96000  por daños en la pantalla o la carcasa externa o de R$289000  por Otros daños accidentales. Lee todos los detalles en los Términos y condiciones de AppleCare+."",""deviceDateOfPurchase"":""11/08/2026"",""deviceId"":""SHG3JHCD2C9"",""registeredDevice"":""0"",""pocType"":""RPOC"",""serialNumber"":""HG3JHCD2C9"",""partNumber"":""SR1A2ZX/A"",""partAlias"":""ACP"",""purchaseMode"":""C"",""productDescription"":""iMac (24-inch,2024, Two ports)""}},""orderErrorResponse"":{""errorCode"":""GRX-50017"",""errorMessage"":""El nombre y los apellidos no pueden superar los 34 caracteres.""},""transactionId"":""8c1ced61-c13d-4ccd-bdef-dc1f2afd051e-1786497983882""}"
False;5076984;2026-08-11 21:26:56.357000;2026-08-11 00:00:00;12101114;CREATEORDER;SHG3JHCD2C9;MWUG3CI/A;"{""orderDetailsResponses"":{""deviceEligibility"":{""secondaryDisplay"":""1"",""partDescription"":""AppleCare+ para iMac (M4)"",""coverageDuration"":""3"",""productStatement"":""AppleCare+ para iMac (M4) amplía la cobertura de servicio y soporte técnico a 3 años desde la fecha de compra de AppleCare+ e incluye cobertura para una cantidad ilimitada de incidentes por daño accidental debido a la manipulación del producto, cada uno de ellos sujeto a un cargo adicional de R$96000  por daños en la pantalla o la carcasa externa o de R$289000  por Otros daños accidentales. Lee todos los detalles en los Términos y condiciones de AppleCare+."",""deviceDateOfPurchase"":""11/08/2026"",""deviceId"":""SHG3JHCD2C9"",""registeredDevice"":""0"",""pocType"":""RPOC"",""serialNumber"":""HG3JHCD2C9"",""partNumber"":""SR1A2ZX/A"",""partAlias"":""ACP"",""purchaseMode"":""C"",""productDescription"":""iMac (24-inch,2024, Two ports)""}},""orderErrorResponse"":{""errorCode"":""GRX-50017"",""errorMessage"":""El nombre y los apellidos no pueden superar los 34 caracteres.""},""transactionId"":""cd33a483-df5a-4338-98e0-67ef1c2b16e1-1786498015630""}"
False;5076984;2026-08-11 21:26:57.723000;2026-08-11 00:00:00;12201114;CREATEORDER;SHG3JHCD2C9;MWUG3CI/A;"{""orderDetailsResponses"":{""deviceEligibility"":{""secondaryDisplay"":""1"",""partDescription"":""AppleCare+ para iMac (M4)"",""coverageDuration"":""3"",""productStatement"":""AppleCare+ para iMac (M4) amplía la cobertura de servicio y soporte técnico a 3 años desde la fecha de compra de AppleCare+ e incluye cobertura para una cantidad ilimitada de incidentes por daño accidental debido a la manipulación del producto, cada uno de ellos sujeto a un cargo adicional de R$96000  por daños en la pantalla o la carcasa externa o de R$289000  por Otros daños accidentales. Lee todos los detalles en los Términos y condiciones de AppleCare+."",""deviceDateOfPurchase"":""11/08/2026"",""deviceId"":""SHG3JHCD2C9"",""registeredDevice"":""0"",""pocType"":""RPOC"",""serialNumber"":""HG3JHCD2C9"",""partNumber"":""SR1A2ZX/A"",""partAlias"":""ACP"",""purchaseMode"":""C"",""productDescription"":""iMac (24-inch,2024, Two ports)""}},""orderErrorResponse"":{""errorCode"":""GRX-50017"",""errorMessage"":""El nombre y los apellidos no pueden superar los 34 caracteres.""},""transactionId"":""0ab17fc2-adfd-45cf-b564-a88cb9c840af-1786498017010""}"
False;5076984;2026-08-11 21:31:19.843000;2026-08-11 00:00:00;12101114;CREATEORDER;SHG3JHCD2C9;MWUG3CI/A;"{""orderDetailsResponses"":{""deviceEligibility"":{""secondaryDisplay"":""1"",""partDescription"":""AppleCare+ para iMac (M4)"",""coverageDuration"":""3"",""productStatement"":""AppleCare+ para iMac (M4) amplía la cobertura de servicio y soporte técnico a 3 años desde la fecha de compra de AppleCare+ e incluye cobertura para una cantidad ilimitada de incidentes por daño accidental debido a la manipulación del producto, cada uno de ellos sujeto a un cargo adicional de R$96000  por daños en la pantalla o la carcasa externa o de R$289000  por Otros daños accidentales. Lee todos los detalles en los Términos y condiciones de AppleCare+."",""deviceDateOfPurchase"":""11/08/2026"",""deviceId"":""SHG3JHCD2C9"",""registeredDevice"":""0"",""pocType"":""RPOC"",""serialNumber"":""HG3JHCD2C9"",""partNumber"":""SR1A2ZX/A"",""partAlias"":""ACP"",""purchaseMode"":""C"",""productDescription"":""iMac (24-inch,2024, Two ports)""}},""orderErrorResponse"":{""errorCode"":""GRX-50017"",""errorMessage"":""El nombre y los apellidos no pueden superar los 34 caracteres.""},""transactionId"":""0389157f-50e0-45c7-bcd2-5dba030eb91f-1786498279027""}"
False;5076984;2026-08-11 21:31:21.623000;2026-08-11 00:00:00;12201114;CREATEORDER;SHG3JHCD2C9;MWUG3CI/A;"{""orderDetailsResponses"":{""deviceEligibility"":{""secondaryDisplay"":""1"",""partDescription"":""AppleCare+ para iMac (M4)"",""coverageDuration"":""3"",""productStatement"":""AppleCare+ para iMac (M4) amplía la cobertura de servicio y soporte técnico a 3 años desde la fecha de compra de AppleCare+ e incluye cobertura para una cantidad ilimitada de incidentes por daño accidental debido a la manipulación del producto, cada uno de ellos sujeto a un cargo adicional de R$96000  por daños en la pantalla o la carcasa externa o de R$289000  por Otros daños accidentales. Lee todos los detalles en los Términos y condiciones de AppleCare+."",""deviceDateOfPurchase"":""11/08/2026"",""deviceId"":""SHG3JHCD2C9"",""registeredDevice"":""0"",""pocType"":""RPOC"",""serialNumber"":""HG3JHCD2C9"",""partNumber"":""SR1A2ZX/A"",""partAlias"":""ACP"",""purchaseMode"":""C"",""productDescription"":""iMac (24-inch,2024, Two ports)""}},""orderErrorResponse"":{""errorCode"":""GRX-50017"",""errorMessage"":""El nombre y los apellidos no pueden superar los 34 caracteres.""},""transactionId"":""2f1e15c9-6dad-4da2-9bc8-83e912cddb53-1786498280847""}"
False;5076984;2026-08-11 21:31:54.490000;2026-08-11 00:00:00;12101114;CREATEORDER;SHG3JHCD2C9;MWUG3CI/A;"{""orderDetailsResponses"":{""deviceEligibility"":{""secondaryDisplay"":""1"",""partDescription"":""AppleCare+ para iMac (M4)"",""coverageDuration"":""3"",""productStatement"":""AppleCare+ para iMac (M4) amplía la cobertura de servicio y soporte técnico a 3 años desde la fecha de compra de AppleCare+ e incluye cobertura para una cantidad ilimitada de incidentes por daño accidental debido a la manipulación del producto, cada uno de ellos sujeto a un cargo adicional de R$96000  por daños en la pantalla o la carcasa externa o de R$289000  por Otros daños accidentales. Lee todos los detalles en los Términos y condiciones de AppleCare+."",""deviceDateOfPurchase"":""11/08/2026"",""deviceId"":""SHG3JHCD2C9"",""registeredDevice"":""0"",""pocType"":""RPOC"",""serialNumber"":""HG3JHCD2C9"",""partNumber"":""SR1A2ZX/A"",""partAlias"":""ACP"",""purchaseMode"":""C"",""productDescription"":""iMac (24-inch,2024, Two ports)""}},""orderErrorResponse"":{""errorCode"":""GRX-50017"",""errorMessage"":""El nombre y los apellidos no pueden superar los 34 caracteres.""},""transactionId"":""cd578823-d1c5-4df5-a7ce-084027b5147a-1786498313681""}"
False;5076984;2026-08-11 21:31:57.350000;2026-08-11 00:00:00;12201114;CREATEORDER;SHG3JHCD2C9;MWUG3CI/A;"{""orderDetailsResponses"":{""deviceEligibility"":{""secondaryDisplay"":""1"",""partDescription"":""AppleCare+ para iMac (M4)"",""coverageDuration"":""3"",""productStatement"":""AppleCare+ para iMac (M4) amplía la cobertura de servicio y soporte técnico a 3 años desde la fecha de compra de AppleCare+ e incluye cobertura para una cantidad ilimitada de incidentes por daño accidental debido a la manipulación del producto, cada uno de ellos sujeto a un cargo adicional de R$96000  por daños en la pantalla o la carcasa externa o de R$289000  por Otros daños accidentales. Lee todos los detalles en los Términos y condiciones de AppleCare+."",""deviceDateOfPurchase"":""11/08/2026"",""deviceId"":""SHG3JHCD2C9"",""registeredDevice"":""0"",""pocType"":""RPOC"",""serialNumber"":""HG3JHCD2C9"",""partNumber"":""SR1A2ZX/A"",""partAlias"":""ACP"",""purchaseMode"":""C"",""productDescription"":""iMac (24-inch,2024, Two ports)""}},""orderErrorResponse"":{""errorCode"":""GRX-50017"",""errorMessage"":""El nombre y los apellidos no pueden superar los 34 caracteres.""},""transactionId"":""0cc45ac0-03bd-422c-baf4-1d96bd76e1ab-1786498316648""}"
False;5076984;2026-08-11 21:36:17.460000;2026-08-11 00:00:00;12101114;CREATEORDER;SHG3JHCD2C9;MWUG3CI/A;"{""orderDetailsResponses"":{""deviceEligibility"":{""secondaryDisplay"":""1"",""partDescription"":""AppleCare+ para iMac (M4)"",""coverageDuration"":""3"",""productStatement"":""AppleCare+ para iMac (M4) amplía la cobertura de servicio y soporte técnico a 3 años desde la fecha de compra de AppleCare+ e incluye cobertura para una cantidad ilimitada de incidentes por daño accidental debido a la manipulación del producto, cada uno de ellos sujeto a un cargo adicional de R$96000  por daños en la pantalla o la carcasa externa o de R$289000  por Otros daños accidentales. Lee todos los detalles en los Términos y condiciones de AppleCare+."",""deviceDateOfPurchase"":""11/08/2026"",""deviceId"":""SHG3JHCD2C9"",""registeredDevice"":""0"",""pocType"":""RPOC"",""serialNumber"":""HG3JHCD2C9"",""partNumber"":""SR1A2ZX/A"",""partAlias"":""ACP"",""purchaseMode"":""C"",""productDescription"":""iMac (24-inch,2024, Two ports)""}},""orderErrorResponse"":{""errorCode"":""GRX-50017"",""errorMessage"":""El nombre y los apellidos no pueden superar los 34 caracteres.""},""transactionId"":""2f62707d-db6d-4e8e-8b51-dc6182eae94d-1786498576676""}"
False;5076984;2026-08-11 21:36:21.987000;2026-08-11 00:00:00;12201114;CREATEORDER;SHG3JHCD2C9;MWUG3CI/A;"{""orderDetailsResponses"":{""deviceEligibility"":{""secondaryDisplay"":""1"",""partDescription"":""AppleCare+ para iMac (M4)"",""coverageDuration"":""3"",""productStatement"":""AppleCare+ para iMac (M4) amplía la cobertura de servicio y soporte técnico a 3 años desde la fecha de compra de AppleCare+ e incluye cobertura para una cantidad ilimitada de incidentes por daño accidental debido a la manipulación del producto, cada uno de ellos sujeto a un cargo adicional de R$96000  por daños en la pantalla o la carcasa externa o de R$289000  por Otros daños accidentales. Lee todos los detalles en los Términos y condiciones de AppleCare+."",""deviceDateOfPurchase"":""11/08/2026"",""deviceId"":""SHG3JHCD2C9"",""registeredDevice"":""0"",""pocType"":""RPOC"",""serialNumber"":""HG3JHCD2C9"",""partNumber"":""SR1A2ZX/A"",""partAlias"":""ACP"",""purchaseMode"":""C"",""productDescription"":""iMac (24-inch,2024, Two ports)""}},""orderErrorResponse"":{""errorCode"":""GRX-50017"",""errorMessage"":""El nombre y los apellidos no pueden superar los 34 caracteres.""},""transactionId"":""7ef1fe8f-ebf1-4d7a-a8cc-c3699fb78f2a-1786498581288""}"
False;5076984;2026-08-11 21:36:54.127000;2026-08-11 00:00:00;12101114;CREATEORDER;SHG3JHCD2C9;MWUG3CI/A;"{""orderDetailsResponses"":{""deviceEligibility"":{""secondaryDisplay"":""1"",""partDescription"":""AppleCare+ para iMac (M4)"",""coverageDuration"":""3"",""productStatement"":""AppleCare+ para iMac (M4) amplía la cobertura de servicio y soporte técnico a 3 años desde la fecha de compra de AppleCare+ e incluye cobertura para una cantidad ilimitada de incidentes por daño accidental debido a la manipulación del producto, cada uno de ellos sujeto a un cargo adicional de R$96000  por daños en la pantalla o la carcasa externa o de R$289000  por Otros daños accidentales. Lee todos los detalles en los Términos y condiciones de AppleCare+."",""deviceDateOfPurchase"":""11/08/2026"",""deviceId"":""SHG3JHCD2C9"",""registeredDevice"":""0"",""pocType"":""RPOC"",""serialNumber"":""HG3JHCD2C9"",""partNumber"":""SR1A2ZX/A"",""partAlias"":""ACP"",""purchaseMode"":""C"",""productDescription"":""iMac (24-inch,2024, Two ports)""}},""orderErrorResponse"":{""errorCode"":""GRX-50017"",""errorMessage"":""El nombre y los apellidos no pueden superar los 34 caracteres.""},""transactionId"":""194e311c-3678-4648-b41c-9cc24b37ac17-1786498613277""}"
False;5076984;2026-08-11 21:36:55.787000;2026-08-11 00:00:00;12201114;CREATEORDER;SHG3JHCD2C9;MWUG3CI/A;"{""orderDetailsResponses"":{""deviceEligibility"":{""secondaryDisplay"":""1"",""partDescription"":""AppleCare+ para iMac (M4)"",""coverageDuration"":""3"",""productStatement"":""AppleCare+ para iMac (M4) amplía la cobertura de servicio y soporte técnico a 3 años desde la fecha de compra de AppleCare+ e incluye cobertura para una cantidad ilimitada de incidentes por daño accidental debido a la manipulación del producto, cada uno de ellos sujeto a un cargo adicional de R$96000  por daños en la pantalla o la carcasa externa o de R$289000  por Otros daños accidentales. Lee todos los detalles en los Términos y condiciones de AppleCare+."",""deviceDateOfPurchase"":""11/08/2026"",""deviceId"":""SHG3JHCD2C9"",""registeredDevice"":""0"",""pocType"":""RPOC"",""serialNumber"":""HG3JHCD2C9"",""partNumber"":""SR1A2ZX/A"",""partAlias"":""ACP"",""purchaseMode"":""C"",""productDescription"":""iMac (24-inch,2024, Two ports)""}},""orderErrorResponse"":{""errorCode"":""GRX-50017"",""errorMessage"":""El nombre y los apellidos no pueden superar los 34 caracteres.""},""transactionId"":""778990fc-9f84-4841-8281-e87e805f4928-1786498614998""}"
False;5076984;2026-08-11 21:41:13.293000;2026-08-11 00:00:00;12101114;CREATEORDER;SHG3JHCD2C9;MWUG3CI/A;"{""orderDetailsResponses"":{""deviceEligibility"":{""secondaryDisplay"":""1"",""partDescription"":""AppleCare+ para iMac (M4)"",""coverageDuration"":""3"",""productStatement"":""AppleCare+ para iMac (M4) amplía la cobertura de servicio y soporte técnico a 3 años desde la fecha de compra de AppleCare+ e incluye cobertura para una cantidad ilimitada de incidentes por daño accidental debido a la manipulación del producto, cada uno de ellos sujeto a un cargo adicional de R$96000  por daños en la pantalla o la carcasa externa o de R$289000  por Otros daños accidentales. Lee todos los detalles en los Términos y condiciones de AppleCare+."",""deviceDateOfPurchase"":""11/08/2026"",""deviceId"":""SHG3JHCD2C9"",""registeredDevice"":""0"",""pocType"":""RPOC"",""serialNumber"":""HG3JHCD2C9"",""partNumber"":""SR1A2ZX/A"",""partAlias"":""ACP"",""purchaseMode"":""C"",""productDescription"":""iMac (24-inch,2024, Two ports)""}},""orderErrorResponse"":{""errorCode"":""GRX-50017"",""errorMessage"":""El nombre y los apellidos no pueden superar los 34 caracteres.""},""transactionId"":""3ec2f44d-8c6b-4f5b-b141-74a403eb04ee-1786498872593""}"
False;5076984;2026-08-11 21:41:14.637000;2026-08-11 00:00:00;12201114;CREATEORDER;SHG3JHCD2C9;MWUG3CI/A;"{""orderDetailsResponses"":{""deviceEligibility"":{""secondaryDisplay"":""1"",""partDescription"":""AppleCare+ para iMac (M4)"",""coverageDuration"":""3"",""productStatement"":""AppleCare+ para iMac (M4) amplía la cobertura de servicio y soporte técnico a 3 años desde la fecha de compra de AppleCare+ e incluye cobertura para una cantidad ilimitada de incidentes por daño accidental debido a la manipulación del producto, cada uno de ellos sujeto a un cargo adicional de R$96000  por daños en la pantalla o la carcasa externa o de R$289000  por Otros daños accidentales. Lee todos los detalles en los Términos y condiciones de AppleCare+."",""deviceDateOfPurchase"":""11/08/2026"",""deviceId"":""SHG3JHCD2C9"",""registeredDevice"":""0"",""pocType"":""RPOC"",""serialNumber"":""HG3JHCD2C9"",""partNumber"":""SR1A2ZX/A"",""partAlias"":""ACP"",""purchaseMode"":""C"",""productDescription"":""iMac (24-inch,2024, Two ports)""}},""orderErrorResponse"":{""errorCode"":""GRX-50017"",""errorMessage"":""El nombre y los apellidos no pueden superar los 34 caracteres.""},""transactionId"":""aeec6e79-77d6-4fe8-a167-02854af75dfe-1786498873925""}"
False;5076984;2026-08-11 21:41:46.087000;2026-08-11 00:00:00;12101114;CREATEORDER;SHG3JHCD2C9;MWUG3CI/A;"{""orderDetailsResponses"":{""deviceEligibility"":{""secondaryDisplay"":""1"",""partDescription"":""AppleCare+ para iMac (M4)"",""coverageDuration"":""3"",""productStatement"":""AppleCare+ para iMac (M4) amplía la cobertura de servicio y soporte técnico a 3 años desde la fecha de compra de AppleCare+ e incluye cobertura para una cantidad ilimitada de incidentes por daño accidental debido a la manipulación del producto, cada uno de ellos sujeto a un cargo adicional de R$96000  por daños en la pantalla o la carcasa externa o de R$289000  por Otros daños accidentales. Lee todos los detalles en los Términos y condiciones de AppleCare+."",""deviceDateOfPurchase"":""11/08/2026"",""deviceId"":""SHG3JHCD2C9"",""registeredDevice"":""0"",""pocType"":""RPOC"",""serialNumber"":""HG3JHCD2C9"",""partNumber"":""SR1A2ZX/A"",""partAlias"":""ACP"",""purchaseMode"":""C"",""productDescription"":""iMac (24-inch,2024, Two ports)""}},""orderErrorResponse"":{""errorCode"":""GRX-50017"",""errorMessage"":""El nombre y los apellidos no pueden superar los 34 caracteres.""},""transactionId"":""9f899bb5-2836-4264-a75d-386c5a8c7e4d-1786498905305""}"
False;5076984;2026-08-11 21:41:47.547000;2026-08-11 00:00:00;12201114;CREATEORDER;SHG3JHCD2C9;MWUG3CI/A;"{""orderDetailsResponses"":{""deviceEligibility"":{""secondaryDisplay"":""1"",""partDescription"":""AppleCare+ para iMac (M4)"",""coverageDuration"":""3"",""productStatement"":""AppleCare+ para iMac (M4) amplía la cobertura de servicio y soporte técnico a 3 años desde la fecha de compra de AppleCare+ e incluye cobertura para una cantidad ilimitada de incidentes por daño accidental debido a la manipulación del producto, cada uno de ellos sujeto a un cargo adicional de R$96000  por daños en la pantalla o la carcasa externa o de R$289000  por Otros daños accidentales. Lee todos los detalles en los Términos y condiciones de AppleCare+."",""deviceDateOfPurchase"":""11/08/2026"",""deviceId"":""SHG3JHCD2C9"",""registeredDevice"":""0"",""pocType"":""RPOC"",""serialNumber"":""HG3JHCD2C9"",""partNumber"":""SR1A2ZX/A"",""partAlias"":""ACP"",""purchaseMode"":""C"",""productDescription"":""iMac (24-inch,2024, Two ports)""}},""orderErrorResponse"":{""errorCode"":""GRX-50017"",""errorMessage"":""El nombre y los apellidos no pueden superar los 34 caracteres.""},""transactionId"":""d6dc4edc-16e9-496d-9dfc-41ba73b0f093-1786498906769""}"
False;5076984;2026-08-11 21:46:21.400000;2026-08-11 00:00:00;12101114;CREATEORDER;SHG3JHCD2C9;MWUG3CI/A;"{""orderDetailsResponses"":{""deviceEligibility"":{""secondaryDisplay"":""1"",""partDescription"":""AppleCare+ para iMac (M4)"",""coverageDuration"":""3"",""productStatement"":""AppleCare+ para iMac (M4) amplía la cobertura de servicio y soporte técnico a 3 años desde la fecha de compra de AppleCare+ e incluye cobertura para una cantidad ilimitada de incidentes por daño accidental debido a la manipulación del producto, cada uno de ellos sujeto a un cargo adicional de R$96000  por daños en la pantalla o la carcasa externa o de R$289000  por Otros daños accidentales. Lee todos los detalles en los Términos y condiciones de AppleCare+."",""deviceDateOfPurchase"":""11/08/2026"",""deviceId"":""SHG3JHCD2C9"",""registeredDevice"":""0"",""pocType"":""RPOC"",""serialNumber"":""HG3JHCD2C9"",""partNumber"":""SR1A2ZX/A"",""partAlias"":""ACP"",""purchaseMode"":""C"",""productDescription"":""iMac (24-inch,2024, Two ports)""}},""orderErrorResponse"":{""errorCode"":""GRX-50017"",""errorMessage"":""El nombre y los apellidos no pueden superar los 34 caracteres.""},""transactionId"":""355e64d0-9733-43fe-bdfe-275700f775c6-1786499180700""}"
False;5076984;2026-08-11 21:46:23.607000;2026-08-11 00:00:00;12201114;CREATEORDER;SHG3JHCD2C9;MWUG3CI/A;"{""orderDetailsResponses"":{""deviceEligibility"":{""secondaryDisplay"":""1"",""partDescription"":""AppleCare+ para iMac (M4)"",""coverageDuration"":""3"",""productStatement"":""AppleCare+ para iMac (M4) amplía la cobertura de servicio y soporte técnico a 3 años desde la fecha de compra de AppleCare+ e incluye cobertura para una cantidad ilimitada de incidentes por daño accidental debido a la manipulación del producto, cada uno de ellos sujeto a un cargo adicional de R$96000  por daños en la pantalla o la carcasa externa o de R$289000  por Otros daños accidentales. Lee todos los detalles en los Términos y condiciones de AppleCare+."",""deviceDateOfPurchase"":""11/08/2026"",""deviceId"":""SHG3JHCD2C9"",""registeredDevice"":""0"",""pocType"":""RPOC"",""serialNumber"":""HG3JHCD2C9"",""partNumber"":""SR1A2ZX/A"",""partAlias"":""ACP"",""purchaseMode"":""C"",""productDescription"":""iMac (24-inch,2024, Two ports)""}},""orderErrorResponse"":{""errorCode"":""GRX-50017"",""errorMessage"":""El nombre y los apellidos no pueden superar los 34 caracteres.""},""transactionId"":""34d6d80d-f9a7-474d-b8ed-e6ea938a255c-1786499182926""}"
False;5076984;2026-08-11 21:46:56.947000;2026-08-11 00:00:00;12101114;CREATEORDER;SHG3JHCD2C9;MWUG3CI/A;"{""orderDetailsResponses"":{""deviceEligibility"":{""secondaryDisplay"":""1"",""partDescription"":""AppleCare+ para iMac (M4)"",""coverageDuration"":""3"",""productStatement"":""AppleCare+ para iMac (M4) amplía la cobertura de servicio y soporte técnico a 3 años desde la fecha de compra de AppleCare+ e incluye cobertura para una cantidad ilimitada de incidentes por daño accidental debido a la manipulación del producto, cada uno de ellos sujeto a un cargo adicional de R$96000  por daños en la pantalla o la carcasa externa o de R$289000  por Otros daños accidentales. Lee todos los detalles en los Términos y condiciones de AppleCare+."",""deviceDateOfPurchase"":""11/08/2026"",""deviceId"":""SHG3JHCD2C9"",""registeredDevice"":""0"",""pocType"":""RPOC"",""serialNumber"":""HG3JHCD2C9"",""partNumber"":""SR1A2ZX/A"",""partAlias"":""ACP"",""purchaseMode"":""C"",""productDescription"":""iMac (24-inch,2024, Two ports)""}},""orderErrorResponse"":{""errorCode"":""GRX-50017"",""errorMessage"":""El nombre y los apellidos no pueden superar los 34 caracteres.""},""transactionId"":""35b0d102-6177-4d10-b38f-5cef441f2203-1786499216217""}"
False;5076984;2026-08-11 21:46:59.593000;2026-08-11 00:00:00;12201114;CREATEORDER;SHG3JHCD2C9;MWUG3CI/A;"{""orderDetailsResponses"":{""deviceEligibility"":{""secondaryDisplay"":""1"",""partDescription"":""AppleCare+ para iMac (M4)"",""coverageDuration"":""3"",""productStatement"":""AppleCare+ para iMac (M4) amplía la cobertura de servicio y soporte técnico a 3 años desde la fecha de compra de AppleCare+ e incluye cobertura para una cantidad ilimitada de incidentes por daño accidental debido a la manipulación del producto, cada uno de ellos sujeto a un cargo adicional de R$96000  por daños en la pantalla o la carcasa externa o de R$289000  por Otros daños accidentales. Lee todos los detalles en los Términos y condiciones de AppleCare+."",""deviceDateOfPurchase"":""11/08/2026"",""deviceId"":""SHG3JHCD2C9"",""registeredDevice"":""0"",""pocType"":""RPOC"",""serialNumber"":""HG3JHCD2C9"",""partNumber"":""SR1A2ZX/A"",""partAlias"":""ACP"",""purchaseMode"":""C"",""productDescription"":""iMac (24-inch,2024, Two ports)""}},""orderErrorResponse"":{""errorCode"":""GRX-50017"",""errorMessage"":""El nombre y los apellidos no pueden superar los 34 caracteres.""},""transactionId"":""b06fd715-b255-4217-b610-37bad24752bd-1786499218746""}"
False;5076984;2026-08-11 21:51:13.007000;2026-08-11 00:00:00;12101114;CREATEORDER;SHG3JHCD2C9;MWUG3CI/A;"{""orderDetailsResponses"":{""deviceEligibility"":{""secondaryDisplay"":""1"",""partDescription"":""AppleCare+ para iMac (M4)"",""coverageDuration"":""3"",""productStatement"":""AppleCare+ para iMac (M4) amplía la cobertura de servicio y soporte técnico a 3 años desde la fecha de compra de AppleCare+ e incluye cobertura para una cantidad ilimitada de incidentes por daño accidental debido a la manipulación del producto, cada uno de ellos sujeto a un cargo adicional de R$96000  por daños en la pantalla o la carcasa externa o de R$289000  por Otros daños accidentales. Lee todos los detalles en los Términos y condiciones de AppleCare+."",""deviceDateOfPurchase"":""11/08/2026"",""deviceId"":""SHG3JHCD2C9"",""registeredDevice"":""0"",""pocType"":""RPOC"",""serialNumber"":""HG3JHCD2C9"",""partNumber"":""SR1A2ZX/A"",""partAlias"":""ACP"",""purchaseMode"":""C"",""productDescription"":""iMac (24-inch,2024, Two ports)""}},""orderErrorResponse"":{""errorCode"":""GRX-50017"",""errorMessage"":""El nombre y los apellidos no pueden superar los 34 caracteres.""},""transactionId"":""f99b71e7-fba5-47ff-9f23-e0c9f8c1afe9-1786499472260""}"
False;5076984;2026-08-11 21:51:17.230000;2026-08-11 00:00:00;12201114;CREATEORDER;SHG3JHCD2C9;MWUG3CI/A;"{""orderDetailsResponses"":{""deviceEligibility"":{""secondaryDisplay"":""1"",""partDescription"":""AppleCare+ para iMac (M4)"",""coverageDuration"":""3"",""productStatement"":""AppleCare+ para iMac (M4) amplía la cobertura de servicio y soporte técnico a 3 años desde la fecha de compra de AppleCare+ e incluye cobertura para una cantidad ilimitada de incidentes por daño accidental debido a la manipulación del producto, cada uno de ellos sujeto a un cargo adicional de R$96000  por daños en la pantalla o la carcasa externa o de R$289000  por Otros daños accidentales. Lee todos los detalles en los Términos y condiciones de AppleCare+."",""deviceDateOfPurchase"":""11/08/2026"",""deviceId"":""SHG3JHCD2C9"",""registeredDevice"":""0"",""pocType"":""RPOC"",""serialNumber"":""HG3JHCD2C9"",""partNumber"":""SR1A2ZX/A"",""partAlias"":""ACP"",""purchaseMode"":""C"",""productDescription"":""iMac (24-inch,2024, Two ports)""}},""orderErrorResponse"":{""errorCode"":""GRX-50017"",""errorMessage"":""El nombre y los apellidos no pueden superar los 34 caracteres.""},""transactionId"":""1db98d8d-90b8-4a8e-9984-913047bdc89e-1786499476470""}"
False;5076984;2026-08-11 21:51:54.263000;2026-08-11 00:00:00;12101114;CREATEORDER;SHG3JHCD2C9;MWUG3CI/A;"{""orderDetailsResponses"":{""deviceEligibility"":{""secondaryDisplay"":""1"",""partDescription"":""AppleCare+ para iMac (M4)"",""coverageDuration"":""3"",""productStatement"":""AppleCare+ para iMac (M4) amplía la cobertura de servicio y soporte técnico a 3 años desde la fecha de compra de AppleCare+ e incluye cobertura para una cantidad ilimitada de incidentes por daño accidental debido a la manipulación del producto, cada uno de ellos sujeto a un cargo adicional de R$96000  por daños en la pantalla o la carcasa externa o de R$289000  por Otros daños accidentales. Lee todos los detalles en los Términos y condiciones de AppleCare+."",""deviceDateOfPurchase"":""11/08/2026"",""deviceId"":""SHG3JHCD2C9"",""registeredDevice"":""0"",""pocType"":""RPOC"",""serialNumber"":""HG3JHCD2C9"",""partNumber"":""SR1A2ZX/A"",""partAlias"":""ACP"",""purchaseMode"":""C"",""productDescription"":""iMac (24-inch,2024, Two ports)""}},""orderErrorResponse"":{""errorCode"":""GRX-50017"",""errorMessage"":""El nombre y los apellidos no pueden superar los 34 caracteres.""},""transactionId"":""73d894ca-02b5-4763-af7d-dc0e3e8e7b2c-1786499513469""}"
False;5076984;2026-08-11 21:51:57.570000;2026-08-11 00:00:00;12201114;CREATEORDER;SHG3JHCD2C9;MWUG3CI/A;"{""orderDetailsResponses"":{""deviceEligibility"":{""secondaryDisplay"":""1"",""partDescription"":""AppleCare+ para iMac (M4)"",""coverageDuration"":""3"",""productStatement"":""AppleCare+ para iMac (M4) amplía la cobertura de servicio y soporte técnico a 3 años desde la fecha de compra de AppleCare+ e incluye cobertura para una cantidad ilimitada de incidentes por daño accidental debido a la manipulación del producto, cada uno de ellos sujeto a un cargo adicional de R$96000  por daños en la pantalla o la carcasa externa o de R$289000  por Otros daños accidentales. Lee todos los detalles en los Términos y condiciones de AppleCare+."",""deviceDateOfPurchase"":""11/08/2026"",""deviceId"":""SHG3JHCD2C9"",""registeredDevice"":""0"",""pocType"":""RPOC"",""serialNumber"":""HG3JHCD2C9"",""partNumber"":""SR1A2ZX/A"",""partAlias"":""ACP"",""purchaseMode"":""C"",""productDescription"":""iMac (24-inch,2024, Two ports)""}},""orderErrorResponse"":{""errorCode"":""GRX-50017"",""errorMessage"":""El nombre y los apellidos no pueden superar los 34 caracteres.""},""transactionId"":""801ef596-c3ae-4fdd-bcec-a733b8433637-1786499516840""}"
False;5076984;2026-08-11 21:56:16.107000;2026-08-11 00:00:00;12101114;CREATEORDER;SHG3JHCD2C9;MWUG3CI/A;"{""orderDetailsResponses"":{""deviceEligibility"":{""secondaryDisplay"":""1"",""partDescription"":""AppleCare+ para iMac (M4)"",""coverageDuration"":""3"",""productStatement"":""AppleCare+ para iMac (M4) amplía la cobertura de servicio y soporte técnico a 3 años desde la fecha de compra de AppleCare+ e incluye cobertura para una cantidad ilimitada de incidentes por daño accidental debido a la manipulación del producto, cada uno de ellos sujeto a un cargo adicional de R$96000  por daños en la pantalla o la carcasa externa o de R$289000  por Otros daños accidentales. Lee todos los detalles en los Términos y condiciones de AppleCare+."",""deviceDateOfPurchase"":""11/08/2026"",""deviceId"":""SHG3JHCD2C9"",""registeredDevice"":""0"",""pocType"":""RPOC"",""serialNumber"":""HG3JHCD2C9"",""partNumber"":""SR1A2ZX/A"",""partAlias"":""ACP"",""purchaseMode"":""C"",""productDescription"":""iMac (24-inch,2024, Two ports)""}},""orderErrorResponse"":{""errorCode"":""GRX-50017"",""errorMessage"":""El nombre y los apellidos no pueden superar los 34 caracteres.""},""transactionId"":""ecd591a2-8ee6-4381-a4fd-a85dac286e0f-1786499775329""}"
False;5076984;2026-08-11 21:56:23.580000;2026-08-11 00:00:00;12201114;CREATEORDER;SHG3JHCD2C9;MWUG3CI/A;"{""orderDetailsResponses"":{""deviceEligibility"":{""secondaryDisplay"":""1"",""partDescription"":""AppleCare+ para iMac (M4)"",""coverageDuration"":""3"",""productStatement"":""AppleCare+ para iMac (M4) amplía la cobertura de servicio y soporte técnico a 3 años desde la fecha de compra de AppleCare+ e incluye cobertura para una cantidad ilimitada de incidentes por daño accidental debido a la manipulación del producto, cada uno de ellos sujeto a un cargo adicional de R$96000  por daños en la pantalla o la carcasa externa o de R$289000  por Otros daños accidentales. Lee todos los detalles en los Términos y condiciones de AppleCare+."",""deviceDateOfPurchase"":""11/08/2026"",""deviceId"":""SHG3JHCD2C9"",""registeredDevice"":""0"",""pocType"":""RPOC"",""serialNumber"":""HG3JHCD2C9"",""partNumber"":""SR1A2ZX/A"",""partAlias"":""ACP"",""purchaseMode"":""C"",""productDescription"":""iMac (24-inch,2024, Two ports)""}},""orderErrorResponse"":{""errorCode"":""GRX-50017"",""errorMessage"":""El nombre y los apellidos no pueden superar los 34 caracteres.""},""transactionId"":""a6c7fc4f-7cb4-4d12-83d9-43ab1d3df0cf-1786499782727""}"
False;5076984;2026-08-11 21:56:59.393000;2026-08-11 00:00:00;12101114;CREATEORDER;SHG3JHCD2C9;MWUG3CI/A;"{""orderDetailsResponses"":{""deviceEligibility"":{""secondaryDisplay"":""1"",""partDescription"":""AppleCare+ para iMac (M4)"",""coverageDuration"":""3"",""productStatement"":""AppleCare+ para iMac (M4) amplía la cobertura de servicio y soporte técnico a 3 años desde la fecha de compra de AppleCare+ e incluye cobertura para una cantidad ilimitada de incidentes por daño accidental debido a la manipulación del producto, cada uno de ellos sujeto a un cargo adicional de R$96000  por daños en la pantalla o la carcasa externa o de R$289000  por Otros daños accidentales. Lee todos los detalles en los Términos y condiciones de AppleCare+."",""deviceDateOfPurchase"":""11/08/2026"",""deviceId"":""SHG3JHCD2C9"",""registeredDevice"":""0"",""pocType"":""RPOC"",""serialNumber"":""HG3JHCD2C9"",""partNumber"":""SR1A2ZX/A"",""partAlias"":""ACP"",""purchaseMode"":""C"",""productDescription"":""iMac (24-inch,2024, Two ports)""}},""orderErrorResponse"":{""errorCode"":""GRX-50017"",""errorMessage"":""El nombre y los apellidos no pueden superar los 34 caracteres.""},""transactionId"":""95f2d5e5-8ed0-46fb-971c-739f22a2787d-1786499818641""}"
False;5076984;2026-08-11 21:57:06.627000;2026-08-11 00:00:00;12201114;CREATEORDER;SHG3JHCD2C9;MWUG3CI/A;"{""orderDetailsResponses"":{""deviceEligibility"":{""secondaryDisplay"":""1"",""partDescription"":""AppleCare+ para iMac (M4)"",""coverageDuration"":""3"",""productStatement"":""AppleCare+ para iMac (M4) amplía la cobertura de servicio y soporte técnico a 3 años desde la fecha de compra de AppleCare+ e incluye cobertura para una cantidad ilimitada de incidentes por daño accidental debido a la manipulación del producto, cada uno de ellos sujeto a un cargo adicional de R$96000  por daños en la pantalla o la carcasa externa o de R$289000  por Otros daños accidentales. Lee todos los detalles en los Términos y condiciones de AppleCare+."",""deviceDateOfPurchase"":""11/08/2026"",""deviceId"":""SHG3JHCD2C9"",""registeredDevice"":""0"",""pocType"":""RPOC"",""serialNumber"":""HG3JHCD2C9"",""partNumber"":""SR1A2ZX/A"",""partAlias"":""ACP"",""purchaseMode"":""C"",""productDescription"":""iMac (24-inch,2024, Two ports)""}},""orderErrorResponse"":{""errorCode"":""GRX-50017"",""errorMessage"":""El nombre y los apellidos no pueden superar los 34 caracteres.""},""transactionId"":""a5116045-8b2d-4232-84d4-ab9e71cc3022-1786499825885""}"
False;5076984;2026-08-11 22:01:22.570000;2026-08-11 00:00:00;12101114;CREATEORDER;SHG3JHCD2C9;MWUG3CI/A;"{""orderDetailsResponses"":{""deviceEligibility"":{""secondaryDisplay"":""1"",""partDescription"":""AppleCare+ para iMac (M4)"",""coverageDuration"":""3"",""productStatement"":""AppleCare+ para iMac (M4) amplía la cobertura de servicio y soporte técnico a 3 años desde la fecha de compra de AppleCare+ e incluye cobertura para una cantidad ilimitada de incidentes por daño accidental debido a la manipulación del producto, cada uno de ellos sujeto a un cargo adicional de R$96000  por daños en la pantalla o la carcasa externa o de R$289000  por Otros daños accidentales. Lee todos los detalles en los Términos y condiciones de AppleCare+."",""deviceDateOfPurchase"":""11/08/2026"",""deviceId"":""SHG3JHCD2C9"",""registeredDevice"":""0"",""pocType"":""RPOC"",""serialNumber"":""HG3JHCD2C9"",""partNumber"":""SR1A2ZX/A"",""partAlias"":""ACP"",""purchaseMode"":""C"",""productDescription"":""iMac (24-inch,2024, Two ports)""}},""orderErrorResponse"":{""errorCode"":""GRX-50017"",""errorMessage"":""El nombre y los apellidos no pueden superar los 34 caracteres.""},""transactionId"":""2e84500b-9207-46ca-a38c-727afb071208-1786500081696""}"
False;5076984;2026-08-11 22:01:29.003000;2026-08-11 00:00:00;12201114;CREATEORDER;SHG3JHCD2C9;MWUG3CI/A;"{""orderDetailsResponses"":{""deviceEligibility"":{""secondaryDisplay"":""1"",""partDescription"":""AppleCare+ para iMac (M4)"",""coverageDuration"":""3"",""productStatement"":""AppleCare+ para iMac (M4) amplía la cobertura de servicio y soporte técnico a 3 años desde la fecha de compra de AppleCare+ e incluye cobertura para una cantidad ilimitada de incidentes por daño accidental debido a la manipulación del producto, cada uno de ellos sujeto a un cargo adicional de R$96000  por daños en la pantalla o la carcasa externa o de R$289000  por Otros daños accidentales. Lee todos los detalles en los Términos y condiciones de AppleCare+."",""deviceDateOfPurchase"":""11/08/2026"",""deviceId"":""SHG3JHCD2C9"",""registeredDevice"":""0"",""pocType"":""RPOC"",""serialNumber"":""HG3JHCD2C9"",""partNumber"":""SR1A2ZX/A"",""partAlias"":""ACP"",""purchaseMode"":""C"",""productDescription"":""iMac (24-inch,2024, Two ports)""}},""orderErrorResponse"":{""errorCode"":""GRX-50017"",""errorMessage"":""El nombre y los apellidos no pueden superar los 34 caracteres.""},""transactionId"":""f74417c2-dda1-47d2-b8eb-794aff76ff79-1786500088312""}"
False;5076984;2026-08-11 22:02:07.297000;2026-08-11 00:00:00;12101114;CREATEORDER;SHG3JHCD2C9;MWUG3CI/A;"{""orderDetailsResponses"":{""deviceEligibility"":{""secondaryDisplay"":""1"",""partDescription"":""AppleCare+ para iMac (M4)"",""coverageDuration"":""3"",""productStatement"":""AppleCare+ para iMac (M4) amplía la cobertura de servicio y soporte técnico a 3 años desde la fecha de compra de AppleCare+ e incluye cobertura para una cantidad ilimitada de incidentes por daño accidental debido a la manipulación del producto, cada uno de ellos sujeto a un cargo adicional de R$96000  por daños en la pantalla o la carcasa externa o de R$289000  por Otros daños accidentales. Lee todos los detalles en los Términos y condiciones de AppleCare+."",""deviceDateOfPurchase"":""11/08/2026"",""deviceId"":""SHG3JHCD2C9"",""registeredDevice"":""0"",""pocType"":""RPOC"",""serialNumber"":""HG3JHCD2C9"",""partNumber"":""SR1A2ZX/A"",""partAlias"":""ACP"",""purchaseMode"":""C"",""productDescription"":""iMac (24-inch,2024, Two ports)""}},""orderErrorResponse"":{""errorCode"":""GRX-50017"",""errorMessage"":""El nombre y los apellidos no pueden superar los 34 caracteres.""},""transactionId"":""ab005781-4c88-49e4-a74d-4d5731790e50-1786500126593""}"
False;5076984;2026-08-11 22:02:14;2026-08-11 00:00:00;12201114;CREATEORDER;SHG3JHCD2C9;MWUG3CI/A;"{""orderDetailsResponses"":{""deviceEligibility"":{""secondaryDisplay"":""1"",""partDescription"":""AppleCare+ para iMac (M4)"",""coverageDuration"":""3"",""productStatement"":""AppleCare+ para iMac (M4) amplía la cobertura de servicio y soporte técnico a 3 años desde la fecha de compra de AppleCare+ e incluye cobertura para una cantidad ilimitada de incidentes por daño accidental debido a la manipulación del producto, cada uno de ellos sujeto a un cargo adicional de R$96000  por daños en la pantalla o la carcasa externa o de R$289000  por Otros daños accidentales. Lee todos los detalles en los Términos y condiciones de AppleCare+."",""deviceDateOfPurchase"":""11/08/2026"",""deviceId"":""SHG3JHCD2C9"",""registeredDevice"":""0"",""pocType"":""RPOC"",""serialNumber"":""HG3JHCD2C9"",""partNumber"":""SR1A2ZX/A"",""partAlias"":""ACP"",""purchaseMode"":""C"",""productDescription"":""iMac (24-inch,2024, Two ports)""}},""orderErrorResponse"":{""errorCode"":""GRX-50017"",""errorMessage"":""El nombre y los apellidos no pueden superar los 34 caracteres.""},""transactionId"":""b47aaede-e686-44d2-9d74-b7199c50c70c-1786500133312""}"
False;5076984;2026-08-11 22:06:15.580000;2026-08-11 00:00:00;12101114;CREATEORDER;SHG3JHCD2C9;MWUG3CI/A;"{""orderDetailsResponses"":{""deviceEligibility"":{""secondaryDisplay"":""1"",""partDescription"":""AppleCare+ para iMac (M4)"",""coverageDuration"":""3"",""productStatement"":""AppleCare+ para iMac (M4) amplía la cobertura de servicio y soporte técnico a 3 años desde la fecha de compra de AppleCare+ e incluye cobertura para una cantidad ilimitada de incidentes por daño accidental debido a la manipulación del producto, cada uno de ellos sujeto a un cargo adicional de R$96000  por daños en la pantalla o la carcasa externa o de R$289000  por Otros daños accidentales. Lee todos los detalles en los Términos y condiciones de AppleCare+."",""deviceDateOfPurchase"":""11/08/2026"",""deviceId"":""SHG3JHCD2C9"",""registeredDevice"":""0"",""pocType"":""RPOC"",""serialNumber"":""HG3JHCD2C9"",""partNumber"":""SR1A2ZX/A"",""partAlias"":""ACP"",""purchaseMode"":""C"",""productDescription"":""iMac (24-inch,2024, Two ports)""}},""orderErrorResponse"":{""errorCode"":""GRX-50017"",""errorMessage"":""El nombre y los apellidos no pueden superar los 34 caracteres.""},""transactionId"":""7a30a1dc-c846-4223-a001-eeea7ad6d99b-1786500374869""}"
False;5076984;2026-08-11 22:06:18.253000;2026-08-11 00:00:00;12201114;CREATEORDER;SHG3JHCD2C9;MWUG3CI/A;"{""orderDetailsResponses"":{""deviceEligibility"":{""secondaryDisplay"":""1"",""partDescription"":""AppleCare+ para iMac (M4)"",""coverageDuration"":""3"",""productStatement"":""AppleCare+ para iMac (M4) amplía la cobertura de servicio y soporte técnico a 3 años desde la fecha de compra de AppleCare+ e incluye cobertura para una cantidad ilimitada de incidentes por daño accidental debido a la manipulación del producto, cada uno de ellos sujeto a un cargo adicional de R$96000  por daños en la pantalla o la carcasa externa o de R$289000  por Otros daños accidentales. Lee todos los detalles en los Términos y condiciones de AppleCare+."",""deviceDateOfPurchase"":""11/08/2026"",""deviceId"":""SHG3JHCD2C9"",""registeredDevice"":""0"",""pocType"":""RPOC"",""serialNumber"":""HG3JHCD2C9"",""partNumber"":""SR1A2ZX/A"",""partAlias"":""ACP"",""purchaseMode"":""C"",""productDescription"":""iMac (24-inch,2024, Two ports)""}},""orderErrorResponse"":{""errorCode"":""GRX-50017"",""errorMessage"":""El nombre y los apellidos no pueden superar los 34 caracteres.""},""transactionId"":""3dd841da-730e-4873-b203-4e1eb1ac7327-1786500377401""}"
False;5076984;2026-08-11 22:06:53.053000;2026-08-11 00:00:00;12101114;CREATEORDER;SHG3JHCD2C9;MWUG3CI/A;"{""orderDetailsResponses"":{""deviceEligibility"":{""secondaryDisplay"":""1"",""partDescription"":""AppleCare+ para iMac (M4)"",""coverageDuration"":""3"",""productStatement"":""AppleCare+ para iMac (M4) amplía la cobertura de servicio y soporte técnico a 3 años desde la fecha de compra de AppleCare+ e incluye cobertura para una cantidad ilimitada de incidentes por daño accidental debido a la manipulación del producto, cada uno de ellos sujeto a un cargo adicional de R$96000  por daños en la pantalla o la carcasa externa o de R$289000  por Otros daños accidentales. Lee todos los detalles en los Términos y condiciones de AppleCare+."",""deviceDateOfPurchase"":""11/08/2026"",""deviceId"":""SHG3JHCD2C9"",""registeredDevice"":""0"",""pocType"":""RPOC"",""serialNumber"":""HG3JHCD2C9"",""partNumber"":""SR1A2ZX/A"",""partAlias"":""ACP"",""purchaseMode"":""C"",""productDescription"":""iMac (24-inch,2024, Two ports)""}},""orderErrorResponse"":{""errorCode"":""GRX-50017"",""errorMessage"":""El nombre y los apellidos no pueden superar los 34 caracteres.""},""transactionId"":""24a887ab-7dc5-46a2-a8c3-971ad224c9a5-1786500412264""}"
False;5076984;2026-08-11 22:06:56.540000;2026-08-11 00:00:00;12201114;CREATEORDER;SHG3JHCD2C9;MWUG3CI/A;"{""orderDetailsResponses"":{""deviceEligibility"":{""secondaryDisplay"":""1"",""partDescription"":""AppleCare+ para iMac (M4)"",""coverageDuration"":""3"",""productStatement"":""AppleCare+ para iMac (M4) amplía la cobertura de servicio y soporte técnico a 3 años desde la fecha de compra de AppleCare+ e incluye cobertura para una cantidad ilimitada de incidentes por daño accidental debido a la manipulación del producto, cada uno de ellos sujeto a un cargo adicional de R$96000  por daños en la pantalla o la carcasa externa o de R$289000  por Otros daños accidentales. Lee todos los detalles en los Términos y condiciones de AppleCare+."",""deviceDateOfPurchase"":""11/08/2026"",""deviceId"":""SHG3JHCD2C9"",""registeredDevice"":""0"",""pocType"":""RPOC"",""serialNumber"":""HG3JHCD2C9"",""partNumber"":""SR1A2ZX/A"",""partAlias"":""ACP"",""purchaseMode"":""C"",""productDescription"":""iMac (24-inch,2024, Two ports)""}},""orderErrorResponse"":{""errorCode"":""GRX-50017"",""errorMessage"":""El nombre y los apellidos no pueden superar los 34 caracteres.""},""transactionId"":""239db49f-19e2-4f35-8c80-cbef1cd62cd6-1786500415743""}"
False;5076984;2026-08-11 22:11:25.297000;2026-08-11 00:00:00;12101114;CREATEORDER;SHG3JHCD2C9;MWUG3CI/A;"{""orderDetailsResponses"":{""deviceEligibility"":{""secondaryDisplay"":""1"",""partDescription"":""AppleCare+ para iMac (M4)"",""coverageDuration"":""3"",""productStatement"":""AppleCare+ para iMac (M4) amplía la cobertura de servicio y soporte técnico a 3 años desde la fecha de compra de AppleCare+ e incluye cobertura para una cantidad ilimitada de incidentes por daño accidental debido a la manipulación del producto, cada uno de ellos sujeto a un cargo adicional de R$96000  por daños en la pantalla o la carcasa externa o de R$289000  por Otros daños accidentales. Lee todos los detalles en los Términos y condiciones de AppleCare+."",""deviceDateOfPurchase"":""11/08/2026"",""deviceId"":""SHG3JHCD2C9"",""registeredDevice"":""0"",""pocType"":""RPOC"",""serialNumber"":""HG3JHCD2C9"",""partNumber"":""SR1A2ZX/A"",""partAlias"":""ACP"",""purchaseMode"":""C"",""productDescription"":""iMac (24-inch,2024, Two ports)""}},""orderErrorResponse"":{""errorCode"":""GRX-50017"",""errorMessage"":""El nombre y los apellidos no pueden superar los 34 caracteres.""},""transactionId"":""a7bd4f5d-cf06-48b3-bcc8-e5e4f4100722-1786500684550""}"
False;5076984;2026-08-11 22:11:26.833000;2026-08-11 00:00:00;12201114;CREATEORDER;SHG3JHCD2C9;MWUG3CI/A;"{""orderDetailsResponses"":{""deviceEligibility"":{""secondaryDisplay"":""1"",""partDescription"":""AppleCare+ para iMac (M4)"",""coverageDuration"":""3"",""productStatement"":""AppleCare+ para iMac (M4) amplía la cobertura de servicio y soporte técnico a 3 años desde la fecha de compra de AppleCare+ e incluye cobertura para una cantidad ilimitada de incidentes por daño accidental debido a la manipulación del producto, cada uno de ellos sujeto a un cargo adicional de R$96000  por daños en la pantalla o la carcasa externa o de R$289000  por Otros daños accidentales. Lee todos los detalles en los Términos y condiciones de AppleCare+."",""deviceDateOfPurchase"":""11/08/2026"",""deviceId"":""SHG3JHCD2C9"",""registeredDevice"":""0"",""pocType"":""RPOC"",""serialNumber"":""HG3JHCD2C9"",""partNumber"":""SR1A2ZX/A"",""partAlias"":""ACP"",""purchaseMode"":""C"",""productDescription"":""iMac (24-inch,2024, Two ports)""}},""orderErrorResponse"":{""errorCode"":""GRX-50017"",""errorMessage"":""El nombre y los apellidos no pueden superar los 34 caracteres.""},""transactionId"":""db9114bf-7c9d-4c3e-9570-0dc834f8c749-1786500686038""}"
False;5076984;2026-08-11 22:11:59.397000;2026-08-11 00:00:00;12101114;CREATEORDER;SHG3JHCD2C9;MWUG3CI/A;"{""orderDetailsResponses"":{""deviceEligibility"":{""secondaryDisplay"":""1"",""partDescription"":""AppleCare+ para iMac (M4)"",""coverageDuration"":""3"",""productStatement"":""AppleCare+ para iMac (M4) amplía la cobertura de servicio y soporte técnico a 3 años desde la fecha de compra de AppleCare+ e incluye cobertura para una cantidad ilimitada de incidentes por daño accidental debido a la manipulación del producto, cada uno de ellos sujeto a un cargo adicional de R$96000  por daños en la pantalla o la carcasa externa o de R$289000  por Otros daños accidentales. Lee todos los detalles en los Términos y condiciones de AppleCare+."",""deviceDateOfPurchase"":""11/08/2026"",""deviceId"":""SHG3JHCD2C9"",""registeredDevice"":""0"",""pocType"":""RPOC"",""serialNumber"":""HG3JHCD2C9"",""partNumber"":""SR1A2ZX/A"",""partAlias"":""ACP"",""purchaseMode"":""C"",""productDescription"":""iMac (24-inch,2024, Two ports)""}},""orderErrorResponse"":{""errorCode"":""GRX-50017"",""errorMessage"":""El nombre y los apellidos no pueden superar los 34 caracteres.""},""transactionId"":""7c9eda7e-4e6e-4468-9ea8-141d283faba5-1786500718533""}"
False;5076984;2026-08-11 22:12:00.967000;2026-08-11 00:00:00;12201114;CREATEORDER;SHG3JHCD2C9;MWUG3CI/A;"{""orderDetailsResponses"":{""deviceEligibility"":{""secondaryDisplay"":""1"",""partDescription"":""AppleCare+ para iMac (M4)"",""coverageDuration"":""3"",""productStatement"":""AppleCare+ para iMac (M4) amplía la cobertura de servicio y soporte técnico a 3 años desde la fecha de compra de AppleCare+ e incluye cobertura para una cantidad ilimitada de incidentes por daño accidental debido a la manipulación del producto, cada uno de ellos sujeto a un cargo adicional de R$96000  por daños en la pantalla o la carcasa externa o de R$289000  por Otros daños accidentales. Lee todos los detalles en los Términos y condiciones de AppleCare+."",""deviceDateOfPurchase"":""11/08/2026"",""deviceId"":""SHG3JHCD2C9"",""registeredDevice"":""0"",""pocType"":""RPOC"",""serialNumber"":""HG3JHCD2C9"",""partNumber"":""SR1A2ZX/A"",""partAlias"":""ACP"",""purchaseMode"":""C"",""productDescription"":""iMac (24-inch,2024, Two ports)""}},""orderErrorResponse"":{""errorCode"":""GRX-50017"",""errorMessage"":""El nombre y los apellidos no pueden superar los 34 caracteres.""},""transactionId"":""27e39fc6-afd4-4900-bb57-aef6d3d57278-1786500720209""}"
False;5076984;2026-08-11 22:16:19.123000;2026-08-11 00:00:00;12101114;CREATEORDER;SHG3JHCD2C9;MWUG3CI/A;"{""orderDetailsResponses"":{""deviceEligibility"":{""secondaryDisplay"":""1"",""partDescription"":""AppleCare+ para iMac (M4)"",""coverageDuration"":""3"",""productStatement"":""AppleCare+ para iMac (M4) amplía la cobertura de servicio y soporte técnico a 3 años desde la fecha de compra de AppleCare+ e incluye cobertura para una cantidad ilimitada de incidentes por daño accidental debido a la manipulación del producto, cada uno de ellos sujeto a un cargo adicional de R$96000  por daños en la pantalla o la carcasa externa o de R$289000  por Otros daños accidentales. Lee todos los detalles en los Términos y condiciones de AppleCare+."",""deviceDateOfPurchase"":""11/08/2026"",""deviceId"":""SHG3JHCD2C9"",""registeredDevice"":""0"",""pocType"":""RPOC"",""serialNumber"":""HG3JHCD2C9"",""partNumber"":""SR1A2ZX/A"",""partAlias"":""ACP"",""purchaseMode"":""C"",""productDescription"":""iMac (24-inch,2024, Two ports)""}},""orderErrorResponse"":{""errorCode"":""GRX-50017"",""errorMessage"":""El nombre y los apellidos no pueden superar los 34 caracteres.""},""transactionId"":""8b7ca0dd-ca9a-47c2-9be8-0fc3593764c1-1786500978367""}"
False;5076984;2026-08-11 22:16:20.330000;2026-08-11 00:00:00;12201114;CREATEORDER;SHG3JHCD2C9;MWUG3CI/A;"{""orderDetailsResponses"":{""deviceEligibility"":{""secondaryDisplay"":""1"",""partDescription"":""AppleCare+ para iMac (M4)"",""coverageDuration"":""3"",""productStatement"":""AppleCare+ para iMac (M4) amplía la cobertura de servicio y soporte técnico a 3 años desde la fecha de compra de AppleCare+ e incluye cobertura para una cantidad ilimitada de incidentes por daño accidental debido a la manipulación del producto, cada uno de ellos sujeto a un cargo adicional de R$96000  por daños en la pantalla o la carcasa externa o de R$289000  por Otros daños accidentales. Lee todos los detalles en los Términos y condiciones de AppleCare+."",""deviceDateOfPurchase"":""11/08/2026"",""deviceId"":""SHG3JHCD2C9"",""registeredDevice"":""0"",""pocType"":""RPOC"",""serialNumber"":""HG3JHCD2C9"",""partNumber"":""SR1A2ZX/A"",""partAlias"":""ACP"",""purchaseMode"":""C"",""productDescription"":""iMac (24-inch,2024, Two ports)""}},""orderErrorResponse"":{""errorCode"":""GRX-50017"",""errorMessage"":""El nombre y los apellidos no pueden superar los 34 caracteres.""},""transactionId"":""a5f4ca04-8c8a-4e05-83c4-d252f974c4ba-1786500979633""}"
False;5076984;2026-08-11 22:16:50.830000;2026-08-11 00:00:00;12101114;CREATEORDER;SHG3JHCD2C9;MWUG3CI/A;"{""orderDetailsResponses"":{""deviceEligibility"":{""secondaryDisplay"":""1"",""partDescription"":""AppleCare+ para iMac (M4)"",""coverageDuration"":""3"",""productStatement"":""AppleCare+ para iMac (M4) amplía la cobertura de servicio y soporte técnico a 3 años desde la fecha de compra de AppleCare+ e incluye cobertura para una cantidad ilimitada de incidentes por daño accidental debido a la manipulación del producto, cada uno de ellos sujeto a un cargo adicional de R$96000  por daños en la pantalla o la carcasa externa o de R$289000  por Otros daños accidentales. Lee todos los detalles en los Términos y condiciones de AppleCare+."",""deviceDateOfPurchase"":""11/08/2026"",""deviceId"":""SHG3JHCD2C9"",""registeredDevice"":""0"",""pocType"":""RPOC"",""serialNumber"":""HG3JHCD2C9"",""partNumber"":""SR1A2ZX/A"",""partAlias"":""ACP"",""purchaseMode"":""C"",""productDescription"":""iMac (24-inch,2024, Two ports)""}},""orderErrorResponse"":{""errorCode"":""GRX-50017"",""errorMessage"":""El nombre y los apellidos no pueden superar los 34 caracteres.""},""transactionId"":""7e54766e-f5ad-4960-9611-62930f893f40-1786501010073""}"
False;5076984;2026-08-11 22:16:52.380000;2026-08-11 00:00:00;12201114;CREATEORDER;SHG3JHCD2C9;MWUG3CI/A;"{""orderDetailsResponses"":{""deviceEligibility"":{""secondaryDisplay"":""1"",""partDescription"":""AppleCare+ para iMac (M4)"",""coverageDuration"":""3"",""productStatement"":""AppleCare+ para iMac (M4) amplía la cobertura de servicio y soporte técnico a 3 años desde la fecha de compra de AppleCare+ e incluye cobertura para una cantidad ilimitada de incidentes por daño accidental debido a la manipulación del producto, cada uno de ellos sujeto a un cargo adicional de R$96000  por daños en la pantalla o la carcasa externa o de R$289000  por Otros daños accidentales. Lee todos los detalles en los Términos y condiciones de AppleCare+."",""deviceDateOfPurchase"":""11/08/2026"",""deviceId"":""SHG3JHCD2C9"",""registeredDevice"":""0"",""pocType"":""RPOC"",""serialNumber"":""HG3JHCD2C9"",""partNumber"":""SR1A2ZX/A"",""partAlias"":""ACP"",""purchaseMode"":""C"",""productDescription"":""iMac (24-inch,2024, Two ports)""}},""orderErrorResponse"":{""errorCode"":""GRX-50017"",""errorMessage"":""El nombre y los apellidos no pueden superar los 34 caracteres.""},""transactionId"":""7cc5d8c9-eaa9-421e-b7f9-7685ed2c65fc-1786501011527""}"
False;5076984;2026-08-11 22:21:16.790000;2026-08-11 00:00:00;12101114;CREATEORDER;SHG3JHCD2C9;MWUG3CI/A;"{""orderDetailsResponses"":{""deviceEligibility"":{""secondaryDisplay"":""1"",""partDescription"":""AppleCare+ para iMac (M4)"",""coverageDuration"":""3"",""productStatement"":""AppleCare+ para iMac (M4) amplía la cobertura de servicio y soporte técnico a 3 años desde la fecha de compra de AppleCare+ e incluye cobertura para una cantidad ilimitada de incidentes por daño accidental debido a la manipulación del producto, cada uno de ellos sujeto a un cargo adicional de R$96000  por daños en la pantalla o la carcasa externa o de R$289000  por Otros daños accidentales. Lee todos los detalles en los Términos y condiciones de AppleCare+."",""deviceDateOfPurchase"":""11/08/2026"",""deviceId"":""SHG3JHCD2C9"",""registeredDevice"":""0"",""pocType"":""RPOC"",""serialNumber"":""HG3JHCD2C9"",""partNumber"":""SR1A2ZX/A"",""partAlias"":""ACP"",""purchaseMode"":""C"",""productDescription"":""iMac (24-inch,2024, Two ports)""}},""orderErrorResponse"":{""errorCode"":""GRX-50017"",""errorMessage"":""El nombre y los apellidos no pueden superar los 34 caracteres.""},""transactionId"":""9ba47ab4-b1ed-46d4-8e34-21ce1778fd54-1786501276087""}"
False;5076984;2026-08-11 22:21:18.110000;2026-08-11 00:00:00;12201114;CREATEORDER;SHG3JHCD2C9;MWUG3CI/A;"{""orderDetailsResponses"":{""deviceEligibility"":{""secondaryDisplay"":""1"",""partDescription"":""AppleCare+ para iMac (M4)"",""coverageDuration"":""3"",""productStatement"":""AppleCare+ para iMac (M4) amplía la cobertura de servicio y soporte técnico a 3 años desde la fecha de compra de AppleCare+ e incluye cobertura para una cantidad ilimitada de incidentes por daño accidental debido a la manipulación del producto, cada uno de ellos sujeto a un cargo adicional de R$96000  por daños en la pantalla o la carcasa externa o de R$289000  por Otros daños accidentales. Lee todos los detalles en los Términos y condiciones de AppleCare+."",""deviceDateOfPurchase"":""11/08/2026"",""deviceId"":""SHG3JHCD2C9"",""registeredDevice"":""0"",""pocType"":""RPOC"",""serialNumber"":""HG3JHCD2C9"",""partNumber"":""SR1A2ZX/A"",""partAlias"":""ACP"",""purchaseMode"":""C"",""productDescription"":""iMac (24-inch,2024, Two ports)""}},""orderErrorResponse"":{""errorCode"":""GRX-50017"",""errorMessage"":""El nombre y los apellidos no pueden superar los 34 caracteres.""},""transactionId"":""e01ba2f2-bbf9-4d64-8c49-63c84678a828-1786501277440""}"
False;5076984;2026-08-11 22:21:50.280000;2026-08-11 00:00:00;12101114;CREATEORDER;SHG3JHCD2C9;MWUG3CI/A;"{""orderDetailsResponses"":{""deviceEligibility"":{""secondaryDisplay"":""1"",""partDescription"":""AppleCare+ para iMac (M4)"",""coverageDuration"":""3"",""productStatement"":""AppleCare+ para iMac (M4) amplía la cobertura de servicio y soporte técnico a 3 años desde la fecha de compra de AppleCare+ e incluye cobertura para una cantidad ilimitada de incidentes por daño accidental debido a la manipulación del producto, cada uno de ellos sujeto a un cargo adicional de R$96000  por daños en la pantalla o la carcasa externa o de R$289000  por Otros daños accidentales. Lee todos los detalles en los Términos y condiciones de AppleCare+."",""deviceDateOfPurchase"":""11/08/2026"",""deviceId"":""SHG3JHCD2C9"",""registeredDevice"":""0"",""pocType"":""RPOC"",""serialNumber"":""HG3JHCD2C9"",""partNumber"":""SR1A2ZX/A"",""partAlias"":""ACP"",""purchaseMode"":""C"",""productDescription"":""iMac (24-inch,2024, Two ports)""}},""orderErrorResponse"":{""errorCode"":""GRX-50017"",""errorMessage"":""El nombre y los apellidos no pueden superar los 34 caracteres.""},""transactionId"":""c04aa572-de28-45c8-b668-baf2aa7ce0b2-1786501309395""}"
False;5076984;2026-08-11 22:21:51.783000;2026-08-11 00:00:00;12201114;CREATEORDER;SHG3JHCD2C9;MWUG3CI/A;"{""orderDetailsResponses"":{""deviceEligibility"":{""secondaryDisplay"":""1"",""partDescription"":""AppleCare+ para iMac (M4)"",""coverageDuration"":""3"",""productStatement"":""AppleCare+ para iMac (M4) amplía la cobertura de servicio y soporte técnico a 3 años desde la fecha de compra de AppleCare+ e incluye cobertura para una cantidad ilimitada de incidentes por daño accidental debido a la manipulación del producto, cada uno de ellos sujeto a un cargo adicional de R$96000  por daños en la pantalla o la carcasa externa o de R$289000  por Otros daños accidentales. Lee todos los detalles en los Términos y condiciones de AppleCare+."",""deviceDateOfPurchase"":""11/08/2026"",""deviceId"":""SHG3JHCD2C9"",""registeredDevice"":""0"",""pocType"":""RPOC"",""serialNumber"":""HG3JHCD2C9"",""partNumber"":""SR1A2ZX/A"",""partAlias"":""ACP"",""purchaseMode"":""C"",""productDescription"":""iMac (24-inch,2024, Two ports)""}},""orderErrorResponse"":{""errorCode"":""GRX-50017"",""errorMessage"":""El nombre y los apellidos no pueden superar los 34 caracteres.""},""transactionId"":""84bd62fb-5674-4ac0-a817-2e98fe8eba08-1786501310911""}"
False;5076984;2026-08-11 22:26:17.940000;2026-08-11 00:00:00;12101114;CREATEORDER;SHG3JHCD2C9;MWUG3CI/A;"{""orderDetailsResponses"":{""deviceEligibility"":{""secondaryDisplay"":""1"",""partDescription"":""AppleCare+ para iMac (M4)"",""coverageDuration"":""3"",""productStatement"":""AppleCare+ para iMac (M4) amplía la cobertura de servicio y soporte técnico a 3 años desde la fecha de compra de AppleCare+ e incluye cobertura para una cantidad ilimitada de incidentes por daño accidental debido a la manipulación del producto, cada uno de ellos sujeto a un cargo adicional de R$96000  por daños en la pantalla o la carcasa externa o de R$289000  por Otros daños accidentales. Lee todos los detalles en los Términos y condiciones de AppleCare+."",""deviceDateOfPurchase"":""11/08/2026"",""deviceId"":""SHG3JHCD2C9"",""registeredDevice"":""0"",""pocType"":""RPOC"",""serialNumber"":""HG3JHCD2C9"",""partNumber"":""SR1A2ZX/A"",""partAlias"":""ACP"",""purchaseMode"":""C"",""productDescription"":""iMac (24-inch,2024, Two ports)""}},""orderErrorResponse"":{""errorCode"":""GRX-50017"",""errorMessage"":""El nombre y los apellidos no pueden superar los 34 caracteres.""},""transactionId"":""a633fe20-e093-4b60-b138-b878674eb546-1786501577177""}"
False;5076984;2026-08-11 22:26:19.420000;2026-08-11 00:00:00;12201114;CREATEORDER;SHG3JHCD2C9;MWUG3CI/A;"{""orderDetailsResponses"":{""deviceEligibility"":{""secondaryDisplay"":""1"",""partDescription"":""AppleCare+ para iMac (M4)"",""coverageDuration"":""3"",""productStatement"":""AppleCare+ para iMac (M4) amplía la cobertura de servicio y soporte técnico a 3 años desde la fecha de compra de AppleCare+ e incluye cobertura para una cantidad ilimitada de incidentes por daño accidental debido a la manipulación del producto, cada uno de ellos sujeto a un cargo adicional de R$96000  por daños en la pantalla o la carcasa externa o de R$289000  por Otros daños accidentales. Lee todos los detalles en los Términos y condiciones de AppleCare+."",""deviceDateOfPurchase"":""11/08/2026"",""deviceId"":""SHG3JHCD2C9"",""registeredDevice"":""0"",""pocType"":""RPOC"",""serialNumber"":""HG3JHCD2C9"",""partNumber"":""SR1A2ZX/A"",""partAlias"":""ACP"",""purchaseMode"":""C"",""productDescription"":""iMac (24-inch,2024, Two ports)""}},""orderErrorResponse"":{""errorCode"":""GRX-50017"",""errorMessage"":""El nombre y los apellidos no pueden superar los 34 caracteres.""},""transactionId"":""6e5cf7d3-de03-4bc0-9622-0c4a65b3e36c-1786501578747""}"
False;5076984;2026-08-11 22:26:49.327000;2026-08-11 00:00:00;12101114;CREATEORDER;SHG3JHCD2C9;MWUG3CI/A;"{""orderDetailsResponses"":{""deviceEligibility"":{""secondaryDisplay"":""1"",""partDescription"":""AppleCare+ para iMac (M4)"",""coverageDuration"":""3"",""productStatement"":""AppleCare+ para iMac (M4) amplía la cobertura de servicio y soporte técnico a 3 años desde la fecha de compra de AppleCare+ e incluye cobertura para una cantidad ilimitada de incidentes por daño accidental debido a la manipulación del producto, cada uno de ellos sujeto a un cargo adicional de R$96000  por daños en la pantalla o la carcasa externa o de R$289000  por Otros daños accidentales. Lee todos los detalles en los Términos y condiciones de AppleCare+."",""deviceDateOfPurchase"":""11/08/2026"",""deviceId"":""SHG3JHCD2C9"",""registeredDevice"":""0"",""pocType"":""RPOC"",""serialNumber"":""HG3JHCD2C9"",""partNumber"":""SR1A2ZX/A"",""partAlias"":""ACP"",""purchaseMode"":""C"",""productDescription"":""iMac (24-inch,2024, Two ports)""}},""orderErrorResponse"":{""errorCode"":""GRX-50017"",""errorMessage"":""El nombre y los apellidos no pueden superar los 34 caracteres.""},""transactionId"":""26d2b5f5-b708-481c-be1b-a471e333d86b-1786501608422""}"
False;5076984;2026-08-11 22:26:50.617000;2026-08-11 00:00:00;12201114;CREATEORDER;SHG3JHCD2C9;MWUG3CI/A;"{""orderDetailsResponses"":{""deviceEligibility"":{""secondaryDisplay"":""1"",""partDescription"":""AppleCare+ para iMac (M4)"",""coverageDuration"":""3"",""productStatement"":""AppleCare+ para iMac (M4) amplía la cobertura de servicio y soporte técnico a 3 años desde la fecha de compra de AppleCare+ e incluye cobertura para una cantidad ilimitada de incidentes por daño accidental debido a la manipulación del producto, cada uno de ellos sujeto a un cargo adicional de R$96000  por daños en la pantalla o la carcasa externa o de R$289000  por Otros daños accidentales. Lee todos los detalles en los Términos y condiciones de AppleCare+."",""deviceDateOfPurchase"":""11/08/2026"",""deviceId"":""SHG3JHCD2C9"",""registeredDevice"":""0"",""pocType"":""RPOC"",""serialNumber"":""HG3JHCD2C9"",""partNumber"":""SR1A2ZX/A"",""partAlias"":""ACP"",""purchaseMode"":""C"",""productDescription"":""iMac (24-inch,2024, Two ports)""}},""orderErrorResponse"":{""errorCode"":""GRX-50017"",""errorMessage"":""El nombre y los apellidos no pueden superar los 34 caracteres.""},""transactionId"":""1dd0ace2-40b9-413b-9a09-f658b8980a81-1786501609862""}"
False;5076984;2026-08-11 22:31:18.223000;2026-08-11 00:00:00;12101114;CREATEORDER;SHG3JHCD2C9;MWUG3CI/A;"{""orderDetailsResponses"":{""deviceEligibility"":{""secondaryDisplay"":""1"",""partDescription"":""AppleCare+ para iMac (M4)"",""coverageDuration"":""3"",""productStatement"":""AppleCare+ para iMac (M4) amplía la cobertura de servicio y soporte técnico a 3 años desde la fecha de compra de AppleCare+ e incluye cobertura para una cantidad ilimitada de incidentes por daño accidental debido a la manipulación del producto, cada uno de ellos sujeto a un cargo adicional de R$96000  por daños en la pantalla o la carcasa externa o de R$289000  por Otros daños accidentales. Lee todos los detalles en los Términos y condiciones de AppleCare+."",""deviceDateOfPurchase"":""11/08/2026"",""deviceId"":""SHG3JHCD2C9"",""registeredDevice"":""0"",""pocType"":""RPOC"",""serialNumber"":""HG3JHCD2C9"",""partNumber"":""SR1A2ZX/A"",""partAlias"":""ACP"",""purchaseMode"":""C"",""productDescription"":""iMac (24-inch,2024, Two ports)""}},""orderErrorResponse"":{""errorCode"":""GRX-50017"",""errorMessage"":""El nombre y los apellidos no pueden superar los 34 caracteres.""},""transactionId"":""0455947c-67ac-4d56-86c9-9ce880a4b31d-1786501877432""}"
False;5076984;2026-08-11 22:31:19.557000;2026-08-11 00:00:00;12201114;CREATEORDER;SHG3JHCD2C9;MWUG3CI/A;"{""orderDetailsResponses"":{""deviceEligibility"":{""secondaryDisplay"":""1"",""partDescription"":""AppleCare+ para iMac (M4)"",""coverageDuration"":""3"",""productStatement"":""AppleCare+ para iMac (M4) amplía la cobertura de servicio y soporte técnico a 3 años desde la fecha de compra de AppleCare+ e incluye cobertura para una cantidad ilimitada de incidentes por daño accidental debido a la manipulación del producto, cada uno de ellos sujeto a un cargo adicional de R$96000  por daños en la pantalla o la carcasa externa o de R$289000  por Otros daños accidentales. Lee todos los detalles en los Términos y condiciones de AppleCare+."",""deviceDateOfPurchase"":""11/08/2026"",""deviceId"":""SHG3JHCD2C9"",""registeredDevice"":""0"",""pocType"":""RPOC"",""serialNumber"":""HG3JHCD2C9"",""partNumber"":""SR1A2ZX/A"",""partAlias"":""ACP"",""purchaseMode"":""C"",""productDescription"":""iMac (24-inch,2024, Two ports)""}},""orderErrorResponse"":{""errorCode"":""GRX-50017"",""errorMessage"":""El nombre y los apellidos no pueden superar los 34 caracteres.""},""transactionId"":""84f95fff-f01c-45a4-b352-3df833b9c650-1786501878774""}"
False;5076984;2026-08-11 22:31:51.413000;2026-08-11 00:00:00;12101114;CREATEORDER;SHG3JHCD2C9;MWUG3CI/A;"{""orderDetailsResponses"":{""deviceEligibility"":{""secondaryDisplay"":""1"",""partDescription"":""AppleCare+ para iMac (M4)"",""coverageDuration"":""3"",""productStatement"":""AppleCare+ para iMac (M4) amplía la cobertura de servicio y soporte técnico a 3 años desde la fecha de compra de AppleCare+ e incluye cobertura para una cantidad ilimitada de incidentes por daño accidental debido a la manipulación del producto, cada uno de ellos sujeto a un cargo adicional de R$96000  por daños en la pantalla o la carcasa externa o de R$289000  por Otros daños accidentales. Lee todos los detalles en los Términos y condiciones de AppleCare+."",""deviceDateOfPurchase"":""11/08/2026"",""deviceId"":""SHG3JHCD2C9"",""registeredDevice"":""0"",""pocType"":""RPOC"",""serialNumber"":""HG3JHCD2C9"",""partNumber"":""SR1A2ZX/A"",""partAlias"":""ACP"",""purchaseMode"":""C"",""productDescription"":""iMac (24-inch,2024, Two ports)""}},""orderErrorResponse"":{""errorCode"":""GRX-50017"",""errorMessage"":""El nombre y los apellidos no pueden superar los 34 caracteres.""},""transactionId"":""47ea4ad5-0695-47fd-8c24-7ce5137454c8-1786501910665""}"
False;5076984;2026-08-11 22:31:52.723000;2026-08-11 00:00:00;12201114;CREATEORDER;SHG3JHCD2C9;MWUG3CI/A;"{""orderDetailsResponses"":{""deviceEligibility"":{""secondaryDisplay"":""1"",""partDescription"":""AppleCare+ para iMac (M4)"",""coverageDuration"":""3"",""productStatement"":""AppleCare+ para iMac (M4) amplía la cobertura de servicio y soporte técnico a 3 años desde la fecha de compra de AppleCare+ e incluye cobertura para una cantidad ilimitada de incidentes por daño accidental debido a la manipulación del producto, cada uno de ellos sujeto a un cargo adicional de R$96000  por daños en la pantalla o la carcasa externa o de R$289000  por Otros daños accidentales. Lee todos los detalles en los Términos y condiciones de AppleCare+."",""deviceDateOfPurchase"":""11/08/2026"",""deviceId"":""SHG3JHCD2C9"",""registeredDevice"":""0"",""pocType"":""RPOC"",""serialNumber"":""HG3JHCD2C9"",""partNumber"":""SR1A2ZX/A"",""partAlias"":""ACP"",""purchaseMode"":""C"",""productDescription"":""iMac (24-inch,2024, Two ports)""}},""orderErrorResponse"":{""errorCode"":""GRX-50017"",""errorMessage"":""El nombre y los apellidos no pueden superar los 34 caracteres.""},""transactionId"":""469e6b2e-f42c-4864-8ca6-9f8eb85938cf-1786501912012""}"
False;5076984;2026-08-11 22:36:10.453000;2026-08-11 00:00:00;12101114;CREATEORDER;SHG3JHCD2C9;MWUG3CI/A;"{""orderDetailsResponses"":{""deviceEligibility"":{""secondaryDisplay"":""1"",""partDescription"":""AppleCare+ para iMac (M4)"",""coverageDuration"":""3"",""productStatement"":""AppleCare+ para iMac (M4) amplía la cobertura de servicio y soporte técnico a 3 años desde la fecha de compra de AppleCare+ e incluye cobertura para una cantidad ilimitada de incidentes por daño accidental debido a la manipulación del producto, cada uno de ellos sujeto a un cargo adicional de R$96000  por daños en la pantalla o la carcasa externa o de R$289000  por Otros daños accidentales. Lee todos los detalles en los Términos y condiciones de AppleCare+."",""deviceDateOfPurchase"":""11/08/2026"",""deviceId"":""SHG3JHCD2C9"",""registeredDevice"":""0"",""pocType"":""RPOC"",""serialNumber"":""HG3JHCD2C9"",""partNumber"":""SR1A2ZX/A"",""partAlias"":""ACP"",""purchaseMode"":""C"",""productDescription"":""iMac (24-inch,2024, Two ports)""}},""orderErrorResponse"":{""errorCode"":""GRX-50017"",""errorMessage"":""El nombre y los apellidos no pueden superar los 34 caracteres.""},""transactionId"":""4265793b-7473-4009-b6b9-a1b04f31b786-1786502169630""}"
False;5076984;2026-08-11 22:36:11.990000;2026-08-11 00:00:00;12201114;CREATEORDER;SHG3JHCD2C9;MWUG3CI/A;"{""orderDetailsResponses"":{""deviceEligibility"":{""secondaryDisplay"":""1"",""partDescription"":""AppleCare+ para iMac (M4)"",""coverageDuration"":""3"",""productStatement"":""AppleCare+ para iMac (M4) amplía la cobertura de servicio y soporte técnico a 3 años desde la fecha de compra de AppleCare+ e incluye cobertura para una cantidad ilimitada de incidentes por daño accidental debido a la manipulación del producto, cada uno de ellos sujeto a un cargo adicional de R$96000  por daños en la pantalla o la carcasa externa o de R$289000  por Otros daños accidentales. Lee todos los detalles en los Términos y condiciones de AppleCare+."",""deviceDateOfPurchase"":""11/08/2026"",""deviceId"":""SHG3JHCD2C9"",""registeredDevice"":""0"",""pocType"":""RPOC"",""serialNumber"":""HG3JHCD2C9"",""partNumber"":""SR1A2ZX/A"",""partAlias"":""ACP"",""purchaseMode"":""C"",""productDescription"":""iMac (24-inch,2024, Two ports)""}},""orderErrorResponse"":{""errorCode"":""GRX-50017"",""errorMessage"":""El nombre y los apellidos no pueden superar los 34 caracteres.""},""transactionId"":""c0f56202-a4e2-473a-91a2-1c8d347502a7-1786502171230""}"
False;5076984;2026-08-11 22:36:43.373000;2026-08-11 00:00:00;12101114;CREATEORDER;SHG3JHCD2C9;MWUG3CI/A;"{""orderDetailsResponses"":{""deviceEligibility"":{""secondaryDisplay"":""1"",""partDescription"":""AppleCare+ para iMac (M4)"",""coverageDuration"":""3"",""productStatement"":""AppleCare+ para iMac (M4) amplía la cobertura de servicio y soporte técnico a 3 años desde la fecha de compra de AppleCare+ e incluye cobertura para una cantidad ilimitada de incidentes por daño accidental debido a la manipulación del producto, cada uno de ellos sujeto a un cargo adicional de R$96000  por daños en la pantalla o la carcasa externa o de R$289000  por Otros daños accidentales. Lee todos los detalles en los Términos y condiciones de AppleCare+."",""deviceDateOfPurchase"":""11/08/2026"",""deviceId"":""SHG3JHCD2C9"",""registeredDevice"":""0"",""pocType"":""RPOC"",""serialNumber"":""HG3JHCD2C9"",""partNumber"":""SR1A2ZX/A"",""partAlias"":""ACP"",""purchaseMode"":""C"",""productDescription"":""iMac (24-inch,2024, Two ports)""}},""orderErrorResponse"":{""errorCode"":""GRX-50017"",""errorMessage"":""El nombre y los apellidos no pueden superar los 34 caracteres.""},""transactionId"":""61ff4aff-f1da-4e87-93f3-6bb11fc2e086-1786502202601""}"
False;5076984;2026-08-11 22:36:45.293000;2026-08-11 00:00:00;12201114;CREATEORDER;SHG3JHCD2C9;MWUG3CI/A;"{""orderDetailsResponses"":{""deviceEligibility"":{""secondaryDisplay"":""1"",""partDescription"":""AppleCare+ para iMac (M4)"",""coverageDuration"":""3"",""productStatement"":""AppleCare+ para iMac (M4) amplía la cobertura de servicio y soporte técnico a 3 años desde la fecha de compra de AppleCare+ e incluye cobertura para una cantidad ilimitada de incidentes por daño accidental debido a la manipulación del producto, cada uno de ellos sujeto a un cargo adicional de R$96000  por daños en la pantalla o la carcasa externa o de R$289000  por Otros daños accidentales. Lee todos los detalles en los Términos y condiciones de AppleCare+."",""deviceDateOfPurchase"":""11/08/2026"",""deviceId"":""SHG3JHCD2C9"",""registeredDevice"":""0"",""pocType"":""RPOC"",""serialNumber"":""HG3JHCD2C9"",""partNumber"":""SR1A2ZX/A"",""partAlias"":""ACP"",""purchaseMode"":""C"",""productDescription"":""iMac (24-inch,2024, Two ports)""}},""orderErrorResponse"":{""errorCode"":""GRX-50017"",""errorMessage"":""El nombre y los apellidos no pueden superar los 34 caracteres.""},""transactionId"":""f5b761eb-2d30-419a-956c-8d17e618f7a7-1786502203900""}"
False;5076984;2026-08-11 22:41:15.353000;2026-08-11 00:00:00;12101114;CREATEORDER;SHG3JHCD2C9;MWUG3CI/A;"{""orderDetailsResponses"":{""deviceEligibility"":{""secondaryDisplay"":""1"",""partDescription"":""AppleCare+ para iMac (M4)"",""coverageDuration"":""3"",""productStatement"":""AppleCare+ para iMac (M4) amplía la cobertura de servicio y soporte técnico a 3 años desde la fecha de compra de AppleCare+ e incluye cobertura para una cantidad ilimitada de incidentes por daño accidental debido a la manipulación del producto, cada uno de ellos sujeto a un cargo adicional de R$96000  por daños en la pantalla o la carcasa externa o de R$289000  por Otros daños accidentales. Lee todos los detalles en los Términos y condiciones de AppleCare+."",""deviceDateOfPurchase"":""11/08/2026"",""deviceId"":""SHG3JHCD2C9"",""registeredDevice"":""0"",""pocType"":""RPOC"",""serialNumber"":""HG3JHCD2C9"",""partNumber"":""SR1A2ZX/A"",""partAlias"":""ACP"",""purchaseMode"":""C"",""productDescription"":""iMac (24-inch,2024, Two ports)""}},""orderErrorResponse"":{""errorCode"":""GRX-50017"",""errorMessage"":""El nombre y los apellidos no pueden superar los 34 caracteres.""},""transactionId"":""702e7d74-b99b-4a23-899c-2b4fe9270dc0-1786502474605""}"
False;5076984;2026-08-11 22:41:16.730000;2026-08-11 00:00:00;12201114;CREATEORDER;SHG3JHCD2C9;MWUG3CI/A;"{""orderDetailsResponses"":{""deviceEligibility"":{""secondaryDisplay"":""1"",""partDescription"":""AppleCare+ para iMac (M4)"",""coverageDuration"":""3"",""productStatement"":""AppleCare+ para iMac (M4) amplía la cobertura de servicio y soporte técnico a 3 años desde la fecha de compra de AppleCare+ e incluye cobertura para una cantidad ilimitada de incidentes por daño accidental debido a la manipulación del producto, cada uno de ellos sujeto a un cargo adicional de R$96000  por daños en la pantalla o la carcasa externa o de R$289000  por Otros daños accidentales. Lee todos los detalles en los Términos y condiciones de AppleCare+."",""deviceDateOfPurchase"":""11/08/2026"",""deviceId"":""SHG3JHCD2C9"",""registeredDevice"":""0"",""pocType"":""RPOC"",""serialNumber"":""HG3JHCD2C9"",""partNumber"":""SR1A2ZX/A"",""partAlias"":""ACP"",""purchaseMode"":""C"",""productDescription"":""iMac (24-inch,2024, Two ports)""}},""orderErrorResponse"":{""errorCode"":""GRX-50017"",""errorMessage"":""El nombre y los apellidos no pueden superar los 34 caracteres.""},""transactionId"":""3671b6f3-d5e9-4943-8a8a-fb40542fccdf-1786502475940""}"
False;5076984;2026-08-11 22:41:49.917000;2026-08-11 00:00:00;12101114;CREATEORDER;SHG3JHCD2C9;MWUG3CI/A;"{""orderDetailsResponses"":{""deviceEligibility"":{""secondaryDisplay"":""1"",""partDescription"":""AppleCare+ para iMac (M4)"",""coverageDuration"":""3"",""productStatement"":""AppleCare+ para iMac (M4) amplía la cobertura de servicio y soporte técnico a 3 años desde la fecha de compra de AppleCare+ e incluye cobertura para una cantidad ilimitada de incidentes por daño accidental debido a la manipulación del producto, cada uno de ellos sujeto a un cargo adicional de R$96000  por daños en la pantalla o la carcasa externa o de R$289000  por Otros daños accidentales. Lee todos los detalles en los Términos y condiciones de AppleCare+."",""deviceDateOfPurchase"":""11/08/2026"",""deviceId"":""SHG3JHCD2C9"",""registeredDevice"":""0"",""pocType"":""RPOC"",""serialNumber"":""HG3JHCD2C9"",""partNumber"":""SR1A2ZX/A"",""partAlias"":""ACP"",""purchaseMode"":""C"",""productDescription"":""iMac (24-inch,2024, Two ports)""}},""orderErrorResponse"":{""errorCode"":""GRX-50017"",""errorMessage"":""El nombre y los apellidos no pueden superar los 34 caracteres.""},""transactionId"":""55a2f3ea-a7e4-41b7-a58a-c47a0ccdcb13-1786502509124""}"
False;5076984;2026-08-11 22:41:51.350000;2026-08-11 00:00:00;12201114;CREATEORDER;SHG3JHCD2C9;MWUG3CI/A;"{""orderDetailsResponses"":{""deviceEligibility"":{""secondaryDisplay"":""1"",""partDescription"":""AppleCare+ para iMac (M4)"",""coverageDuration"":""3"",""productStatement"":""AppleCare+ para iMac (M4) amplía la cobertura de servicio y soporte técnico a 3 años desde la fecha de compra de AppleCare+ e incluye cobertura para una cantidad ilimitada de incidentes por daño accidental debido a la manipulación del producto, cada uno de ellos sujeto a un cargo adicional de R$96000  por daños en la pantalla o la carcasa externa o de R$289000  por Otros daños accidentales. Lee todos los detalles en los Términos y condiciones de AppleCare+."",""deviceDateOfPurchase"":""11/08/2026"",""deviceId"":""SHG3JHCD2C9"",""registeredDevice"":""0"",""pocType"":""RPOC"",""serialNumber"":""HG3JHCD2C9"",""partNumber"":""SR1A2ZX/A"",""partAlias"":""ACP"",""purchaseMode"":""C"",""productDescription"":""iMac (24-inch,2024, Two ports)""}},""orderErrorResponse"":{""errorCode"":""GRX-50017"",""errorMessage"":""El nombre y los apellidos no pueden superar los 34 caracteres.""},""transactionId"":""b9d6f1df-4745-4a4a-9426-ea433637ce34-1786502510569""}"
False;5076984;2026-08-11 22:46:18.673000;2026-08-11 00:00:00;12101114;CREATEORDER;SHG3JHCD2C9;MWUG3CI/A;"{""orderDetailsResponses"":{""deviceEligibility"":{""secondaryDisplay"":""1"",""partDescription"":""AppleCare+ para iMac (M4)"",""coverageDuration"":""3"",""productStatement"":""AppleCare+ para iMac (M4) amplía la cobertura de servicio y soporte técnico a 3 años desde la fecha de compra de AppleCare+ e incluye cobertura para una cantidad ilimitada de incidentes por daño accidental debido a la manipulación del producto, cada uno de ellos sujeto a un cargo adicional de R$96000  por daños en la pantalla o la carcasa externa o de R$289000  por Otros daños accidentales. Lee todos los detalles en los Términos y condiciones de AppleCare+."",""deviceDateOfPurchase"":""11/08/2026"",""deviceId"":""SHG3JHCD2C9"",""registeredDevice"":""0"",""pocType"":""RPOC"",""serialNumber"":""HG3JHCD2C9"",""partNumber"":""SR1A2ZX/A"",""partAlias"":""ACP"",""purchaseMode"":""C"",""productDescription"":""iMac (24-inch,2024, Two ports)""}},""orderErrorResponse"":{""errorCode"":""GRX-50017"",""errorMessage"":""El nombre y los apellidos no pueden superar los 34 caracteres.""},""transactionId"":""9bb64fb1-4054-4849-8d84-6f3c12f60a1b-1786502777921""}"
False;5076984;2026-08-11 22:46:19.953000;2026-08-11 00:00:00;12201114;CREATEORDER;SHG3JHCD2C9;MWUG3CI/A;"{""orderDetailsResponses"":{""deviceEligibility"":{""secondaryDisplay"":""1"",""partDescription"":""AppleCare+ para iMac (M4)"",""coverageDuration"":""3"",""productStatement"":""AppleCare+ para iMac (M4) amplía la cobertura de servicio y soporte técnico a 3 años desde la fecha de compra de AppleCare+ e incluye cobertura para una cantidad ilimitada de incidentes por daño accidental debido a la manipulación del producto, cada uno de ellos sujeto a un cargo adicional de R$96000  por daños en la pantalla o la carcasa externa o de R$289000  por Otros daños accidentales. Lee todos los detalles en los Términos y condiciones de AppleCare+."",""deviceDateOfPurchase"":""11/08/2026"",""deviceId"":""SHG3JHCD2C9"",""registeredDevice"":""0"",""pocType"":""RPOC"",""serialNumber"":""HG3JHCD2C9"",""partNumber"":""SR1A2ZX/A"",""partAlias"":""ACP"",""purchaseMode"":""C"",""productDescription"":""iMac (24-inch,2024, Two ports)""}},""orderErrorResponse"":{""errorCode"":""GRX-50017"",""errorMessage"":""El nombre y los apellidos no pueden superar los 34 caracteres.""},""transactionId"":""c4108f5b-e3af-4882-a99c-1edbe1f7fe63-1786502779211""}"
False;5076984;2026-08-11 22:46:50.450000;2026-08-11 00:00:00;12101114;CREATEORDER;SHG3JHCD2C9;MWUG3CI/A;"{""orderDetailsResponses"":{""deviceEligibility"":{""secondaryDisplay"":""1"",""partDescription"":""AppleCare+ para iMac (M4)"",""coverageDuration"":""3"",""productStatement"":""AppleCare+ para iMac (M4) amplía la cobertura de servicio y soporte técnico a 3 años desde la fecha de compra de AppleCare+ e incluye cobertura para una cantidad ilimitada de incidentes por daño accidental debido a la manipulación del producto, cada uno de ellos sujeto a un cargo adicional de R$96000  por daños en la pantalla o la carcasa externa o de R$289000  por Otros daños accidentales. Lee todos los detalles en los Términos y condiciones de AppleCare+."",""deviceDateOfPurchase"":""11/08/2026"",""deviceId"":""SHG3JHCD2C9"",""registeredDevice"":""0"",""pocType"":""RPOC"",""serialNumber"":""HG3JHCD2C9"",""partNumber"":""SR1A2ZX/A"",""partAlias"":""ACP"",""purchaseMode"":""C"",""productDescription"":""iMac (24-inch,2024, Two ports)""}},""orderErrorResponse"":{""errorCode"":""GRX-50017"",""errorMessage"":""El nombre y los apellidos no pueden superar los 34 caracteres.""},""transactionId"":""f63a1d36-bf60-4e2a-8eb4-fd9b1aeaf48a-1786502809705""}"
False;5076984;2026-08-11 22:46:51.780000;2026-08-11 00:00:00;12201114;CREATEORDER;SHG3JHCD2C9;MWUG3CI/A;"{""orderDetailsResponses"":{""deviceEligibility"":{""secondaryDisplay"":""1"",""partDescription"":""AppleCare+ para iMac (M4)"",""coverageDuration"":""3"",""productStatement"":""AppleCare+ para iMac (M4) amplía la cobertura de servicio y soporte técnico a 3 años desde la fecha de compra de AppleCare+ e incluye cobertura para una cantidad ilimitada de incidentes por daño accidental debido a la manipulación del producto, cada uno de ellos sujeto a un cargo adicional de R$96000  por daños en la pantalla o la carcasa externa o de R$289000  por Otros daños accidentales. Lee todos los detalles en los Términos y condiciones de AppleCare+."",""deviceDateOfPurchase"":""11/08/2026"",""deviceId"":""SHG3JHCD2C9"",""registeredDevice"":""0"",""pocType"":""RPOC"",""serialNumber"":""HG3JHCD2C9"",""partNumber"":""SR1A2ZX/A"",""partAlias"":""ACP"",""purchaseMode"":""C"",""productDescription"":""iMac (24-inch,2024, Two ports)""}},""orderErrorResponse"":{""errorCode"":""GRX-50017"",""errorMessage"":""El nombre y los apellidos no pueden superar los 34 caracteres.""},""transactionId"":""461506e3-3dc7-4929-b903-626d2a6a44b5-1786502811049""}"
False;5076984;2026-08-11 22:51:16.727000;2026-08-11 00:00:00;12101114;CREATEORDER;SHG3JHCD2C9;MWUG3CI/A;"{""orderDetailsResponses"":{""deviceEligibility"":{""secondaryDisplay"":""1"",""partDescription"":""AppleCare+ para iMac (M4)"",""coverageDuration"":""3"",""productStatement"":""AppleCare+ para iMac (M4) amplía la cobertura de servicio y soporte técnico a 3 años desde la fecha de compra de AppleCare+ e incluye cobertura para una cantidad ilimitada de incidentes por daño accidental debido a la manipulación del producto, cada uno de ellos sujeto a un cargo adicional de R$96000  por daños en la pantalla o la carcasa externa o de R$289000  por Otros daños accidentales. Lee todos los detalles en los Términos y condiciones de AppleCare+."",""deviceDateOfPurchase"":""11/08/2026"",""deviceId"":""SHG3JHCD2C9"",""registeredDevice"":""0"",""pocType"":""RPOC"",""serialNumber"":""HG3JHCD2C9"",""partNumber"":""SR1A2ZX/A"",""partAlias"":""ACP"",""purchaseMode"":""C"",""productDescription"":""iMac (24-inch,2024, Two ports)""}},""orderErrorResponse"":{""errorCode"":""GRX-50017"",""errorMessage"":""El nombre y los apellidos no pueden superar los 34 caracteres.""},""transactionId"":""1f861608-5f22-480d-99d3-cf37d6979342-1786503076037""}"
False;5076984;2026-08-11 22:51:17.973000;2026-08-11 00:00:00;12201114;CREATEORDER;SHG3JHCD2C9;MWUG3CI/A;"{""orderDetailsResponses"":{""deviceEligibility"":{""secondaryDisplay"":""1"",""partDescription"":""AppleCare+ para iMac (M4)"",""coverageDuration"":""3"",""productStatement"":""AppleCare+ para iMac (M4) amplía la cobertura de servicio y soporte técnico a 3 años desde la fecha de compra de AppleCare+ e incluye cobertura para una cantidad ilimitada de incidentes por daño accidental debido a la manipulación del producto, cada uno de ellos sujeto a un cargo adicional de R$96000  por daños en la pantalla o la carcasa externa o de R$289000  por Otros daños accidentales. Lee todos los detalles en los Términos y condiciones de AppleCare+."",""deviceDateOfPurchase"":""11/08/2026"",""deviceId"":""SHG3JHCD2C9"",""registeredDevice"":""0"",""pocType"":""RPOC"",""serialNumber"":""HG3JHCD2C9"",""partNumber"":""SR1A2ZX/A"",""partAlias"":""ACP"",""purchaseMode"":""C"",""productDescription"":""iMac (24-inch,2024, Two ports)""}},""orderErrorResponse"":{""errorCode"":""GRX-50017"",""errorMessage"":""El nombre y los apellidos no pueden superar los 34 caracteres.""},""transactionId"":""f1988f96-375c-4823-8a20-154a9296186a-1786503077263""}"
False;5076984;2026-08-11 22:51:49.973000;2026-08-11 00:00:00;12101114;CREATEORDER;SHG3JHCD2C9;MWUG3CI/A;"{""orderDetailsResponses"":{""deviceEligibility"":{""secondaryDisplay"":""1"",""partDescription"":""AppleCare+ para iMac (M4)"",""coverageDuration"":""3"",""productStatement"":""AppleCare+ para iMac (M4) amplía la cobertura de servicio y soporte técnico a 3 años desde la fecha de compra de AppleCare+ e incluye cobertura para una cantidad ilimitada de incidentes por daño accidental debido a la manipulación del producto, cada uno de ellos sujeto a un cargo adicional de R$96000  por daños en la pantalla o la carcasa externa o de R$289000  por Otros daños accidentales. Lee todos los detalles en los Términos y condiciones de AppleCare+."",""deviceDateOfPurchase"":""11/08/2026"",""deviceId"":""SHG3JHCD2C9"",""registeredDevice"":""0"",""pocType"":""RPOC"",""serialNumber"":""HG3JHCD2C9"",""partNumber"":""SR1A2ZX/A"",""partAlias"":""ACP"",""purchaseMode"":""C"",""productDescription"":""iMac (24-inch,2024, Two ports)""}},""orderErrorResponse"":{""errorCode"":""GRX-50017"",""errorMessage"":""El nombre y los apellidos no pueden superar los 34 caracteres.""},""transactionId"":""ac456910-310d-48d5-a911-b0af5a067333-1786503109270""}"
False;5076984;2026-08-11 22:51:51.470000;2026-08-11 00:00:00;12201114;CREATEORDER;SHG3JHCD2C9;MWUG3CI/A;"{""orderDetailsResponses"":{""deviceEligibility"":{""secondaryDisplay"":""1"",""partDescription"":""AppleCare+ para iMac (M4)"",""coverageDuration"":""3"",""productStatement"":""AppleCare+ para iMac (M4) amplía la cobertura de servicio y soporte técnico a 3 años desde la fecha de compra de AppleCare+ e incluye cobertura para una cantidad ilimitada de incidentes por daño accidental debido a la manipulación del producto, cada uno de ellos sujeto a un cargo adicional de R$96000  por daños en la pantalla o la carcasa externa o de R$289000  por Otros daños accidentales. Lee todos los detalles en los Términos y condiciones de AppleCare+."",""deviceDateOfPurchase"":""11/08/2026"",""deviceId"":""SHG3JHCD2C9"",""registeredDevice"":""0"",""pocType"":""RPOC"",""serialNumber"":""HG3JHCD2C9"",""partNumber"":""SR1A2ZX/A"",""partAlias"":""ACP"",""purchaseMode"":""C"",""productDescription"":""iMac (24-inch,2024, Two ports)""}},""orderErrorResponse"":{""errorCode"":""GRX-50017"",""errorMessage"":""El nombre y los apellidos no pueden superar los 34 caracteres.""},""transactionId"":""6dab9c87-0de6-49b7-a064-d8d18977cf66-1786503110755""}"
False;5076984;2026-08-11 22:56:16.773000;2026-08-11 00:00:00;12101114;CREATEORDER;SHG3JHCD2C9;MWUG3CI/A;"{""orderDetailsResponses"":{""deviceEligibility"":{""secondaryDisplay"":""1"",""partDescription"":""AppleCare+ para iMac (M4)"",""coverageDuration"":""3"",""productStatement"":""AppleCare+ para iMac (M4) amplía la cobertura de servicio y soporte técnico a 3 años desde la fecha de compra de AppleCare+ e incluye cobertura para una cantidad ilimitada de incidentes por daño accidental debido a la manipulación del producto, cada uno de ellos sujeto a un cargo adicional de R$96000  por daños en la pantalla o la carcasa externa o de R$289000  por Otros daños accidentales. Lee todos los detalles en los Términos y condiciones de AppleCare+."",""deviceDateOfPurchase"":""11/08/2026"",""deviceId"":""SHG3JHCD2C9"",""registeredDevice"":""0"",""pocType"":""RPOC"",""serialNumber"":""HG3JHCD2C9"",""partNumber"":""SR1A2ZX/A"",""partAlias"":""ACP"",""purchaseMode"":""C"",""productDescription"":""iMac (24-inch,2024, Two ports)""}},""orderErrorResponse"":{""errorCode"":""GRX-50017"",""errorMessage"":""El nombre y los apellidos no pueden superar los 34 caracteres.""},""transactionId"":""43f6bea9-e818-4dbf-adca-9e7188672269-1786503376028""}"
False;5076984;2026-08-11 22:56:17.963000;2026-08-11 00:00:00;12201114;CREATEORDER;SHG3JHCD2C9;MWUG3CI/A;"{""orderDetailsResponses"":{""deviceEligibility"":{""secondaryDisplay"":""1"",""partDescription"":""AppleCare+ para iMac (M4)"",""coverageDuration"":""3"",""productStatement"":""AppleCare+ para iMac (M4) amplía la cobertura de servicio y soporte técnico a 3 años desde la fecha de compra de AppleCare+ e incluye cobertura para una cantidad ilimitada de incidentes por daño accidental debido a la manipulación del producto, cada uno de ellos sujeto a un cargo adicional de R$96000  por daños en la pantalla o la carcasa externa o de R$289000  por Otros daños accidentales. Lee todos los detalles en los Términos y condiciones de AppleCare+."",""deviceDateOfPurchase"":""11/08/2026"",""deviceId"":""SHG3JHCD2C9"",""registeredDevice"":""0"",""pocType"":""RPOC"",""serialNumber"":""HG3JHCD2C9"",""partNumber"":""SR1A2ZX/A"",""partAlias"":""ACP"",""purchaseMode"":""C"",""productDescription"":""iMac (24-inch,2024, Two ports)""}},""orderErrorResponse"":{""errorCode"":""GRX-50017"",""errorMessage"":""El nombre y los apellidos no pueden superar los 34 caracteres.""},""transactionId"":""c4f7b7b2-37df-4a90-aced-75bce41cb2e4-1786503377270""}"
False;5076984;2026-08-11 22:56:47.830000;2026-08-11 00:00:00;12101114;CREATEORDER;SHG3JHCD2C9;MWUG3CI/A;"{""orderDetailsResponses"":{""deviceEligibility"":{""secondaryDisplay"":""1"",""partDescription"":""AppleCare+ para iMac (M4)"",""coverageDuration"":""3"",""productStatement"":""AppleCare+ para iMac (M4) amplía la cobertura de servicio y soporte técnico a 3 años desde la fecha de compra de AppleCare+ e incluye cobertura para una cantidad ilimitada de incidentes por daño accidental debido a la manipulación del producto, cada uno de ellos sujeto a un cargo adicional de R$96000  por daños en la pantalla o la carcasa externa o de R$289000  por Otros daños accidentales. Lee todos los detalles en los Términos y condiciones de AppleCare+."",""deviceDateOfPurchase"":""11/08/2026"",""deviceId"":""SHG3JHCD2C9"",""registeredDevice"":""0"",""pocType"":""RPOC"",""serialNumber"":""HG3JHCD2C9"",""partNumber"":""SR1A2ZX/A"",""partAlias"":""ACP"",""purchaseMode"":""C"",""productDescription"":""iMac (24-inch,2024, Two ports)""}},""orderErrorResponse"":{""errorCode"":""GRX-50017"",""errorMessage"":""El nombre y los apellidos no pueden superar los 34 caracteres.""},""transactionId"":""9ecc5a18-8e40-4515-8902-40be1f87ee61-1786503407022""}"
False;5076984;2026-08-11 22:56:49.200000;2026-08-11 00:00:00;12201114;CREATEORDER;SHG3JHCD2C9;MWUG3CI/A;"{""orderDetailsResponses"":{""deviceEligibility"":{""secondaryDisplay"":""1"",""partDescription"":""AppleCare+ para iMac (M4)"",""coverageDuration"":""3"",""productStatement"":""AppleCare+ para iMac (M4) amplía la cobertura de servicio y soporte técnico a 3 años desde la fecha de compra de AppleCare+ e incluye cobertura para una cantidad ilimitada de incidentes por daño accidental debido a la manipulación del producto, cada uno de ellos sujeto a un cargo adicional de R$96000  por daños en la pantalla o la carcasa externa o de R$289000  por Otros daños accidentales. Lee todos los detalles en los Términos y condiciones de AppleCare+."",""deviceDateOfPurchase"":""11/08/2026"",""deviceId"":""SHG3JHCD2C9"",""registeredDevice"":""0"",""pocType"":""RPOC"",""serialNumber"":""HG3JHCD2C9"",""partNumber"":""SR1A2ZX/A"",""partAlias"":""ACP"",""purchaseMode"":""C"",""productDescription"":""iMac (24-inch,2024, Two ports)""}},""orderErrorResponse"":{""errorCode"":""GRX-50017"",""errorMessage"":""El nombre y los apellidos no pueden superar los 34 caracteres.""},""transactionId"":""335b200e-adff-4718-89cd-3bb41661a196-1786503408526""}"
False;5076984;2026-08-11 23:01:19.190000;2026-08-11 00:00:00;12101114;CREATEORDER;SHG3JHCD2C9;MWUG3CI/A;"{""orderDetailsResponses"":{""deviceEligibility"":{""secondaryDisplay"":""1"",""partDescription"":""AppleCare+ para iMac (M4)"",""coverageDuration"":""3"",""productStatement"":""AppleCare+ para iMac (M4) amplía la cobertura de servicio y soporte técnico a 3 años desde la fecha de compra de AppleCare+ e incluye cobertura para una cantidad ilimitada de incidentes por daño accidental debido a la manipulación del producto, cada uno de ellos sujeto a un cargo adicional de R$96000  por daños en la pantalla o la carcasa externa o de R$289000  por Otros daños accidentales. Lee todos los detalles en los Términos y condiciones de AppleCare+."",""deviceDateOfPurchase"":""11/08/2026"",""deviceId"":""SHG3JHCD2C9"",""registeredDevice"":""0"",""pocType"":""RPOC"",""serialNumber"":""HG3JHCD2C9"",""partNumber"":""SR1A2ZX/A"",""partAlias"":""ACP"",""purchaseMode"":""C"",""productDescription"":""iMac (24-inch,2024, Two ports)""}},""orderErrorResponse"":{""errorCode"":""GRX-50017"",""errorMessage"":""El nombre y los apellidos no pueden superar los 34 caracteres.""},""transactionId"":""06773f8d-402d-4ca1-a70f-2e37567ecb3d-1786503678430""}"
False;5076984;2026-08-11 23:01:20.623000;2026-08-11 00:00:00;12201114;CREATEORDER;SHG3JHCD2C9;MWUG3CI/A;"{""orderDetailsResponses"":{""deviceEligibility"":{""secondaryDisplay"":""1"",""partDescription"":""AppleCare+ para iMac (M4)"",""coverageDuration"":""3"",""productStatement"":""AppleCare+ para iMac (M4) amplía la cobertura de servicio y soporte técnico a 3 años desde la fecha de compra de AppleCare+ e incluye cobertura para una cantidad ilimitada de incidentes por daño accidental debido a la manipulación del producto, cada uno de ellos sujeto a un cargo adicional de R$96000  por daños en la pantalla o la carcasa externa o de R$289000  por Otros daños accidentales. Lee todos los detalles en los Términos y condiciones de AppleCare+."",""deviceDateOfPurchase"":""11/08/2026"",""deviceId"":""SHG3JHCD2C9"",""registeredDevice"":""0"",""pocType"":""RPOC"",""serialNumber"":""HG3JHCD2C9"",""partNumber"":""SR1A2ZX/A"",""partAlias"":""ACP"",""purchaseMode"":""C"",""productDescription"":""iMac (24-inch,2024, Two ports)""}},""orderErrorResponse"":{""errorCode"":""GRX-50017"",""errorMessage"":""El nombre y los apellidos no pueden superar los 34 caracteres.""},""transactionId"":""88ebd383-ce36-402f-802a-a17d907cb12e-1786503679884""}"
False;5076984;2026-08-11 23:01:51.760000;2026-08-11 00:00:00;12101114;CREATEORDER;SHG3JHCD2C9;MWUG3CI/A;"{""orderDetailsResponses"":{""deviceEligibility"":{""secondaryDisplay"":""1"",""partDescription"":""AppleCare+ para iMac (M4)"",""coverageDuration"":""3"",""productStatement"":""AppleCare+ para iMac (M4) amplía la cobertura de servicio y soporte técnico a 3 años desde la fecha de compra de AppleCare+ e incluye cobertura para una cantidad ilimitada de incidentes por daño accidental debido a la manipulación del producto, cada uno de ellos sujeto a un cargo adicional de R$96000  por daños en la pantalla o la carcasa externa o de R$289000  por Otros daños accidentales. Lee todos los detalles en los Términos y condiciones de AppleCare+."",""deviceDateOfPurchase"":""11/08/2026"",""deviceId"":""SHG3JHCD2C9"",""registeredDevice"":""0"",""pocType"":""RPOC"",""serialNumber"":""HG3JHCD2C9"",""partNumber"":""SR1A2ZX/A"",""partAlias"":""ACP"",""purchaseMode"":""C"",""productDescription"":""iMac (24-inch,2024, Two ports)""}},""orderErrorResponse"":{""errorCode"":""GRX-50017"",""errorMessage"":""El nombre y los apellidos no pueden superar los 34 caracteres.""},""transactionId"":""04e4bf03-0e48-4d93-8280-76c9fa35b5bc-1786503711014""}"
False;5076984;2026-08-11 23:01:53.170000;2026-08-11 00:00:00;12201114;CREATEORDER;SHG3JHCD2C9;MWUG3CI/A;"{""orderDetailsResponses"":{""deviceEligibility"":{""secondaryDisplay"":""1"",""partDescription"":""AppleCare+ para iMac (M4)"",""coverageDuration"":""3"",""productStatement"":""AppleCare+ para iMac (M4) amplía la cobertura de servicio y soporte técnico a 3 años desde la fecha de compra de AppleCare+ e incluye cobertura para una cantidad ilimitada de incidentes por daño accidental debido a la manipulación del producto, cada uno de ellos sujeto a un cargo adicional de R$96000  por daños en la pantalla o la carcasa externa o de R$289000  por Otros daños accidentales. Lee todos los detalles en los Términos y condiciones de AppleCare+."",""deviceDateOfPurchase"":""11/08/2026"",""deviceId"":""SHG3JHCD2C9"",""registeredDevice"":""0"",""pocType"":""RPOC"",""serialNumber"":""HG3JHCD2C9"",""partNumber"":""SR1A2ZX/A"",""partAlias"":""ACP"",""purchaseMode"":""C"",""productDescription"":""iMac (24-inch,2024, Two ports)""}},""orderErrorResponse"":{""errorCode"":""GRX-50017"",""errorMessage"":""El nombre y los apellidos no pueden superar los 34 caracteres.""},""transactionId"":""257bb2b1-dadf-4505-a30f-2f67c4e3c423-1786503712304""}"
False;5076984;2026-08-11 23:06:16.977000;2026-08-11 00:00:00;12101114;CREATEORDER;SHG3JHCD2C9;MWUG3CI/A;"{""orderDetailsResponses"":{""deviceEligibility"":{""secondaryDisplay"":""1"",""partDescription"":""AppleCare+ para iMac (M4)"",""coverageDuration"":""3"",""productStatement"":""AppleCare+ para iMac (M4) amplía la cobertura de servicio y soporte técnico a 3 años desde la fecha de compra de AppleCare+ e incluye cobertura para una cantidad ilimitada de incidentes por daño accidental debido a la manipulación del producto, cada uno de ellos sujeto a un cargo adicional de R$96000  por daños en la pantalla o la carcasa externa o de R$289000  por Otros daños accidentales. Lee todos los detalles en los Términos y condiciones de AppleCare+."",""deviceDateOfPurchase"":""11/08/2026"",""deviceId"":""SHG3JHCD2C9"",""registeredDevice"":""0"",""pocType"":""RPOC"",""serialNumber"":""HG3JHCD2C9"",""partNumber"":""SR1A2ZX/A"",""partAlias"":""ACP"",""purchaseMode"":""C"",""productDescription"":""iMac (24-inch,2024, Two ports)""}},""orderErrorResponse"":{""errorCode"":""GRX-50017"",""errorMessage"":""El nombre y los apellidos no pueden superar los 34 caracteres.""},""transactionId"":""ac870c34-2d30-4146-9cb8-b7ec4c47b005-1786503976188""}"
False;5076984;2026-08-11 23:06:21.280000;2026-08-11 00:00:00;12201114;CREATEORDER;SHG3JHCD2C9;MWUG3CI/A;"{""orderDetailsResponses"":{""deviceEligibility"":{""secondaryDisplay"":""1"",""partDescription"":""AppleCare+ para iMac (M4)"",""coverageDuration"":""3"",""productStatement"":""AppleCare+ para iMac (M4) amplía la cobertura de servicio y soporte técnico a 3 años desde la fecha de compra de AppleCare+ e incluye cobertura para una cantidad ilimitada de incidentes por daño accidental debido a la manipulación del producto, cada uno de ellos sujeto a un cargo adicional de R$96000  por daños en la pantalla o la carcasa externa o de R$289000  por Otros daños accidentales. Lee todos los detalles en los Términos y condiciones de AppleCare+."",""deviceDateOfPurchase"":""11/08/2026"",""deviceId"":""SHG3JHCD2C9"",""registeredDevice"":""0"",""pocType"":""RPOC"",""serialNumber"":""HG3JHCD2C9"",""partNumber"":""SR1A2ZX/A"",""partAlias"":""ACP"",""purchaseMode"":""C"",""productDescription"":""iMac (24-inch,2024, Two ports)""}},""orderErrorResponse"":{""errorCode"":""GRX-50017"",""errorMessage"":""El nombre y los apellidos no pueden superar los 34 caracteres.""},""transactionId"":""e56bdf4b-a317-41d2-8d5a-0067fe578e5b-1786503980590""}"
False;5076984;2026-08-11 23:06:54.353000;2026-08-11 00:00:00;12101114;CREATEORDER;SHG3JHCD2C9;MWUG3CI/A;"{""orderDetailsResponses"":{""deviceEligibility"":{""secondaryDisplay"":""1"",""partDescription"":""AppleCare+ para iMac (M4)"",""coverageDuration"":""3"",""productStatement"":""AppleCare+ para iMac (M4) amplía la cobertura de servicio y soporte técnico a 3 años desde la fecha de compra de AppleCare+ e incluye cobertura para una cantidad ilimitada de incidentes por daño accidental debido a la manipulación del producto, cada uno de ellos sujeto a un cargo adicional de R$96000  por daños en la pantalla o la carcasa externa o de R$289000  por Otros daños accidentales. Lee todos los detalles en los Términos y condiciones de AppleCare+."",""deviceDateOfPurchase"":""11/08/2026"",""deviceId"":""SHG3JHCD2C9"",""registeredDevice"":""0"",""pocType"":""RPOC"",""serialNumber"":""HG3JHCD2C9"",""partNumber"":""SR1A2ZX/A"",""partAlias"":""ACP"",""purchaseMode"":""C"",""productDescription"":""iMac (24-inch,2024, Two ports)""}},""orderErrorResponse"":{""errorCode"":""GRX-50017"",""errorMessage"":""El nombre y los apellidos no pueden superar los 34 caracteres.""},""transactionId"":""c2c39483-90ec-45a6-965e-78119669d00a-1786504013552""}"
False;5076984;2026-08-11 23:06:55.813000;2026-08-11 00:00:00;12201114;CREATEORDER;SHG3JHCD2C9;MWUG3CI/A;"{""orderDetailsResponses"":{""deviceEligibility"":{""secondaryDisplay"":""1"",""partDescription"":""AppleCare+ para iMac (M4)"",""coverageDuration"":""3"",""productStatement"":""AppleCare+ para iMac (M4) amplía la cobertura de servicio y soporte técnico a 3 años desde la fecha de compra de AppleCare+ e incluye cobertura para una cantidad ilimitada de incidentes por daño accidental debido a la manipulación del producto, cada uno de ellos sujeto a un cargo adicional de R$96000  por daños en la pantalla o la carcasa externa o de R$289000  por Otros daños accidentales. Lee todos los detalles en los Términos y condiciones de AppleCare+."",""deviceDateOfPurchase"":""11/08/2026"",""deviceId"":""SHG3JHCD2C9"",""registeredDevice"":""0"",""pocType"":""RPOC"",""serialNumber"":""HG3JHCD2C9"",""partNumber"":""SR1A2ZX/A"",""partAlias"":""ACP"",""purchaseMode"":""C"",""productDescription"":""iMac (24-inch,2024, Two ports)""}},""orderErrorResponse"":{""errorCode"":""GRX-50017"",""errorMessage"":""El nombre y los apellidos no pueden superar los 34 caracteres.""},""transactionId"":""f7a34346-9838-48d8-934c-3d6b15a79378-1786504014992""}"
False;5076984;2026-08-11 23:11:19.670000;2026-08-11 00:00:00;12101114;CREATEORDER;SHG3JHCD2C9;MWUG3CI/A;"{""orderDetailsResponses"":{""deviceEligibility"":{""secondaryDisplay"":""1"",""partDescription"":""AppleCare+ para iMac (M4)"",""coverageDuration"":""3"",""productStatement"":""AppleCare+ para iMac (M4) amplía la cobertura de servicio y soporte técnico a 3 años desde la fecha de compra de AppleCare+ e incluye cobertura para una cantidad ilimitada de incidentes por daño accidental debido a la manipulación del producto, cada uno de ellos sujeto a un cargo adicional de R$96000  por daños en la pantalla o la carcasa externa o de R$289000  por Otros daños accidentales. Lee todos los detalles en los Términos y condiciones de AppleCare+."",""deviceDateOfPurchase"":""11/08/2026"",""deviceId"":""SHG3JHCD2C9"",""registeredDevice"":""0"",""pocType"":""RPOC"",""serialNumber"":""HG3JHCD2C9"",""partNumber"":""SR1A2ZX/A"",""partAlias"":""ACP"",""purchaseMode"":""C"",""productDescription"":""iMac (24-inch,2024, Two ports)""}},""orderErrorResponse"":{""errorCode"":""GRX-50017"",""errorMessage"":""El nombre y los apellidos no pueden superar los 34 caracteres.""},""transactionId"":""6881e288-8e51-4c3c-9e08-93ba6bede454-1786504278845""}"
False;5076984;2026-08-11 23:11:20.943000;2026-08-11 00:00:00;12201114;CREATEORDER;SHG3JHCD2C9;MWUG3CI/A;"{""orderDetailsResponses"":{""deviceEligibility"":{""secondaryDisplay"":""1"",""partDescription"":""AppleCare+ para iMac (M4)"",""coverageDuration"":""3"",""productStatement"":""AppleCare+ para iMac (M4) amplía la cobertura de servicio y soporte técnico a 3 años desde la fecha de compra de AppleCare+ e incluye cobertura para una cantidad ilimitada de incidentes por daño accidental debido a la manipulación del producto, cada uno de ellos sujeto a un cargo adicional de R$96000  por daños en la pantalla o la carcasa externa o de R$289000  por Otros daños accidentales. Lee todos los detalles en los Términos y condiciones de AppleCare+."",""deviceDateOfPurchase"":""11/08/2026"",""deviceId"":""SHG3JHCD2C9"",""registeredDevice"":""0"",""pocType"":""RPOC"",""serialNumber"":""HG3JHCD2C9"",""partNumber"":""SR1A2ZX/A"",""partAlias"":""ACP"",""purchaseMode"":""C"",""productDescription"":""iMac (24-inch,2024, Two ports)""}},""orderErrorResponse"":{""errorCode"":""GRX-50017"",""errorMessage"":""El nombre y los apellidos no pueden superar los 34 caracteres.""},""transactionId"":""24697cc8-8b3b-49a1-a493-f62b0e211850-1786504280223""}"
False;5076984;2026-08-11 23:11:52.863000;2026-08-11 00:00:00;12101114;CREATEORDER;SHG3JHCD2C9;MWUG3CI/A;"{""orderDetailsResponses"":{""deviceEligibility"":{""secondaryDisplay"":""1"",""partDescription"":""AppleCare+ para iMac (M4)"",""coverageDuration"":""3"",""productStatement"":""AppleCare+ para iMac (M4) amplía la cobertura de servicio y soporte técnico a 3 años desde la fecha de compra de AppleCare+ e incluye cobertura para una cantidad ilimitada de incidentes por daño accidental debido a la manipulación del producto, cada uno de ellos sujeto a un cargo adicional de R$96000  por daños en la pantalla o la carcasa externa o de R$289000  por Otros daños accidentales. Lee todos los detalles en los Términos y condiciones de AppleCare+."",""deviceDateOfPurchase"":""11/08/2026"",""deviceId"":""SHG3JHCD2C9"",""registeredDevice"":""0"",""pocType"":""RPOC"",""serialNumber"":""HG3JHCD2C9"",""partNumber"":""SR1A2ZX/A"",""partAlias"":""ACP"",""purchaseMode"":""C"",""productDescription"":""iMac (24-inch,2024, Two ports)""}},""orderErrorResponse"":{""errorCode"":""GRX-50017"",""errorMessage"":""El nombre y los apellidos no pueden superar los 34 caracteres.""},""transactionId"":""77241d3c-e721-4923-a91c-434282c9665f-1786504312079""}"
False;5076984;2026-08-11 23:11:54.253000;2026-08-11 00:00:00;12201114;CREATEORDER;SHG3JHCD2C9;MWUG3CI/A;"{""orderDetailsResponses"":{""deviceEligibility"":{""secondaryDisplay"":""1"",""partDescription"":""AppleCare+ para iMac (M4)"",""coverageDuration"":""3"",""productStatement"":""AppleCare+ para iMac (M4) amplía la cobertura de servicio y soporte técnico a 3 años desde la fecha de compra de AppleCare+ e incluye cobertura para una cantidad ilimitada de incidentes por daño accidental debido a la manipulación del producto, cada uno de ellos sujeto a un cargo adicional de R$96000  por daños en la pantalla o la carcasa externa o de R$289000  por Otros daños accidentales. Lee todos los detalles en los Términos y condiciones de AppleCare+."",""deviceDateOfPurchase"":""11/08/2026"",""deviceId"":""SHG3JHCD2C9"",""registeredDevice"":""0"",""pocType"":""RPOC"",""serialNumber"":""HG3JHCD2C9"",""partNumber"":""SR1A2ZX/A"",""partAlias"":""ACP"",""purchaseMode"":""C"",""productDescription"":""iMac (24-inch,2024, Two ports)""}},""orderErrorResponse"":{""errorCode"":""GRX-50017"",""errorMessage"":""El nombre y los apellidos no pueden superar los 34 caracteres.""},""transactionId"":""cf8faa90-9281-406f-a4c6-dacdb1bb982f-1786504313577""}"
False;5076984;2026-08-11 23:16:25.437000;2026-08-11 00:00:00;12101114;CREATEORDER;SHG3JHCD2C9;MWUG3CI/A;"{""orderDetailsResponses"":{""deviceEligibility"":{""secondaryDisplay"":""1"",""partDescription"":""AppleCare+ para iMac (M4)"",""coverageDuration"":""3"",""productStatement"":""AppleCare+ para iMac (M4) amplía la cobertura de servicio y soporte técnico a 3 años desde la fecha de compra de AppleCare+ e incluye cobertura para una cantidad ilimitada de incidentes por daño accidental debido a la manipulación del producto, cada uno de ellos sujeto a un cargo adicional de R$96000  por daños en la pantalla o la carcasa externa o de R$289000  por Otros daños accidentales. Lee todos los detalles en los Términos y condiciones de AppleCare+."",""deviceDateOfPurchase"":""11/08/2026"",""deviceId"":""SHG3JHCD2C9"",""registeredDevice"":""0"",""pocType"":""RPOC"",""serialNumber"":""HG3JHCD2C9"",""partNumber"":""SR1A2ZX/A"",""partAlias"":""ACP"",""purchaseMode"":""C"",""productDescription"":""iMac (24-inch,2024, Two ports)""}},""orderErrorResponse"":{""errorCode"":""GRX-50017"",""errorMessage"":""El nombre y los apellidos no pueden superar los 34 caracteres.""},""transactionId"":""07a9a290-d8f0-495b-9a95-716cc52897ec-1786504584687""}"
False;5076984;2026-08-11 23:16:26.923000;2026-08-11 00:00:00;12201114;CREATEORDER;SHG3JHCD2C9;MWUG3CI/A;"{""orderDetailsResponses"":{""deviceEligibility"":{""secondaryDisplay"":""1"",""partDescription"":""AppleCare+ para iMac (M4)"",""coverageDuration"":""3"",""productStatement"":""AppleCare+ para iMac (M4) amplía la cobertura de servicio y soporte técnico a 3 años desde la fecha de compra de AppleCare+ e incluye cobertura para una cantidad ilimitada de incidentes por daño accidental debido a la manipulación del producto, cada uno de ellos sujeto a un cargo adicional de R$96000  por daños en la pantalla o la carcasa externa o de R$289000  por Otros daños accidentales. Lee todos los detalles en los Términos y condiciones de AppleCare+."",""deviceDateOfPurchase"":""11/08/2026"",""deviceId"":""SHG3JHCD2C9"",""registeredDevice"":""0"",""pocType"":""RPOC"",""serialNumber"":""HG3JHCD2C9"",""partNumber"":""SR1A2ZX/A"",""partAlias"":""ACP"",""purchaseMode"":""C"",""productDescription"":""iMac (24-inch,2024, Two ports)""}},""orderErrorResponse"":{""errorCode"":""GRX-50017"",""errorMessage"":""El nombre y los apellidos no pueden superar los 34 caracteres.""},""transactionId"":""5316dcf5-372c-4ef8-93a9-6ad9857615be-1786504586015""}"
False;5076984;2026-08-11 23:16:56.690000;2026-08-11 00:00:00;12101114;CREATEORDER;SHG3JHCD2C9;MWUG3CI/A;"{""orderDetailsResponses"":{""deviceEligibility"":{""secondaryDisplay"":""1"",""partDescription"":""AppleCare+ para iMac (M4)"",""coverageDuration"":""3"",""productStatement"":""AppleCare+ para iMac (M4) amplía la cobertura de servicio y soporte técnico a 3 años desde la fecha de compra de AppleCare+ e incluye cobertura para una cantidad ilimitada de incidentes por daño accidental debido a la manipulación del producto, cada uno de ellos sujeto a un cargo adicional de R$96000  por daños en la pantalla o la carcasa externa o de R$289000  por Otros daños accidentales. Lee todos los detalles en los Términos y condiciones de AppleCare+."",""deviceDateOfPurchase"":""11/08/2026"",""deviceId"":""SHG3JHCD2C9"",""registeredDevice"":""0"",""pocType"":""RPOC"",""serialNumber"":""HG3JHCD2C9"",""partNumber"":""SR1A2ZX/A"",""partAlias"":""ACP"",""purchaseMode"":""C"",""productDescription"":""iMac (24-inch,2024, Two ports)""}},""orderErrorResponse"":{""errorCode"":""GRX-50017"",""errorMessage"":""El nombre y los apellidos no pueden superar los 34 caracteres.""},""transactionId"":""1c0b9a74-7a3a-48d5-b0ca-8b6f73dea027-1786504615995""}"
False;5076984;2026-08-11 23:16:58.050000;2026-08-11 00:00:00;12201114;CREATEORDER;SHG3JHCD2C9;MWUG3CI/A;"{""orderDetailsResponses"":{""deviceEligibility"":{""secondaryDisplay"":""1"",""partDescription"":""AppleCare+ para iMac (M4)"",""coverageDuration"":""3"",""productStatement"":""AppleCare+ para iMac (M4) amplía la cobertura de servicio y soporte técnico a 3 años desde la fecha de compra de AppleCare+ e incluye cobertura para una cantidad ilimitada de incidentes por daño accidental debido a la manipulación del producto, cada uno de ellos sujeto a un cargo adicional de R$96000  por daños en la pantalla o la carcasa externa o de R$289000  por Otros daños accidentales. Lee todos los detalles en los Términos y condiciones de AppleCare+."",""deviceDateOfPurchase"":""11/08/2026"",""deviceId"":""SHG3JHCD2C9"",""registeredDevice"":""0"",""pocType"":""RPOC"",""serialNumber"":""HG3JHCD2C9"",""partNumber"":""SR1A2ZX/A"",""partAlias"":""ACP"",""purchaseMode"":""C"",""productDescription"":""iMac (24-inch,2024, Two ports)""}},""orderErrorResponse"":{""errorCode"":""GRX-50017"",""errorMessage"":""El nombre y los apellidos no pueden superar los 34 caracteres.""},""transactionId"":""b84c4b4a-39c1-43a4-8e87-385d81e3a150-1786504617292""}"
False;5076984;2026-08-11 23:21:13.257000;2026-08-11 00:00:00;12101114;CREATEORDER;SHG3JHCD2C9;MWUG3CI/A;"{""orderDetailsResponses"":{""deviceEligibility"":{""secondaryDisplay"":""1"",""partDescription"":""AppleCare+ para iMac (M4)"",""coverageDuration"":""3"",""productStatement"":""AppleCare+ para iMac (M4) amplía la cobertura de servicio y soporte técnico a 3 años desde la fecha de compra de AppleCare+ e incluye cobertura para una cantidad ilimitada de incidentes por daño accidental debido a la manipulación del producto, cada uno de ellos sujeto a un cargo adicional de R$96000  por daños en la pantalla o la carcasa externa o de R$289000  por Otros daños accidentales. Lee todos los detalles en los Términos y condiciones de AppleCare+."",""deviceDateOfPurchase"":""11/08/2026"",""deviceId"":""SHG3JHCD2C9"",""registeredDevice"":""0"",""pocType"":""RPOC"",""serialNumber"":""HG3JHCD2C9"",""partNumber"":""SR1A2ZX/A"",""partAlias"":""ACP"",""purchaseMode"":""C"",""productDescription"":""iMac (24-inch,2024, Two ports)""}},""orderErrorResponse"":{""errorCode"":""GRX-50017"",""errorMessage"":""El nombre y los apellidos no pueden superar los 34 caracteres.""},""transactionId"":""59251af3-f21c-4542-bc60-97f829a120fa-1786504872520""}"
False;5076984;2026-08-11 23:21:14.590000;2026-08-11 00:00:00;12201114;CREATEORDER;SHG3JHCD2C9;MWUG3CI/A;"{""orderDetailsResponses"":{""deviceEligibility"":{""secondaryDisplay"":""1"",""partDescription"":""AppleCare+ para iMac (M4)"",""coverageDuration"":""3"",""productStatement"":""AppleCare+ para iMac (M4) amplía la cobertura de servicio y soporte técnico a 3 años desde la fecha de compra de AppleCare+ e incluye cobertura para una cantidad ilimitada de incidentes por daño accidental debido a la manipulación del producto, cada uno de ellos sujeto a un cargo adicional de R$96000  por daños en la pantalla o la carcasa externa o de R$289000  por Otros daños accidentales. Lee todos los detalles en los Términos y condiciones de AppleCare+."",""deviceDateOfPurchase"":""11/08/2026"",""deviceId"":""SHG3JHCD2C9"",""registeredDevice"":""0"",""pocType"":""RPOC"",""serialNumber"":""HG3JHCD2C9"",""partNumber"":""SR1A2ZX/A"",""partAlias"":""ACP"",""purchaseMode"":""C"",""productDescription"":""iMac (24-inch,2024, Two ports)""}},""orderErrorResponse"":{""errorCode"":""GRX-50017"",""errorMessage"":""El nombre y los apellidos no pueden superar los 34 caracteres.""},""transactionId"":""cf74b219-b4e9-4f32-adfb-34e1ebd007e4-1786504873859""}"
False;5076984;2026-08-11 23:21:45.323000;2026-08-11 00:00:00;12101114;CREATEORDER;SHG3JHCD2C9;MWUG3CI/A;"{""orderDetailsResponses"":{""deviceEligibility"":{""secondaryDisplay"":""1"",""partDescription"":""AppleCare+ para iMac (M4)"",""coverageDuration"":""3"",""productStatement"":""AppleCare+ para iMac (M4) amplía la cobertura de servicio y soporte técnico a 3 años desde la fecha de compra de AppleCare+ e incluye cobertura para una cantidad ilimitada de incidentes por daño accidental debido a la manipulación del producto, cada uno de ellos sujeto a un cargo adicional de R$96000  por daños en la pantalla o la carcasa externa o de R$289000  por Otros daños accidentales. Lee todos los detalles en los Términos y condiciones de AppleCare+."",""deviceDateOfPurchase"":""11/08/2026"",""deviceId"":""SHG3JHCD2C9"",""registeredDevice"":""0"",""pocType"":""RPOC"",""serialNumber"":""HG3JHCD2C9"",""partNumber"":""SR1A2ZX/A"",""partAlias"":""ACP"",""purchaseMode"":""C"",""productDescription"":""iMac (24-inch,2024, Two ports)""}},""orderErrorResponse"":{""errorCode"":""GRX-50017"",""errorMessage"":""El nombre y los apellidos no pueden superar los 34 caracteres.""},""transactionId"":""3df1d9e8-0f4e-415e-8043-56e029ec5c51-1786504904564""}"
False;5076984;2026-08-11 23:21:46.687000;2026-08-11 00:00:00;12201114;CREATEORDER;SHG3JHCD2C9;MWUG3CI/A;"{""orderDetailsResponses"":{""deviceEligibility"":{""secondaryDisplay"":""1"",""partDescription"":""AppleCare+ para iMac (M4)"",""coverageDuration"":""3"",""productStatement"":""AppleCare+ para iMac (M4) amplía la cobertura de servicio y soporte técnico a 3 años desde la fecha de compra de AppleCare+ e incluye cobertura para una cantidad ilimitada de incidentes por daño accidental debido a la manipulación del producto, cada uno de ellos sujeto a un cargo adicional de R$96000  por daños en la pantalla o la carcasa externa o de R$289000  por Otros daños accidentales. Lee todos los detalles en los Términos y condiciones de AppleCare+."",""deviceDateOfPurchase"":""11/08/2026"",""deviceId"":""SHG3JHCD2C9"",""registeredDevice"":""0"",""pocType"":""RPOC"",""serialNumber"":""HG3JHCD2C9"",""partNumber"":""SR1A2ZX/A"",""partAlias"":""ACP"",""purchaseMode"":""C"",""productDescription"":""iMac (24-inch,2024, Two ports)""}},""orderErrorResponse"":{""errorCode"":""GRX-50017"",""errorMessage"":""El nombre y los apellidos no pueden superar los 34 caracteres.""},""transactionId"":""d748fc90-a818-4ebc-ae1d-c5dcc38b0b11-1786504905889""}"
False;5076984;2026-08-11 23:26:20.813000;2026-08-11 00:00:00;12101114;CREATEORDER;SHG3JHCD2C9;MWUG3CI/A;"{""orderDetailsResponses"":{""deviceEligibility"":{""secondaryDisplay"":""1"",""partDescription"":""AppleCare+ para iMac (M4)"",""coverageDuration"":""3"",""productStatement"":""AppleCare+ para iMac (M4) amplía la cobertura de servicio y soporte técnico a 3 años desde la fecha de compra de AppleCare+ e incluye cobertura para una cantidad ilimitada de incidentes por daño accidental debido a la manipulación del producto, cada uno de ellos sujeto a un cargo adicional de R$96000  por daños en la pantalla o la carcasa externa o de R$289000  por Otros daños accidentales. Lee todos los detalles en los Términos y condiciones de AppleCare+."",""deviceDateOfPurchase"":""11/08/2026"",""deviceId"":""SHG3JHCD2C9"",""registeredDevice"":""0"",""pocType"":""RPOC"",""serialNumber"":""HG3JHCD2C9"",""partNumber"":""SR1A2ZX/A"",""partAlias"":""ACP"",""purchaseMode"":""C"",""productDescription"":""iMac (24-inch,2024, Two ports)""}},""orderErrorResponse"":{""errorCode"":""GRX-50017"",""errorMessage"":""El nombre y los apellidos no pueden superar los 34 caracteres.""},""transactionId"":""b14393ac-ef1b-47e7-8f16-74d758538179-1786505180128""}"
False;5076984;2026-08-11 23:26:22.190000;2026-08-11 00:00:00;12201114;CREATEORDER;SHG3JHCD2C9;MWUG3CI/A;"{""orderDetailsResponses"":{""deviceEligibility"":{""secondaryDisplay"":""1"",""partDescription"":""AppleCare+ para iMac (M4)"",""coverageDuration"":""3"",""productStatement"":""AppleCare+ para iMac (M4) amplía la cobertura de servicio y soporte técnico a 3 años desde la fecha de compra de AppleCare+ e incluye cobertura para una cantidad ilimitada de incidentes por daño accidental debido a la manipulación del producto, cada uno de ellos sujeto a un cargo adicional de R$96000  por daños en la pantalla o la carcasa externa o de R$289000  por Otros daños accidentales. Lee todos los detalles en los Términos y condiciones de AppleCare+."",""deviceDateOfPurchase"":""11/08/2026"",""deviceId"":""SHG3JHCD2C9"",""registeredDevice"":""0"",""pocType"":""RPOC"",""serialNumber"":""HG3JHCD2C9"",""partNumber"":""SR1A2ZX/A"",""partAlias"":""ACP"",""purchaseMode"":""C"",""productDescription"":""iMac (24-inch,2024, Two ports)""}},""orderErrorResponse"":{""errorCode"":""GRX-50017"",""errorMessage"":""El nombre y los apellidos no pueden superar los 34 caracteres.""},""transactionId"":""5b99c50b-7b76-432b-8ff4-7d7320a27497-1786505181519""}"
False;5076984;2026-08-11 23:26:52.203000;2026-08-11 00:00:00;12101114;CREATEORDER;SHG3JHCD2C9;MWUG3CI/A;"{""orderDetailsResponses"":{""deviceEligibility"":{""secondaryDisplay"":""1"",""partDescription"":""AppleCare+ para iMac (M4)"",""coverageDuration"":""3"",""productStatement"":""AppleCare+ para iMac (M4) amplía la cobertura de servicio y soporte técnico a 3 años desde la fecha de compra de AppleCare+ e incluye cobertura para una cantidad ilimitada de incidentes por daño accidental debido a la manipulación del producto, cada uno de ellos sujeto a un cargo adicional de R$96000  por daños en la pantalla o la carcasa externa o de R$289000  por Otros daños accidentales. Lee todos los detalles en los Términos y condiciones de AppleCare+."",""deviceDateOfPurchase"":""11/08/2026"",""deviceId"":""SHG3JHCD2C9"",""registeredDevice"":""0"",""pocType"":""RPOC"",""serialNumber"":""HG3JHCD2C9"",""partNumber"":""SR1A2ZX/A"",""partAlias"":""ACP"",""purchaseMode"":""C"",""productDescription"":""iMac (24-inch,2024, Two ports)""}},""orderErrorResponse"":{""errorCode"":""GRX-50017"",""errorMessage"":""El nombre y los apellidos no pueden superar los 34 caracteres.""},""transactionId"":""4f800d1d-35c0-479f-8a23-136dbe365164-1786505211481""}"
False;5076984;2026-08-11 23:26:53.577000;2026-08-11 00:00:00;12201114;CREATEORDER;SHG3JHCD2C9;MWUG3CI/A;"{""orderDetailsResponses"":{""deviceEligibility"":{""secondaryDisplay"":""1"",""partDescription"":""AppleCare+ para iMac (M4)"",""coverageDuration"":""3"",""productStatement"":""AppleCare+ para iMac (M4) amplía la cobertura de servicio y soporte técnico a 3 años desde la fecha de compra de AppleCare+ e incluye cobertura para una cantidad ilimitada de incidentes por daño accidental debido a la manipulación del producto, cada uno de ellos sujeto a un cargo adicional de R$96000  por daños en la pantalla o la carcasa externa o de R$289000  por Otros daños accidentales. Lee todos los detalles en los Términos y condiciones de AppleCare+."",""deviceDateOfPurchase"":""11/08/2026"",""deviceId"":""SHG3JHCD2C9"",""registeredDevice"":""0"",""pocType"":""RPOC"",""serialNumber"":""HG3JHCD2C9"",""partNumber"":""SR1A2ZX/A"",""partAlias"":""ACP"",""purchaseMode"":""C"",""productDescription"":""iMac (24-inch,2024, Two ports)""}},""orderErrorResponse"":{""errorCode"":""GRX-50017"",""errorMessage"":""El nombre y los apellidos no pueden superar los 34 caracteres.""},""transactionId"":""e13f9f07-dae3-45d0-9537-e5899d21d7c3-1786505212804""}"
False;5076984;2026-08-11 23:31:16.197000;2026-08-11 00:00:00;12101114;CREATEORDER;SHG3JHCD2C9;MWUG3CI/A;"{""orderDetailsResponses"":{""deviceEligibility"":{""secondaryDisplay"":""1"",""partDescription"":""AppleCare+ para iMac (M4)"",""coverageDuration"":""3"",""productStatement"":""AppleCare+ para iMac (M4) amplía la cobertura de servicio y soporte técnico a 3 años desde la fecha de compra de AppleCare+ e incluye cobertura para una cantidad ilimitada de incidentes por daño accidental debido a la manipulación del producto, cada uno de ellos sujeto a un cargo adicional de R$96000  por daños en la pantalla o la carcasa externa o de R$289000  por Otros daños accidentales. Lee todos los detalles en los Términos y condiciones de AppleCare+."",""deviceDateOfPurchase"":""11/08/2026"",""deviceId"":""SHG3JHCD2C9"",""registeredDevice"":""0"",""pocType"":""RPOC"",""serialNumber"":""HG3JHCD2C9"",""partNumber"":""SR1A2ZX/A"",""partAlias"":""ACP"",""purchaseMode"":""C"",""productDescription"":""iMac (24-inch,2024, Two ports)""}},""orderErrorResponse"":{""errorCode"":""GRX-50017"",""errorMessage"":""El nombre y los apellidos no pueden superar los 34 caracteres.""},""transactionId"":""1dd846f5-7ebc-4514-8372-6ffac1d01610-1786505475420""}"
False;5076984;2026-08-11 23:31:17.520000;2026-08-11 00:00:00;12201114;CREATEORDER;SHG3JHCD2C9;MWUG3CI/A;"{""orderDetailsResponses"":{""deviceEligibility"":{""secondaryDisplay"":""1"",""partDescription"":""AppleCare+ para iMac (M4)"",""coverageDuration"":""3"",""productStatement"":""AppleCare+ para iMac (M4) amplía la cobertura de servicio y soporte técnico a 3 años desde la fecha de compra de AppleCare+ e incluye cobertura para una cantidad ilimitada de incidentes por daño accidental debido a la manipulación del producto, cada uno de ellos sujeto a un cargo adicional de R$96000  por daños en la pantalla o la carcasa externa o de R$289000  por Otros daños accidentales. Lee todos los detalles en los Términos y condiciones de AppleCare+."",""deviceDateOfPurchase"":""11/08/2026"",""deviceId"":""SHG3JHCD2C9"",""registeredDevice"":""0"",""pocType"":""RPOC"",""serialNumber"":""HG3JHCD2C9"",""partNumber"":""SR1A2ZX/A"",""partAlias"":""ACP"",""purchaseMode"":""C"",""productDescription"":""iMac (24-inch,2024, Two ports)""}},""orderErrorResponse"":{""errorCode"":""GRX-50017"",""errorMessage"":""El nombre y los apellidos no pueden superar los 34 caracteres.""},""transactionId"":""1a722142-bcd0-4ad6-affe-6eeae37c343e-1786505476785""}"
False;5076984;2026-08-11 23:31:47.930000;2026-08-11 00:00:00;12101114;CREATEORDER;SHG3JHCD2C9;MWUG3CI/A;"{""orderDetailsResponses"":{""deviceEligibility"":{""secondaryDisplay"":""1"",""partDescription"":""AppleCare+ para iMac (M4)"",""coverageDuration"":""3"",""productStatement"":""AppleCare+ para iMac (M4) amplía la cobertura de servicio y soporte técnico a 3 años desde la fecha de compra de AppleCare+ e incluye cobertura para una cantidad ilimitada de incidentes por daño accidental debido a la manipulación del producto, cada uno de ellos sujeto a un cargo adicional de R$96000  por daños en la pantalla o la carcasa externa o de R$289000  por Otros daños accidentales. Lee todos los detalles en los Términos y condiciones de AppleCare+."",""deviceDateOfPurchase"":""11/08/2026"",""deviceId"":""SHG3JHCD2C9"",""registeredDevice"":""0"",""pocType"":""RPOC"",""serialNumber"":""HG3JHCD2C9"",""partNumber"":""SR1A2ZX/A"",""partAlias"":""ACP"",""purchaseMode"":""C"",""productDescription"":""iMac (24-inch,2024, Two ports)""}},""orderErrorResponse"":{""errorCode"":""GRX-50017"",""errorMessage"":""El nombre y los apellidos no pueden superar los 34 caracteres.""},""transactionId"":""3e6213b4-d707-4365-84d5-51a7d95e434f-1786505506990""}"
False;5076984;2026-08-11 23:31:49.417000;2026-08-11 00:00:00;12201114;CREATEORDER;SHG3JHCD2C9;MWUG3CI/A;"{""orderDetailsResponses"":{""deviceEligibility"":{""secondaryDisplay"":""1"",""partDescription"":""AppleCare+ para iMac (M4)"",""coverageDuration"":""3"",""productStatement"":""AppleCare+ para iMac (M4) amplía la cobertura de servicio y soporte técnico a 3 años desde la fecha de compra de AppleCare+ e incluye cobertura para una cantidad ilimitada de incidentes por daño accidental debido a la manipulación del producto, cada uno de ellos sujeto a un cargo adicional de R$96000  por daños en la pantalla o la carcasa externa o de R$289000  por Otros daños accidentales. Lee todos los detalles en los Términos y condiciones de AppleCare+."",""deviceDateOfPurchase"":""11/08/2026"",""deviceId"":""SHG3JHCD2C9"",""registeredDevice"":""0"",""pocType"":""RPOC"",""serialNumber"":""HG3JHCD2C9"",""partNumber"":""SR1A2ZX/A"",""partAlias"":""ACP"",""purchaseMode"":""C"",""productDescription"":""iMac (24-inch,2024, Two ports)""}},""orderErrorResponse"":{""errorCode"":""GRX-50017"",""errorMessage"":""El nombre y los apellidos no pueden superar los 34 caracteres.""},""transactionId"":""144f00a0-63f6-4782-9629-b6c92e19c3fc-1786505508602""}"
False;5076984;2026-08-11 23:36:13.603000;2026-08-11 00:00:00;12101114;CREATEORDER;SHG3JHCD2C9;MWUG3CI/A;"{""orderDetailsResponses"":{""deviceEligibility"":{""secondaryDisplay"":""1"",""partDescription"":""AppleCare+ para iMac (M4)"",""coverageDuration"":""3"",""productStatement"":""AppleCare+ para iMac (M4) amplía la cobertura de servicio y soporte técnico a 3 años desde la fecha de compra de AppleCare+ e incluye cobertura para una cantidad ilimitada de incidentes por daño accidental debido a la manipulación del producto, cada uno de ellos sujeto a un cargo adicional de R$96000  por daños en la pantalla o la carcasa externa o de R$289000  por Otros daños accidentales. Lee todos los detalles en los Términos y condiciones de AppleCare+."",""deviceDateOfPurchase"":""11/08/2026"",""deviceId"":""SHG3JHCD2C9"",""registeredDevice"":""0"",""pocType"":""RPOC"",""serialNumber"":""HG3JHCD2C9"",""partNumber"":""SR1A2ZX/A"",""partAlias"":""ACP"",""purchaseMode"":""C"",""productDescription"":""iMac (24-inch,2024, Two ports)""}},""orderErrorResponse"":{""errorCode"":""GRX-50017"",""errorMessage"":""El nombre y los apellidos no pueden superar los 34 caracteres.""},""transactionId"":""3b9893e7-6c06-40e3-a5fc-07c64eb59fff-1786505772919""}"
False;5076984;2026-08-11 23:36:14.847000;2026-08-11 00:00:00;12201114;CREATEORDER;SHG3JHCD2C9;MWUG3CI/A;"{""orderDetailsResponses"":{""deviceEligibility"":{""secondaryDisplay"":""1"",""partDescription"":""AppleCare+ para iMac (M4)"",""coverageDuration"":""3"",""productStatement"":""AppleCare+ para iMac (M4) amplía la cobertura de servicio y soporte técnico a 3 años desde la fecha de compra de AppleCare+ e incluye cobertura para una cantidad ilimitada de incidentes por daño accidental debido a la manipulación del producto, cada uno de ellos sujeto a un cargo adicional de R$96000  por daños en la pantalla o la carcasa externa o de R$289000  por Otros daños accidentales. Lee todos los detalles en los Términos y condiciones de AppleCare+."",""deviceDateOfPurchase"":""11/08/2026"",""deviceId"":""SHG3JHCD2C9"",""registeredDevice"":""0"",""pocType"":""RPOC"",""serialNumber"":""HG3JHCD2C9"",""partNumber"":""SR1A2ZX/A"",""partAlias"":""ACP"",""purchaseMode"":""C"",""productDescription"":""iMac (24-inch,2024, Two ports)""}},""orderErrorResponse"":{""errorCode"":""GRX-50017"",""errorMessage"":""El nombre y los apellidos no pueden superar los 34 caracteres.""},""transactionId"":""a7318069-0d67-4d1b-a15e-f00e02d1f1f5-1786505774152""}"
False;5076984;2026-08-11 23:36:47.040000;2026-08-11 00:00:00;12101114;CREATEORDER;SHG3JHCD2C9;MWUG3CI/A;"{""orderDetailsResponses"":{""deviceEligibility"":{""secondaryDisplay"":""1"",""partDescription"":""AppleCare+ para iMac (M4)"",""coverageDuration"":""3"",""productStatement"":""AppleCare+ para iMac (M4) amplía la cobertura de servicio y soporte técnico a 3 años desde la fecha de compra de AppleCare+ e incluye cobertura para una cantidad ilimitada de incidentes por daño accidental debido a la manipulación del producto, cada uno de ellos sujeto a un cargo adicional de R$96000  por daños en la pantalla o la carcasa externa o de R$289000  por Otros daños accidentales. Lee todos los detalles en los Términos y condiciones de AppleCare+."",""deviceDateOfPurchase"":""11/08/2026"",""deviceId"":""SHG3JHCD2C9"",""registeredDevice"":""0"",""pocType"":""RPOC"",""serialNumber"":""HG3JHCD2C9"",""partNumber"":""SR1A2ZX/A"",""partAlias"":""ACP"",""purchaseMode"":""C"",""productDescription"":""iMac (24-inch,2024, Two ports)""}},""orderErrorResponse"":{""errorCode"":""GRX-50017"",""errorMessage"":""El nombre y los apellidos no pueden superar los 34 caracteres.""},""transactionId"":""431d7958-4f11-4f10-bab2-26d2dfc82977-1786505806285""}"
False;5076984;2026-08-11 23:36:48.363000;2026-08-11 00:00:00;12201114;CREATEORDER;SHG3JHCD2C9;MWUG3CI/A;"{""orderDetailsResponses"":{""deviceEligibility"":{""secondaryDisplay"":""1"",""partDescription"":""AppleCare+ para iMac (M4)"",""coverageDuration"":""3"",""productStatement"":""AppleCare+ para iMac (M4) amplía la cobertura de servicio y soporte técnico a 3 años desde la fecha de compra de AppleCare+ e incluye cobertura para una cantidad ilimitada de incidentes por daño accidental debido a la manipulación del producto, cada uno de ellos sujeto a un cargo adicional de R$96000  por daños en la pantalla o la carcasa externa o de R$289000  por Otros daños accidentales. Lee todos los detalles en los Términos y condiciones de AppleCare+."",""deviceDateOfPurchase"":""11/08/2026"",""deviceId"":""SHG3JHCD2C9"",""registeredDevice"":""0"",""pocType"":""RPOC"",""serialNumber"":""HG3JHCD2C9"",""partNumber"":""SR1A2ZX/A"",""partAlias"":""ACP"",""purchaseMode"":""C"",""productDescription"":""iMac (24-inch,2024, Two ports)""}},""orderErrorResponse"":{""errorCode"":""GRX-50017"",""errorMessage"":""El nombre y los apellidos no pueden superar los 34 caracteres.""},""transactionId"":""2df1e64a-9ad8-4cf8-919b-aa3b279a5b22-1786505807645""}"
False;5076984;2026-08-11 23:41:24.487000;2026-08-11 00:00:00;12101114;CREATEORDER;SHG3JHCD2C9;MWUG3CI/A;"{""orderDetailsResponses"":{""deviceEligibility"":{""secondaryDisplay"":""1"",""partDescription"":""AppleCare+ para iMac (M4)"",""coverageDuration"":""3"",""productStatement"":""AppleCare+ para iMac (M4) amplía la cobertura de servicio y soporte técnico a 3 años desde la fecha de compra de AppleCare+ e incluye cobertura para una cantidad ilimitada de incidentes por daño accidental debido a la manipulación del producto, cada uno de ellos sujeto a un cargo adicional de R$96000  por daños en la pantalla o la carcasa externa o de R$289000  por Otros daños accidentales. Lee todos los detalles en los Términos y condiciones de AppleCare+."",""deviceDateOfPurchase"":""11/08/2026"",""deviceId"":""SHG3JHCD2C9"",""registeredDevice"":""0"",""pocType"":""RPOC"",""serialNumber"":""HG3JHCD2C9"",""partNumber"":""SR1A2ZX/A"",""partAlias"":""ACP"",""purchaseMode"":""C"",""productDescription"":""iMac (24-inch,2024, Two ports)""}},""orderErrorResponse"":{""errorCode"":""GRX-50017"",""errorMessage"":""El nombre y los apellidos no pueden superar los 34 caracteres.""},""transactionId"":""16ff7404-8572-4ad6-a54f-6eae4c154f8f-1786506083682""}"
False;5076984;2026-08-11 23:41:25.697000;2026-08-11 00:00:00;12201114;CREATEORDER;SHG3JHCD2C9;MWUG3CI/A;"{""orderDetailsResponses"":{""deviceEligibility"":{""secondaryDisplay"":""1"",""partDescription"":""AppleCare+ para iMac (M4)"",""coverageDuration"":""3"",""productStatement"":""AppleCare+ para iMac (M4) amplía la cobertura de servicio y soporte técnico a 3 años desde la fecha de compra de AppleCare+ e incluye cobertura para una cantidad ilimitada de incidentes por daño accidental debido a la manipulación del producto, cada uno de ellos sujeto a un cargo adicional de R$96000  por daños en la pantalla o la carcasa externa o de R$289000  por Otros daños accidentales. Lee todos los detalles en los Términos y condiciones de AppleCare+."",""deviceDateOfPurchase"":""11/08/2026"",""deviceId"":""SHG3JHCD2C9"",""registeredDevice"":""0"",""pocType"":""RPOC"",""serialNumber"":""HG3JHCD2C9"",""partNumber"":""SR1A2ZX/A"",""partAlias"":""ACP"",""purchaseMode"":""C"",""productDescription"":""iMac (24-inch,2024, Two ports)""}},""orderErrorResponse"":{""errorCode"":""GRX-50017"",""errorMessage"":""El nombre y los apellidos no pueden superar los 34 caracteres.""},""transactionId"":""a1fef039-3e1d-4255-9caf-73872a9d91a0-1786506084999""}"
False;5076984;2026-08-11 23:41:57.133000;2026-08-11 00:00:00;12101114;CREATEORDER;SHG3JHCD2C9;MWUG3CI/A;"{""orderDetailsResponses"":{""deviceEligibility"":{""secondaryDisplay"":""1"",""partDescription"":""AppleCare+ para iMac (M4)"",""coverageDuration"":""3"",""productStatement"":""AppleCare+ para iMac (M4) amplía la cobertura de servicio y soporte técnico a 3 años desde la fecha de compra de AppleCare+ e incluye cobertura para una cantidad ilimitada de incidentes por daño accidental debido a la manipulación del producto, cada uno de ellos sujeto a un cargo adicional de R$96000  por daños en la pantalla o la carcasa externa o de R$289000  por Otros daños accidentales. Lee todos los detalles en los Términos y condiciones de AppleCare+."",""deviceDateOfPurchase"":""11/08/2026"",""deviceId"":""SHG3JHCD2C9"",""registeredDevice"":""0"",""pocType"":""RPOC"",""serialNumber"":""HG3JHCD2C9"",""partNumber"":""SR1A2ZX/A"",""partAlias"":""ACP"",""purchaseMode"":""C"",""productDescription"":""iMac (24-inch,2024, Two ports)""}},""orderErrorResponse"":{""errorCode"":""GRX-50017"",""errorMessage"":""El nombre y los apellidos no pueden superar los 34 caracteres.""},""transactionId"":""4abd6eb2-87ea-4881-b5c4-9c91ceab5471-1786506116367""}"
False;5076984;2026-08-11 23:41:58.557000;2026-08-11 00:00:00;12201114;CREATEORDER;SHG3JHCD2C9;MWUG3CI/A;"{""orderDetailsResponses"":{""deviceEligibility"":{""secondaryDisplay"":""1"",""partDescription"":""AppleCare+ para iMac (M4)"",""coverageDuration"":""3"",""productStatement"":""AppleCare+ para iMac (M4) amplía la cobertura de servicio y soporte técnico a 3 años desde la fecha de compra de AppleCare+ e incluye cobertura para una cantidad ilimitada de incidentes por daño accidental debido a la manipulación del producto, cada uno de ellos sujeto a un cargo adicional de R$96000  por daños en la pantalla o la carcasa externa o de R$289000  por Otros daños accidentales. Lee todos los detalles en los Términos y condiciones de AppleCare+."",""deviceDateOfPurchase"":""11/08/2026"",""deviceId"":""SHG3JHCD2C9"",""registeredDevice"":""0"",""pocType"":""RPOC"",""serialNumber"":""HG3JHCD2C9"",""partNumber"":""SR1A2ZX/A"",""partAlias"":""ACP"",""purchaseMode"":""C"",""productDescription"":""iMac (24-inch,2024, Two ports)""}},""orderErrorResponse"":{""errorCode"":""GRX-50017"",""errorMessage"":""El nombre y los apellidos no pueden superar los 34 caracteres.""},""transactionId"":""2d50032b-9f58-4ee7-88db-9ffb2bc40cd5-1786506117805""}"
False;5076984;2026-08-11 23:46:16.493000;2026-08-11 00:00:00;12101114;CREATEORDER;SHG3JHCD2C9;MWUG3CI/A;"{""orderDetailsResponses"":{""deviceEligibility"":{""secondaryDisplay"":""1"",""partDescription"":""AppleCare+ para iMac (M4)"",""coverageDuration"":""3"",""productStatement"":""AppleCare+ para iMac (M4) amplía la cobertura de servicio y soporte técnico a 3 años desde la fecha de compra de AppleCare+ e incluye cobertura para una cantidad ilimitada de incidentes por daño accidental debido a la manipulación del producto, cada uno de ellos sujeto a un cargo adicional de R$96000  por daños en la pantalla o la carcasa externa o de R$289000  por Otros daños accidentales. Lee todos los detalles en los Términos y condiciones de AppleCare+."",""deviceDateOfPurchase"":""11/08/2026"",""deviceId"":""SHG3JHCD2C9"",""registeredDevice"":""0"",""pocType"":""RPOC"",""serialNumber"":""HG3JHCD2C9"",""partNumber"":""SR1A2ZX/A"",""partAlias"":""ACP"",""purchaseMode"":""C"",""productDescription"":""iMac (24-inch,2024, Two ports)""}},""orderErrorResponse"":{""errorCode"":""GRX-50017"",""errorMessage"":""El nombre y los apellidos no pueden superar los 34 caracteres.""},""transactionId"":""220469a8-8219-40c9-9351-cdacdcda33e2-1786506375739""}"
False;5076984;2026-08-11 23:46:17.750000;2026-08-11 00:00:00;12201114;CREATEORDER;SHG3JHCD2C9;MWUG3CI/A;"{""orderDetailsResponses"":{""deviceEligibility"":{""secondaryDisplay"":""1"",""partDescription"":""AppleCare+ para iMac (M4)"",""coverageDuration"":""3"",""productStatement"":""AppleCare+ para iMac (M4) amplía la cobertura de servicio y soporte técnico a 3 años desde la fecha de compra de AppleCare+ e incluye cobertura para una cantidad ilimitada de incidentes por daño accidental debido a la manipulación del producto, cada uno de ellos sujeto a un cargo adicional de R$96000  por daños en la pantalla o la carcasa externa o de R$289000  por Otros daños accidentales. Lee todos los detalles en los Términos y condiciones de AppleCare+."",""deviceDateOfPurchase"":""11/08/2026"",""deviceId"":""SHG3JHCD2C9"",""registeredDevice"":""0"",""pocType"":""RPOC"",""serialNumber"":""HG3JHCD2C9"",""partNumber"":""SR1A2ZX/A"",""partAlias"":""ACP"",""purchaseMode"":""C"",""productDescription"":""iMac (24-inch,2024, Two ports)""}},""orderErrorResponse"":{""errorCode"":""GRX-50017"",""errorMessage"":""El nombre y los apellidos no pueden superar los 34 caracteres.""},""transactionId"":""620a898c-05ea-4cfb-8875-e67b6853e61b-1786506377035""}"
False;5076984;2026-08-11 23:46:48.143000;2026-08-11 00:00:00;12101114;CREATEORDER;SHG3JHCD2C9;MWUG3CI/A;"{""orderDetailsResponses"":{""deviceEligibility"":{""secondaryDisplay"":""1"",""partDescription"":""AppleCare+ para iMac (M4)"",""coverageDuration"":""3"",""productStatement"":""AppleCare+ para iMac (M4) amplía la cobertura de servicio y soporte técnico a 3 años desde la fecha de compra de AppleCare+ e incluye cobertura para una cantidad ilimitada de incidentes por daño accidental debido a la manipulación del producto, cada uno de ellos sujeto a un cargo adicional de R$96000  por daños en la pantalla o la carcasa externa o de R$289000  por Otros daños accidentales. Lee todos los detalles en los Términos y condiciones de AppleCare+."",""deviceDateOfPurchase"":""11/08/2026"",""deviceId"":""SHG3JHCD2C9"",""registeredDevice"":""0"",""pocType"":""RPOC"",""serialNumber"":""HG3JHCD2C9"",""partNumber"":""SR1A2ZX/A"",""partAlias"":""ACP"",""purchaseMode"":""C"",""productDescription"":""iMac (24-inch,2024, Two ports)""}},""orderErrorResponse"":{""errorCode"":""GRX-50017"",""errorMessage"":""El nombre y los apellidos no pueden superar los 34 caracteres.""},""transactionId"":""35dbfcc8-8219-4693-a85d-3bd944c0dabc-1786506407344""}"
False;5076984;2026-08-11 23:46:49.447000;2026-08-11 00:00:00;12201114;CREATEORDER;SHG3JHCD2C9;MWUG3CI/A;"{""orderDetailsResponses"":{""deviceEligibility"":{""secondaryDisplay"":""1"",""partDescription"":""AppleCare+ para iMac (M4)"",""coverageDuration"":""3"",""productStatement"":""AppleCare+ para iMac (M4) amplía la cobertura de servicio y soporte técnico a 3 años desde la fecha de compra de AppleCare+ e incluye cobertura para una cantidad ilimitada de incidentes por daño accidental debido a la manipulación del producto, cada uno de ellos sujeto a un cargo adicional de R$96000  por daños en la pantalla o la carcasa externa o de R$289000  por Otros daños accidentales. Lee todos los detalles en los Términos y condiciones de AppleCare+."",""deviceDateOfPurchase"":""11/08/2026"",""deviceId"":""SHG3JHCD2C9"",""registeredDevice"":""0"",""pocType"":""RPOC"",""serialNumber"":""HG3JHCD2C9"",""partNumber"":""SR1A2ZX/A"",""partAlias"":""ACP"",""purchaseMode"":""C"",""productDescription"":""iMac (24-inch,2024, Two ports)""}},""orderErrorResponse"":{""errorCode"":""GRX-50017"",""errorMessage"":""El nombre y los apellidos no pueden superar los 34 caracteres.""},""transactionId"":""e390aba5-20d7-44c9-9a27-dc4fe42ec329-1786506408751""}"
False;5076984;2026-08-11 23:51:16.627000;2026-08-11 00:00:00;12101114;CREATEORDER;SHG3JHCD2C9;MWUG3CI/A;"{""orderDetailsResponses"":{""deviceEligibility"":{""secondaryDisplay"":""1"",""partDescription"":""AppleCare+ para iMac (M4)"",""coverageDuration"":""3"",""productStatement"":""AppleCare+ para iMac (M4) amplía la cobertura de servicio y soporte técnico a 3 años desde la fecha de compra de AppleCare+ e incluye cobertura para una cantidad ilimitada de incidentes por daño accidental debido a la manipulación del producto, cada uno de ellos sujeto a un cargo adicional de R$96000  por daños en la pantalla o la carcasa externa o de R$289000  por Otros daños accidentales. Lee todos los detalles en los Términos y condiciones de AppleCare+."",""deviceDateOfPurchase"":""11/08/2026"",""deviceId"":""SHG3JHCD2C9"",""registeredDevice"":""0"",""pocType"":""RPOC"",""serialNumber"":""HG3JHCD2C9"",""partNumber"":""SR1A2ZX/A"",""partAlias"":""ACP"",""purchaseMode"":""C"",""productDescription"":""iMac (24-inch,2024, Two ports)""}},""orderErrorResponse"":{""errorCode"":""GRX-50017"",""errorMessage"":""El nombre y los apellidos no pueden superar los 34 caracteres.""},""transactionId"":""a468a73f-8c7e-4982-b4e3-fd6cbf7ff413-1786506675396""}"
False;5076984;2026-08-11 23:51:17.970000;2026-08-11 00:00:00;12201114;CREATEORDER;SHG3JHCD2C9;MWUG3CI/A;"{""orderDetailsResponses"":{""deviceEligibility"":{""secondaryDisplay"":""1"",""partDescription"":""AppleCare+ para iMac (M4)"",""coverageDuration"":""3"",""productStatement"":""AppleCare+ para iMac (M4) amplía la cobertura de servicio y soporte técnico a 3 años desde la fecha de compra de AppleCare+ e incluye cobertura para una cantidad ilimitada de incidentes por daño accidental debido a la manipulación del producto, cada uno de ellos sujeto a un cargo adicional de R$96000  por daños en la pantalla o la carcasa externa o de R$289000  por Otros daños accidentales. Lee todos los detalles en los Términos y condiciones de AppleCare+."",""deviceDateOfPurchase"":""11/08/2026"",""deviceId"":""SHG3JHCD2C9"",""registeredDevice"":""0"",""pocType"":""RPOC"",""serialNumber"":""HG3JHCD2C9"",""partNumber"":""SR1A2ZX/A"",""partAlias"":""ACP"",""purchaseMode"":""C"",""productDescription"":""iMac (24-inch,2024, Two ports)""}},""orderErrorResponse"":{""errorCode"":""GRX-50017"",""errorMessage"":""El nombre y los apellidos no pueden superar los 34 caracteres.""},""transactionId"":""f3445e42-690d-4602-b16e-ff41bc0c24b9-1786506677259""}"
False;5076984;2026-08-11 23:51:49.570000;2026-08-11 00:00:00;12101114;CREATEORDER;SHG3JHCD2C9;MWUG3CI/A;"{""orderDetailsResponses"":{""deviceEligibility"":{""secondaryDisplay"":""1"",""partDescription"":""AppleCare+ para iMac (M4)"",""coverageDuration"":""3"",""productStatement"":""AppleCare+ para iMac (M4) amplía la cobertura de servicio y soporte técnico a 3 años desde la fecha de compra de AppleCare+ e incluye cobertura para una cantidad ilimitada de incidentes por daño accidental debido a la manipulación del producto, cada uno de ellos sujeto a un cargo adicional de R$96000  por daños en la pantalla o la carcasa externa o de R$289000  por Otros daños accidentales. Lee todos los detalles en los Términos y condiciones de AppleCare+."",""deviceDateOfPurchase"":""11/08/2026"",""deviceId"":""SHG3JHCD2C9"",""registeredDevice"":""0"",""pocType"":""RPOC"",""serialNumber"":""HG3JHCD2C9"",""partNumber"":""SR1A2ZX/A"",""partAlias"":""ACP"",""purchaseMode"":""C"",""productDescription"":""iMac (24-inch,2024, Two ports)""}},""orderErrorResponse"":{""errorCode"":""GRX-50017"",""errorMessage"":""El nombre y los apellidos no pueden superar los 34 caracteres.""},""transactionId"":""d87ad182-84b1-4013-8c49-1c0fbbaf1e03-1786506708846""}"
False;5076984;2026-08-11 23:51:50.803000;2026-08-11 00:00:00;12201114;CREATEORDER;SHG3JHCD2C9;MWUG3CI/A;"{""orderDetailsResponses"":{""deviceEligibility"":{""secondaryDisplay"":""1"",""partDescription"":""AppleCare+ para iMac (M4)"",""coverageDuration"":""3"",""productStatement"":""AppleCare+ para iMac (M4) amplía la cobertura de servicio y soporte técnico a 3 años desde la fecha de compra de AppleCare+ e incluye cobertura para una cantidad ilimitada de incidentes por daño accidental debido a la manipulación del producto, cada uno de ellos sujeto a un cargo adicional de R$96000  por daños en la pantalla o la carcasa externa o de R$289000  por Otros daños accidentales. Lee todos los detalles en los Términos y condiciones de AppleCare+."",""deviceDateOfPurchase"":""11/08/2026"",""deviceId"":""SHG3JHCD2C9"",""registeredDevice"":""0"",""pocType"":""RPOC"",""serialNumber"":""HG3JHCD2C9"",""partNumber"":""SR1A2ZX/A"",""partAlias"":""ACP"",""purchaseMode"":""C"",""productDescription"":""iMac (24-inch,2024, Two ports)""}},""orderErrorResponse"":{""errorCode"":""GRX-50017"",""errorMessage"":""El nombre y los apellidos no pueden superar los 34 caracteres.""},""transactionId"":""8e342798-4bce-4497-b44e-3c0010014a54-1786506710080""}"
False;5076984;2026-08-11 23:56:16.607000;2026-08-11 00:00:00;12101114;CREATEORDER;SHG3JHCD2C9;MWUG3CI/A;"{""orderDetailsResponses"":{""deviceEligibility"":{""secondaryDisplay"":""1"",""partDescription"":""AppleCare+ para iMac (M4)"",""coverageDuration"":""3"",""productStatement"":""AppleCare+ para iMac (M4) amplía la cobertura de servicio y soporte técnico a 3 años desde la fecha de compra de AppleCare+ e incluye cobertura para una cantidad ilimitada de incidentes por daño accidental debido a la manipulación del producto, cada uno de ellos sujeto a un cargo adicional de R$96000  por daños en la pantalla o la carcasa externa o de R$289000  por Otros daños accidentales. Lee todos los detalles en los Términos y condiciones de AppleCare+."",""deviceDateOfPurchase"":""11/08/2026"",""deviceId"":""SHG3JHCD2C9"",""registeredDevice"":""0"",""pocType"":""RPOC"",""serialNumber"":""HG3JHCD2C9"",""partNumber"":""SR1A2ZX/A"",""partAlias"":""ACP"",""purchaseMode"":""C"",""productDescription"":""iMac (24-inch,2024, Two ports)""}},""orderErrorResponse"":{""errorCode"":""GRX-50017"",""errorMessage"":""El nombre y los apellidos no pueden superar los 34 caracteres.""},""transactionId"":""aa53720f-bb69-42de-8af1-6ca6eaaddb2f-1786506975843""}"
False;5076984;2026-08-11 23:56:17.833000;2026-08-11 00:00:00;12201114;CREATEORDER;SHG3JHCD2C9;MWUG3CI/A;"{""orderDetailsResponses"":{""deviceEligibility"":{""secondaryDisplay"":""1"",""partDescription"":""AppleCare+ para iMac (M4)"",""coverageDuration"":""3"",""productStatement"":""AppleCare+ para iMac (M4) amplía la cobertura de servicio y soporte técnico a 3 años desde la fecha de compra de AppleCare+ e incluye cobertura para una cantidad ilimitada de incidentes por daño accidental debido a la manipulación del producto, cada uno de ellos sujeto a un cargo adicional de R$96000  por daños en la pantalla o la carcasa externa o de R$289000  por Otros daños accidentales. Lee todos los detalles en los Términos y condiciones de AppleCare+."",""deviceDateOfPurchase"":""11/08/2026"",""deviceId"":""SHG3JHCD2C9"",""registeredDevice"":""0"",""pocType"":""RPOC"",""serialNumber"":""HG3JHCD2C9"",""partNumber"":""SR1A2ZX/A"",""partAlias"":""ACP"",""purchaseMode"":""C"",""productDescription"":""iMac (24-inch,2024, Two ports)""}},""orderErrorResponse"":{""errorCode"":""GRX-50017"",""errorMessage"":""El nombre y los apellidos no pueden superar los 34 caracteres.""},""transactionId"":""abb2f440-8182-4afd-86bd-37f166187e13-1786506977114""}"
False;5076984;2026-08-11 23:56:47.600000;2026-08-11 00:00:00;12101114;CREATEORDER;SHG3JHCD2C9;MWUG3CI/A;"{""orderDetailsResponses"":{""deviceEligibility"":{""secondaryDisplay"":""1"",""partDescription"":""AppleCare+ para iMac (M4)"",""coverageDuration"":""3"",""productStatement"":""AppleCare+ para iMac (M4) amplía la cobertura de servicio y soporte técnico a 3 años desde la fecha de compra de AppleCare+ e incluye cobertura para una cantidad ilimitada de incidentes por daño accidental debido a la manipulación del producto, cada uno de ellos sujeto a un cargo adicional de R$96000  por daños en la pantalla o la carcasa externa o de R$289000  por Otros daños accidentales. Lee todos los detalles en los Términos y condiciones de AppleCare+."",""deviceDateOfPurchase"":""11/08/2026"",""deviceId"":""SHG3JHCD2C9"",""registeredDevice"":""0"",""pocType"":""RPOC"",""serialNumber"":""HG3JHCD2C9"",""partNumber"":""SR1A2ZX/A"",""partAlias"":""ACP"",""purchaseMode"":""C"",""productDescription"":""iMac (24-inch,2024, Two ports)""}},""orderErrorResponse"":{""errorCode"":""GRX-50017"",""errorMessage"":""El nombre y los apellidos no pueden superar los 34 caracteres.""},""transactionId"":""a9f94c3c-540f-4d0d-bfba-ab2681556e9d-1786507006878""}"
False;5076984;2026-08-11 23:56:48.990000;2026-08-11 00:00:00;12201114;CREATEORDER;SHG3JHCD2C9;MWUG3CI/A;"{""orderDetailsResponses"":{""deviceEligibility"":{""secondaryDisplay"":""1"",""partDescription"":""AppleCare+ para iMac (M4)"",""coverageDuration"":""3"",""productStatement"":""AppleCare+ para iMac (M4) amplía la cobertura de servicio y soporte técnico a 3 años desde la fecha de compra de AppleCare+ e incluye cobertura para una cantidad ilimitada de incidentes por daño accidental debido a la manipulación del producto, cada uno de ellos sujeto a un cargo adicional de R$96000  por daños en la pantalla o la carcasa externa o de R$289000  por Otros daños accidentales. Lee todos los detalles en los Términos y condiciones de AppleCare+."",""deviceDateOfPurchase"":""11/08/2026"",""deviceId"":""SHG3JHCD2C9"",""registeredDevice"":""0"",""pocType"":""RPOC"",""serialNumber"":""HG3JHCD2C9"",""partNumber"":""SR1A2ZX/A"",""partAlias"":""ACP"",""purchaseMode"":""C"",""productDescription"":""iMac (24-inch,2024, Two ports)""}},""orderErrorResponse"":{""errorCode"":""GRX-50017"",""errorMessage"":""El nombre y los apellidos no pueden superar los 34 caracteres.""},""transactionId"":""354fd60b-3bc6-40be-b076-c662a4ce5113-1786507008239""}"
