flag_success;folio;date_log;creation_date;purchase_order_number;action;serie;item_code;response
True;5144260;2026-09-05 11:01:49.773000;2026-09-05 00:00:00;36201055;VERIFYORDER;skdh63fvpf2;MTP43BE/A;"{""orderDetailsResponses"":{""deviceEligibility"":{""secondaryDisplay"":""0"",""partDescription"":""AppleCare+ con robo y pérdida para iPhone 15"",""coverageDuration"":""2"",""productStatement"":""Tu AppleCare+ con robo y pérdida para iPhone 15 amplía la cobertura de servicio y soporte técnico a 2 años desde la fecha de compra de AppleCare+ con robo y pérdida e incluye cobertura para una cantidad ilimitada de incidentes por daño accidental debido a la manipulación del producto o un máximo de dos incidentes de robo y pérdida cada 12 meses, cada uno de ellos sujeto a un cargo adicional de CLP28000  por Daños que afectan solo a la pantalla o de CLP96000  por Otros daños accidentales o de CLP144000  por theft or loss. Lee todos los detalles en los Términos y condiciones de AppleCare+."",""deviceDateOfPurchase"":""05/09/2026"",""deviceId"":""SKDH63FVPF2"",""registeredDevice"":""1"",""pocType"":""APOC"",""serialNumber"":""KDH63FVPF2"",""partNumber"":""SJVK2ZX/A"",""partAlias"":""ACPTL"",""purchaseMode"":""C"",""productDescription"":""iPhone 15"",""tlDisclosure"":""La cobertura de robo y pérdida requiere que tengas la función Buscar habilitada en tu dispositivo antes de que se pierda o te lo roben. Durante el proceso de reclamación, te pediremos que uses la función Buscar para poner el dispositivo perdido o robado en modo Perdido, borrarlo y transferir la propiedad a Apple para que podamos asignarte un nuevo dispositivo. Para asegurarte de que puedas iniciar sesión en Buscar y acceder a esta función, es importante que recuerdes tu ID de Apple y contraseña, y que mantengas la información de tu cuenta actualizada. Si usas la autenticación de doble factor para el ID de Apple, te recomendamos que añadas un número de teléfono adicional de confianza a tu cuenta en el que puedas recibir el código de verificación de 6 dígitos que necesitas para iniciar sesión aunque no tengas tu iPhone. Para obtener más información, visita las páginas de Soporte técnico de Apple.""}},""transactionId"":""9216f6f0-abac-4969-9a8d-0e44587650e1-1788620509218""}"
True;5144260;2026-09-05 11:03:08.423000;2026-09-05 00:00:00;36201055;CREATEORDER;skdh63fvpf2;MTP43BE/A;"{""orderDetailsResponses"":{""deviceEligibility"":{""secondaryDisplay"":""0"",""partDescription"":""AppleCare+ con robo y pérdida para iPhone 15"",""coverageDuration"":""2"",""productStatement"":""Tu AppleCare+ con robo y pérdida para iPhone 15 amplía la cobertura de servicio y soporte técnico a 2 años desde la fecha de compra de AppleCare+ con robo y pérdida e incluye cobertura para una cantidad ilimitada de incidentes por daño accidental debido a la manipulación del producto o un máximo de dos incidentes de robo y pérdida cada 12 meses, cada uno de ellos sujeto a un cargo adicional de CLP28000  por Daños que afectan solo a la pantalla o de CLP96000  por Otros daños accidentales o de CLP144000  por theft or loss. Lee todos los detalles en los Términos y condiciones de AppleCare+."",""deviceDateOfPurchase"":""05/09/2026"",""deviceId"":""SKDH63FVPF2"",""registeredDevice"":""1"",""pocType"":""APOC"",""serialNumber"":""KDH63FVPF2"",""partNumber"":""SJVK2ZX/A"",""partAlias"":""ACPTL"",""purchaseMode"":""C"",""productDescription"":""iPhone 15"",""tlDisclosure"":""La cobertura de robo y pérdida requiere que tengas la función Buscar habilitada en tu dispositivo antes de que se pierda o te lo roben. Durante el proceso de reclamación, te pediremos que uses la función Buscar para poner el dispositivo perdido o robado en modo Perdido, borrarlo y transferir la propiedad a Apple para que podamos asignarte un nuevo dispositivo. Para asegurarte de que puedas iniciar sesión en Buscar y acceder a esta función, es importante que recuerdes tu ID de Apple y contraseña, y que mantengas la información de tu cuenta actualizada. Si usas la autenticación de doble factor para el ID de Apple, te recomendamos que añadas un número de teléfono adicional de confianza a tu cuenta en el que puedas recibir el código de verificación de 6 dígitos que necesitas para iniciar sesión aunque no tengas tu iPhone. Para obtener más información, visita las páginas de Soporte técnico de Apple.""},""orderConfirmation"":{""agreementNumber"":""328417060905"",""coverageDurationStatement"":""Finaliza el 04/09/2028"",""termConditionURL"":""http://www.apple.com/legal/sales-support/"",""partNumber"":""SJVK2ZX/A"",""partAlias"":""ACPTL"",""partType"":""AC+TL"",""purchaseMode"":""C"",""appleCareSalesDate"":""05/09/2026"",""pocType"":""APOC"",""purchaseOrderNumber"":""36201055""}},""transactionId"":""6711253b-067d-441f-9eda-65945cbfba59-1788620583391""}"
True;5134311;2026-09-05 11:44:13.063000;2026-09-05 00:00:00;51501104;VERIFYORDER;sl5xphp97q1;MEH54AM/A;"{""orderDetailsResponses"":{""deviceEligibility"":{""secondaryDisplay"":""0"",""partDescription"":""AppleCare+ para Apple Watch SE (3rd gen)"",""coverageDuration"":""2"",""productStatement"":""AppleCare+ para Apple Watch SE (3rd gen) amplía la cobertura de servicio y soporte técnico a 2 años desde la fecha de compra de AppleCare+ e incluye cobertura para una cantidad ilimitada de incidentes por daño accidental debido a la manipulación del producto, cada uno de ellos sujeto a un cargo adicional de R$67000  por Otros daños accidentales. Lee todos los detalles en los Términos y condiciones de AppleCare+."",""deviceDateOfPurchase"":""05/09/2026"",""deviceId"":""SL5XPHP97Q1"",""registeredDevice"":""1"",""pocType"":""APOC"",""serialNumber"":""L5XPHP97Q1"",""partNumber"":""SXHW2ZX/A"",""partAlias"":""ACP"",""purchaseMode"":""C"",""productDescription"":""Watch SE (3rd gen, GPS) Aluminum 40MM""}},""transactionId"":""7182a422-c0bc-44f3-88f8-70cf0024222e-1788623052523""}"
True;5134311;2026-09-05 11:45:24.547000;2026-09-05 00:00:00;51501104;CREATEORDER;sl5xphp97q1;MEH54AM/A;"{""orderDetailsResponses"":{""deviceEligibility"":{""secondaryDisplay"":""0"",""partDescription"":""AppleCare+ para Apple Watch SE (3rd gen)"",""coverageDuration"":""2"",""productStatement"":""AppleCare+ para Apple Watch SE (3rd gen) amplía la cobertura de servicio y soporte técnico a 2 años desde la fecha de compra de AppleCare+ e incluye cobertura para una cantidad ilimitada de incidentes por daño accidental debido a la manipulación del producto, cada uno de ellos sujeto a un cargo adicional de R$67000  por Otros daños accidentales. Lee todos los detalles en los Términos y condiciones de AppleCare+."",""deviceDateOfPurchase"":""05/09/2026"",""deviceId"":""SL5XPHP97Q1"",""registeredDevice"":""1"",""pocType"":""APOC"",""serialNumber"":""L5XPHP97Q1"",""partNumber"":""SXHW2ZX/A"",""partAlias"":""ACP"",""purchaseMode"":""C"",""productDescription"":""Watch SE (3rd gen, GPS) Aluminum 40MM""},""orderConfirmation"":{""agreementNumber"":""328417120480"",""coverageDurationStatement"":""Finaliza el 04/09/2028"",""termConditionURL"":""http://www.apple.com/legal/sales-support/"",""partNumber"":""SXHW2ZX/A"",""partAlias"":""ACP"",""partType"":""AppleCare+"",""purchaseMode"":""C"",""appleCareSalesDate"":""05/09/2026"",""pocType"":""APOC"",""purchaseOrderNumber"":""51501104""}},""transactionId"":""fe04b5f8-88b7-4dfd-bc1b-d447a8ad02f6-1788623119759""}"
False;5114695;2026-09-05 11:51:23.397000;2026-08-08 00:00:00;19401029;REFUNDGUIDANCE;SD56TJV2VGF;S9066ZX/A;"{""transactionId"":""21510795-f46b-46a0-891d-ab1a0a675079-1788623483207"",""refundGuidanceErrorResponse"":{""errorCode"":""GRX-50001"",""errorMessage"":""No tienes asignada una función que te permita realizar esta acción.""}}"
True;1335164;2026-09-05 12:06:05;2026-09-05 00:00:00;64301117;VERIFYORDER;sm4l4n9twg2;MHFE4CI/A;"{""orderDetailsResponses"":{""deviceEligibility"":{""secondaryDisplay"":""0"",""partDescription"":""AppleCare+ para 13-inch MacBook Neo (A18PRO)"",""coverageDuration"":""3"",""productStatement"":""AppleCare+ para 13-inch MacBook Neo (A18PRO) amplía la cobertura de servicio y soporte técnico a 3 años desde la fecha de compra de AppleCare+ e incluye cobertura para una cantidad ilimitada de incidentes por daño accidental debido a la manipulación del producto, cada uno de ellos sujeto a un cargo adicional de R$51990  por daños en la pantalla o la carcasa externa o de R$156990  por Otros daños accidentales. Lee todos los detalles en los Términos y condiciones de AppleCare+."",""deviceDateOfPurchase"":""05/09/2026"",""deviceId"":""SM4L4N9TWG2"",""registeredDevice"":""1"",""pocType"":""APOC"",""serialNumber"":""M4L4N9TWG2"",""partNumber"":""SD0T3ZX/A"",""partAlias"":""ACP"",""purchaseMode"":""C"",""productDescription"":""MacBook Neo""}},""transactionId"":""ecf03f6f-caf6-4848-bd74-52f8983388f2-1788624364465""}"
True;5112804;2026-09-05 12:07:07.047000;2026-09-05 00:00:00;34801058;VERIFYORDER;SL66JJ3Y26J;MG6T4BE/A;"{""orderDetailsResponses"":{""deviceEligibility"":{""secondaryDisplay"":""0"",""partDescription"":""AppleCare+ con robo y pérdida para iPhone 17"",""coverageDuration"":""2"",""productStatement"":""Tu AppleCare+ con robo y pérdida para iPhone 17 amplía la cobertura de servicio y soporte técnico a 2 años desde la fecha de compra de AppleCare+ con robo y pérdida e incluye cobertura para una cantidad ilimitada de incidentes por daño accidental debido a la manipulación del producto o un máximo de dos incidentes de robo y pérdida cada 12 meses, cada uno de ellos sujeto a un cargo adicional de R$96000  por Otros daños accidentales o de R$28000  por los daños de la pantalla o la carcasa externa o de R$144000  por robo o pérdida. Lee todos los detalles en los Términos y condiciones de AppleCare+."",""deviceDateOfPurchase"":""05/09/2026"",""deviceId"":""SL66JJ3Y26J"",""registeredDevice"":""1"",""pocType"":""APOC"",""serialNumber"":""L66JJ3Y26J"",""partNumber"":""SX2V2ZX/A"",""partAlias"":""ACPTL"",""purchaseMode"":""C"",""productDescription"":""iPhone 17"",""tlDisclosure"":""La cobertura de robo y pérdida requiere que tengas la función Buscar habilitada en tu dispositivo antes de que se pierda o te lo roben. Durante el proceso de reclamación, te pediremos que uses la función Buscar para poner el dispositivo perdido o robado en modo Perdido, borrarlo y transferir la propiedad a Apple para que podamos asignarte un nuevo dispositivo. Para asegurarte de que puedas iniciar sesión en Buscar y acceder a esta función, es importante que recuerdes tu ID de Apple y contraseña, y que mantengas la información de tu cuenta actualizada. Si usas la autenticación de doble factor para el ID de Apple, te recomendamos que añadas un número de teléfono adicional de confianza a tu cuenta en el que puedas recibir el código de verificación de 6 dígitos que necesitas para iniciar sesión aunque no tengas tu iPhone. Para obtener más información, visita las páginas de Soporte técnico de Apple.""}},""transactionId"":""ea4f8c65-cf60-42ea-a0fb-e0993a146e0a-1788624426547""}"
True;5112804;2026-09-05 12:08:44.370000;2026-09-05 00:00:00;34801058;CREATEORDER;SL66JJ3Y26J;MG6T4BE/A;"{""orderDetailsResponses"":{""deviceEligibility"":{""secondaryDisplay"":""0"",""partDescription"":""AppleCare+ con robo y pérdida para iPhone 17"",""coverageDuration"":""2"",""productStatement"":""Tu AppleCare+ con robo y pérdida para iPhone 17 amplía la cobertura de servicio y soporte técnico a 2 años desde la fecha de compra de AppleCare+ con robo y pérdida e incluye cobertura para una cantidad ilimitada de incidentes por daño accidental debido a la manipulación del producto o un máximo de dos incidentes de robo y pérdida cada 12 meses, cada uno de ellos sujeto a un cargo adicional de R$96000  por Otros daños accidentales o de R$28000  por los daños de la pantalla o la carcasa externa o de R$144000  por robo o pérdida. Lee todos los detalles en los Términos y condiciones de AppleCare+."",""deviceDateOfPurchase"":""05/09/2026"",""deviceId"":""SL66JJ3Y26J"",""registeredDevice"":""1"",""pocType"":""APOC"",""serialNumber"":""L66JJ3Y26J"",""partNumber"":""SX2V2ZX/A"",""partAlias"":""ACPTL"",""purchaseMode"":""C"",""productDescription"":""iPhone 17"",""tlDisclosure"":""La cobertura de robo y pérdida requiere que tengas la función Buscar habilitada en tu dispositivo antes de que se pierda o te lo roben. Durante el proceso de reclamación, te pediremos que uses la función Buscar para poner el dispositivo perdido o robado en modo Perdido, borrarlo y transferir la propiedad a Apple para que podamos asignarte un nuevo dispositivo. Para asegurarte de que puedas iniciar sesión en Buscar y acceder a esta función, es importante que recuerdes tu ID de Apple y contraseña, y que mantengas la información de tu cuenta actualizada. Si usas la autenticación de doble factor para el ID de Apple, te recomendamos que añadas un número de teléfono adicional de confianza a tu cuenta en el que puedas recibir el código de verificación de 6 dígitos que necesitas para iniciar sesión aunque no tengas tu iPhone. Para obtener más información, visita las páginas de Soporte técnico de Apple.""},""orderConfirmation"":{""agreementNumber"":""328417121538"",""coverageDurationStatement"":""Finaliza el 04/09/2028"",""termConditionURL"":""http://www.apple.com/legal/sales-support/"",""partNumber"":""SX2V2ZX/A"",""partAlias"":""ACPTL"",""partType"":""AC+TL"",""purchaseMode"":""C"",""appleCareSalesDate"":""05/09/2026"",""pocType"":""APOC"",""purchaseOrderNumber"":""34801058""}},""transactionId"":""72a6e48f-cc08-4cd9-bf62-85623c3d8184-1788624519301""}"
True;1335164;2026-09-05 12:08:56.800000;2026-09-05 00:00:00;64301117;VERIFYORDER;sm4l4n9twg2;MHFE4CI/A;"{""orderDetailsResponses"":{""deviceEligibility"":{""secondaryDisplay"":""0"",""partDescription"":""AppleCare+ para 13-inch MacBook Neo (A18PRO)"",""coverageDuration"":""3"",""productStatement"":""AppleCare+ para 13-inch MacBook Neo (A18PRO) amplía la cobertura de servicio y soporte técnico a 3 años desde la fecha de compra de AppleCare+ e incluye cobertura para una cantidad ilimitada de incidentes por daño accidental debido a la manipulación del producto, cada uno de ellos sujeto a un cargo adicional de R$51990  por daños en la pantalla o la carcasa externa o de R$156990  por Otros daños accidentales. Lee todos los detalles en los Términos y condiciones de AppleCare+."",""deviceDateOfPurchase"":""05/09/2026"",""deviceId"":""SM4L4N9TWG2"",""registeredDevice"":""1"",""pocType"":""APOC"",""serialNumber"":""M4L4N9TWG2"",""partNumber"":""SD0T3ZX/A"",""partAlias"":""ACP"",""purchaseMode"":""C"",""productDescription"":""MacBook Neo""}},""transactionId"":""4a454aa3-4f1b-4860-b623-fd9272bb1069-1788624536311""}"
True;1335164;2026-09-05 12:15:16.500000;2026-09-05 00:00:00;64301117;CREATEORDER;sm4l4n9twg2;MHFE4CI/A;"{""orderDetailsResponses"":{""deviceEligibility"":{""secondaryDisplay"":""0"",""partDescription"":""AppleCare+ para 13-inch MacBook Neo (A18PRO)"",""coverageDuration"":""3"",""productStatement"":""AppleCare+ para 13-inch MacBook Neo (A18PRO) amplía la cobertura de servicio y soporte técnico a 3 años desde la fecha de compra de AppleCare+ e incluye cobertura para una cantidad ilimitada de incidentes por daño accidental debido a la manipulación del producto, cada uno de ellos sujeto a un cargo adicional de R$51990  por daños en la pantalla o la carcasa externa o de R$156990  por Otros daños accidentales. Lee todos los detalles en los Términos y condiciones de AppleCare+."",""deviceDateOfPurchase"":""05/09/2026"",""deviceId"":""SM4L4N9TWG2"",""registeredDevice"":""1"",""pocType"":""APOC"",""serialNumber"":""M4L4N9TWG2"",""partNumber"":""SD0T3ZX/A"",""partAlias"":""ACP"",""purchaseMode"":""C"",""productDescription"":""MacBook Neo""},""orderConfirmation"":{""agreementNumber"":""328417140194"",""coverageDurationStatement"":""Finaliza el 04/09/2029"",""termConditionURL"":""http://www.apple.com/legal/sales-support/"",""partNumber"":""SD0T3ZX/A"",""partAlias"":""ACP"",""partType"":""AppleCare+"",""purchaseMode"":""C"",""appleCareSalesDate"":""05/09/2026"",""pocType"":""APOC"",""purchaseOrderNumber"":""64301117""}},""transactionId"":""b306e1cb-32aa-4a61-ae7f-caffe2364ece-1788624911777""}"
True;5131849;2026-09-05 12:32:48.020000;2026-09-05 00:00:00;17701011;VERIFYORDER;SJF06V2KGQV;MHFG4CI/A;"{""orderDetailsResponses"":{""deviceEligibility"":{""secondaryDisplay"":""0"",""partDescription"":""AppleCare+ para 13-inch MacBook Neo (A18PRO)"",""coverageDuration"":""3"",""productStatement"":""AppleCare+ para 13-inch MacBook Neo (A18PRO) amplía la cobertura de servicio y soporte técnico a 3 años desde la fecha de compra de AppleCare+ e incluye cobertura para una cantidad ilimitada de incidentes por daño accidental debido a la manipulación del producto, cada uno de ellos sujeto a un cargo adicional de R$51990  por daños en la pantalla o la carcasa externa o de R$156990  por Otros daños accidentales. Lee todos los detalles en los Términos y condiciones de AppleCare+."",""deviceDateOfPurchase"":""05/09/2026"",""deviceId"":""SJF06V2KGQV"",""registeredDevice"":""1"",""pocType"":""APOC"",""serialNumber"":""JF06V2KGQV"",""partNumber"":""SD0T3ZX/A"",""partAlias"":""ACP"",""purchaseMode"":""C"",""productDescription"":""MacBook Neo""}},""transactionId"":""e41795c8-3647-497d-98da-45628b6d3cd5-1788625967514""}"
True;5117393;2026-09-05 12:36:47.967000;2026-09-05 00:00:00;38901077;VERIFYORDER;skqq9mx0w7l;MG8G4BE/A;"{""orderDetailsResponses"":{""deviceEligibility"":{""secondaryDisplay"":""0"",""partDescription"":""AppleCare+ con robo y pérdida para iPhone 17 Pro"",""coverageDuration"":""2"",""productStatement"":""Tu AppleCare+ con robo y pérdida para iPhone 17 Pro amplía la cobertura de servicio y soporte técnico a 2 años desde la fecha de compra de AppleCare+ con robo y pérdida e incluye cobertura para una cantidad ilimitada de incidentes por daño accidental debido a la manipulación del producto o un máximo de dos incidentes de robo y pérdida cada 12 meses, cada uno de ellos sujeto a un cargo adicional de R$96000  por Otros daños accidentales o de R$28000  por los daños de la pantalla o la carcasa externa o de R$144000  por robo o pérdida. Lee todos los detalles en los Términos y condiciones de AppleCare+."",""deviceDateOfPurchase"":""05/09/2026"",""deviceId"":""SKQQ9MX0W7L"",""registeredDevice"":""1"",""pocType"":""APOC"",""serialNumber"":""KQQ9MX0W7L"",""partNumber"":""SX342ZX/A"",""partAlias"":""ACPTL"",""purchaseMode"":""C"",""productDescription"":""iPhone 17 Pro"",""tlDisclosure"":""La cobertura de robo y pérdida requiere que tengas la función Buscar habilitada en tu dispositivo antes de que se pierda o te lo roben. Durante el proceso de reclamación, te pediremos que uses la función Buscar para poner el dispositivo perdido o robado en modo Perdido, borrarlo y transferir la propiedad a Apple para que podamos asignarte un nuevo dispositivo. Para asegurarte de que puedas iniciar sesión en Buscar y acceder a esta función, es importante que recuerdes tu ID de Apple y contraseña, y que mantengas la información de tu cuenta actualizada. Si usas la autenticación de doble factor para el ID de Apple, te recomendamos que añadas un número de teléfono adicional de confianza a tu cuenta en el que puedas recibir el código de verificación de 6 dígitos que necesitas para iniciar sesión aunque no tengas tu iPhone. Para obtener más información, visita las páginas de Soporte técnico de Apple.""}},""transactionId"":""e18115c4-6eb7-4d24-9def-1e3fa2ae2694-1788626207455""}"
True;5131849;2026-09-05 12:38:07.917000;2026-09-05 00:00:00;17701011;CREATEORDER;SJF06V2KGQV;MHFG4CI/A;"{""orderDetailsResponses"":{""deviceEligibility"":{""secondaryDisplay"":""0"",""partDescription"":""AppleCare+ para 13-inch MacBook Neo (A18PRO)"",""coverageDuration"":""3"",""productStatement"":""AppleCare+ para 13-inch MacBook Neo (A18PRO) amplía la cobertura de servicio y soporte técnico a 3 años desde la fecha de compra de AppleCare+ e incluye cobertura para una cantidad ilimitada de incidentes por daño accidental debido a la manipulación del producto, cada uno de ellos sujeto a un cargo adicional de R$51990  por daños en la pantalla o la carcasa externa o de R$156990  por Otros daños accidentales. Lee todos los detalles en los Términos y condiciones de AppleCare+."",""deviceDateOfPurchase"":""05/09/2026"",""deviceId"":""SJF06V2KGQV"",""registeredDevice"":""1"",""pocType"":""APOC"",""serialNumber"":""JF06V2KGQV"",""partNumber"":""SD0T3ZX/A"",""partAlias"":""ACP"",""purchaseMode"":""C"",""productDescription"":""MacBook Neo""},""orderConfirmation"":{""agreementNumber"":""328417121865"",""coverageDurationStatement"":""Finaliza el 04/09/2029"",""termConditionURL"":""http://www.apple.com/legal/sales-support/"",""partNumber"":""SD0T3ZX/A"",""partAlias"":""ACP"",""partType"":""AppleCare+"",""purchaseMode"":""C"",""appleCareSalesDate"":""05/09/2026"",""pocType"":""APOC"",""purchaseOrderNumber"":""17701011""}},""transactionId"":""55da1fe0-4dd3-4496-b0f4-de7910d2c3e0-1788626283078""}"
True;5117393;2026-09-05 12:41:20.973000;2026-09-05 00:00:00;38901077;CREATEORDER;skqq9mx0w7l;MG8G4BE/A;"{""orderDetailsResponses"":{""deviceEligibility"":{""secondaryDisplay"":""0"",""partDescription"":""AppleCare+ con robo y pérdida para iPhone 17 Pro"",""coverageDuration"":""2"",""productStatement"":""Tu AppleCare+ con robo y pérdida para iPhone 17 Pro amplía la cobertura de servicio y soporte técnico a 2 años desde la fecha de compra de AppleCare+ con robo y pérdida e incluye cobertura para una cantidad ilimitada de incidentes por daño accidental debido a la manipulación del producto o un máximo de dos incidentes de robo y pérdida cada 12 meses, cada uno de ellos sujeto a un cargo adicional de R$96000  por Otros daños accidentales o de R$28000  por los daños de la pantalla o la carcasa externa o de R$144000  por robo o pérdida. Lee todos los detalles en los Términos y condiciones de AppleCare+."",""deviceDateOfPurchase"":""05/09/2026"",""deviceId"":""SKQQ9MX0W7L"",""registeredDevice"":""1"",""pocType"":""APOC"",""serialNumber"":""KQQ9MX0W7L"",""partNumber"":""SX342ZX/A"",""partAlias"":""ACPTL"",""purchaseMode"":""C"",""productDescription"":""iPhone 17 Pro"",""tlDisclosure"":""La cobertura de robo y pérdida requiere que tengas la función Buscar habilitada en tu dispositivo antes de que se pierda o te lo roben. Durante el proceso de reclamación, te pediremos que uses la función Buscar para poner el dispositivo perdido o robado en modo Perdido, borrarlo y transferir la propiedad a Apple para que podamos asignarte un nuevo dispositivo. Para asegurarte de que puedas iniciar sesión en Buscar y acceder a esta función, es importante que recuerdes tu ID de Apple y contraseña, y que mantengas la información de tu cuenta actualizada. Si usas la autenticación de doble factor para el ID de Apple, te recomendamos que añadas un número de teléfono adicional de confianza a tu cuenta en el que puedas recibir el código de verificación de 6 dígitos que necesitas para iniciar sesión aunque no tengas tu iPhone. Para obtener más información, visita las páginas de Soporte técnico de Apple.""},""orderConfirmation"":{""agreementNumber"":""328417203072"",""coverageDurationStatement"":""Finaliza el 04/09/2028"",""termConditionURL"":""http://www.apple.com/legal/sales-support/"",""partNumber"":""SX342ZX/A"",""partAlias"":""ACPTL"",""partType"":""AC+TL"",""purchaseMode"":""C"",""appleCareSalesDate"":""05/09/2026"",""pocType"":""APOC"",""purchaseOrderNumber"":""38901077""}},""transactionId"":""61b3e670-346f-41c8-8ad0-8934c3aec4f1-1788626475649""}"
True;5136263;2026-09-05 12:44:02.167000;2026-09-05 00:00:00;10801101;VERIFYORDER;SF765PHW49D;MFHP4AM/A;"{""orderDetailsResponses"":{""deviceEligibility"":{""secondaryDisplay"":""0"",""partDescription"":""AppleCare+ para Headphones - AirPods Pro"",""coverageDuration"":""2"",""productStatement"":""AppleCare+ para Headphones - AirPods Pro amplía la cobertura de servicio y soporte técnico a 2 años desde la fecha de compra de AppleCare+ e incluye cobertura para una cantidad ilimitada de incidentes por daño accidental debido a la manipulación del producto, cada uno de ellos sujeto a un cargo adicional de R$28000 . Lee todos los detalles en los Términos y condiciones de AppleCare+."",""deviceDateOfPurchase"":""05/09/2026"",""deviceId"":""SF765PHW49D"",""registeredDevice"":""1"",""pocType"":""APOC"",""serialNumber"":""F765PHW49D"",""partNumber"":""SYLW2ZX/A"",""partAlias"":""ACP"",""purchaseMode"":""C"",""productDescription"":""AirPods Pro 3""}},""transactionId"":""010e043b-4254-4c36-b80c-dcb61a5fca0d-1788626641625""}"
True;5136263;2026-09-05 12:46:07.197000;2026-09-05 00:00:00;10801101;CREATEORDER;SF765PHW49D;MFHP4AM/A;"{""orderDetailsResponses"":{""deviceEligibility"":{""secondaryDisplay"":""0"",""partDescription"":""AppleCare+ para Headphones - AirPods Pro"",""coverageDuration"":""2"",""productStatement"":""AppleCare+ para Headphones - AirPods Pro amplía la cobertura de servicio y soporte técnico a 2 años desde la fecha de compra de AppleCare+ e incluye cobertura para una cantidad ilimitada de incidentes por daño accidental debido a la manipulación del producto, cada uno de ellos sujeto a un cargo adicional de R$28000 . Lee todos los detalles en los Términos y condiciones de AppleCare+."",""deviceDateOfPurchase"":""05/09/2026"",""deviceId"":""SF765PHW49D"",""registeredDevice"":""1"",""pocType"":""APOC"",""serialNumber"":""F765PHW49D"",""partNumber"":""SYLW2ZX/A"",""partAlias"":""ACP"",""purchaseMode"":""C"",""productDescription"":""AirPods Pro 3""},""orderConfirmation"":{""agreementNumber"":""328417203163"",""coverageDurationStatement"":""Finaliza el 04/09/2028"",""termConditionURL"":""http://www.apple.com/legal/sales-support/"",""partNumber"":""SYLW2ZX/A"",""partAlias"":""ACP"",""partType"":""AppleCare+"",""purchaseMode"":""C"",""appleCareSalesDate"":""05/09/2026"",""pocType"":""APOC"",""purchaseOrderNumber"":""10801101""}},""transactionId"":""818bb971-1bed-49f6-8f13-a466b87636d9-1788626762542""}"
True;1334049;2026-09-05 13:05:02.400000;2026-09-05 00:00:00;19601133;VERIFYORDER;sjl4jwxpmqc;MN873CI/A;"{""orderDetailsResponses"":{""deviceEligibility"":{""secondaryDisplay"":""0"",""partDescription"":""AppleCare+ para Apple TV"",""coverageDuration"":""3"",""productStatement"":""AppleCare+ para Apple TV amplía la cobertura de servicio y soporte técnico a 3 años desde la fecha de compra de AppleCare+ e incluye cobertura para una cantidad ilimitada de incidentes por daño accidental debido a la manipulación del producto, cada uno de ellos sujeto a un cargo adicional de CLP14000 . Lee todos los detalles en los Términos y condiciones de AppleCare+."",""deviceDateOfPurchase"":""05/09/2026"",""deviceId"":""SJL4JWXPMQC"",""registeredDevice"":""1"",""pocType"":""APOC"",""serialNumber"":""JL4JWXPMQC"",""partNumber"":""S9634ZX/A"",""partAlias"":""ACP"",""purchaseMode"":""C"",""productDescription"":""J255""}},""transactionId"":""251791e6-93cf-4a32-a223-8bb2c07b0b7a-1788627901904""}"
True;1334049;2026-09-05 13:06:41.590000;2026-09-05 00:00:00;19601133;CREATEORDER;sjl4jwxpmqc;MN873CI/A;"{""orderDetailsResponses"":{""deviceEligibility"":{""secondaryDisplay"":""0"",""partDescription"":""AppleCare+ para Apple TV"",""coverageDuration"":""3"",""productStatement"":""AppleCare+ para Apple TV amplía la cobertura de servicio y soporte técnico a 3 años desde la fecha de compra de AppleCare+ e incluye cobertura para una cantidad ilimitada de incidentes por daño accidental debido a la manipulación del producto, cada uno de ellos sujeto a un cargo adicional de CLP14000 . Lee todos los detalles en los Términos y condiciones de AppleCare+."",""deviceDateOfPurchase"":""05/09/2026"",""deviceId"":""SJL4JWXPMQC"",""registeredDevice"":""1"",""pocType"":""APOC"",""serialNumber"":""JL4JWXPMQC"",""partNumber"":""S9634ZX/A"",""partAlias"":""ACP"",""purchaseMode"":""C"",""productDescription"":""J255""},""orderConfirmation"":{""agreementNumber"":""328417140940"",""coverageDurationStatement"":""Finaliza el 04/09/2029"",""termConditionURL"":""http://www.apple.com/legal/sales-support/"",""partNumber"":""S9634ZX/A"",""partAlias"":""ACP"",""partType"":""AppleCare+"",""purchaseMode"":""C"",""appleCareSalesDate"":""05/09/2026"",""pocType"":""APOC"",""purchaseOrderNumber"":""19601133""}},""transactionId"":""0f35d794-b70f-4673-b69b-7cf9a251a409-1788627996634""}"
True;5126331;2026-09-05 13:11:28.377000;2026-09-05 00:00:00;9801131;VERIFYORDER;sc7rxxq2nvj;MG8J4BE/A;"{""orderDetailsResponses"":{""deviceEligibility"":{""secondaryDisplay"":""0"",""partDescription"":""AppleCare+ con robo y pérdida para iPhone 17 Pro"",""coverageDuration"":""2"",""productStatement"":""Tu AppleCare+ con robo y pérdida para iPhone 17 Pro amplía la cobertura de servicio y soporte técnico a 2 años desde la fecha de compra de AppleCare+ con robo y pérdida e incluye cobertura para una cantidad ilimitada de incidentes por daño accidental debido a la manipulación del producto o un máximo de dos incidentes de robo y pérdida cada 12 meses, cada uno de ellos sujeto a un cargo adicional de R$96000  por Otros daños accidentales o de R$28000  por los daños de la pantalla o la carcasa externa o de R$144000  por robo o pérdida. Lee todos los detalles en los Términos y condiciones de AppleCare+."",""deviceDateOfPurchase"":""15/08/2026"",""deviceId"":""SC7RXXQ2NVJ"",""registeredDevice"":""0"",""pocType"":""APOC"",""serialNumber"":""C7RXXQ2NVJ"",""partNumber"":""SX342ZX/A"",""partAlias"":""ACPTL"",""purchaseMode"":""I"",""productDescription"":""iPhone 17 Pro"",""tlDisclosure"":""La cobertura de robo y pérdida requiere que tengas la función Buscar habilitada en tu dispositivo antes de que se pierda o te lo roben. Durante el proceso de reclamación, te pediremos que uses la función Buscar para poner el dispositivo perdido o robado en modo Perdido, borrarlo y transferir la propiedad a Apple para que podamos asignarte un nuevo dispositivo. Para asegurarte de que puedas iniciar sesión en Buscar y acceder a esta función, es importante que recuerdes tu ID de Apple y contraseña, y que mantengas la información de tu cuenta actualizada. Si usas la autenticación de doble factor para el ID de Apple, te recomendamos que añadas un número de teléfono adicional de confianza a tu cuenta en el que puedas recibir el código de verificación de 6 dígitos que necesitas para iniciar sesión aunque no tengas tu iPhone. Para obtener más información, visita las páginas de Soporte técnico de Apple.""}},""transactionId"":""d4f92923-0c07-41f2-99e7-abf441e25c42-1788628287721""}"
True;5126331;2026-09-05 13:13:10.710000;2026-09-05 00:00:00;9801131;VERIFYORDER;sc7rxxq2nvj;MG8J4BE/A;"{""orderDetailsResponses"":{""deviceEligibility"":{""secondaryDisplay"":""0"",""partDescription"":""AppleCare+ con robo y pérdida para iPhone 17 Pro"",""coverageDuration"":""2"",""productStatement"":""Tu AppleCare+ con robo y pérdida para iPhone 17 Pro amplía la cobertura de servicio y soporte técnico a 2 años desde la fecha de compra de AppleCare+ con robo y pérdida e incluye cobertura para una cantidad ilimitada de incidentes por daño accidental debido a la manipulación del producto o un máximo de dos incidentes de robo y pérdida cada 12 meses, cada uno de ellos sujeto a un cargo adicional de R$96000  por Otros daños accidentales o de R$28000  por los daños de la pantalla o la carcasa externa o de R$144000  por robo o pérdida. Lee todos los detalles en los Términos y condiciones de AppleCare+."",""deviceDateOfPurchase"":""15/08/2026"",""deviceId"":""SC7RXXQ2NVJ"",""registeredDevice"":""0"",""pocType"":""APOC"",""serialNumber"":""C7RXXQ2NVJ"",""partNumber"":""SX342ZX/A"",""partAlias"":""ACPTL"",""purchaseMode"":""I"",""productDescription"":""iPhone 17 Pro"",""tlDisclosure"":""La cobertura de robo y pérdida requiere que tengas la función Buscar habilitada en tu dispositivo antes de que se pierda o te lo roben. Durante el proceso de reclamación, te pediremos que uses la función Buscar para poner el dispositivo perdido o robado en modo Perdido, borrarlo y transferir la propiedad a Apple para que podamos asignarte un nuevo dispositivo. Para asegurarte de que puedas iniciar sesión en Buscar y acceder a esta función, es importante que recuerdes tu ID de Apple y contraseña, y que mantengas la información de tu cuenta actualizada. Si usas la autenticación de doble factor para el ID de Apple, te recomendamos que añadas un número de teléfono adicional de confianza a tu cuenta en el que puedas recibir el código de verificación de 6 dígitos que necesitas para iniciar sesión aunque no tengas tu iPhone. Para obtener más información, visita las páginas de Soporte técnico de Apple.""}},""transactionId"":""3fe71c5a-9727-46eb-bf18-f02cb3643021-1788628390182""}"
True;5126331;2026-09-05 13:14:20.740000;2026-09-05 00:00:00;9801131;CREATEORDER;sc7rxxq2nvj;MG8J4BE/A;"{""orderDetailsResponses"":{""deviceEligibility"":{""secondaryDisplay"":""0"",""partDescription"":""AppleCare+ con robo y pérdida para iPhone 17 Pro"",""coverageDuration"":""2"",""productStatement"":""Tu AppleCare+ con robo y pérdida para iPhone 17 Pro amplía la cobertura de servicio y soporte técnico a 2 años desde la fecha de compra de AppleCare+ con robo y pérdida e incluye cobertura para una cantidad ilimitada de incidentes por daño accidental debido a la manipulación del producto o un máximo de dos incidentes de robo y pérdida cada 12 meses, cada uno de ellos sujeto a un cargo adicional de R$96000  por Otros daños accidentales o de R$28000  por los daños de la pantalla o la carcasa externa o de R$144000  por robo o pérdida. Lee todos los detalles en los Términos y condiciones de AppleCare+."",""deviceDateOfPurchase"":""15/08/2026"",""deviceId"":""SC7RXXQ2NVJ"",""registeredDevice"":""0"",""pocType"":""APOC"",""serialNumber"":""C7RXXQ2NVJ"",""partNumber"":""SX342ZX/A"",""partAlias"":""ACPTL"",""purchaseMode"":""I"",""productDescription"":""iPhone 17 Pro"",""tlDisclosure"":""La cobertura de robo y pérdida requiere que tengas la función Buscar habilitada en tu dispositivo antes de que se pierda o te lo roben. Durante el proceso de reclamación, te pediremos que uses la función Buscar para poner el dispositivo perdido o robado en modo Perdido, borrarlo y transferir la propiedad a Apple para que podamos asignarte un nuevo dispositivo. Para asegurarte de que puedas iniciar sesión en Buscar y acceder a esta función, es importante que recuerdes tu ID de Apple y contraseña, y que mantengas la información de tu cuenta actualizada. Si usas la autenticación de doble factor para el ID de Apple, te recomendamos que añadas un número de teléfono adicional de confianza a tu cuenta en el que puedas recibir el código de verificación de 6 dígitos que necesitas para iniciar sesión aunque no tengas tu iPhone. Para obtener más información, visita las páginas de Soporte técnico de Apple.""},""orderConfirmation"":{""agreementNumber"":""328417200883"",""coverageDurationStatement"":""Finaliza el 04/09/2028"",""termConditionURL"":""http://www.apple.com/legal/sales-support/"",""partNumber"":""SX342ZX/A"",""partAlias"":""ACPTL"",""partType"":""AC+TL"",""purchaseMode"":""I"",""appleCareSalesDate"":""05/09/2026"",""pocType"":""APOC"",""purchaseOrderNumber"":""9801131""}},""transactionId"":""3f23394e-15e9-462b-938f-6df976e73ebb-1788628455922""}"
True;5112813;2026-09-05 13:43:45.503000;2026-09-05 00:00:00;34901058;VERIFYORDER;G9NPFLXQD6;MFYP4BE/A;"{""orderDetailsResponses"":{""deviceEligibility"":{""secondaryDisplay"":""0"",""partDescription"":""AppleCare+ con robo y pérdida para iPhone 17 Pro Max"",""coverageDuration"":""2"",""productStatement"":""Tu AppleCare+ con robo y pérdida para iPhone 17 Pro Max amplía la cobertura de servicio y soporte técnico a 2 años desde la fecha de compra de AppleCare+ con robo y pérdida e incluye cobertura para una cantidad ilimitada de incidentes por daño accidental debido a la manipulación del producto o un máximo de dos incidentes de robo y pérdida cada 12 meses, cada uno de ellos sujeto a un cargo adicional de R$96000  por Otros daños accidentales o de R$28000  por los daños de la pantalla o la carcasa externa o de R$144000  por robo o pérdida. Lee todos los detalles en los Términos y condiciones de AppleCare+."",""deviceDateOfPurchase"":""17/08/2026"",""deviceId"":""G9NPFLXQD6"",""registeredDevice"":""0"",""pocType"":""APOC"",""serialNumber"":""G9NPFLXQD6"",""partNumber"":""SX382ZX/A"",""partAlias"":""ACPTL"",""purchaseMode"":""I"",""productDescription"":""iPhone 17 Pro Max"",""tlDisclosure"":""La cobertura de robo y pérdida requiere que tengas la función Buscar habilitada en tu dispositivo antes de que se pierda o te lo roben. Durante el proceso de reclamación, te pediremos que uses la función Buscar para poner el dispositivo perdido o robado en modo Perdido, borrarlo y transferir la propiedad a Apple para que podamos asignarte un nuevo dispositivo. Para asegurarte de que puedas iniciar sesión en Buscar y acceder a esta función, es importante que recuerdes tu ID de Apple y contraseña, y que mantengas la información de tu cuenta actualizada. Si usas la autenticación de doble factor para el ID de Apple, te recomendamos que añadas un número de teléfono adicional de confianza a tu cuenta en el que puedas recibir el código de verificación de 6 dígitos que necesitas para iniciar sesión aunque no tengas tu iPhone. Para obtener más información, visita las páginas de Soporte técnico de Apple.""}},""transactionId"":""53271483-8a1a-422f-8881-5e0da99448b1-1788630224861""}"
True;5112813;2026-09-05 13:45:55.023000;2026-09-05 00:00:00;34901058;VERIFYORDER;G9NPFLXQD6;MFYP4BE/A;"{""orderDetailsResponses"":{""deviceEligibility"":{""secondaryDisplay"":""0"",""partDescription"":""AppleCare+ con robo y pérdida para iPhone 17 Pro Max"",""coverageDuration"":""2"",""productStatement"":""Tu AppleCare+ con robo y pérdida para iPhone 17 Pro Max amplía la cobertura de servicio y soporte técnico a 2 años desde la fecha de compra de AppleCare+ con robo y pérdida e incluye cobertura para una cantidad ilimitada de incidentes por daño accidental debido a la manipulación del producto o un máximo de dos incidentes de robo y pérdida cada 12 meses, cada uno de ellos sujeto a un cargo adicional de R$96000  por Otros daños accidentales o de R$28000  por los daños de la pantalla o la carcasa externa o de R$144000  por robo o pérdida. Lee todos los detalles en los Términos y condiciones de AppleCare+."",""deviceDateOfPurchase"":""17/08/2026"",""deviceId"":""G9NPFLXQD6"",""registeredDevice"":""0"",""pocType"":""APOC"",""serialNumber"":""G9NPFLXQD6"",""partNumber"":""SX382ZX/A"",""partAlias"":""ACPTL"",""purchaseMode"":""I"",""productDescription"":""iPhone 17 Pro Max"",""tlDisclosure"":""La cobertura de robo y pérdida requiere que tengas la función Buscar habilitada en tu dispositivo antes de que se pierda o te lo roben. Durante el proceso de reclamación, te pediremos que uses la función Buscar para poner el dispositivo perdido o robado en modo Perdido, borrarlo y transferir la propiedad a Apple para que podamos asignarte un nuevo dispositivo. Para asegurarte de que puedas iniciar sesión en Buscar y acceder a esta función, es importante que recuerdes tu ID de Apple y contraseña, y que mantengas la información de tu cuenta actualizada. Si usas la autenticación de doble factor para el ID de Apple, te recomendamos que añadas un número de teléfono adicional de confianza a tu cuenta en el que puedas recibir el código de verificación de 6 dígitos que necesitas para iniciar sesión aunque no tengas tu iPhone. Para obtener más información, visita las páginas de Soporte técnico de Apple.""}},""transactionId"":""08c3a31d-60e4-44ee-b7a2-bfed154f6b54-1788630354521""}"
True;5112813;2026-09-05 13:47:28.717000;2026-09-05 00:00:00;34901058;CREATEORDER;G9NPFLXQD6;MFYP4BE/A;"{""orderDetailsResponses"":{""deviceEligibility"":{""secondaryDisplay"":""0"",""partDescription"":""AppleCare+ con robo y pérdida para iPhone 17 Pro Max"",""coverageDuration"":""2"",""productStatement"":""Tu AppleCare+ con robo y pérdida para iPhone 17 Pro Max amplía la cobertura de servicio y soporte técnico a 2 años desde la fecha de compra de AppleCare+ con robo y pérdida e incluye cobertura para una cantidad ilimitada de incidentes por daño accidental debido a la manipulación del producto o un máximo de dos incidentes de robo y pérdida cada 12 meses, cada uno de ellos sujeto a un cargo adicional de R$96000  por Otros daños accidentales o de R$28000  por los daños de la pantalla o la carcasa externa o de R$144000  por robo o pérdida. Lee todos los detalles en los Términos y condiciones de AppleCare+."",""deviceDateOfPurchase"":""17/08/2026"",""deviceId"":""G9NPFLXQD6"",""registeredDevice"":""0"",""pocType"":""APOC"",""serialNumber"":""G9NPFLXQD6"",""partNumber"":""SX382ZX/A"",""partAlias"":""ACPTL"",""purchaseMode"":""I"",""productDescription"":""iPhone 17 Pro Max"",""tlDisclosure"":""La cobertura de robo y pérdida requiere que tengas la función Buscar habilitada en tu dispositivo antes de que se pierda o te lo roben. Durante el proceso de reclamación, te pediremos que uses la función Buscar para poner el dispositivo perdido o robado en modo Perdido, borrarlo y transferir la propiedad a Apple para que podamos asignarte un nuevo dispositivo. Para asegurarte de que puedas iniciar sesión en Buscar y acceder a esta función, es importante que recuerdes tu ID de Apple y contraseña, y que mantengas la información de tu cuenta actualizada. Si usas la autenticación de doble factor para el ID de Apple, te recomendamos que añadas un número de teléfono adicional de confianza a tu cuenta en el que puedas recibir el código de verificación de 6 dígitos que necesitas para iniciar sesión aunque no tengas tu iPhone. Para obtener más información, visita las páginas de Soporte técnico de Apple.""},""orderConfirmation"":{""agreementNumber"":""328417206723"",""coverageDurationStatement"":""Finaliza el 04/09/2028"",""termConditionURL"":""http://www.apple.com/legal/sales-support/"",""partNumber"":""SX382ZX/A"",""partAlias"":""ACPTL"",""partType"":""AC+TL"",""purchaseMode"":""I"",""appleCareSalesDate"":""05/09/2026"",""pocType"":""APOC"",""purchaseOrderNumber"":""34901058""}},""transactionId"":""b50fb44c-9682-4ee5-94eb-ca6aded0ea53-1788630443560""}"
True;5132484;2026-09-05 13:58:53.310000;2026-09-05 00:00:00;19701133;VERIFYORDER;SJVQLGY7R4H;MFYQ4BE/A;"{""orderDetailsResponses"":{""deviceEligibility"":{""secondaryDisplay"":""0"",""partDescription"":""AppleCare+ con robo y pérdida para iPhone 17 Pro Max"",""coverageDuration"":""2"",""productStatement"":""Tu AppleCare+ con robo y pérdida para iPhone 17 Pro Max amplía la cobertura de servicio y soporte técnico a 2 años desde la fecha de compra de AppleCare+ con robo y pérdida e incluye cobertura para una cantidad ilimitada de incidentes por daño accidental debido a la manipulación del producto o un máximo de dos incidentes de robo y pérdida cada 12 meses, cada uno de ellos sujeto a un cargo adicional de R$96000  por Otros daños accidentales o de R$28000  por los daños de la pantalla o la carcasa externa o de R$144000  por robo o pérdida. Lee todos los detalles en los Términos y condiciones de AppleCare+."",""deviceDateOfPurchase"":""05/09/2026"",""deviceId"":""SJVQLGY7R4H"",""registeredDevice"":""1"",""pocType"":""APOC"",""serialNumber"":""JVQLGY7R4H"",""partNumber"":""SX382ZX/A"",""partAlias"":""ACPTL"",""purchaseMode"":""C"",""productDescription"":""iPhone 17 Pro Max"",""tlDisclosure"":""La cobertura de robo y pérdida requiere que tengas la función Buscar habilitada en tu dispositivo antes de que se pierda o te lo roben. Durante el proceso de reclamación, te pediremos que uses la función Buscar para poner el dispositivo perdido o robado en modo Perdido, borrarlo y transferir la propiedad a Apple para que podamos asignarte un nuevo dispositivo. Para asegurarte de que puedas iniciar sesión en Buscar y acceder a esta función, es importante que recuerdes tu ID de Apple y contraseña, y que mantengas la información de tu cuenta actualizada. Si usas la autenticación de doble factor para el ID de Apple, te recomendamos que añadas un número de teléfono adicional de confianza a tu cuenta en el que puedas recibir el código de verificación de 6 dígitos que necesitas para iniciar sesión aunque no tengas tu iPhone. Para obtener más información, visita las páginas de Soporte técnico de Apple.""}},""transactionId"":""348fb201-a866-4537-b554-bc7ffc076f79-1788631132798""}"
True;5122591;2026-09-05 14:02:13.790000;2026-09-05 00:00:00;23301127;VERIFYORDER;SCFP17PX0QY;MDHC4CI/A;"{""orderDetailsResponses"":{""deviceEligibility"":{""secondaryDisplay"":""1"",""partDescription"":""AppleCare+ para 13-inch MacBook Air (M5)"",""coverageDuration"":""3"",""productStatement"":""AppleCare+ para 13-inch MacBook Air (M5) amplía la cobertura de servicio y soporte técnico a 3 años desde la fecha de compra de AppleCare+ e incluye cobertura para una cantidad ilimitada de incidentes por daño accidental debido a la manipulación del producto, cada uno de ellos sujeto a un cargo adicional de R$96000  por daños en la pantalla o la carcasa externa o de R$289000  por Otros daños accidentales. Lee todos los detalles en los Términos y condiciones de AppleCare+."",""deviceDateOfPurchase"":""05/09/2026"",""deviceId"":""SCFP17PX0QY"",""registeredDevice"":""1"",""pocType"":""APOC"",""serialNumber"":""CFP17PX0QY"",""partNumber"":""SCW83ZX/A"",""partAlias"":""ACP"",""purchaseMode"":""C"",""productDescription"":""MacBook Air (13-inch, M5)""}},""transactionId"":""85efd305-204e-4585-8c3f-d5c9541f0997-1788631333161""}"
True;5132484;2026-09-05 14:03:12.530000;2026-09-05 00:00:00;19701133;CREATEORDER;SJVQLGY7R4H;MFYQ4BE/A;"{""orderDetailsResponses"":{""deviceEligibility"":{""secondaryDisplay"":""0"",""partDescription"":""AppleCare+ con robo y pérdida para iPhone 17 Pro Max"",""coverageDuration"":""2"",""productStatement"":""Tu AppleCare+ con robo y pérdida para iPhone 17 Pro Max amplía la cobertura de servicio y soporte técnico a 2 años desde la fecha de compra de AppleCare+ con robo y pérdida e incluye cobertura para una cantidad ilimitada de incidentes por daño accidental debido a la manipulación del producto o un máximo de dos incidentes de robo y pérdida cada 12 meses, cada uno de ellos sujeto a un cargo adicional de R$96000  por Otros daños accidentales o de R$28000  por los daños de la pantalla o la carcasa externa o de R$144000  por robo o pérdida. Lee todos los detalles en los Términos y condiciones de AppleCare+."",""deviceDateOfPurchase"":""05/09/2026"",""deviceId"":""SJVQLGY7R4H"",""registeredDevice"":""1"",""pocType"":""APOC"",""serialNumber"":""JVQLGY7R4H"",""partNumber"":""SX382ZX/A"",""partAlias"":""ACPTL"",""purchaseMode"":""C"",""productDescription"":""iPhone 17 Pro Max"",""tlDisclosure"":""La cobertura de robo y pérdida requiere que tengas la función Buscar habilitada en tu dispositivo antes de que se pierda o te lo roben. Durante el proceso de reclamación, te pediremos que uses la función Buscar para poner el dispositivo perdido o robado en modo Perdido, borrarlo y transferir la propiedad a Apple para que podamos asignarte un nuevo dispositivo. Para asegurarte de que puedas iniciar sesión en Buscar y acceder a esta función, es importante que recuerdes tu ID de Apple y contraseña, y que mantengas la información de tu cuenta actualizada. Si usas la autenticación de doble factor para el ID de Apple, te recomendamos que añadas un número de teléfono adicional de confianza a tu cuenta en el que puedas recibir el código de verificación de 6 dígitos que necesitas para iniciar sesión aunque no tengas tu iPhone. Para obtener más información, visita las páginas de Soporte técnico de Apple.""},""orderConfirmation"":{""agreementNumber"":""328417203939"",""coverageDurationStatement"":""Finaliza el 04/09/2028"",""termConditionURL"":""http://www.apple.com/legal/sales-support/"",""partNumber"":""SX382ZX/A"",""partAlias"":""ACPTL"",""partType"":""AC+TL"",""purchaseMode"":""C"",""appleCareSalesDate"":""05/09/2026"",""pocType"":""APOC"",""purchaseOrderNumber"":""19701133""}},""transactionId"":""49ca44d8-9f79-4d3e-b2cc-fb42b8336ba3-1788631387381""}"
True;5122591;2026-09-05 14:04:01.250000;2026-09-05 00:00:00;23301127;CREATEORDER;SCFP17PX0QY;MDHC4CI/A;"{""orderDetailsResponses"":{""deviceEligibility"":{""secondaryDisplay"":""1"",""partDescription"":""AppleCare+ para 13-inch MacBook Air (M5)"",""coverageDuration"":""3"",""productStatement"":""AppleCare+ para 13-inch MacBook Air (M5) amplía la cobertura de servicio y soporte técnico a 3 años desde la fecha de compra de AppleCare+ e incluye cobertura para una cantidad ilimitada de incidentes por daño accidental debido a la manipulación del producto, cada uno de ellos sujeto a un cargo adicional de R$96000  por daños en la pantalla o la carcasa externa o de R$289000  por Otros daños accidentales. Lee todos los detalles en los Términos y condiciones de AppleCare+."",""deviceDateOfPurchase"":""05/09/2026"",""deviceId"":""SCFP17PX0QY"",""registeredDevice"":""1"",""pocType"":""APOC"",""serialNumber"":""CFP17PX0QY"",""partNumber"":""SCW83ZX/A"",""partAlias"":""ACP"",""purchaseMode"":""C"",""productDescription"":""MacBook Air (13-inch, M5)""},""orderConfirmation"":{""agreementNumber"":""328417202930"",""coverageDurationStatement"":""Finaliza el 04/09/2029"",""termConditionURL"":""http://www.apple.com/legal/sales-support/"",""partNumber"":""SCW83ZX/A"",""partAlias"":""ACP"",""partType"":""AppleCare+"",""purchaseMode"":""C"",""appleCareSalesDate"":""05/09/2026"",""pocType"":""APOC"",""purchaseOrderNumber"":""23301127""}},""transactionId"":""3e98f4f9-ebe1-46b0-9948-02a62f4186c9-1788631437125""}"
True;5047426;2026-09-05 14:07:04.200000;2026-09-05 00:00:00;64501117;VERIFYORDER;SD1WF327R64;MG8G4BE/A;"{""orderDetailsResponses"":{""deviceEligibility"":{""secondaryDisplay"":""0"",""partDescription"":""AppleCare+ con robo y pérdida para iPhone 17 Pro"",""coverageDuration"":""2"",""productStatement"":""Tu AppleCare+ con robo y pérdida para iPhone 17 Pro amplía la cobertura de servicio y soporte técnico a 2 años desde la fecha de compra de AppleCare+ con robo y pérdida e incluye cobertura para una cantidad ilimitada de incidentes por daño accidental debido a la manipulación del producto o un máximo de dos incidentes de robo y pérdida cada 12 meses, cada uno de ellos sujeto a un cargo adicional de R$96000  por Otros daños accidentales o de R$28000  por los daños de la pantalla o la carcasa externa o de R$144000  por robo o pérdida. Lee todos los detalles en los Términos y condiciones de AppleCare+."",""deviceDateOfPurchase"":""05/09/2026"",""deviceId"":""SD1WF327R64"",""registeredDevice"":""1"",""pocType"":""APOC"",""serialNumber"":""D1WF327R64"",""partNumber"":""SX342ZX/A"",""partAlias"":""ACPTL"",""purchaseMode"":""C"",""productDescription"":""iPhone 17 Pro"",""tlDisclosure"":""La cobertura de robo y pérdida requiere que tengas la función Buscar habilitada en tu dispositivo antes de que se pierda o te lo roben. Durante el proceso de reclamación, te pediremos que uses la función Buscar para poner el dispositivo perdido o robado en modo Perdido, borrarlo y transferir la propiedad a Apple para que podamos asignarte un nuevo dispositivo. Para asegurarte de que puedas iniciar sesión en Buscar y acceder a esta función, es importante que recuerdes tu ID de Apple y contraseña, y que mantengas la información de tu cuenta actualizada. Si usas la autenticación de doble factor para el ID de Apple, te recomendamos que añadas un número de teléfono adicional de confianza a tu cuenta en el que puedas recibir el código de verificación de 6 dígitos que necesitas para iniciar sesión aunque no tengas tu iPhone. Para obtener más información, visita las páginas de Soporte técnico de Apple.""}},""transactionId"":""0de6373e-4f2b-4a26-9e05-67c9dc1552c7-1788631623692""}"
True;5144272;2026-09-05 14:09:28.913000;2026-09-05 00:00:00;36401055;VERIFYORDER;SD662WQKC9M;MFYT4BE/A;"{""orderDetailsResponses"":{""deviceEligibility"":{""secondaryDisplay"":""0"",""partDescription"":""AppleCare+ con robo y pérdida para iPhone 17 Pro Max"",""coverageDuration"":""2"",""productStatement"":""Tu AppleCare+ con robo y pérdida para iPhone 17 Pro Max amplía la cobertura de servicio y soporte técnico a 2 años desde la fecha de compra de AppleCare+ con robo y pérdida e incluye cobertura para una cantidad ilimitada de incidentes por daño accidental debido a la manipulación del producto o un máximo de dos incidentes de robo y pérdida cada 12 meses, cada uno de ellos sujeto a un cargo adicional de R$96000  por Otros daños accidentales o de R$28000  por los daños de la pantalla o la carcasa externa o de R$144000  por robo o pérdida. Lee todos los detalles en los Términos y condiciones de AppleCare+."",""deviceDateOfPurchase"":""05/09/2026"",""deviceId"":""SD662WQKC9M"",""registeredDevice"":""1"",""pocType"":""APOC"",""serialNumber"":""D662WQKC9M"",""partNumber"":""SX382ZX/A"",""partAlias"":""ACPTL"",""purchaseMode"":""C"",""productDescription"":""iPhone 17 Pro Max"",""tlDisclosure"":""La cobertura de robo y pérdida requiere que tengas la función Buscar habilitada en tu dispositivo antes de que se pierda o te lo roben. Durante el proceso de reclamación, te pediremos que uses la función Buscar para poner el dispositivo perdido o robado en modo Perdido, borrarlo y transferir la propiedad a Apple para que podamos asignarte un nuevo dispositivo. Para asegurarte de que puedas iniciar sesión en Buscar y acceder a esta función, es importante que recuerdes tu ID de Apple y contraseña, y que mantengas la información de tu cuenta actualizada. Si usas la autenticación de doble factor para el ID de Apple, te recomendamos que añadas un número de teléfono adicional de confianza a tu cuenta en el que puedas recibir el código de verificación de 6 dígitos que necesitas para iniciar sesión aunque no tengas tu iPhone. Para obtener más información, visita las páginas de Soporte técnico de Apple.""}},""transactionId"":""3f2a70e8-11d4-48cc-b50d-6b0bae3caacf-1788631768388""}"
True;5144272;2026-09-05 14:13:46.257000;2026-09-05 00:00:00;36401055;CREATEORDER;SD662WQKC9M;MFYT4BE/A;"{""orderDetailsResponses"":{""deviceEligibility"":{""secondaryDisplay"":""0"",""partDescription"":""AppleCare+ con robo y pérdida para iPhone 17 Pro Max"",""coverageDuration"":""2"",""productStatement"":""Tu AppleCare+ con robo y pérdida para iPhone 17 Pro Max amplía la cobertura de servicio y soporte técnico a 2 años desde la fecha de compra de AppleCare+ con robo y pérdida e incluye cobertura para una cantidad ilimitada de incidentes por daño accidental debido a la manipulación del producto o un máximo de dos incidentes de robo y pérdida cada 12 meses, cada uno de ellos sujeto a un cargo adicional de R$96000  por Otros daños accidentales o de R$28000  por los daños de la pantalla o la carcasa externa o de R$144000  por robo o pérdida. Lee todos los detalles en los Términos y condiciones de AppleCare+."",""deviceDateOfPurchase"":""05/09/2026"",""deviceId"":""SD662WQKC9M"",""registeredDevice"":""1"",""pocType"":""APOC"",""serialNumber"":""D662WQKC9M"",""partNumber"":""SX382ZX/A"",""partAlias"":""ACPTL"",""purchaseMode"":""C"",""productDescription"":""iPhone 17 Pro Max"",""tlDisclosure"":""La cobertura de robo y pérdida requiere que tengas la función Buscar habilitada en tu dispositivo antes de que se pierda o te lo roben. Durante el proceso de reclamación, te pediremos que uses la función Buscar para poner el dispositivo perdido o robado en modo Perdido, borrarlo y transferir la propiedad a Apple para que podamos asignarte un nuevo dispositivo. Para asegurarte de que puedas iniciar sesión en Buscar y acceder a esta función, es importante que recuerdes tu ID de Apple y contraseña, y que mantengas la información de tu cuenta actualizada. Si usas la autenticación de doble factor para el ID de Apple, te recomendamos que añadas un número de teléfono adicional de confianza a tu cuenta en el que puedas recibir el código de verificación de 6 dígitos que necesitas para iniciar sesión aunque no tengas tu iPhone. Para obtener más información, visita las páginas de Soporte técnico de Apple.""},""orderConfirmation"":{""agreementNumber"":""328417222370"",""coverageDurationStatement"":""Finaliza el 04/09/2028"",""termConditionURL"":""http://www.apple.com/legal/sales-support/"",""partNumber"":""SX382ZX/A"",""partAlias"":""ACPTL"",""partType"":""AC+TL"",""purchaseMode"":""C"",""appleCareSalesDate"":""05/09/2026"",""pocType"":""APOC"",""purchaseOrderNumber"":""36401055""}},""transactionId"":""7ce66e8b-6ff4-4771-8771-8c2580fec404-1788632021479""}"
True;5047426;2026-09-05 14:13:56.607000;2026-09-05 00:00:00;64501117;CREATEORDER;SD1WF327R64;MG8G4BE/A;"{""orderDetailsResponses"":{""deviceEligibility"":{""secondaryDisplay"":""0"",""partDescription"":""AppleCare+ con robo y pérdida para iPhone 17 Pro"",""coverageDuration"":""2"",""productStatement"":""Tu AppleCare+ con robo y pérdida para iPhone 17 Pro amplía la cobertura de servicio y soporte técnico a 2 años desde la fecha de compra de AppleCare+ con robo y pérdida e incluye cobertura para una cantidad ilimitada de incidentes por daño accidental debido a la manipulación del producto o un máximo de dos incidentes de robo y pérdida cada 12 meses, cada uno de ellos sujeto a un cargo adicional de R$96000  por Otros daños accidentales o de R$28000  por los daños de la pantalla o la carcasa externa o de R$144000  por robo o pérdida. Lee todos los detalles en los Términos y condiciones de AppleCare+."",""deviceDateOfPurchase"":""05/09/2026"",""deviceId"":""SD1WF327R64"",""registeredDevice"":""1"",""pocType"":""APOC"",""serialNumber"":""D1WF327R64"",""partNumber"":""SX342ZX/A"",""partAlias"":""ACPTL"",""purchaseMode"":""C"",""productDescription"":""iPhone 17 Pro"",""tlDisclosure"":""La cobertura de robo y pérdida requiere que tengas la función Buscar habilitada en tu dispositivo antes de que se pierda o te lo roben. Durante el proceso de reclamación, te pediremos que uses la función Buscar para poner el dispositivo perdido o robado en modo Perdido, borrarlo y transferir la propiedad a Apple para que podamos asignarte un nuevo dispositivo. Para asegurarte de que puedas iniciar sesión en Buscar y acceder a esta función, es importante que recuerdes tu ID de Apple y contraseña, y que mantengas la información de tu cuenta actualizada. Si usas la autenticación de doble factor para el ID de Apple, te recomendamos que añadas un número de teléfono adicional de confianza a tu cuenta en el que puedas recibir el código de verificación de 6 dígitos que necesitas para iniciar sesión aunque no tengas tu iPhone. Para obtener más información, visita las páginas de Soporte técnico de Apple.""},""orderConfirmation"":{""agreementNumber"":""328417242099"",""coverageDurationStatement"":""Finaliza el 04/09/2028"",""termConditionURL"":""http://www.apple.com/legal/sales-support/"",""partNumber"":""SX342ZX/A"",""partAlias"":""ACPTL"",""partType"":""AC+TL"",""purchaseMode"":""C"",""appleCareSalesDate"":""05/09/2026"",""pocType"":""APOC"",""purchaseOrderNumber"":""64501117""}},""transactionId"":""8b6b85e2-9551-4b3b-984e-18899218093f-1788632031537""}"
True;5172076;2026-09-05 14:22:31.080000;2026-09-05 00:00:00;21501065;VERIFYORDER;SGYYKCG7P7K;MG6N4BE/A;"{""orderDetailsResponses"":{""deviceEligibility"":{""secondaryDisplay"":""0"",""partDescription"":""AppleCare+ con robo y pérdida para iPhone 17"",""coverageDuration"":""2"",""productStatement"":""Tu AppleCare+ con robo y pérdida para iPhone 17 amplía la cobertura de servicio y soporte técnico a 2 años desde la fecha de compra de AppleCare+ con robo y pérdida e incluye cobertura para una cantidad ilimitada de incidentes por daño accidental debido a la manipulación del producto o un máximo de dos incidentes de robo y pérdida cada 12 meses, cada uno de ellos sujeto a un cargo adicional de R$96000  por Otros daños accidentales o de R$28000  por los daños de la pantalla o la carcasa externa o de R$144000  por robo o pérdida. Lee todos los detalles en los Términos y condiciones de AppleCare+."",""deviceDateOfPurchase"":""05/09/2026"",""deviceId"":""SGYYKCG7P7K"",""registeredDevice"":""1"",""pocType"":""APOC"",""serialNumber"":""GYYKCG7P7K"",""partNumber"":""SX2V2ZX/A"",""partAlias"":""ACPTL"",""purchaseMode"":""C"",""productDescription"":""iPhone 17"",""tlDisclosure"":""La cobertura de robo y pérdida requiere que tengas la función Buscar habilitada en tu dispositivo antes de que se pierda o te lo roben. Durante el proceso de reclamación, te pediremos que uses la función Buscar para poner el dispositivo perdido o robado en modo Perdido, borrarlo y transferir la propiedad a Apple para que podamos asignarte un nuevo dispositivo. Para asegurarte de que puedas iniciar sesión en Buscar y acceder a esta función, es importante que recuerdes tu ID de Apple y contraseña, y que mantengas la información de tu cuenta actualizada. Si usas la autenticación de doble factor para el ID de Apple, te recomendamos que añadas un número de teléfono adicional de confianza a tu cuenta en el que puedas recibir el código de verificación de 6 dígitos que necesitas para iniciar sesión aunque no tengas tu iPhone. Para obtener más información, visita las páginas de Soporte técnico de Apple.""}},""transactionId"":""809635cf-7345-43f5-8d3d-3b5a6df62c5c-1788632550512""}"
True;5145864;2026-09-05 14:22:32.670000;2026-09-05 00:00:00;401166;VERIFYORDER;SLD79FY1Q2J;MD4P4CI/A;"{""orderDetailsResponses"":{""deviceEligibility"":{""secondaryDisplay"":""1"",""partDescription"":""AppleCare+ para iPad (A16)"",""coverageDuration"":""2"",""productStatement"":""AppleCare+ para iPad (A16) amplía la cobertura de servicio y soporte técnico a 2 años desde la fecha de compra de AppleCare+ e incluye cobertura para una cantidad ilimitada de incidentes por daño accidental debido a la manipulación del producto, cada uno de ellos sujeto a un cargo adicional de R$96000  por Otros daños accidentales o de R$28000  por Daños que afectan solo a la pantalla o de R$28000  por Apple Pencil / Keyboard. Lee todos los detalles en los Términos y condiciones de AppleCare+."",""deviceDateOfPurchase"":""05/09/2026"",""deviceId"":""SLD79FY1Q2J"",""registeredDevice"":""1"",""pocType"":""APOC"",""serialNumber"":""LD79FY1Q2J"",""partNumber"":""SUYD2ZX/A"",""purchaseMode"":""C"",""productDescription"":""iPad (A16) Wi-Fi""}},""transactionId"":""60a7b140-39e5-4978-baaa-422623f0ff69-1788632552128""}"
True;5145864;2026-09-05 14:25:54.647000;2026-09-05 00:00:00;401166;CREATEORDER;SLD79FY1Q2J;MD4P4CI/A;"{""orderDetailsResponses"":{""deviceEligibility"":{""secondaryDisplay"":""1"",""partDescription"":""AppleCare+ para iPad (A16)"",""coverageDuration"":""2"",""productStatement"":""AppleCare+ para iPad (A16) amplía la cobertura de servicio y soporte técnico a 2 años desde la fecha de compra de AppleCare+ e incluye cobertura para una cantidad ilimitada de incidentes por daño accidental debido a la manipulación del producto, cada uno de ellos sujeto a un cargo adicional de R$96000  por Otros daños accidentales o de R$28000  por Daños que afectan solo a la pantalla o de R$28000  por Apple Pencil / Keyboard. Lee todos los detalles en los Términos y condiciones de AppleCare+."",""deviceDateOfPurchase"":""05/09/2026"",""deviceId"":""SLD79FY1Q2J"",""registeredDevice"":""1"",""pocType"":""APOC"",""serialNumber"":""LD79FY1Q2J"",""partNumber"":""SUYD2ZX/A"",""purchaseMode"":""C"",""productDescription"":""iPad (A16) Wi-Fi""},""orderConfirmation"":{""agreementNumber"":""328417242216"",""coverageDurationStatement"":""Finaliza el 04/09/2028"",""termConditionURL"":""http://www.apple.com/legal/sales-support/"",""partNumber"":""SUYD2ZX/A"",""partType"":""AppleCare+"",""purchaseMode"":""C"",""appleCareSalesDate"":""05/09/2026"",""pocType"":""APOC"",""purchaseOrderNumber"":""401166""}},""transactionId"":""5a33b4fb-0653-449f-a415-617fae8ba0ba-1788632749933""}"
True;5172076;2026-09-05 14:25:57.450000;2026-09-05 00:00:00;21501065;CREATEORDER;SGYYKCG7P7K;MG6N4BE/A;"{""orderDetailsResponses"":{""deviceEligibility"":{""secondaryDisplay"":""0"",""partDescription"":""AppleCare+ con robo y pérdida para iPhone 17"",""coverageDuration"":""2"",""productStatement"":""Tu AppleCare+ con robo y pérdida para iPhone 17 amplía la cobertura de servicio y soporte técnico a 2 años desde la fecha de compra de AppleCare+ con robo y pérdida e incluye cobertura para una cantidad ilimitada de incidentes por daño accidental debido a la manipulación del producto o un máximo de dos incidentes de robo y pérdida cada 12 meses, cada uno de ellos sujeto a un cargo adicional de R$96000  por Otros daños accidentales o de R$28000  por los daños de la pantalla o la carcasa externa o de R$144000  por robo o pérdida. Lee todos los detalles en los Términos y condiciones de AppleCare+."",""deviceDateOfPurchase"":""05/09/2026"",""deviceId"":""SGYYKCG7P7K"",""registeredDevice"":""1"",""pocType"":""APOC"",""serialNumber"":""GYYKCG7P7K"",""partNumber"":""SX2V2ZX/A"",""partAlias"":""ACPTL"",""purchaseMode"":""C"",""productDescription"":""iPhone 17"",""tlDisclosure"":""La cobertura de robo y pérdida requiere que tengas la función Buscar habilitada en tu dispositivo antes de que se pierda o te lo roben. Durante el proceso de reclamación, te pediremos que uses la función Buscar para poner el dispositivo perdido o robado en modo Perdido, borrarlo y transferir la propiedad a Apple para que podamos asignarte un nuevo dispositivo. Para asegurarte de que puedas iniciar sesión en Buscar y acceder a esta función, es importante que recuerdes tu ID de Apple y contraseña, y que mantengas la información de tu cuenta actualizada. Si usas la autenticación de doble factor para el ID de Apple, te recomendamos que añadas un número de teléfono adicional de confianza a tu cuenta en el que puedas recibir el código de verificación de 6 dígitos que necesitas para iniciar sesión aunque no tengas tu iPhone. Para obtener más información, visita las páginas de Soporte técnico de Apple.""},""orderConfirmation"":{""agreementNumber"":""328417223471"",""coverageDurationStatement"":""Finaliza el 04/09/2028"",""termConditionURL"":""http://www.apple.com/legal/sales-support/"",""partNumber"":""SX2V2ZX/A"",""partAlias"":""ACPTL"",""partType"":""AC+TL"",""purchaseMode"":""C"",""appleCareSalesDate"":""05/09/2026"",""pocType"":""APOC"",""purchaseOrderNumber"":""21501065""}},""transactionId"":""a1176a93-dc69-4d32-97d1-5bf6158f2429-1788632752487""}"
True;5135980;2026-09-05 14:41:19.033000;2026-09-05 00:00:00;21401029;VERIFYORDER;SLV7PV4HTHH;MG2P4BE/A;"{""orderDetailsResponses"":{""deviceEligibility"":{""secondaryDisplay"":""0"",""partDescription"":""AppleCare+ con robo y pérdida para iPhone Air"",""coverageDuration"":""2"",""productStatement"":""Tu AppleCare+ con robo y pérdida para iPhone Air amplía la cobertura de servicio y soporte técnico a 2 años desde la fecha de compra de AppleCare+ con robo y pérdida e incluye cobertura para una cantidad ilimitada de incidentes por daño accidental debido a la manipulación del producto o un máximo de dos incidentes de robo y pérdida cada 12 meses, cada uno de ellos sujeto a un cargo adicional de R$96000  por Otros daños accidentales o de R$28000  por los daños de la pantalla o la carcasa externa o de R$144000  por robo o pérdida. Lee todos los detalles en los Términos y condiciones de AppleCare+."",""deviceDateOfPurchase"":""05/09/2026"",""deviceId"":""SLV7PV4HTHH"",""registeredDevice"":""1"",""pocType"":""APOC"",""serialNumber"":""LV7PV4HTHH"",""partNumber"":""SX302ZX/A"",""partAlias"":""ACPTL"",""purchaseMode"":""C"",""productDescription"":""iPhone Air"",""tlDisclosure"":""La cobertura de robo y pérdida requiere que tengas la función Buscar habilitada en tu dispositivo antes de que se pierda o te lo roben. Durante el proceso de reclamación, te pediremos que uses la función Buscar para poner el dispositivo perdido o robado en modo Perdido, borrarlo y transferir la propiedad a Apple para que podamos asignarte un nuevo dispositivo. Para asegurarte de que puedas iniciar sesión en Buscar y acceder a esta función, es importante que recuerdes tu ID de Apple y contraseña, y que mantengas la información de tu cuenta actualizada. Si usas la autenticación de doble factor para el ID de Apple, te recomendamos que añadas un número de teléfono adicional de confianza a tu cuenta en el que puedas recibir el código de verificación de 6 dígitos que necesitas para iniciar sesión aunque no tengas tu iPhone. Para obtener más información, visita las páginas de Soporte técnico de Apple.""}},""transactionId"":""076ca0e0-c157-4e91-86b7-8e51d217f2a0-1788633678526""}"
True;5135980;2026-09-05 14:43:39.813000;2026-09-05 00:00:00;21401029;CREATEORDER;SLV7PV4HTHH;MG2P4BE/A;"{""orderDetailsResponses"":{""deviceEligibility"":{""secondaryDisplay"":""0"",""partDescription"":""AppleCare+ con robo y pérdida para iPhone Air"",""coverageDuration"":""2"",""productStatement"":""Tu AppleCare+ con robo y pérdida para iPhone Air amplía la cobertura de servicio y soporte técnico a 2 años desde la fecha de compra de AppleCare+ con robo y pérdida e incluye cobertura para una cantidad ilimitada de incidentes por daño accidental debido a la manipulación del producto o un máximo de dos incidentes de robo y pérdida cada 12 meses, cada uno de ellos sujeto a un cargo adicional de R$96000  por Otros daños accidentales o de R$28000  por los daños de la pantalla o la carcasa externa o de R$144000  por robo o pérdida. Lee todos los detalles en los Términos y condiciones de AppleCare+."",""deviceDateOfPurchase"":""05/09/2026"",""deviceId"":""SLV7PV4HTHH"",""registeredDevice"":""1"",""pocType"":""APOC"",""serialNumber"":""LV7PV4HTHH"",""partNumber"":""SX302ZX/A"",""partAlias"":""ACPTL"",""purchaseMode"":""C"",""productDescription"":""iPhone Air"",""tlDisclosure"":""La cobertura de robo y pérdida requiere que tengas la función Buscar habilitada en tu dispositivo antes de que se pierda o te lo roben. Durante el proceso de reclamación, te pediremos que uses la función Buscar para poner el dispositivo perdido o robado en modo Perdido, borrarlo y transferir la propiedad a Apple para que podamos asignarte un nuevo dispositivo. Para asegurarte de que puedas iniciar sesión en Buscar y acceder a esta función, es importante que recuerdes tu ID de Apple y contraseña, y que mantengas la información de tu cuenta actualizada. Si usas la autenticación de doble factor para el ID de Apple, te recomendamos que añadas un número de teléfono adicional de confianza a tu cuenta en el que puedas recibir el código de verificación de 6 dígitos que necesitas para iniciar sesión aunque no tengas tu iPhone. Para obtener más información, visita las páginas de Soporte técnico de Apple.""},""orderConfirmation"":{""agreementNumber"":""328417221765"",""coverageDurationStatement"":""Finaliza el 04/09/2028"",""termConditionURL"":""http://www.apple.com/legal/sales-support/"",""partNumber"":""SX302ZX/A"",""partAlias"":""ACPTL"",""partType"":""AC+TL"",""purchaseMode"":""C"",""appleCareSalesDate"":""05/09/2026"",""pocType"":""APOC"",""purchaseOrderNumber"":""21401029""}},""transactionId"":""5f4d4c27-34ae-49ac-8f5b-871bb635a02c-1788633814250""}"
True;1325697;2026-09-05 14:44:51.137000;2026-09-05 00:00:00;4801137;VERIFYORDER;SM21N6346CT;MXP93AM/A;"{""orderDetailsResponses"":{""deviceEligibility"":{""secondaryDisplay"":""0"",""partDescription"":""AppleCare+ para AirPods"",""coverageDuration"":""2"",""productStatement"":""AppleCare+ para AirPods amplía la cobertura de servicio y soporte técnico a 2 años desde la fecha de compra de AppleCare+ e incluye cobertura para una cantidad ilimitada de incidentes por daño accidental debido a la manipulación del producto, cada uno de ellos sujeto a un cargo adicional de CLP28000 . Lee todos los detalles en los Términos y condiciones de AppleCare+."",""deviceDateOfPurchase"":""05/09/2026"",""deviceId"":""SM21N6346CT"",""registeredDevice"":""1"",""pocType"":""APOC"",""serialNumber"":""M21N6346CT"",""partNumber"":""S9066ZX/A"",""partAlias"":""ACP"",""purchaseMode"":""C"",""productDescription"":""AirPods 4 (ANC)""}},""transactionId"":""0e70a867-4e98-4596-b8a3-432f5becc0f7-1788633890570""}"
True;1325697;2026-09-05 14:46:08.400000;2026-09-05 00:00:00;4801137;CREATEORDER;SM21N6346CT;MXP93AM/A;"{""orderDetailsResponses"":{""deviceEligibility"":{""secondaryDisplay"":""0"",""partDescription"":""AppleCare+ para AirPods"",""coverageDuration"":""2"",""productStatement"":""AppleCare+ para AirPods amplía la cobertura de servicio y soporte técnico a 2 años desde la fecha de compra de AppleCare+ e incluye cobertura para una cantidad ilimitada de incidentes por daño accidental debido a la manipulación del producto, cada uno de ellos sujeto a un cargo adicional de CLP28000 . Lee todos los detalles en los Términos y condiciones de AppleCare+."",""deviceDateOfPurchase"":""05/09/2026"",""deviceId"":""SM21N6346CT"",""registeredDevice"":""1"",""pocType"":""APOC"",""serialNumber"":""M21N6346CT"",""partNumber"":""S9066ZX/A"",""partAlias"":""ACP"",""purchaseMode"":""C"",""productDescription"":""AirPods 4 (ANC)""},""orderConfirmation"":{""agreementNumber"":""328417220876"",""coverageDurationStatement"":""Finaliza el 04/09/2028"",""termConditionURL"":""http://www.apple.com/legal/sales-support/"",""partNumber"":""S9066ZX/A"",""partAlias"":""ACP"",""partType"":""AppleCare+"",""purchaseMode"":""C"",""appleCareSalesDate"":""05/09/2026"",""pocType"":""APOC"",""purchaseOrderNumber"":""4801137""}},""transactionId"":""cc4a898c-0f2f-4f6d-869a-d20f8374e0fc-1788633963078""}"
True;5100643;2026-09-05 14:53:54.737000;2026-09-05 00:00:00;13001037;VERIFYORDER;SMYP706NGKG;MG6J4BE/A;"{""orderDetailsResponses"":{""deviceEligibility"":{""secondaryDisplay"":""0"",""partDescription"":""AppleCare+ con robo y pérdida para iPhone 17"",""coverageDuration"":""2"",""productStatement"":""Tu AppleCare+ con robo y pérdida para iPhone 17 amplía la cobertura de servicio y soporte técnico a 2 años desde la fecha de compra de AppleCare+ con robo y pérdida e incluye cobertura para una cantidad ilimitada de incidentes por daño accidental debido a la manipulación del producto o un máximo de dos incidentes de robo y pérdida cada 12 meses, cada uno de ellos sujeto a un cargo adicional de R$96000  por Otros daños accidentales o de R$28000  por los daños de la pantalla o la carcasa externa o de R$144000  por robo o pérdida. Lee todos los detalles en los Términos y condiciones de AppleCare+."",""deviceDateOfPurchase"":""11/08/2026"",""deviceId"":""SMYP706NGKG"",""registeredDevice"":""0"",""pocType"":""APOC"",""serialNumber"":""MYP706NGKG"",""partNumber"":""SX2V2ZX/A"",""partAlias"":""ACPTL"",""purchaseMode"":""I"",""productDescription"":""iPhone 17"",""tlDisclosure"":""La cobertura de robo y pérdida requiere que tengas la función Buscar habilitada en tu dispositivo antes de que se pierda o te lo roben. Durante el proceso de reclamación, te pediremos que uses la función Buscar para poner el dispositivo perdido o robado en modo Perdido, borrarlo y transferir la propiedad a Apple para que podamos asignarte un nuevo dispositivo. Para asegurarte de que puedas iniciar sesión en Buscar y acceder a esta función, es importante que recuerdes tu ID de Apple y contraseña, y que mantengas la información de tu cuenta actualizada. Si usas la autenticación de doble factor para el ID de Apple, te recomendamos que añadas un número de teléfono adicional de confianza a tu cuenta en el que puedas recibir el código de verificación de 6 dígitos que necesitas para iniciar sesión aunque no tengas tu iPhone. Para obtener más información, visita las páginas de Soporte técnico de Apple.""}},""transactionId"":""94e43d0e-ac0b-4de5-81a8-74db88d3320e-1788634434215""}"
True;5100643;2026-09-05 14:55:02.237000;2026-09-05 00:00:00;13001037;VERIFYORDER;SMYP706NGKG;MG6J4BE/a;"{""orderDetailsResponses"":{""deviceEligibility"":{""secondaryDisplay"":""0"",""partDescription"":""AppleCare+ con robo y pérdida para iPhone 17"",""coverageDuration"":""2"",""productStatement"":""Tu AppleCare+ con robo y pérdida para iPhone 17 amplía la cobertura de servicio y soporte técnico a 2 años desde la fecha de compra de AppleCare+ con robo y pérdida e incluye cobertura para una cantidad ilimitada de incidentes por daño accidental debido a la manipulación del producto o un máximo de dos incidentes de robo y pérdida cada 12 meses, cada uno de ellos sujeto a un cargo adicional de R$96000  por Otros daños accidentales o de R$28000  por los daños de la pantalla o la carcasa externa o de R$144000  por robo o pérdida. Lee todos los detalles en los Términos y condiciones de AppleCare+."",""deviceDateOfPurchase"":""11/08/2026"",""deviceId"":""SMYP706NGKG"",""registeredDevice"":""0"",""pocType"":""APOC"",""serialNumber"":""MYP706NGKG"",""partNumber"":""SX2V2ZX/A"",""partAlias"":""ACPTL"",""purchaseMode"":""I"",""productDescription"":""iPhone 17"",""tlDisclosure"":""La cobertura de robo y pérdida requiere que tengas la función Buscar habilitada en tu dispositivo antes de que se pierda o te lo roben. Durante el proceso de reclamación, te pediremos que uses la función Buscar para poner el dispositivo perdido o robado en modo Perdido, borrarlo y transferir la propiedad a Apple para que podamos asignarte un nuevo dispositivo. Para asegurarte de que puedas iniciar sesión en Buscar y acceder a esta función, es importante que recuerdes tu ID de Apple y contraseña, y que mantengas la información de tu cuenta actualizada. Si usas la autenticación de doble factor para el ID de Apple, te recomendamos que añadas un número de teléfono adicional de confianza a tu cuenta en el que puedas recibir el código de verificación de 6 dígitos que necesitas para iniciar sesión aunque no tengas tu iPhone. Para obtener más información, visita las páginas de Soporte técnico de Apple.""}},""transactionId"":""8555f970-ccba-4fbf-9949-6b300a8d43ca-1788634501680""}"
True;5100643;2026-09-05 14:55:54.740000;2026-09-05 00:00:00;13001037;CREATEORDER;SMYP706NGKG;MG6J4BE/a;"{""orderDetailsResponses"":{""deviceEligibility"":{""secondaryDisplay"":""0"",""partDescription"":""AppleCare+ con robo y pérdida para iPhone 17"",""coverageDuration"":""2"",""productStatement"":""Tu AppleCare+ con robo y pérdida para iPhone 17 amplía la cobertura de servicio y soporte técnico a 2 años desde la fecha de compra de AppleCare+ con robo y pérdida e incluye cobertura para una cantidad ilimitada de incidentes por daño accidental debido a la manipulación del producto o un máximo de dos incidentes de robo y pérdida cada 12 meses, cada uno de ellos sujeto a un cargo adicional de R$96000  por Otros daños accidentales o de R$28000  por los daños de la pantalla o la carcasa externa o de R$144000  por robo o pérdida. Lee todos los detalles en los Términos y condiciones de AppleCare+."",""deviceDateOfPurchase"":""11/08/2026"",""deviceId"":""SMYP706NGKG"",""registeredDevice"":""0"",""pocType"":""APOC"",""serialNumber"":""MYP706NGKG"",""partNumber"":""SX2V2ZX/A"",""partAlias"":""ACPTL"",""purchaseMode"":""I"",""productDescription"":""iPhone 17"",""tlDisclosure"":""La cobertura de robo y pérdida requiere que tengas la función Buscar habilitada en tu dispositivo antes de que se pierda o te lo roben. Durante el proceso de reclamación, te pediremos que uses la función Buscar para poner el dispositivo perdido o robado en modo Perdido, borrarlo y transferir la propiedad a Apple para que podamos asignarte un nuevo dispositivo. Para asegurarte de que puedas iniciar sesión en Buscar y acceder a esta función, es importante que recuerdes tu ID de Apple y contraseña, y que mantengas la información de tu cuenta actualizada. Si usas la autenticación de doble factor para el ID de Apple, te recomendamos que añadas un número de teléfono adicional de confianza a tu cuenta en el que puedas recibir el código de verificación de 6 dígitos que necesitas para iniciar sesión aunque no tengas tu iPhone. Para obtener más información, visita las páginas de Soporte técnico de Apple.""},""orderConfirmation"":{""agreementNumber"":""328417221876"",""coverageDurationStatement"":""Finaliza el 04/09/2028"",""termConditionURL"":""http://www.apple.com/legal/sales-support/"",""partNumber"":""SX2V2ZX/A"",""partAlias"":""ACPTL"",""partType"":""AC+TL"",""purchaseMode"":""I"",""appleCareSalesDate"":""05/09/2026"",""pocType"":""APOC"",""purchaseOrderNumber"":""13001037""}},""transactionId"":""9374b5f1-f99e-476a-8aec-5120682ca60d-1788634550516""}"
True;1334051;2026-09-05 14:56:55.840000;2026-09-05 00:00:00;19801133;VERIFYORDER;STF9MP9L47J;MDHK4CI/A;"{""orderDetailsResponses"":{""deviceEligibility"":{""secondaryDisplay"":""1"",""partDescription"":""AppleCare+ para 13-inch MacBook Air (M5)"",""coverageDuration"":""3"",""productStatement"":""AppleCare+ para 13-inch MacBook Air (M5) amplía la cobertura de servicio y soporte técnico a 3 años desde la fecha de compra de AppleCare+ e incluye cobertura para una cantidad ilimitada de incidentes por daño accidental debido a la manipulación del producto, cada uno de ellos sujeto a un cargo adicional de R$96000  por daños en la pantalla o la carcasa externa o de R$289000  por Otros daños accidentales. Lee todos los detalles en los Términos y condiciones de AppleCare+."",""deviceDateOfPurchase"":""05/09/2026"",""deviceId"":""STF9MP9L47J"",""registeredDevice"":""1"",""pocType"":""APOC"",""serialNumber"":""TF9MP9L47J"",""partNumber"":""SCW83ZX/A"",""partAlias"":""ACP"",""purchaseMode"":""C"",""productDescription"":""MacBook Air (13-inch, M5)""}},""transactionId"":""242902f7-c95e-4ec9-af70-98727f13d03b-1788634615230""}"
True;5145391;2026-09-05 14:58:22.340000;2026-09-05 00:00:00;22501111;VERIFYORDER;SG32200Y49C;MFYU4BE/A;"{""orderDetailsResponses"":{""deviceEligibility"":{""secondaryDisplay"":""0"",""partDescription"":""AppleCare+ con robo y pérdida para iPhone 17 Pro Max"",""coverageDuration"":""2"",""productStatement"":""Tu AppleCare+ con robo y pérdida para iPhone 17 Pro Max amplía la cobertura de servicio y soporte técnico a 2 años desde la fecha de compra de AppleCare+ con robo y pérdida e incluye cobertura para una cantidad ilimitada de incidentes por daño accidental debido a la manipulación del producto o un máximo de dos incidentes de robo y pérdida cada 12 meses, cada uno de ellos sujeto a un cargo adicional de R$96000  por Otros daños accidentales o de R$28000  por los daños de la pantalla o la carcasa externa o de R$144000  por robo o pérdida. Lee todos los detalles en los Términos y condiciones de AppleCare+."",""deviceDateOfPurchase"":""05/09/2026"",""deviceId"":""SG32200Y49C"",""registeredDevice"":""1"",""pocType"":""APOC"",""serialNumber"":""G32200Y49C"",""partNumber"":""SX382ZX/A"",""partAlias"":""ACPTL"",""purchaseMode"":""C"",""productDescription"":""iPhone 17 Pro Max"",""tlDisclosure"":""La cobertura de robo y pérdida requiere que tengas la función Buscar habilitada en tu dispositivo antes de que se pierda o te lo roben. Durante el proceso de reclamación, te pediremos que uses la función Buscar para poner el dispositivo perdido o robado en modo Perdido, borrarlo y transferir la propiedad a Apple para que podamos asignarte un nuevo dispositivo. Para asegurarte de que puedas iniciar sesión en Buscar y acceder a esta función, es importante que recuerdes tu ID de Apple y contraseña, y que mantengas la información de tu cuenta actualizada. Si usas la autenticación de doble factor para el ID de Apple, te recomendamos que añadas un número de teléfono adicional de confianza a tu cuenta en el que puedas recibir el código de verificación de 6 dígitos que necesitas para iniciar sesión aunque no tengas tu iPhone. Para obtener más información, visita las páginas de Soporte técnico de Apple.""}},""transactionId"":""d0273b13-2e56-4553-a6e7-ae4ca1805bd0-1788634701764""}"
True;5145391;2026-09-05 15:00:22.657000;2026-09-05 00:00:00;22501111;CREATEORDER;SG32200Y49C;MFYU4BE/A;"{""orderDetailsResponses"":{""deviceEligibility"":{""secondaryDisplay"":""0"",""partDescription"":""AppleCare+ con robo y pérdida para iPhone 17 Pro Max"",""coverageDuration"":""2"",""productStatement"":""Tu AppleCare+ con robo y pérdida para iPhone 17 Pro Max amplía la cobertura de servicio y soporte técnico a 2 años desde la fecha de compra de AppleCare+ con robo y pérdida e incluye cobertura para una cantidad ilimitada de incidentes por daño accidental debido a la manipulación del producto o un máximo de dos incidentes de robo y pérdida cada 12 meses, cada uno de ellos sujeto a un cargo adicional de R$96000  por Otros daños accidentales o de R$28000  por los daños de la pantalla o la carcasa externa o de R$144000  por robo o pérdida. Lee todos los detalles en los Términos y condiciones de AppleCare+."",""deviceDateOfPurchase"":""05/09/2026"",""deviceId"":""SG32200Y49C"",""registeredDevice"":""1"",""pocType"":""APOC"",""serialNumber"":""G32200Y49C"",""partNumber"":""SX382ZX/A"",""partAlias"":""ACPTL"",""purchaseMode"":""C"",""productDescription"":""iPhone 17 Pro Max"",""tlDisclosure"":""La cobertura de robo y pérdida requiere que tengas la función Buscar habilitada en tu dispositivo antes de que se pierda o te lo roben. Durante el proceso de reclamación, te pediremos que uses la función Buscar para poner el dispositivo perdido o robado en modo Perdido, borrarlo y transferir la propiedad a Apple para que podamos asignarte un nuevo dispositivo. Para asegurarte de que puedas iniciar sesión en Buscar y acceder a esta función, es importante que recuerdes tu ID de Apple y contraseña, y que mantengas la información de tu cuenta actualizada. Si usas la autenticación de doble factor para el ID de Apple, te recomendamos que añadas un número de teléfono adicional de confianza a tu cuenta en el que puedas recibir el código de verificación de 6 dígitos que necesitas para iniciar sesión aunque no tengas tu iPhone. Para obtener más información, visita las páginas de Soporte técnico de Apple.""},""orderConfirmation"":{""agreementNumber"":""328417241511"",""coverageDurationStatement"":""Finaliza el 04/09/2028"",""termConditionURL"":""http://www.apple.com/legal/sales-support/"",""partNumber"":""SX382ZX/A"",""partAlias"":""ACPTL"",""partType"":""AC+TL"",""purchaseMode"":""C"",""appleCareSalesDate"":""05/09/2026"",""pocType"":""APOC"",""purchaseOrderNumber"":""22501111""}},""transactionId"":""57912962-689a-4348-b0aa-9a0a9275bebf-1788634817924""}"
True;1334051;2026-09-05 15:00:51.840000;2026-09-05 00:00:00;19801133;CREATEORDER;STF9MP9L47J;MDHK4CI/A;"{""orderDetailsResponses"":{""deviceEligibility"":{""secondaryDisplay"":""1"",""partDescription"":""AppleCare+ para 13-inch MacBook Air (M5)"",""coverageDuration"":""3"",""productStatement"":""AppleCare+ para 13-inch MacBook Air (M5) amplía la cobertura de servicio y soporte técnico a 3 años desde la fecha de compra de AppleCare+ e incluye cobertura para una cantidad ilimitada de incidentes por daño accidental debido a la manipulación del producto, cada uno de ellos sujeto a un cargo adicional de R$96000  por daños en la pantalla o la carcasa externa o de R$289000  por Otros daños accidentales. Lee todos los detalles en los Términos y condiciones de AppleCare+."",""deviceDateOfPurchase"":""05/09/2026"",""deviceId"":""STF9MP9L47J"",""registeredDevice"":""1"",""pocType"":""APOC"",""serialNumber"":""TF9MP9L47J"",""partNumber"":""SCW83ZX/A"",""partAlias"":""ACP"",""purchaseMode"":""C"",""productDescription"":""MacBook Air (13-inch, M5)""},""orderConfirmation"":{""agreementNumber"":""328417242502"",""coverageDurationStatement"":""Finaliza el 04/09/2029"",""termConditionURL"":""http://www.apple.com/legal/sales-support/"",""partNumber"":""SCW83ZX/A"",""partAlias"":""ACP"",""partType"":""AppleCare+"",""purchaseMode"":""C"",""appleCareSalesDate"":""05/09/2026"",""pocType"":""APOC"",""purchaseOrderNumber"":""19801133""}},""transactionId"":""efb76d33-3d95-4c80-bc68-700dfb8e46f0-1788634848713""}"
True;5122598;2026-09-05 15:18:47.337000;2026-09-05 00:00:00;23601127;VERIFYORDER;SFG4RN4XXF1;MCG74CI/A;"{""orderDetailsResponses"":{""deviceEligibility"":{""secondaryDisplay"":""1"",""partDescription"":""AppleCare+ para iPad Air 11-inch (M3)"",""coverageDuration"":""2"",""productStatement"":""AppleCare+ para iPad Air 11-inch (M3) amplía la cobertura de servicio y soporte técnico a 2 años desde la fecha de compra de AppleCare+ e incluye cobertura para una cantidad ilimitada de incidentes por daño accidental debido a la manipulación del producto, cada uno de ellos sujeto a un cargo adicional de R$96000  por Otros daños accidentales o de R$28000  por Daños que afectan solo a la pantalla o de R$28000  por Apple Pencil / Keyboard. Lee todos los detalles en los Términos y condiciones de AppleCare+."",""deviceDateOfPurchase"":""05/09/2026"",""deviceId"":""SFG4RN4XXF1"",""registeredDevice"":""1"",""pocType"":""APOC"",""serialNumber"":""FG4RN4XXF1"",""partNumber"":""SV072ZX/A"",""partAlias"":""ACP"",""purchaseMode"":""C"",""productDescription"":""iPad Air 11-inch (M3) Wi-Fi + Cellular""}},""transactionId"":""89346359-4751-41e6-a7cd-7937e6ef8063-1788635926839""}"
True;5162926;2026-09-05 15:19:40.670000;2026-09-05 00:00:00;46501033;VERIFYORDER;SJD6H2664LW;MHFJ4CI/A;"{""orderDetailsResponses"":{""deviceEligibility"":{""secondaryDisplay"":""0"",""partDescription"":""AppleCare+ para 13-inch MacBook Neo (A18PRO)"",""coverageDuration"":""3"",""productStatement"":""AppleCare+ para 13-inch MacBook Neo (A18PRO) amplía la cobertura de servicio y soporte técnico a 3 años desde la fecha de compra de AppleCare+ e incluye cobertura para una cantidad ilimitada de incidentes por daño accidental debido a la manipulación del producto, cada uno de ellos sujeto a un cargo adicional de R$51990  por daños en la pantalla o la carcasa externa o de R$156990  por Otros daños accidentales. Lee todos los detalles en los Términos y condiciones de AppleCare+."",""deviceDateOfPurchase"":""05/09/2026"",""deviceId"":""SJD6H2664LW"",""registeredDevice"":""1"",""pocType"":""APOC"",""serialNumber"":""JD6H2664LW"",""partNumber"":""SD0T3ZX/A"",""partAlias"":""ACP"",""purchaseMode"":""C"",""productDescription"":""MacBook Neo""}},""transactionId"":""37115d6a-38c7-4ba2-ab45-23f02af85ca4-1788635980138""}"
True;5162926;2026-09-05 15:22:07.293000;2026-09-05 00:00:00;46501033;CREATEORDER;SJD6H2664LW;MHFJ4CI/A;"{""orderDetailsResponses"":{""deviceEligibility"":{""secondaryDisplay"":""0"",""partDescription"":""AppleCare+ para 13-inch MacBook Neo (A18PRO)"",""coverageDuration"":""3"",""productStatement"":""AppleCare+ para 13-inch MacBook Neo (A18PRO) amplía la cobertura de servicio y soporte técnico a 3 años desde la fecha de compra de AppleCare+ e incluye cobertura para una cantidad ilimitada de incidentes por daño accidental debido a la manipulación del producto, cada uno de ellos sujeto a un cargo adicional de R$51990  por daños en la pantalla o la carcasa externa o de R$156990  por Otros daños accidentales. Lee todos los detalles en los Términos y condiciones de AppleCare+."",""deviceDateOfPurchase"":""05/09/2026"",""deviceId"":""SJD6H2664LW"",""registeredDevice"":""1"",""pocType"":""APOC"",""serialNumber"":""JD6H2664LW"",""partNumber"":""SD0T3ZX/A"",""partAlias"":""ACP"",""purchaseMode"":""C"",""productDescription"":""MacBook Neo""},""orderConfirmation"":{""agreementNumber"":""328417240575"",""coverageDurationStatement"":""Finaliza el 04/09/2029"",""termConditionURL"":""http://www.apple.com/legal/sales-support/"",""partNumber"":""SD0T3ZX/A"",""partAlias"":""ACP"",""partType"":""AppleCare+"",""purchaseMode"":""C"",""appleCareSalesDate"":""05/09/2026"",""pocType"":""APOC"",""purchaseOrderNumber"":""46501033""}},""transactionId"":""c6c7320e-fba8-4b96-85b1-a6b6cc989066-1788636121718""}"
True;5122598;2026-09-05 15:22:30.230000;2026-09-05 00:00:00;23601127;CREATEORDER;SFG4RN4XXF1;MCG74CI/A;"{""orderDetailsResponses"":{""deviceEligibility"":{""secondaryDisplay"":""1"",""partDescription"":""AppleCare+ para iPad Air 11-inch (M3)"",""coverageDuration"":""2"",""productStatement"":""AppleCare+ para iPad Air 11-inch (M3) amplía la cobertura de servicio y soporte técnico a 2 años desde la fecha de compra de AppleCare+ e incluye cobertura para una cantidad ilimitada de incidentes por daño accidental debido a la manipulación del producto, cada uno de ellos sujeto a un cargo adicional de R$96000  por Otros daños accidentales o de R$28000  por Daños que afectan solo a la pantalla o de R$28000  por Apple Pencil / Keyboard. Lee todos los detalles en los Términos y condiciones de AppleCare+."",""deviceDateOfPurchase"":""05/09/2026"",""deviceId"":""SFG4RN4XXF1"",""registeredDevice"":""1"",""pocType"":""APOC"",""serialNumber"":""FG4RN4XXF1"",""partNumber"":""SV072ZX/A"",""partAlias"":""ACP"",""purchaseMode"":""C"",""productDescription"":""iPad Air 11-inch (M3) Wi-Fi + Cellular""},""orderConfirmation"":{""agreementNumber"":""328417240577"",""coverageDurationStatement"":""Finaliza el 04/09/2028"",""termConditionURL"":""http://www.apple.com/legal/sales-support/"",""partNumber"":""SV072ZX/A"",""partAlias"":""ACP"",""partType"":""AppleCare+"",""purchaseMode"":""C"",""appleCareSalesDate"":""05/09/2026"",""pocType"":""APOC"",""purchaseOrderNumber"":""23601127""}},""transactionId"":""efefd02e-db78-480f-82c2-9091a256cbea-1788636145737""}"
True;5077727;2026-09-05 15:30:22.683000;2026-09-05 00:00:00;19601030;VERIFYORDER;SH57YRX4FCJ;MFYU4BE/A;"{""orderDetailsResponses"":{""deviceEligibility"":{""secondaryDisplay"":""0"",""partDescription"":""AppleCare+ con robo y pérdida para iPhone 17 Pro Max"",""coverageDuration"":""2"",""productStatement"":""Tu AppleCare+ con robo y pérdida para iPhone 17 Pro Max amplía la cobertura de servicio y soporte técnico a 2 años desde la fecha de compra de AppleCare+ con robo y pérdida e incluye cobertura para una cantidad ilimitada de incidentes por daño accidental debido a la manipulación del producto o un máximo de dos incidentes de robo y pérdida cada 12 meses, cada uno de ellos sujeto a un cargo adicional de R$96000  por Otros daños accidentales o de R$28000  por los daños de la pantalla o la carcasa externa o de R$144000  por robo o pérdida. Lee todos los detalles en los Términos y condiciones de AppleCare+."",""deviceDateOfPurchase"":""05/09/2026"",""deviceId"":""SH57YRX4FCJ"",""registeredDevice"":""1"",""pocType"":""APOC"",""serialNumber"":""H57YRX4FCJ"",""partNumber"":""SX382ZX/A"",""partAlias"":""ACPTL"",""purchaseMode"":""C"",""productDescription"":""iPhone 17 Pro Max"",""tlDisclosure"":""La cobertura de robo y pérdida requiere que tengas la función Buscar habilitada en tu dispositivo antes de que se pierda o te lo roben. Durante el proceso de reclamación, te pediremos que uses la función Buscar para poner el dispositivo perdido o robado en modo Perdido, borrarlo y transferir la propiedad a Apple para que podamos asignarte un nuevo dispositivo. Para asegurarte de que puedas iniciar sesión en Buscar y acceder a esta función, es importante que recuerdes tu ID de Apple y contraseña, y que mantengas la información de tu cuenta actualizada. Si usas la autenticación de doble factor para el ID de Apple, te recomendamos que añadas un número de teléfono adicional de confianza a tu cuenta en el que puedas recibir el código de verificación de 6 dígitos que necesitas para iniciar sesión aunque no tengas tu iPhone. Para obtener más información, visita las páginas de Soporte técnico de Apple.""}},""transactionId"":""13973f3c-6f48-468f-9d58-2222c42a4933-1788636622096""}"
True;5116176;2026-09-05 15:31:53.697000;2026-09-05 00:00:00;33001083;VERIFYORDER;SL1P7HR63TD;MH624CI/A;"{""orderDetailsResponses"":{""deviceEligibility"":{""secondaryDisplay"":""1"",""partDescription"":""AppleCare+ para iPad Air 13-inch (M4)"",""coverageDuration"":""2"",""productStatement"":""AppleCare+ para iPad Air 13-inch (M4) amplía la cobertura de servicio y soporte técnico a 2 años desde la fecha de compra de AppleCare+ e incluye cobertura para una cantidad ilimitada de incidentes por daño accidental debido a la manipulación del producto, cada uno de ellos sujeto a un cargo adicional de R$28000  por Apple Pencil / Keyboard o de R$28000  por Daños que afectan solo a la pantalla o de R$96000  por Otros daños accidentales. Lee todos los detalles en los Términos y condiciones de AppleCare+."",""deviceDateOfPurchase"":""05/09/2026"",""deviceId"":""SL1P7HR63TD"",""registeredDevice"":""1"",""pocType"":""APOC"",""serialNumber"":""L1P7HR63TD"",""partNumber"":""SCVD3ZX/A"",""partAlias"":""ACP"",""purchaseMode"":""C"",""productDescription"":""iPad Air 13-inch (M4) Wi-Fi""}},""transactionId"":""7787ec81-0758-4e92-933c-c955c8001d25-1788636713129""}"
True;5077727;2026-09-05 15:34:26.473000;2026-09-05 00:00:00;19601030;CREATEORDER;SH57YRX4FCJ;MFYU4BE/A;"{""orderDetailsResponses"":{""deviceEligibility"":{""secondaryDisplay"":""0"",""partDescription"":""AppleCare+ con robo y pérdida para iPhone 17 Pro Max"",""coverageDuration"":""2"",""productStatement"":""Tu AppleCare+ con robo y pérdida para iPhone 17 Pro Max amplía la cobertura de servicio y soporte técnico a 2 años desde la fecha de compra de AppleCare+ con robo y pérdida e incluye cobertura para una cantidad ilimitada de incidentes por daño accidental debido a la manipulación del producto o un máximo de dos incidentes de robo y pérdida cada 12 meses, cada uno de ellos sujeto a un cargo adicional de R$96000  por Otros daños accidentales o de R$28000  por los daños de la pantalla o la carcasa externa o de R$144000  por robo o pérdida. Lee todos los detalles en los Términos y condiciones de AppleCare+."",""deviceDateOfPurchase"":""05/09/2026"",""deviceId"":""SH57YRX4FCJ"",""registeredDevice"":""1"",""pocType"":""APOC"",""serialNumber"":""H57YRX4FCJ"",""partNumber"":""SX382ZX/A"",""partAlias"":""ACPTL"",""purchaseMode"":""C"",""productDescription"":""iPhone 17 Pro Max"",""tlDisclosure"":""La cobertura de robo y pérdida requiere que tengas la función Buscar habilitada en tu dispositivo antes de que se pierda o te lo roben. Durante el proceso de reclamación, te pediremos que uses la función Buscar para poner el dispositivo perdido o robado en modo Perdido, borrarlo y transferir la propiedad a Apple para que podamos asignarte un nuevo dispositivo. Para asegurarte de que puedas iniciar sesión en Buscar y acceder a esta función, es importante que recuerdes tu ID de Apple y contraseña, y que mantengas la información de tu cuenta actualizada. Si usas la autenticación de doble factor para el ID de Apple, te recomendamos que añadas un número de teléfono adicional de confianza a tu cuenta en el que puedas recibir el código de verificación de 6 dígitos que necesitas para iniciar sesión aunque no tengas tu iPhone. Para obtener más información, visita las páginas de Soporte técnico de Apple.""},""orderConfirmation"":{""agreementNumber"":""328417240605"",""coverageDurationStatement"":""Finaliza el 04/09/2028"",""termConditionURL"":""http://www.apple.com/legal/sales-support/"",""partNumber"":""SX382ZX/A"",""partAlias"":""ACPTL"",""partType"":""AC+TL"",""purchaseMode"":""C"",""appleCareSalesDate"":""05/09/2026"",""pocType"":""APOC"",""purchaseOrderNumber"":""19601030""}},""transactionId"":""19c67b74-aebe-4bce-809d-c8bf818da748-1788636860805""}"
True;5124606;2026-09-05 15:35:04.160000;2026-09-05 00:00:00;63401084;VERIFYORDER;SM3K41P925V;MEP74AM/A;"{""orderDetailsResponses"":{""deviceEligibility"":{""secondaryDisplay"":""0"",""partDescription"":""AppleCare+ para Apple Watch SE (3rd gen)"",""coverageDuration"":""2"",""productStatement"":""AppleCare+ para Apple Watch SE (3rd gen) amplía la cobertura de servicio y soporte técnico a 2 años desde la fecha de compra de AppleCare+ e incluye cobertura para una cantidad ilimitada de incidentes por daño accidental debido a la manipulación del producto, cada uno de ellos sujeto a un cargo adicional de R$67000  por Otros daños accidentales. Lee todos los detalles en los Términos y condiciones de AppleCare+."",""deviceDateOfPurchase"":""05/09/2026"",""deviceId"":""SM3K41P925V"",""registeredDevice"":""1"",""pocType"":""APOC"",""serialNumber"":""M3K41P925V"",""partNumber"":""SXHW2ZX/A"",""partAlias"":""ACP"",""purchaseMode"":""C"",""productDescription"":""Watch SE (3rd gen,GPS+Cell)Aluminum 40MM""}},""transactionId"":""5c5849d2-3d1b-4b42-8dbf-debb312fa47e-1788636903647""}"
True;5126885;2026-09-05 15:36:50.470000;2026-09-05 00:00:00;18301124;VERIFYORDER;sg6qrcj6gj7;MH5W4CI/A;"{""orderDetailsResponses"":{""deviceEligibility"":{""secondaryDisplay"":""1"",""partDescription"":""AppleCare+ para iPad Air 13-inch (M4)"",""coverageDuration"":""2"",""productStatement"":""AppleCare+ para iPad Air 13-inch (M4) amplía la cobertura de servicio y soporte técnico a 2 años desde la fecha de compra de AppleCare+ e incluye cobertura para una cantidad ilimitada de incidentes por daño accidental debido a la manipulación del producto, cada uno de ellos sujeto a un cargo adicional de R$28000  por Apple Pencil / Keyboard o de R$28000  por Daños que afectan solo a la pantalla o de R$96000  por Otros daños accidentales. Lee todos los detalles en los Términos y condiciones de AppleCare+."",""deviceDateOfPurchase"":""05/09/2026"",""deviceId"":""SG6QRCJ6GJ7"",""registeredDevice"":""1"",""pocType"":""APOC"",""serialNumber"":""G6QRCJ6GJ7"",""partNumber"":""SCVD3ZX/A"",""partAlias"":""ACP"",""purchaseMode"":""C"",""productDescription"":""iPad Air 13-inch (M4) Wi-Fi""}},""transactionId"":""e2aa1dfa-98b8-4888-87a3-6c2d2724b676-1788637009898""}"
True;5124606;2026-09-05 15:36:52.977000;2026-09-05 00:00:00;63401084;CREATEORDER;SM3K41P925V;MEP74AM/A;"{""orderDetailsResponses"":{""deviceEligibility"":{""secondaryDisplay"":""0"",""partDescription"":""AppleCare+ para Apple Watch SE (3rd gen)"",""coverageDuration"":""2"",""productStatement"":""AppleCare+ para Apple Watch SE (3rd gen) amplía la cobertura de servicio y soporte técnico a 2 años desde la fecha de compra de AppleCare+ e incluye cobertura para una cantidad ilimitada de incidentes por daño accidental debido a la manipulación del producto, cada uno de ellos sujeto a un cargo adicional de R$67000  por Otros daños accidentales. Lee todos los detalles en los Términos y condiciones de AppleCare+."",""deviceDateOfPurchase"":""05/09/2026"",""deviceId"":""SM3K41P925V"",""registeredDevice"":""1"",""pocType"":""APOC"",""serialNumber"":""M3K41P925V"",""partNumber"":""SXHW2ZX/A"",""partAlias"":""ACP"",""purchaseMode"":""C"",""productDescription"":""Watch SE (3rd gen,GPS+Cell)Aluminum 40MM""},""orderConfirmation"":{""agreementNumber"":""328417243417"",""coverageDurationStatement"":""Finaliza el 04/09/2028"",""termConditionURL"":""http://www.apple.com/legal/sales-support/"",""partNumber"":""SXHW2ZX/A"",""partAlias"":""ACP"",""partType"":""AppleCare+"",""purchaseMode"":""C"",""appleCareSalesDate"":""05/09/2026"",""pocType"":""APOC"",""purchaseOrderNumber"":""63401084""}},""transactionId"":""32d0a2b5-29d4-4157-bb84-341ffd774375-1788637008527""}"
True;5169558;2026-09-05 15:38:28.923000;2026-09-05 00:00:00;101177;VERIFYORDER;skpvj02lf3y;MFYM4BE/A;"{""orderDetailsResponses"":{""deviceEligibility"":{""secondaryDisplay"":""0"",""partDescription"":""AppleCare+ con robo y pérdida para iPhone 17 Pro Max"",""coverageDuration"":""2"",""productStatement"":""Tu AppleCare+ con robo y pérdida para iPhone 17 Pro Max amplía la cobertura de servicio y soporte técnico a 2 años desde la fecha de compra de AppleCare+ con robo y pérdida e incluye cobertura para una cantidad ilimitada de incidentes por daño accidental debido a la manipulación del producto o un máximo de dos incidentes de robo y pérdida cada 12 meses, cada uno de ellos sujeto a un cargo adicional de R$96000  por Otros daños accidentales o de R$28000  por los daños de la pantalla o la carcasa externa o de R$144000  por robo o pérdida. Lee todos los detalles en los Términos y condiciones de AppleCare+."",""deviceDateOfPurchase"":""05/09/2026"",""deviceId"":""SKPVJ02LF3Y"",""registeredDevice"":""1"",""pocType"":""APOC"",""serialNumber"":""KPVJ02LF3Y"",""partNumber"":""SX382ZX/A"",""partAlias"":""ACPTL"",""purchaseMode"":""C"",""productDescription"":""iPhone 17 Pro Max"",""tlDisclosure"":""La cobertura de robo y pérdida requiere que tengas la función Buscar habilitada en tu dispositivo antes de que se pierda o te lo roben. Durante el proceso de reclamación, te pediremos que uses la función Buscar para poner el dispositivo perdido o robado en modo Perdido, borrarlo y transferir la propiedad a Apple para que podamos asignarte un nuevo dispositivo. Para asegurarte de que puedas iniciar sesión en Buscar y acceder a esta función, es importante que recuerdes tu ID de Apple y contraseña, y que mantengas la información de tu cuenta actualizada. Si usas la autenticación de doble factor para el ID de Apple, te recomendamos que añadas un número de teléfono adicional de confianza a tu cuenta en el que puedas recibir el código de verificación de 6 dígitos que necesitas para iniciar sesión aunque no tengas tu iPhone. Para obtener más información, visita las páginas de Soporte técnico de Apple.""}},""transactionId"":""36e4bb25-cb01-47f6-bb62-f2b86d42faf7-1788637108367""}"
True;1325272;2026-09-05 15:38:36.963000;2026-09-05 00:00:00;39001077;VERIFYORDER;SCY595F69VP;MEHQ4AM/A;"{""orderDetailsResponses"":{""deviceEligibility"":{""secondaryDisplay"":""0"",""partDescription"":""AppleCare+ para Apple Watch SE (3rd gen)"",""coverageDuration"":""2"",""productStatement"":""AppleCare+ para Apple Watch SE (3rd gen) amplía la cobertura de servicio y soporte técnico a 2 años desde la fecha de compra de AppleCare+ e incluye cobertura para una cantidad ilimitada de incidentes por daño accidental debido a la manipulación del producto, cada uno de ellos sujeto a un cargo adicional de R$67000  por Otros daños accidentales. Lee todos los detalles en los Términos y condiciones de AppleCare+."",""deviceDateOfPurchase"":""05/09/2026"",""deviceId"":""SCY595F69VP"",""registeredDevice"":""1"",""pocType"":""APOC"",""serialNumber"":""CY595F69VP"",""partNumber"":""SXHW2ZX/A"",""partAlias"":""ACP"",""purchaseMode"":""C"",""productDescription"":""Watch SE (3rd gen, GPS) Aluminum 44MM""}},""transactionId"":""773f43f8-5145-4eb3-8fac-36437c12d015-1788637116353""}"
True;5143315;2026-09-05 15:39:38.767000;2026-09-05 00:00:00;36501088;VERIFYORDER;SCJG6YDQ92X;MHFE4CI/A;"{""orderDetailsResponses"":{""deviceEligibility"":{""secondaryDisplay"":""0"",""partDescription"":""AppleCare+ para 13-inch MacBook Neo (A18PRO)"",""coverageDuration"":""3"",""productStatement"":""AppleCare+ para 13-inch MacBook Neo (A18PRO) amplía la cobertura de servicio y soporte técnico a 3 años desde la fecha de compra de AppleCare+ e incluye cobertura para una cantidad ilimitada de incidentes por daño accidental debido a la manipulación del producto, cada uno de ellos sujeto a un cargo adicional de R$51990  por daños en la pantalla o la carcasa externa o de R$156990  por Otros daños accidentales. Lee todos los detalles en los Términos y condiciones de AppleCare+."",""deviceDateOfPurchase"":""05/09/2026"",""deviceId"":""SCJG6YDQ92X"",""registeredDevice"":""1"",""pocType"":""APOC"",""serialNumber"":""CJG6YDQ92X"",""partNumber"":""SD0T3ZX/A"",""partAlias"":""ACP"",""purchaseMode"":""C"",""productDescription"":""MacBook Neo""}},""transactionId"":""193d20c6-27fe-4513-a543-f7c0c0b7c1cb-1788637178269""}"
True;5143315;2026-09-05 15:41:20.853000;2026-09-05 00:00:00;36501088;CREATEORDER;SCJG6YDQ92X;MHFE4CI/A;"{""orderDetailsResponses"":{""deviceEligibility"":{""secondaryDisplay"":""0"",""partDescription"":""AppleCare+ para 13-inch MacBook Neo (A18PRO)"",""coverageDuration"":""3"",""productStatement"":""AppleCare+ para 13-inch MacBook Neo (A18PRO) amplía la cobertura de servicio y soporte técnico a 3 años desde la fecha de compra de AppleCare+ e incluye cobertura para una cantidad ilimitada de incidentes por daño accidental debido a la manipulación del producto, cada uno de ellos sujeto a un cargo adicional de R$51990  por daños en la pantalla o la carcasa externa o de R$156990  por Otros daños accidentales. Lee todos los detalles en los Términos y condiciones de AppleCare+."",""deviceDateOfPurchase"":""05/09/2026"",""deviceId"":""SCJG6YDQ92X"",""registeredDevice"":""1"",""pocType"":""APOC"",""serialNumber"":""CJG6YDQ92X"",""partNumber"":""SD0T3ZX/A"",""partAlias"":""ACP"",""purchaseMode"":""C"",""productDescription"":""MacBook Neo""},""orderConfirmation"":{""agreementNumber"":""328417240624"",""coverageDurationStatement"":""Finaliza el 04/09/2029"",""termConditionURL"":""http://www.apple.com/legal/sales-support/"",""partNumber"":""SD0T3ZX/A"",""partAlias"":""ACP"",""partType"":""AppleCare+"",""purchaseMode"":""C"",""appleCareSalesDate"":""05/09/2026"",""pocType"":""APOC"",""purchaseOrderNumber"":""36501088""}},""transactionId"":""27704c62-66db-42e0-a2c6-f9d878c3ef96-1788637276251""}"
True;5116176;2026-09-05 15:41:49.690000;2026-09-05 00:00:00;33001083;CREATEORDER;SL1P7HR63TD;MH624CI/A;"{""orderDetailsResponses"":{""deviceEligibility"":{""secondaryDisplay"":""1"",""partDescription"":""AppleCare+ para iPad Air 13-inch (M4)"",""coverageDuration"":""2"",""productStatement"":""AppleCare+ para iPad Air 13-inch (M4) amplía la cobertura de servicio y soporte técnico a 2 años desde la fecha de compra de AppleCare+ e incluye cobertura para una cantidad ilimitada de incidentes por daño accidental debido a la manipulación del producto, cada uno de ellos sujeto a un cargo adicional de R$28000  por Apple Pencil / Keyboard o de R$28000  por Daños que afectan solo a la pantalla o de R$96000  por Otros daños accidentales. Lee todos los detalles en los Términos y condiciones de AppleCare+."",""deviceDateOfPurchase"":""05/09/2026"",""deviceId"":""SL1P7HR63TD"",""registeredDevice"":""1"",""pocType"":""APOC"",""serialNumber"":""L1P7HR63TD"",""partNumber"":""SCVD3ZX/A"",""partAlias"":""ACP"",""purchaseMode"":""C"",""productDescription"":""iPad Air 13-inch (M4) Wi-Fi""},""orderConfirmation"":{""agreementNumber"":""328417222865"",""coverageDurationStatement"":""Finaliza el 04/09/2028"",""termConditionURL"":""http://www.apple.com/legal/sales-support/"",""partNumber"":""SCVD3ZX/A"",""partAlias"":""ACP"",""partType"":""AppleCare+"",""purchaseMode"":""C"",""appleCareSalesDate"":""05/09/2026"",""pocType"":""APOC"",""purchaseOrderNumber"":""33001083""}},""transactionId"":""c79dfb30-9b9d-4f26-80f8-b6256b4d623b-1788637305382""}"
True;1325272;2026-09-05 15:42:22.633000;2026-09-05 00:00:00;39001077;CREATEORDER;SCY595F69VP;MEHQ4AM/A;"{""orderDetailsResponses"":{""deviceEligibility"":{""secondaryDisplay"":""0"",""partDescription"":""AppleCare+ para Apple Watch SE (3rd gen)"",""coverageDuration"":""2"",""productStatement"":""AppleCare+ para Apple Watch SE (3rd gen) amplía la cobertura de servicio y soporte técnico a 2 años desde la fecha de compra de AppleCare+ e incluye cobertura para una cantidad ilimitada de incidentes por daño accidental debido a la manipulación del producto, cada uno de ellos sujeto a un cargo adicional de R$67000  por Otros daños accidentales. Lee todos los detalles en los Términos y condiciones de AppleCare+."",""deviceDateOfPurchase"":""05/09/2026"",""deviceId"":""SCY595F69VP"",""registeredDevice"":""1"",""pocType"":""APOC"",""serialNumber"":""CY595F69VP"",""partNumber"":""SXHW2ZX/A"",""partAlias"":""ACP"",""purchaseMode"":""C"",""productDescription"":""Watch SE (3rd gen, GPS) Aluminum 44MM""},""orderConfirmation"":{""agreementNumber"":""328417242601"",""coverageDurationStatement"":""Finaliza el 04/09/2028"",""termConditionURL"":""http://www.apple.com/legal/sales-support/"",""partNumber"":""SXHW2ZX/A"",""partAlias"":""ACP"",""partType"":""AppleCare+"",""purchaseMode"":""C"",""appleCareSalesDate"":""05/09/2026"",""pocType"":""APOC"",""purchaseOrderNumber"":""39001077""}},""transactionId"":""2778b6ee-9e64-465f-8d8b-3581c7069ce7-1788637338100""}"
True;5126885;2026-09-05 15:42:44.497000;2026-09-05 00:00:00;18301124;CREATEORDER;sg6qrcj6gj7;MH5W4CI/A;"{""orderDetailsResponses"":{""deviceEligibility"":{""secondaryDisplay"":""1"",""partDescription"":""AppleCare+ para iPad Air 13-inch (M4)"",""coverageDuration"":""2"",""productStatement"":""AppleCare+ para iPad Air 13-inch (M4) amplía la cobertura de servicio y soporte técnico a 2 años desde la fecha de compra de AppleCare+ e incluye cobertura para una cantidad ilimitada de incidentes por daño accidental debido a la manipulación del producto, cada uno de ellos sujeto a un cargo adicional de R$28000  por Apple Pencil / Keyboard o de R$28000  por Daños que afectan solo a la pantalla o de R$96000  por Otros daños accidentales. Lee todos los detalles en los Términos y condiciones de AppleCare+."",""deviceDateOfPurchase"":""05/09/2026"",""deviceId"":""SG6QRCJ6GJ7"",""registeredDevice"":""1"",""pocType"":""APOC"",""serialNumber"":""G6QRCJ6GJ7"",""partNumber"":""SCVD3ZX/A"",""partAlias"":""ACP"",""purchaseMode"":""C"",""productDescription"":""iPad Air 13-inch (M4) Wi-Fi""},""orderConfirmation"":{""agreementNumber"":""328417242602"",""coverageDurationStatement"":""Finaliza el 04/09/2028"",""termConditionURL"":""http://www.apple.com/legal/sales-support/"",""partNumber"":""SCVD3ZX/A"",""partAlias"":""ACP"",""partType"":""AppleCare+"",""purchaseMode"":""C"",""appleCareSalesDate"":""05/09/2026"",""pocType"":""APOC"",""purchaseOrderNumber"":""18301124""}},""transactionId"":""558eff52-1a9d-4de9-92ca-49d6b8b00a26-1788637359973""}"
True;1334053;2026-09-05 15:43:58.993000;2026-09-05 00:00:00;19901133;VERIFYORDER;SM6MQKMGDQ1;MDVT4CI/A;"{""orderDetailsResponses"":{""deviceEligibility"":{""secondaryDisplay"":""1"",""partDescription"":""AppleCare+ para 15-inch MacBook Air (M5)"",""coverageDuration"":""3"",""productStatement"":""AppleCare+ para 15-inch MacBook Air (M5) amplía la cobertura de servicio y soporte técnico a 3 años desde la fecha de compra de AppleCare+ e incluye cobertura para una cantidad ilimitada de incidentes por daño accidental debido a la manipulación del producto, cada uno de ellos sujeto a un cargo adicional de R$96000  por daños en la pantalla o la carcasa externa o de R$289000  por Otros daños accidentales. Lee todos los detalles en los Términos y condiciones de AppleCare+."",""deviceDateOfPurchase"":""05/09/2026"",""deviceId"":""SM6MQKMGDQ1"",""registeredDevice"":""1"",""pocType"":""APOC"",""serialNumber"":""M6MQKMGDQ1"",""partNumber"":""SCW93ZX/A"",""partAlias"":""ACP"",""purchaseMode"":""C"",""productDescription"":""MacBook Air (15-inch, M5)""}},""transactionId"":""9d53e2d7-1cc8-40a7-b0df-8facb0c0ef17-1788637438448""}"
True;1334053;2026-09-05 15:47:07.390000;2026-09-05 00:00:00;19901133;CREATEORDER;SM6MQKMGDQ1;MDVT4CI/A;"{""orderDetailsResponses"":{""deviceEligibility"":{""secondaryDisplay"":""1"",""partDescription"":""AppleCare+ para 15-inch MacBook Air (M5)"",""coverageDuration"":""3"",""productStatement"":""AppleCare+ para 15-inch MacBook Air (M5) amplía la cobertura de servicio y soporte técnico a 3 años desde la fecha de compra de AppleCare+ e incluye cobertura para una cantidad ilimitada de incidentes por daño accidental debido a la manipulación del producto, cada uno de ellos sujeto a un cargo adicional de R$96000  por daños en la pantalla o la carcasa externa o de R$289000  por Otros daños accidentales. Lee todos los detalles en los Términos y condiciones de AppleCare+."",""deviceDateOfPurchase"":""05/09/2026"",""deviceId"":""SM6MQKMGDQ1"",""registeredDevice"":""1"",""pocType"":""APOC"",""serialNumber"":""M6MQKMGDQ1"",""partNumber"":""SCW93ZX/A"",""partAlias"":""ACP"",""purchaseMode"":""C"",""productDescription"":""MacBook Air (15-inch, M5)""},""orderConfirmation"":{""agreementNumber"":""328417241604"",""coverageDurationStatement"":""Finaliza el 04/09/2029"",""termConditionURL"":""http://www.apple.com/legal/sales-support/"",""partNumber"":""SCW93ZX/A"",""partAlias"":""ACP"",""partType"":""AppleCare+"",""purchaseMode"":""C"",""appleCareSalesDate"":""05/09/2026"",""pocType"":""APOC"",""purchaseOrderNumber"":""19901133""}},""transactionId"":""9418ca18-1c56-4bbc-ac92-7eea03745ec2-1788637625103""}"
True;5092780;2026-09-05 15:58:36.310000;2026-09-05 00:00:00;10901129;VERIFYORDER;SC00004TW9M;MG6U4BE/A;"{""orderDetailsResponses"":{""deviceEligibility"":{""secondaryDisplay"":""0"",""partDescription"":""AppleCare+ con robo y pérdida para iPhone 17"",""coverageDuration"":""2"",""productStatement"":""Tu AppleCare+ con robo y pérdida para iPhone 17 amplía la cobertura de servicio y soporte técnico a 2 años desde la fecha de compra de AppleCare+ con robo y pérdida e incluye cobertura para una cantidad ilimitada de incidentes por daño accidental debido a la manipulación del producto o un máximo de dos incidentes de robo y pérdida cada 12 meses, cada uno de ellos sujeto a un cargo adicional de R$96000  por Otros daños accidentales o de R$28000  por los daños de la pantalla o la carcasa externa o de R$144000  por robo o pérdida. Lee todos los detalles en los Términos y condiciones de AppleCare+."",""deviceDateOfPurchase"":""05/09/2026"",""deviceId"":""SC00004TW9M"",""registeredDevice"":""1"",""pocType"":""APOC"",""serialNumber"":""C00004TW9M"",""partNumber"":""SX2V2ZX/A"",""partAlias"":""ACPTL"",""purchaseMode"":""C"",""productDescription"":""iPhone 17"",""tlDisclosure"":""La cobertura de robo y pérdida requiere que tengas la función Buscar habilitada en tu dispositivo antes de que se pierda o te lo roben. Durante el proceso de reclamación, te pediremos que uses la función Buscar para poner el dispositivo perdido o robado en modo Perdido, borrarlo y transferir la propiedad a Apple para que podamos asignarte un nuevo dispositivo. Para asegurarte de que puedas iniciar sesión en Buscar y acceder a esta función, es importante que recuerdes tu ID de Apple y contraseña, y que mantengas la información de tu cuenta actualizada. Si usas la autenticación de doble factor para el ID de Apple, te recomendamos que añadas un número de teléfono adicional de confianza a tu cuenta en el que puedas recibir el código de verificación de 6 dígitos que necesitas para iniciar sesión aunque no tengas tu iPhone. Para obtener más información, visita las páginas de Soporte técnico de Apple.""}},""transactionId"":""6848fb8b-1f79-40ac-bb38-62d2da74ce35-1788638315738""}"
True;5092780;2026-09-05 16:02:17.377000;2026-09-05 00:00:00;10901129;CREATEORDER;SC00004TW9M;MG6U4BE/A;"{""orderDetailsResponses"":{""deviceEligibility"":{""secondaryDisplay"":""0"",""partDescription"":""AppleCare+ con robo y pérdida para iPhone 17"",""coverageDuration"":""2"",""productStatement"":""Tu AppleCare+ con robo y pérdida para iPhone 17 amplía la cobertura de servicio y soporte técnico a 2 años desde la fecha de compra de AppleCare+ con robo y pérdida e incluye cobertura para una cantidad ilimitada de incidentes por daño accidental debido a la manipulación del producto o un máximo de dos incidentes de robo y pérdida cada 12 meses, cada uno de ellos sujeto a un cargo adicional de R$96000  por Otros daños accidentales o de R$28000  por los daños de la pantalla o la carcasa externa o de R$144000  por robo o pérdida. Lee todos los detalles en los Términos y condiciones de AppleCare+."",""deviceDateOfPurchase"":""05/09/2026"",""deviceId"":""SC00004TW9M"",""registeredDevice"":""1"",""pocType"":""APOC"",""serialNumber"":""C00004TW9M"",""partNumber"":""SX2V2ZX/A"",""partAlias"":""ACPTL"",""purchaseMode"":""C"",""productDescription"":""iPhone 17"",""tlDisclosure"":""La cobertura de robo y pérdida requiere que tengas la función Buscar habilitada en tu dispositivo antes de que se pierda o te lo roben. Durante el proceso de reclamación, te pediremos que uses la función Buscar para poner el dispositivo perdido o robado en modo Perdido, borrarlo y transferir la propiedad a Apple para que podamos asignarte un nuevo dispositivo. Para asegurarte de que puedas iniciar sesión en Buscar y acceder a esta función, es importante que recuerdes tu ID de Apple y contraseña, y que mantengas la información de tu cuenta actualizada. Si usas la autenticación de doble factor para el ID de Apple, te recomendamos que añadas un número de teléfono adicional de confianza a tu cuenta en el que puedas recibir el código de verificación de 6 dígitos que necesitas para iniciar sesión aunque no tengas tu iPhone. Para obtener más información, visita las páginas de Soporte técnico de Apple.""},""orderConfirmation"":{""agreementNumber"":""328417224798"",""coverageDurationStatement"":""Finaliza el 04/09/2028"",""termConditionURL"":""http://www.apple.com/legal/sales-support/"",""partNumber"":""SX2V2ZX/A"",""partAlias"":""ACPTL"",""partType"":""AC+TL"",""purchaseMode"":""C"",""appleCareSalesDate"":""05/09/2026"",""pocType"":""APOC"",""purchaseOrderNumber"":""10901129""}},""transactionId"":""695ff850-fe88-474a-999a-d6966fa87237-1788638532706""}"
True;5169558;2026-09-05 16:02:59.307000;2026-09-05 00:00:00;101177;CREATEORDER;skpvj02lf3y;MFYM4BE/A;"{""orderDetailsResponses"":{""deviceEligibility"":{""secondaryDisplay"":""0"",""partDescription"":""AppleCare+ con robo y pérdida para iPhone 17 Pro Max"",""coverageDuration"":""2"",""productStatement"":""Tu AppleCare+ con robo y pérdida para iPhone 17 Pro Max amplía la cobertura de servicio y soporte técnico a 2 años desde la fecha de compra de AppleCare+ con robo y pérdida e incluye cobertura para una cantidad ilimitada de incidentes por daño accidental debido a la manipulación del producto o un máximo de dos incidentes de robo y pérdida cada 12 meses, cada uno de ellos sujeto a un cargo adicional de R$96000  por Otros daños accidentales o de R$28000  por los daños de la pantalla o la carcasa externa o de R$144000  por robo o pérdida. Lee todos los detalles en los Términos y condiciones de AppleCare+."",""deviceDateOfPurchase"":""05/09/2026"",""deviceId"":""SKPVJ02LF3Y"",""registeredDevice"":""1"",""pocType"":""APOC"",""serialNumber"":""KPVJ02LF3Y"",""partNumber"":""SX382ZX/A"",""partAlias"":""ACPTL"",""purchaseMode"":""C"",""productDescription"":""iPhone 17 Pro Max"",""tlDisclosure"":""La cobertura de robo y pérdida requiere que tengas la función Buscar habilitada en tu dispositivo antes de que se pierda o te lo roben. Durante el proceso de reclamación, te pediremos que uses la función Buscar para poner el dispositivo perdido o robado en modo Perdido, borrarlo y transferir la propiedad a Apple para que podamos asignarte un nuevo dispositivo. Para asegurarte de que puedas iniciar sesión en Buscar y acceder a esta función, es importante que recuerdes tu ID de Apple y contraseña, y que mantengas la información de tu cuenta actualizada. Si usas la autenticación de doble factor para el ID de Apple, te recomendamos que añadas un número de teléfono adicional de confianza a tu cuenta en el que puedas recibir el código de verificación de 6 dígitos que necesitas para iniciar sesión aunque no tengas tu iPhone. Para obtener más información, visita las páginas de Soporte técnico de Apple.""},""orderConfirmation"":{""agreementNumber"":""328417260140"",""coverageDurationStatement"":""Finaliza el 04/09/2028"",""termConditionURL"":""http://www.apple.com/legal/sales-support/"",""partNumber"":""SX382ZX/A"",""partAlias"":""ACPTL"",""partType"":""AC+TL"",""purchaseMode"":""C"",""appleCareSalesDate"":""05/09/2026"",""pocType"":""APOC"",""purchaseOrderNumber"":""101177""}},""transactionId"":""98121f36-ada6-41bc-922d-4dc59c4e8210-1788638574451""}"
True;5168374;2026-09-05 16:03:45.560000;2026-09-05 00:00:00;1001154;VERIFYORDER;shcpyxlfwcn;MHFF4CI/A;"{""orderDetailsResponses"":{""deviceEligibility"":{""secondaryDisplay"":""0"",""partDescription"":""AppleCare+ para 13-inch MacBook Neo (A18PRO)"",""coverageDuration"":""3"",""productStatement"":""AppleCare+ para 13-inch MacBook Neo (A18PRO) amplía la cobertura de servicio y soporte técnico a 3 años desde la fecha de compra de AppleCare+ e incluye cobertura para una cantidad ilimitada de incidentes por daño accidental debido a la manipulación del producto, cada uno de ellos sujeto a un cargo adicional de R$51990  por daños en la pantalla o la carcasa externa o de R$156990  por Otros daños accidentales. Lee todos los detalles en los Términos y condiciones de AppleCare+."",""deviceDateOfPurchase"":""05/09/2026"",""deviceId"":""SHCPYXLFWCN"",""registeredDevice"":""1"",""pocType"":""APOC"",""serialNumber"":""HCPYXLFWCN"",""partNumber"":""SD0T3ZX/A"",""purchaseMode"":""C"",""productDescription"":""MacBook Neo""}},""transactionId"":""10e3972d-9e4e-4fba-b8eb-896c3bb64fc6-1788638625037""}"
True;5168374;2026-09-05 16:08:10.090000;2026-09-05 00:00:00;1001154;CREATEORDER;shcpyxlfwcn;MHFF4CI/A;"{""orderDetailsResponses"":{""deviceEligibility"":{""secondaryDisplay"":""0"",""partDescription"":""AppleCare+ para 13-inch MacBook Neo (A18PRO)"",""coverageDuration"":""3"",""productStatement"":""AppleCare+ para 13-inch MacBook Neo (A18PRO) amplía la cobertura de servicio y soporte técnico a 3 años desde la fecha de compra de AppleCare+ e incluye cobertura para una cantidad ilimitada de incidentes por daño accidental debido a la manipulación del producto, cada uno de ellos sujeto a un cargo adicional de R$51990  por daños en la pantalla o la carcasa externa o de R$156990  por Otros daños accidentales. Lee todos los detalles en los Términos y condiciones de AppleCare+."",""deviceDateOfPurchase"":""05/09/2026"",""deviceId"":""SHCPYXLFWCN"",""registeredDevice"":""1"",""pocType"":""APOC"",""serialNumber"":""HCPYXLFWCN"",""partNumber"":""SD0T3ZX/A"",""purchaseMode"":""C"",""productDescription"":""MacBook Neo""},""orderConfirmation"":{""agreementNumber"":""328417280038"",""coverageDurationStatement"":""Finaliza el 04/09/2029"",""termConditionURL"":""http://www.apple.com/legal/sales-support/"",""partNumber"":""SD0T3ZX/A"",""partType"":""AppleCare+"",""purchaseMode"":""C"",""appleCareSalesDate"":""05/09/2026"",""pocType"":""APOC"",""purchaseOrderNumber"":""1001154""}},""transactionId"":""2a87688e-2cc6-4d48-9a25-2a9283c2eeea-1788638883754""}"
True;5047439;2026-09-05 16:08:37.600000;2026-09-05 00:00:00;64601117;VERIFYORDER;SC2QW3640YX;MHFJ4CI/A;"{""orderDetailsResponses"":{""deviceEligibility"":{""secondaryDisplay"":""0"",""partDescription"":""AppleCare+ para 13-inch MacBook Neo (A18PRO)"",""coverageDuration"":""3"",""productStatement"":""AppleCare+ para 13-inch MacBook Neo (A18PRO) amplía la cobertura de servicio y soporte técnico a 3 años desde la fecha de compra de AppleCare+ e incluye cobertura para una cantidad ilimitada de incidentes por daño accidental debido a la manipulación del producto, cada uno de ellos sujeto a un cargo adicional de R$51990  por daños en la pantalla o la carcasa externa o de R$156990  por Otros daños accidentales. Lee todos los detalles en los Términos y condiciones de AppleCare+."",""deviceDateOfPurchase"":""05/09/2026"",""deviceId"":""SC2QW3640YX"",""registeredDevice"":""1"",""pocType"":""APOC"",""serialNumber"":""C2QW3640YX"",""partNumber"":""SD0T3ZX/A"",""partAlias"":""ACP"",""purchaseMode"":""C"",""productDescription"":""MacBook Neo""}},""transactionId"":""d97a20ee-de4f-4d43-82dd-4707a5d83375-1788638917095""}"
True;5047439;2026-09-05 16:11:22.287000;2026-09-05 00:00:00;64601117;CREATEORDER;SC2QW3640YX;MHFJ4CI/A;"{""orderDetailsResponses"":{""deviceEligibility"":{""secondaryDisplay"":""0"",""partDescription"":""AppleCare+ para 13-inch MacBook Neo (A18PRO)"",""coverageDuration"":""3"",""productStatement"":""AppleCare+ para 13-inch MacBook Neo (A18PRO) amplía la cobertura de servicio y soporte técnico a 3 años desde la fecha de compra de AppleCare+ e incluye cobertura para una cantidad ilimitada de incidentes por daño accidental debido a la manipulación del producto, cada uno de ellos sujeto a un cargo adicional de R$51990  por daños en la pantalla o la carcasa externa o de R$156990  por Otros daños accidentales. Lee todos los detalles en los Términos y condiciones de AppleCare+."",""deviceDateOfPurchase"":""05/09/2026"",""deviceId"":""SC2QW3640YX"",""registeredDevice"":""1"",""pocType"":""APOC"",""serialNumber"":""C2QW3640YX"",""partNumber"":""SD0T3ZX/A"",""partAlias"":""ACP"",""purchaseMode"":""C"",""productDescription"":""MacBook Neo""},""orderConfirmation"":{""agreementNumber"":""328417240704"",""coverageDurationStatement"":""Finaliza el 04/09/2029"",""termConditionURL"":""http://www.apple.com/legal/sales-support/"",""partNumber"":""SD0T3ZX/A"",""partAlias"":""ACP"",""partType"":""AppleCare+"",""purchaseMode"":""C"",""appleCareSalesDate"":""05/09/2026"",""pocType"":""APOC"",""purchaseOrderNumber"":""64601117""}},""transactionId"":""e5464457-050a-4999-90e1-472e8676ff58-1788639077543""}"
True;1327536;2026-09-05 16:21:22.053000;2026-09-05 00:00:00;8401107;VERIFYORDER;smw4y3dvpqm;MEU64AM/A;"{""orderDetailsResponses"":{""deviceEligibility"":{""secondaryDisplay"":""0"",""partDescription"":""AppleCare+ para Apple Watch Series 11"",""coverageDuration"":""2"",""productStatement"":""AppleCare+ para Apple Watch Series 11 amplía la cobertura de servicio y soporte técnico a 2 años desde la fecha de compra de AppleCare+ e incluye cobertura para una cantidad ilimitada de incidentes por daño accidental debido a la manipulación del producto, cada uno de ellos sujeto a un cargo adicional de R$67000  por Otros daños accidentales. Lee todos los detalles en los Términos y condiciones de AppleCare+."",""deviceDateOfPurchase"":""05/09/2026"",""deviceId"":""SMW4Y3DVPQM"",""registeredDevice"":""1"",""pocType"":""APOC"",""serialNumber"":""MW4Y3DVPQM"",""partNumber"":""SXCJ2ZX/A"",""partAlias"":""ACP"",""purchaseMode"":""C"",""productDescription"":""Watch Series 11 (GPS) Aluminum 42MM""}},""transactionId"":""407ede91-1e48-49a7-90b4-c9d5144d9921-1788639681243""}"
True;1327536;2026-09-05 16:22:26.720000;2026-09-05 00:00:00;8401107;CREATEORDER;smw4y3dvpqm;MEU64AM/A;"{""orderDetailsResponses"":{""deviceEligibility"":{""secondaryDisplay"":""0"",""partDescription"":""AppleCare+ para Apple Watch Series 11"",""coverageDuration"":""2"",""productStatement"":""AppleCare+ para Apple Watch Series 11 amplía la cobertura de servicio y soporte técnico a 2 años desde la fecha de compra de AppleCare+ e incluye cobertura para una cantidad ilimitada de incidentes por daño accidental debido a la manipulación del producto, cada uno de ellos sujeto a un cargo adicional de R$67000  por Otros daños accidentales. Lee todos los detalles en los Términos y condiciones de AppleCare+."",""deviceDateOfPurchase"":""05/09/2026"",""deviceId"":""SMW4Y3DVPQM"",""registeredDevice"":""1"",""pocType"":""APOC"",""serialNumber"":""MW4Y3DVPQM"",""partNumber"":""SXCJ2ZX/A"",""partAlias"":""ACP"",""purchaseMode"":""C"",""productDescription"":""Watch Series 11 (GPS) Aluminum 42MM""},""orderConfirmation"":{""agreementNumber"":""328417280067"",""coverageDurationStatement"":""Finaliza el 04/09/2028"",""termConditionURL"":""http://www.apple.com/legal/sales-support/"",""partNumber"":""SXCJ2ZX/A"",""partAlias"":""ACP"",""partType"":""AppleCare+"",""purchaseMode"":""C"",""appleCareSalesDate"":""05/09/2026"",""pocType"":""APOC"",""purchaseOrderNumber"":""8401107""}},""transactionId"":""ab3b623f-67aa-4186-bc5b-e829b5ffb4c0-1788639741914""}"
True;5163864;2026-09-05 16:26:50.347000;2026-09-05 00:00:00;101167;VERIFYORDER;SLXHQ69GX2N;MHFJ4CI/A;"{""orderDetailsResponses"":{""deviceEligibility"":{""secondaryDisplay"":""0"",""partDescription"":""AppleCare+ para 13-inch MacBook Neo (A18PRO)"",""coverageDuration"":""3"",""productStatement"":""AppleCare+ para 13-inch MacBook Neo (A18PRO) amplía la cobertura de servicio y soporte técnico a 3 años desde la fecha de compra de AppleCare+ e incluye cobertura para una cantidad ilimitada de incidentes por daño accidental debido a la manipulación del producto, cada uno de ellos sujeto a un cargo adicional de R$51990  por daños en la pantalla o la carcasa externa o de R$156990  por Otros daños accidentales. Lee todos los detalles en los Términos y condiciones de AppleCare+."",""deviceDateOfPurchase"":""05/09/2026"",""deviceId"":""SLXHQ69GX2N"",""registeredDevice"":""1"",""pocType"":""APOC"",""serialNumber"":""LXHQ69GX2N"",""partNumber"":""SD0T3ZX/A"",""purchaseMode"":""C"",""productDescription"":""MacBook Neo""}},""transactionId"":""477e98b1-48c2-4f8a-acb8-57f31f39fa07-1788640009801""}"
True;5163864;2026-09-05 16:32:47.363000;2026-09-05 00:00:00;101167;CREATEORDER;SLXHQ69GX2N;MHFJ4CI/A;"{""orderDetailsResponses"":{""deviceEligibility"":{""secondaryDisplay"":""0"",""partDescription"":""AppleCare+ para 13-inch MacBook Neo (A18PRO)"",""coverageDuration"":""3"",""productStatement"":""AppleCare+ para 13-inch MacBook Neo (A18PRO) amplía la cobertura de servicio y soporte técnico a 3 años desde la fecha de compra de AppleCare+ e incluye cobertura para una cantidad ilimitada de incidentes por daño accidental debido a la manipulación del producto, cada uno de ellos sujeto a un cargo adicional de R$51990  por daños en la pantalla o la carcasa externa o de R$156990  por Otros daños accidentales. Lee todos los detalles en los Términos y condiciones de AppleCare+."",""deviceDateOfPurchase"":""05/09/2026"",""deviceId"":""SLXHQ69GX2N"",""registeredDevice"":""1"",""pocType"":""APOC"",""serialNumber"":""LXHQ69GX2N"",""partNumber"":""SD0T3ZX/A"",""purchaseMode"":""C"",""productDescription"":""MacBook Neo""},""orderConfirmation"":{""agreementNumber"":""328417260209"",""coverageDurationStatement"":""Finaliza el 04/09/2029"",""termConditionURL"":""http://www.apple.com/legal/sales-support/"",""partNumber"":""SD0T3ZX/A"",""partType"":""AppleCare+"",""purchaseMode"":""C"",""appleCareSalesDate"":""05/09/2026"",""pocType"":""APOC"",""purchaseOrderNumber"":""101167""}},""transactionId"":""8a55d4d8-1754-472b-809f-71c9d44dbbca-1788640362797""}"
True;5135990;2026-09-05 16:40:52.380000;2026-09-05 00:00:00;21501029;VERIFYORDER;SMFQ5N6WKV9;MFYP4BE/A;"{""orderDetailsResponses"":{""deviceEligibility"":{""secondaryDisplay"":""0"",""partDescription"":""AppleCare+ con robo y pérdida para iPhone 17 Pro Max"",""coverageDuration"":""2"",""productStatement"":""Tu AppleCare+ con robo y pérdida para iPhone 17 Pro Max amplía la cobertura de servicio y soporte técnico a 2 años desde la fecha de compra de AppleCare+ con robo y pérdida e incluye cobertura para una cantidad ilimitada de incidentes por daño accidental debido a la manipulación del producto o un máximo de dos incidentes de robo y pérdida cada 12 meses, cada uno de ellos sujeto a un cargo adicional de R$96000  por Otros daños accidentales o de R$28000  por los daños de la pantalla o la carcasa externa o de R$144000  por robo o pérdida. Lee todos los detalles en los Términos y condiciones de AppleCare+."",""deviceDateOfPurchase"":""05/09/2026"",""deviceId"":""SMFQ5N6WKV9"",""registeredDevice"":""1"",""pocType"":""APOC"",""serialNumber"":""MFQ5N6WKV9"",""partNumber"":""SX382ZX/A"",""partAlias"":""ACPTL"",""purchaseMode"":""C"",""productDescription"":""iPhone 17 Pro Max"",""tlDisclosure"":""La cobertura de robo y pérdida requiere que tengas la función Buscar habilitada en tu dispositivo antes de que se pierda o te lo roben. Durante el proceso de reclamación, te pediremos que uses la función Buscar para poner el dispositivo perdido o robado en modo Perdido, borrarlo y transferir la propiedad a Apple para que podamos asignarte un nuevo dispositivo. Para asegurarte de que puedas iniciar sesión en Buscar y acceder a esta función, es importante que recuerdes tu ID de Apple y contraseña, y que mantengas la información de tu cuenta actualizada. Si usas la autenticación de doble factor para el ID de Apple, te recomendamos que añadas un número de teléfono adicional de confianza a tu cuenta en el que puedas recibir el código de verificación de 6 dígitos que necesitas para iniciar sesión aunque no tengas tu iPhone. Para obtener más información, visita las páginas de Soporte técnico de Apple.""}},""transactionId"":""65e99ab2-5d1b-4845-9140-e8891df4c9e6-1788640851851""}"
True;5135990;2026-09-05 16:44:17.810000;2026-09-05 00:00:00;21501029;CREATEORDER;SMFQ5N6WKV9;MFYP4BE/A;"{""orderDetailsResponses"":{""deviceEligibility"":{""secondaryDisplay"":""0"",""partDescription"":""AppleCare+ con robo y pérdida para iPhone 17 Pro Max"",""coverageDuration"":""2"",""productStatement"":""Tu AppleCare+ con robo y pérdida para iPhone 17 Pro Max amplía la cobertura de servicio y soporte técnico a 2 años desde la fecha de compra de AppleCare+ con robo y pérdida e incluye cobertura para una cantidad ilimitada de incidentes por daño accidental debido a la manipulación del producto o un máximo de dos incidentes de robo y pérdida cada 12 meses, cada uno de ellos sujeto a un cargo adicional de R$96000  por Otros daños accidentales o de R$28000  por los daños de la pantalla o la carcasa externa o de R$144000  por robo o pérdida. Lee todos los detalles en los Términos y condiciones de AppleCare+."",""deviceDateOfPurchase"":""05/09/2026"",""deviceId"":""SMFQ5N6WKV9"",""registeredDevice"":""1"",""pocType"":""APOC"",""serialNumber"":""MFQ5N6WKV9"",""partNumber"":""SX382ZX/A"",""partAlias"":""ACPTL"",""purchaseMode"":""C"",""productDescription"":""iPhone 17 Pro Max"",""tlDisclosure"":""La cobertura de robo y pérdida requiere que tengas la función Buscar habilitada en tu dispositivo antes de que se pierda o te lo roben. Durante el proceso de reclamación, te pediremos que uses la función Buscar para poner el dispositivo perdido o robado en modo Perdido, borrarlo y transferir la propiedad a Apple para que podamos asignarte un nuevo dispositivo. Para asegurarte de que puedas iniciar sesión en Buscar y acceder a esta función, es importante que recuerdes tu ID de Apple y contraseña, y que mantengas la información de tu cuenta actualizada. Si usas la autenticación de doble factor para el ID de Apple, te recomendamos que añadas un número de teléfono adicional de confianza a tu cuenta en el que puedas recibir el código de verificación de 6 dígitos que necesitas para iniciar sesión aunque no tengas tu iPhone. Para obtener más información, visita las páginas de Soporte técnico de Apple.""},""orderConfirmation"":{""agreementNumber"":""328417260237"",""coverageDurationStatement"":""Finaliza el 04/09/2028"",""termConditionURL"":""http://www.apple.com/legal/sales-support/"",""partNumber"":""SX382ZX/A"",""partAlias"":""ACPTL"",""partType"":""AC+TL"",""purchaseMode"":""C"",""appleCareSalesDate"":""05/09/2026"",""pocType"":""APOC"",""purchaseOrderNumber"":""21501029""}},""transactionId"":""f1b1737d-dca5-4dad-a02f-3e2aa4059e0d-1788641051446""}"
True;5092782;2026-09-05 16:47:31.840000;2026-09-05 00:00:00;11101129;VERIFYORDER;slgwjt6c6yt;MG6M4BE/A;"{""orderDetailsResponses"":{""deviceEligibility"":{""secondaryDisplay"":""0"",""partDescription"":""AppleCare+ con robo y pérdida para iPhone 17"",""coverageDuration"":""2"",""productStatement"":""Tu AppleCare+ con robo y pérdida para iPhone 17 amplía la cobertura de servicio y soporte técnico a 2 años desde la fecha de compra de AppleCare+ con robo y pérdida e incluye cobertura para una cantidad ilimitada de incidentes por daño accidental debido a la manipulación del producto o un máximo de dos incidentes de robo y pérdida cada 12 meses, cada uno de ellos sujeto a un cargo adicional de R$96000  por Otros daños accidentales o de R$28000  por los daños de la pantalla o la carcasa externa o de R$144000  por robo o pérdida. Lee todos los detalles en los Términos y condiciones de AppleCare+."",""deviceDateOfPurchase"":""05/09/2026"",""deviceId"":""SLGWJT6C6YT"",""registeredDevice"":""1"",""pocType"":""APOC"",""serialNumber"":""LGWJT6C6YT"",""partNumber"":""SX2V2ZX/A"",""partAlias"":""ACPTL"",""purchaseMode"":""C"",""productDescription"":""iPhone 17"",""tlDisclosure"":""La cobertura de robo y pérdida requiere que tengas la función Buscar habilitada en tu dispositivo antes de que se pierda o te lo roben. Durante el proceso de reclamación, te pediremos que uses la función Buscar para poner el dispositivo perdido o robado en modo Perdido, borrarlo y transferir la propiedad a Apple para que podamos asignarte un nuevo dispositivo. Para asegurarte de que puedas iniciar sesión en Buscar y acceder a esta función, es importante que recuerdes tu ID de Apple y contraseña, y que mantengas la información de tu cuenta actualizada. Si usas la autenticación de doble factor para el ID de Apple, te recomendamos que añadas un número de teléfono adicional de confianza a tu cuenta en el que puedas recibir el código de verificación de 6 dígitos que necesitas para iniciar sesión aunque no tengas tu iPhone. Para obtener más información, visita las páginas de Soporte técnico de Apple.""}},""transactionId"":""66586a2c-b5a8-4b32-8f69-b85cb946d265-1788641251352""}"
True;5163866;2026-09-05 16:47:45.490000;2026-09-05 00:00:00;201167;VERIFYORDER;SJKG2Q0MFHJ;MN873CI/A;"{""orderDetailsResponses"":{""deviceEligibility"":{""secondaryDisplay"":""0"",""partDescription"":""AppleCare+ para Apple TV"",""coverageDuration"":""3"",""productStatement"":""AppleCare+ para Apple TV amplía la cobertura de servicio y soporte técnico a 3 años desde la fecha de compra de AppleCare+ e incluye cobertura para una cantidad ilimitada de incidentes por daño accidental debido a la manipulación del producto, cada uno de ellos sujeto a un cargo adicional de CLP14000 . Lee todos los detalles en los Términos y condiciones de AppleCare+."",""deviceDateOfPurchase"":""05/09/2026"",""deviceId"":""SJKG2Q0MFHJ"",""registeredDevice"":""1"",""pocType"":""APOC"",""serialNumber"":""JKG2Q0MFHJ"",""partNumber"":""S9634ZX/A"",""purchaseMode"":""C"",""productDescription"":""J255""}},""transactionId"":""acaabb41-5be0-4c19-8731-64206cb605dc-1788641264966""}"
True;5163866;2026-09-05 16:51:19.200000;2026-09-05 00:00:00;201167;CREATEORDER;SJKG2Q0MFHJ;MN873CI/A;"{""orderDetailsResponses"":{""deviceEligibility"":{""secondaryDisplay"":""0"",""partDescription"":""AppleCare+ para Apple TV"",""coverageDuration"":""3"",""productStatement"":""AppleCare+ para Apple TV amplía la cobertura de servicio y soporte técnico a 3 años desde la fecha de compra de AppleCare+ e incluye cobertura para una cantidad ilimitada de incidentes por daño accidental debido a la manipulación del producto, cada uno de ellos sujeto a un cargo adicional de CLP14000 . Lee todos los detalles en los Términos y condiciones de AppleCare+."",""deviceDateOfPurchase"":""05/09/2026"",""deviceId"":""SJKG2Q0MFHJ"",""registeredDevice"":""1"",""pocType"":""APOC"",""serialNumber"":""JKG2Q0MFHJ"",""partNumber"":""S9634ZX/A"",""purchaseMode"":""C"",""productDescription"":""J255""},""orderConfirmation"":{""agreementNumber"":""328417301019"",""coverageDurationStatement"":""Finaliza el 04/09/2029"",""termConditionURL"":""http://www.apple.com/legal/sales-support/"",""partNumber"":""S9634ZX/A"",""partType"":""AppleCare+"",""purchaseMode"":""C"",""appleCareSalesDate"":""05/09/2026"",""pocType"":""APOC"",""purchaseOrderNumber"":""201167""}},""transactionId"":""4b46eb78-ca91-4475-b33b-dac88eb58b4f-1788641474379""}"
True;5172087;2026-09-05 16:54:41.873000;2026-09-05 00:00:00;21601065;VERIFYORDER;sl6r2nqhg69;MEPJ4AM/A;"{""orderDetailsResponses"":{""deviceEligibility"":{""secondaryDisplay"":""0"",""partDescription"":""AppleCare+ para Apple Watch SE (3rd gen)"",""coverageDuration"":""2"",""productStatement"":""AppleCare+ para Apple Watch SE (3rd gen) amplía la cobertura de servicio y soporte técnico a 2 años desde la fecha de compra de AppleCare+ e incluye cobertura para una cantidad ilimitada de incidentes por daño accidental debido a la manipulación del producto, cada uno de ellos sujeto a un cargo adicional de R$67000  por Otros daños accidentales. Lee todos los detalles en los Términos y condiciones de AppleCare+."",""deviceDateOfPurchase"":""05/09/2026"",""deviceId"":""SL6R2NQHG69"",""registeredDevice"":""1"",""pocType"":""APOC"",""serialNumber"":""L6R2NQHG69"",""partNumber"":""SXHW2ZX/A"",""partAlias"":""ACP"",""purchaseMode"":""C"",""productDescription"":""Watch SE (3rd gen,GPS+Cell)Aluminum 44MM""}},""transactionId"":""968c38f6-8324-4612-9365-006395e307b2-1788641681195""}"
True;5172087;2026-09-05 16:56:08.090000;2026-09-05 00:00:00;21601065;CREATEORDER;sl6r2nqhg69;MEPJ4AM/A;"{""orderDetailsResponses"":{""deviceEligibility"":{""secondaryDisplay"":""0"",""partDescription"":""AppleCare+ para Apple Watch SE (3rd gen)"",""coverageDuration"":""2"",""productStatement"":""AppleCare+ para Apple Watch SE (3rd gen) amplía la cobertura de servicio y soporte técnico a 2 años desde la fecha de compra de AppleCare+ e incluye cobertura para una cantidad ilimitada de incidentes por daño accidental debido a la manipulación del producto, cada uno de ellos sujeto a un cargo adicional de R$67000  por Otros daños accidentales. Lee todos los detalles en los Términos y condiciones de AppleCare+."",""deviceDateOfPurchase"":""05/09/2026"",""deviceId"":""SL6R2NQHG69"",""registeredDevice"":""1"",""pocType"":""APOC"",""serialNumber"":""L6R2NQHG69"",""partNumber"":""SXHW2ZX/A"",""partAlias"":""ACP"",""purchaseMode"":""C"",""productDescription"":""Watch SE (3rd gen,GPS+Cell)Aluminum 44MM""},""orderConfirmation"":{""agreementNumber"":""328417241751"",""coverageDurationStatement"":""Finaliza el 04/09/2028"",""termConditionURL"":""http://www.apple.com/legal/sales-support/"",""partNumber"":""SXHW2ZX/A"",""partAlias"":""ACP"",""partType"":""AppleCare+"",""purchaseMode"":""C"",""appleCareSalesDate"":""05/09/2026"",""pocType"":""APOC"",""purchaseOrderNumber"":""21601065""}},""transactionId"":""1d0fd48a-0c31-44b1-b65b-df1a34c0b08c-1788641763529""}"
True;5092782;2026-09-05 16:57:02.893000;2026-09-05 00:00:00;11101129;CREATEORDER;slgwjt6c6yt;MG6M4BE/A;"{""orderDetailsResponses"":{""deviceEligibility"":{""secondaryDisplay"":""0"",""partDescription"":""AppleCare+ con robo y pérdida para iPhone 17"",""coverageDuration"":""2"",""productStatement"":""Tu AppleCare+ con robo y pérdida para iPhone 17 amplía la cobertura de servicio y soporte técnico a 2 años desde la fecha de compra de AppleCare+ con robo y pérdida e incluye cobertura para una cantidad ilimitada de incidentes por daño accidental debido a la manipulación del producto o un máximo de dos incidentes de robo y pérdida cada 12 meses, cada uno de ellos sujeto a un cargo adicional de R$96000  por Otros daños accidentales o de R$28000  por los daños de la pantalla o la carcasa externa o de R$144000  por robo o pérdida. Lee todos los detalles en los Términos y condiciones de AppleCare+."",""deviceDateOfPurchase"":""05/09/2026"",""deviceId"":""SLGWJT6C6YT"",""registeredDevice"":""1"",""pocType"":""APOC"",""serialNumber"":""LGWJT6C6YT"",""partNumber"":""SX2V2ZX/A"",""partAlias"":""ACPTL"",""purchaseMode"":""C"",""productDescription"":""iPhone 17"",""tlDisclosure"":""La cobertura de robo y pérdida requiere que tengas la función Buscar habilitada en tu dispositivo antes de que se pierda o te lo roben. Durante el proceso de reclamación, te pediremos que uses la función Buscar para poner el dispositivo perdido o robado en modo Perdido, borrarlo y transferir la propiedad a Apple para que podamos asignarte un nuevo dispositivo. Para asegurarte de que puedas iniciar sesión en Buscar y acceder a esta función, es importante que recuerdes tu ID de Apple y contraseña, y que mantengas la información de tu cuenta actualizada. Si usas la autenticación de doble factor para el ID de Apple, te recomendamos que añadas un número de teléfono adicional de confianza a tu cuenta en el que puedas recibir el código de verificación de 6 dígitos que necesitas para iniciar sesión aunque no tengas tu iPhone. Para obtener más información, visita las páginas de Soporte técnico de Apple.""},""orderConfirmation"":{""agreementNumber"":""328417224934"",""coverageDurationStatement"":""Finaliza el 04/09/2028"",""termConditionURL"":""http://www.apple.com/legal/sales-support/"",""partNumber"":""SX2V2ZX/A"",""partAlias"":""ACPTL"",""partType"":""AC+TL"",""purchaseMode"":""C"",""appleCareSalesDate"":""05/09/2026"",""pocType"":""APOC"",""purchaseOrderNumber"":""11101129""}},""transactionId"":""ff5a2d0a-9ad5-4372-bfd1-e1f239baac42-1788641818020""}"
True;5142650;2026-09-05 16:59:42.250000;2026-09-05 00:00:00;31901090;VERIFYORDER;SFQLK703WXX;MDHF4CI/A;"{""orderDetailsResponses"":{""deviceEligibility"":{""secondaryDisplay"":""1"",""partDescription"":""AppleCare+ para 13-inch MacBook Air (M5)"",""coverageDuration"":""3"",""productStatement"":""AppleCare+ para 13-inch MacBook Air (M5) amplía la cobertura de servicio y soporte técnico a 3 años desde la fecha de compra de AppleCare+ e incluye cobertura para una cantidad ilimitada de incidentes por daño accidental debido a la manipulación del producto, cada uno de ellos sujeto a un cargo adicional de R$96000  por daños en la pantalla o la carcasa externa o de R$289000  por Otros daños accidentales. Lee todos los detalles en los Términos y condiciones de AppleCare+."",""deviceDateOfPurchase"":""05/09/2026"",""deviceId"":""SFQLK703WXX"",""registeredDevice"":""1"",""pocType"":""APOC"",""serialNumber"":""FQLK703WXX"",""partNumber"":""SCW83ZX/A"",""partAlias"":""ACP"",""purchaseMode"":""C"",""productDescription"":""MacBook Air (13-inch, M5)""}},""transactionId"":""b1988f57-d03f-4543-8b31-2236ae189818-1788641981685""}"
True;5142650;2026-09-05 17:03:22.480000;2026-09-05 00:00:00;31901090;CREATEORDER;SFQLK703WXX;MDHF4CI/A;"{""orderDetailsResponses"":{""deviceEligibility"":{""secondaryDisplay"":""1"",""partDescription"":""AppleCare+ para 13-inch MacBook Air (M5)"",""coverageDuration"":""3"",""productStatement"":""AppleCare+ para 13-inch MacBook Air (M5) amplía la cobertura de servicio y soporte técnico a 3 años desde la fecha de compra de AppleCare+ e incluye cobertura para una cantidad ilimitada de incidentes por daño accidental debido a la manipulación del producto, cada uno de ellos sujeto a un cargo adicional de R$96000  por daños en la pantalla o la carcasa externa o de R$289000  por Otros daños accidentales. Lee todos los detalles en los Términos y condiciones de AppleCare+."",""deviceDateOfPurchase"":""05/09/2026"",""deviceId"":""SFQLK703WXX"",""registeredDevice"":""1"",""pocType"":""APOC"",""serialNumber"":""FQLK703WXX"",""partNumber"":""SCW83ZX/A"",""partAlias"":""ACP"",""purchaseMode"":""C"",""productDescription"":""MacBook Air (13-inch, M5)""},""orderConfirmation"":{""agreementNumber"":""328417242766"",""coverageDurationStatement"":""Finaliza el 04/09/2029"",""termConditionURL"":""http://www.apple.com/legal/sales-support/"",""partNumber"":""SCW83ZX/A"",""partAlias"":""ACP"",""partType"":""AppleCare+"",""purchaseMode"":""C"",""appleCareSalesDate"":""05/09/2026"",""pocType"":""APOC"",""purchaseOrderNumber"":""31901090""}},""transactionId"":""c7c330ba-ea43-47ec-ac34-9b3b29e6ec30-1788642200131""}"
True;5134342;2026-09-05 17:13:38.417000;2026-09-05 00:00:00;51601104;VERIFYORDER;smywhh4j3pm;MEH94AM/A;"{""orderDetailsResponses"":{""deviceEligibility"":{""secondaryDisplay"":""0"",""partDescription"":""AppleCare+ para Apple Watch SE (3rd gen)"",""coverageDuration"":""2"",""productStatement"":""AppleCare+ para Apple Watch SE (3rd gen) amplía la cobertura de servicio y soporte técnico a 2 años desde la fecha de compra de AppleCare+ e incluye cobertura para una cantidad ilimitada de incidentes por daño accidental debido a la manipulación del producto, cada uno de ellos sujeto a un cargo adicional de R$67000  por Otros daños accidentales. Lee todos los detalles en los Términos y condiciones de AppleCare+."",""deviceDateOfPurchase"":""05/09/2026"",""deviceId"":""SMYWHH4J3PM"",""registeredDevice"":""1"",""pocType"":""APOC"",""serialNumber"":""MYWHH4J3PM"",""partNumber"":""SXHW2ZX/A"",""partAlias"":""ACP"",""purchaseMode"":""C"",""productDescription"":""Watch SE (3rd gen, GPS) Aluminum 40MM""}},""transactionId"":""186ce690-68fa-49a6-8fa5-295b70eb7008-1788642817769""}"
True;5134342;2026-09-05 17:14:06.293000;2026-09-05 00:00:00;51601104;VERIFYORDER;sjl43d167vn;MEHN4AM/A;"{""orderDetailsResponses"":{""deviceEligibility"":{""secondaryDisplay"":""0"",""partDescription"":""AppleCare+ para Apple Watch SE (3rd gen)"",""coverageDuration"":""2"",""productStatement"":""AppleCare+ para Apple Watch SE (3rd gen) amplía la cobertura de servicio y soporte técnico a 2 años desde la fecha de compra de AppleCare+ e incluye cobertura para una cantidad ilimitada de incidentes por daño accidental debido a la manipulación del producto, cada uno de ellos sujeto a un cargo adicional de R$67000  por Otros daños accidentales. Lee todos los detalles en los Términos y condiciones de AppleCare+."",""deviceDateOfPurchase"":""05/09/2026"",""deviceId"":""SJL43D167VN"",""registeredDevice"":""1"",""pocType"":""APOC"",""serialNumber"":""JL43D167VN"",""partNumber"":""SXHW2ZX/A"",""partAlias"":""ACP"",""purchaseMode"":""C"",""productDescription"":""Watch SE (3rd gen, GPS) Aluminum 44MM""}},""transactionId"":""9d244b14-5014-4404-a26f-e8f39b442f1e-1788642845750""}"
True;5134342;2026-09-05 17:15:42.527000;2026-09-05 00:00:00;51601104;CREATEORDER;smywhh4j3pm;MEH94AM/A;"{""orderDetailsResponses"":{""deviceEligibility"":{""secondaryDisplay"":""0"",""partDescription"":""AppleCare+ para Apple Watch SE (3rd gen)"",""coverageDuration"":""2"",""productStatement"":""AppleCare+ para Apple Watch SE (3rd gen) amplía la cobertura de servicio y soporte técnico a 2 años desde la fecha de compra de AppleCare+ e incluye cobertura para una cantidad ilimitada de incidentes por daño accidental debido a la manipulación del producto, cada uno de ellos sujeto a un cargo adicional de R$67000  por Otros daños accidentales. Lee todos los detalles en los Términos y condiciones de AppleCare+."",""deviceDateOfPurchase"":""05/09/2026"",""deviceId"":""SMYWHH4J3PM"",""registeredDevice"":""1"",""pocType"":""APOC"",""serialNumber"":""MYWHH4J3PM"",""partNumber"":""SXHW2ZX/A"",""partAlias"":""ACP"",""purchaseMode"":""C"",""productDescription"":""Watch SE (3rd gen, GPS) Aluminum 40MM""},""orderConfirmation"":{""agreementNumber"":""328417301071"",""coverageDurationStatement"":""Finaliza el 04/09/2028"",""termConditionURL"":""http://www.apple.com/legal/sales-support/"",""partNumber"":""SXHW2ZX/A"",""partAlias"":""ACP"",""partType"":""AppleCare+"",""purchaseMode"":""C"",""appleCareSalesDate"":""05/09/2026"",""pocType"":""APOC"",""purchaseOrderNumber"":""51601104""}},""transactionId"":""c5b49e99-cba5-4306-9699-732b9d09bb44-1788642937881""}"
True;5134342;2026-09-05 17:15:47.730000;2026-09-05 00:00:00;51601104;CREATEORDER;sjl43d167vn;MEHN4AM/A;"{""orderDetailsResponses"":{""deviceEligibility"":{""secondaryDisplay"":""0"",""partDescription"":""AppleCare+ para Apple Watch SE (3rd gen)"",""coverageDuration"":""2"",""productStatement"":""AppleCare+ para Apple Watch SE (3rd gen) amplía la cobertura de servicio y soporte técnico a 2 años desde la fecha de compra de AppleCare+ e incluye cobertura para una cantidad ilimitada de incidentes por daño accidental debido a la manipulación del producto, cada uno de ellos sujeto a un cargo adicional de R$67000  por Otros daños accidentales. Lee todos los detalles en los Términos y condiciones de AppleCare+."",""deviceDateOfPurchase"":""05/09/2026"",""deviceId"":""SJL43D167VN"",""registeredDevice"":""1"",""pocType"":""APOC"",""serialNumber"":""JL43D167VN"",""partNumber"":""SXHW2ZX/A"",""partAlias"":""ACP"",""purchaseMode"":""C"",""productDescription"":""Watch SE (3rd gen, GPS) Aluminum 44MM""},""orderConfirmation"":{""agreementNumber"":""328417280187"",""coverageDurationStatement"":""Finaliza el 04/09/2028"",""termConditionURL"":""http://www.apple.com/legal/sales-support/"",""partNumber"":""SXHW2ZX/A"",""partAlias"":""ACP"",""partType"":""AppleCare+"",""purchaseMode"":""C"",""appleCareSalesDate"":""05/09/2026"",""pocType"":""APOC"",""purchaseOrderNumber"":""51601104""}},""transactionId"":""0c3f4b76-ac1c-4a87-b165-987558f5ecbc-1788642942944""}"
True;1334930;2026-09-05 17:16:52.453000;2026-09-05 00:00:00;11201129;VERIFYORDER;SJ76X4P57FF;MCQ24CI/A;"{""orderDetailsResponses"":{""deviceEligibility"":{""secondaryDisplay"":""1"",""partDescription"":""AppleCare+ para iPad Air 13-inch (M3)"",""coverageDuration"":""2"",""productStatement"":""AppleCare+ para iPad Air 13-inch (M3) amplía la cobertura de servicio y soporte técnico a 2 años desde la fecha de compra de AppleCare+ e incluye cobertura para una cantidad ilimitada de incidentes por daño accidental debido a la manipulación del producto, cada uno de ellos sujeto a un cargo adicional de R$28000  por Daños que afectan solo a la pantalla o de R$28000  por Apple Pencil / Keyboard o de R$96000  por Otros daños accidentales. Lee todos los detalles en los Términos y condiciones de AppleCare+."",""deviceDateOfPurchase"":""05/09/2026"",""deviceId"":""SJ76X4P57FF"",""registeredDevice"":""1"",""pocType"":""APOC"",""serialNumber"":""J76X4P57FF"",""partNumber"":""SV172ZX/A"",""partAlias"":""ACP"",""purchaseMode"":""C"",""productDescription"":""iPad Air 13-inch (M3) Wi-Fi""}},""transactionId"":""1da6477c-3384-4947-9e45-73ac0160225f-1788643011768""}"
True;1334930;2026-09-05 17:18:39.087000;2026-09-05 00:00:00;11201129;CREATEORDER;SJ76X4P57FF;MCQ24CI/A;"{""orderDetailsResponses"":{""deviceEligibility"":{""secondaryDisplay"":""1"",""partDescription"":""AppleCare+ para iPad Air 13-inch (M3)"",""coverageDuration"":""2"",""productStatement"":""AppleCare+ para iPad Air 13-inch (M3) amplía la cobertura de servicio y soporte técnico a 2 años desde la fecha de compra de AppleCare+ e incluye cobertura para una cantidad ilimitada de incidentes por daño accidental debido a la manipulación del producto, cada uno de ellos sujeto a un cargo adicional de R$28000  por Daños que afectan solo a la pantalla o de R$28000  por Apple Pencil / Keyboard o de R$96000  por Otros daños accidentales. Lee todos los detalles en los Términos y condiciones de AppleCare+."",""deviceDateOfPurchase"":""05/09/2026"",""deviceId"":""SJ76X4P57FF"",""registeredDevice"":""1"",""pocType"":""APOC"",""serialNumber"":""J76X4P57FF"",""partNumber"":""SV172ZX/A"",""partAlias"":""ACP"",""purchaseMode"":""C"",""productDescription"":""iPad Air 13-inch (M3) Wi-Fi""},""orderConfirmation"":{""agreementNumber"":""328417244664"",""coverageDurationStatement"":""Finaliza el 04/09/2028"",""termConditionURL"":""http://www.apple.com/legal/sales-support/"",""partNumber"":""SV172ZX/A"",""partAlias"":""ACP"",""partType"":""AppleCare+"",""purchaseMode"":""C"",""appleCareSalesDate"":""05/09/2026"",""pocType"":""APOC"",""purchaseOrderNumber"":""11201129""}},""transactionId"":""1ac6c020-f11a-49d6-9f0b-59072eac5bcd-1788643114250""}"
True;5120181;2026-09-05 17:25:32.037000;2026-09-05 00:00:00;60701082;VERIFYORDER;SGNWYQ00V9F;MEHN4AM/A;"{""orderDetailsResponses"":{""deviceEligibility"":{""secondaryDisplay"":""0"",""partDescription"":""AppleCare+ para Apple Watch SE (3rd gen)"",""coverageDuration"":""2"",""productStatement"":""AppleCare+ para Apple Watch SE (3rd gen) amplía la cobertura de servicio y soporte técnico a 2 años desde la fecha de compra de AppleCare+ e incluye cobertura para una cantidad ilimitada de incidentes por daño accidental debido a la manipulación del producto, cada uno de ellos sujeto a un cargo adicional de R$67000  por Otros daños accidentales. Lee todos los detalles en los Términos y condiciones de AppleCare+."",""deviceDateOfPurchase"":""05/09/2026"",""deviceId"":""SGNWYQ00V9F"",""registeredDevice"":""1"",""pocType"":""APOC"",""serialNumber"":""GNWYQ00V9F"",""partNumber"":""SXHW2ZX/A"",""partAlias"":""ACP"",""purchaseMode"":""C"",""productDescription"":""Watch SE (3rd gen, GPS) Aluminum 44MM""}},""transactionId"":""874f7cab-ee13-41ef-9a4c-da4f098bbf31-1788643531250""}"
True;5124612;2026-09-05 17:28:02.947000;2026-09-05 00:00:00;63501084;VERIFYORDER;SGP9RPWJN5J;MFYN4BE/A;"{""orderDetailsResponses"":{""deviceEligibility"":{""secondaryDisplay"":""0"",""partDescription"":""AppleCare+ para iPhone 17 Pro Max"",""coverageDuration"":""2"",""productStatement"":""AppleCare+ para iPhone 17 Pro Max amplía la cobertura de servicio y soporte técnico a 2 años desde la fecha de compra de AppleCare+ e incluye cobertura para una cantidad ilimitada de incidentes por daño accidental debido a la manipulación del producto, cada uno de ellos sujeto a un cargo adicional de R$96000  por Otros daños accidentales o de R$28000  por los daños de la pantalla o la carcasa externa. Lee todos los detalles en los Términos y condiciones de AppleCare+."",""deviceDateOfPurchase"":""05/09/2026"",""deviceId"":""SGP9RPWJN5J"",""registeredDevice"":""1"",""pocType"":""APOC"",""serialNumber"":""GP9RPWJN5J"",""partNumber"":""SWY92ZX/A"",""partAlias"":""ACP"",""purchaseMode"":""C"",""productDescription"":""iPhone 17 Pro Max""}},""transactionId"":""a7ab21e5-6453-4915-8556-2a3dbb87d6d9-1788643682307""}"
True;5120181;2026-09-05 17:28:07.643000;2026-09-05 00:00:00;60701082;CREATEORDER;SGNWYQ00V9F;MEHN4AM/A;"{""orderDetailsResponses"":{""deviceEligibility"":{""secondaryDisplay"":""0"",""partDescription"":""AppleCare+ para Apple Watch SE (3rd gen)"",""coverageDuration"":""2"",""productStatement"":""AppleCare+ para Apple Watch SE (3rd gen) amplía la cobertura de servicio y soporte técnico a 2 años desde la fecha de compra de AppleCare+ e incluye cobertura para una cantidad ilimitada de incidentes por daño accidental debido a la manipulación del producto, cada uno de ellos sujeto a un cargo adicional de R$67000  por Otros daños accidentales. Lee todos los detalles en los Términos y condiciones de AppleCare+."",""deviceDateOfPurchase"":""05/09/2026"",""deviceId"":""SGNWYQ00V9F"",""registeredDevice"":""1"",""pocType"":""APOC"",""serialNumber"":""GNWYQ00V9F"",""partNumber"":""SXHW2ZX/A"",""partAlias"":""ACP"",""purchaseMode"":""C"",""productDescription"":""Watch SE (3rd gen, GPS) Aluminum 44MM""},""orderConfirmation"":{""agreementNumber"":""328417300131"",""coverageDurationStatement"":""Finaliza el 04/09/2028"",""termConditionURL"":""http://www.apple.com/legal/sales-support/"",""partNumber"":""SXHW2ZX/A"",""partAlias"":""ACP"",""partType"":""AppleCare+"",""purchaseMode"":""C"",""appleCareSalesDate"":""05/09/2026"",""pocType"":""APOC"",""purchaseOrderNumber"":""60701082""}},""transactionId"":""2ddf23ce-8c8f-42c8-b0e4-240caba769fd-1788643682548""}"
True;5047455;2026-09-05 17:29:12.637000;2026-09-05 00:00:00;64701117;VERIFYORDER;D4Y0323X12;MG8H4BE/A;"{""orderDetailsResponses"":{""deviceEligibility"":{""secondaryDisplay"":""0"",""partDescription"":""AppleCare+ con robo y pérdida para iPhone 17 Pro"",""coverageDuration"":""2"",""productStatement"":""Tu AppleCare+ con robo y pérdida para iPhone 17 Pro amplía la cobertura de servicio y soporte técnico a 2 años desde la fecha de compra de AppleCare+ con robo y pérdida e incluye cobertura para una cantidad ilimitada de incidentes por daño accidental debido a la manipulación del producto o un máximo de dos incidentes de robo y pérdida cada 12 meses, cada uno de ellos sujeto a un cargo adicional de R$96000  por Otros daños accidentales o de R$28000  por los daños de la pantalla o la carcasa externa o de R$144000  por robo o pérdida. Lee todos los detalles en los Términos y condiciones de AppleCare+."",""deviceDateOfPurchase"":""05/09/2026"",""deviceId"":""D4Y0323X12"",""registeredDevice"":""1"",""pocType"":""APOC"",""serialNumber"":""D4Y0323X12"",""partNumber"":""SX342ZX/A"",""partAlias"":""ACPTL"",""purchaseMode"":""C"",""productDescription"":""iPhone 17 Pro"",""tlDisclosure"":""La cobertura de robo y pérdida requiere que tengas la función Buscar habilitada en tu dispositivo antes de que se pierda o te lo roben. Durante el proceso de reclamación, te pediremos que uses la función Buscar para poner el dispositivo perdido o robado en modo Perdido, borrarlo y transferir la propiedad a Apple para que podamos asignarte un nuevo dispositivo. Para asegurarte de que puedas iniciar sesión en Buscar y acceder a esta función, es importante que recuerdes tu ID de Apple y contraseña, y que mantengas la información de tu cuenta actualizada. Si usas la autenticación de doble factor para el ID de Apple, te recomendamos que añadas un número de teléfono adicional de confianza a tu cuenta en el que puedas recibir el código de verificación de 6 dígitos que necesitas para iniciar sesión aunque no tengas tu iPhone. Para obtener más información, visita las páginas de Soporte técnico de Apple.""}},""transactionId"":""732eea83-24ef-45f1-ac72-c92a6125ddc9-1788643752154""}"
True;5092784;2026-09-05 17:31:40.497000;2026-09-05 00:00:00;11301129;VERIFYORDER;SK9GNV454LV;MXP63AM/A;"{""orderDetailsResponses"":{""deviceEligibility"":{""secondaryDisplay"":""0"",""partDescription"":""AppleCare+ para AirPods"",""coverageDuration"":""2"",""productStatement"":""AppleCare+ para AirPods amplía la cobertura de servicio y soporte técnico a 2 años desde la fecha de compra de AppleCare+ e incluye cobertura para una cantidad ilimitada de incidentes por daño accidental debido a la manipulación del producto, cada uno de ellos sujeto a un cargo adicional de CLP28000 . Lee todos los detalles en los Términos y condiciones de AppleCare+."",""deviceDateOfPurchase"":""05/09/2026"",""deviceId"":""SK9GNV454LV"",""registeredDevice"":""1"",""pocType"":""APOC"",""serialNumber"":""K9GNV454LV"",""partNumber"":""S9066ZX/A"",""partAlias"":""ACP"",""purchaseMode"":""C"",""productDescription"":""AirPods 4""}},""transactionId"":""bc8039b8-916d-4a72-a040-172c0b5ac500-1788643899952""}"
True;5124612;2026-09-05 17:35:27.500000;2026-09-05 00:00:00;63501084;CREATEORDER;SGP9RPWJN5J;MFYN4BE/A;"{""orderDetailsResponses"":{""deviceEligibility"":{""secondaryDisplay"":""0"",""partDescription"":""AppleCare+ para iPhone 17 Pro Max"",""coverageDuration"":""2"",""productStatement"":""AppleCare+ para iPhone 17 Pro Max amplía la cobertura de servicio y soporte técnico a 2 años desde la fecha de compra de AppleCare+ e incluye cobertura para una cantidad ilimitada de incidentes por daño accidental debido a la manipulación del producto, cada uno de ellos sujeto a un cargo adicional de R$96000  por Otros daños accidentales o de R$28000  por los daños de la pantalla o la carcasa externa. Lee todos los detalles en los Términos y condiciones de AppleCare+."",""deviceDateOfPurchase"":""05/09/2026"",""deviceId"":""SGP9RPWJN5J"",""registeredDevice"":""1"",""pocType"":""APOC"",""serialNumber"":""GP9RPWJN5J"",""partNumber"":""SWY92ZX/A"",""partAlias"":""ACP"",""purchaseMode"":""C"",""productDescription"":""iPhone 17 Pro Max""},""orderConfirmation"":{""agreementNumber"":""328417242869"",""coverageDurationStatement"":""Finaliza el 04/09/2028"",""termConditionURL"":""http://www.apple.com/legal/sales-support/"",""partNumber"":""SWY92ZX/A"",""partAlias"":""ACP"",""partType"":""AppleCare+"",""purchaseMode"":""C"",""appleCareSalesDate"":""05/09/2026"",""pocType"":""APOC"",""purchaseOrderNumber"":""63501084""}},""transactionId"":""ce3d11f0-20fc-4159-9238-51e3b6268802-1788644122643""}"
True;5047455;2026-09-05 17:35:29.290000;2026-09-05 00:00:00;64701117;CREATEORDER;D4Y0323X12;MG8H4BE/A;"{""orderDetailsResponses"":{""deviceEligibility"":{""secondaryDisplay"":""0"",""partDescription"":""AppleCare+ con robo y pérdida para iPhone 17 Pro"",""coverageDuration"":""2"",""productStatement"":""Tu AppleCare+ con robo y pérdida para iPhone 17 Pro amplía la cobertura de servicio y soporte técnico a 2 años desde la fecha de compra de AppleCare+ con robo y pérdida e incluye cobertura para una cantidad ilimitada de incidentes por daño accidental debido a la manipulación del producto o un máximo de dos incidentes de robo y pérdida cada 12 meses, cada uno de ellos sujeto a un cargo adicional de R$96000  por Otros daños accidentales o de R$28000  por los daños de la pantalla o la carcasa externa o de R$144000  por robo o pérdida. Lee todos los detalles en los Términos y condiciones de AppleCare+."",""deviceDateOfPurchase"":""05/09/2026"",""deviceId"":""D4Y0323X12"",""registeredDevice"":""1"",""pocType"":""APOC"",""serialNumber"":""D4Y0323X12"",""partNumber"":""SX342ZX/A"",""partAlias"":""ACPTL"",""purchaseMode"":""C"",""productDescription"":""iPhone 17 Pro"",""tlDisclosure"":""La cobertura de robo y pérdida requiere que tengas la función Buscar habilitada en tu dispositivo antes de que se pierda o te lo roben. Durante el proceso de reclamación, te pediremos que uses la función Buscar para poner el dispositivo perdido o robado en modo Perdido, borrarlo y transferir la propiedad a Apple para que podamos asignarte un nuevo dispositivo. Para asegurarte de que puedas iniciar sesión en Buscar y acceder a esta función, es importante que recuerdes tu ID de Apple y contraseña, y que mantengas la información de tu cuenta actualizada. Si usas la autenticación de doble factor para el ID de Apple, te recomendamos que añadas un número de teléfono adicional de confianza a tu cuenta en el que puedas recibir el código de verificación de 6 dígitos que necesitas para iniciar sesión aunque no tengas tu iPhone. Para obtener más información, visita las páginas de Soporte técnico de Apple.""},""orderConfirmation"":{""agreementNumber"":""328417320056"",""coverageDurationStatement"":""Finaliza el 04/09/2028"",""termConditionURL"":""http://www.apple.com/legal/sales-support/"",""partNumber"":""SX342ZX/A"",""partAlias"":""ACPTL"",""partType"":""AC+TL"",""purchaseMode"":""C"",""appleCareSalesDate"":""05/09/2026"",""pocType"":""APOC"",""purchaseOrderNumber"":""64701117""}},""transactionId"":""4dffb036-4522-4e9d-8bd7-8eaa05d1387e-1788644124404""}"
True;5092784;2026-09-05 17:36:41.750000;2026-09-05 00:00:00;11301129;CREATEORDER;SK9GNV454LV;MXP63AM/A;"{""orderDetailsResponses"":{""deviceEligibility"":{""secondaryDisplay"":""0"",""partDescription"":""AppleCare+ para AirPods"",""coverageDuration"":""2"",""productStatement"":""AppleCare+ para AirPods amplía la cobertura de servicio y soporte técnico a 2 años desde la fecha de compra de AppleCare+ e incluye cobertura para una cantidad ilimitada de incidentes por daño accidental debido a la manipulación del producto, cada uno de ellos sujeto a un cargo adicional de CLP28000 . Lee todos los detalles en los Términos y condiciones de AppleCare+."",""deviceDateOfPurchase"":""05/09/2026"",""deviceId"":""SK9GNV454LV"",""registeredDevice"":""1"",""pocType"":""APOC"",""serialNumber"":""K9GNV454LV"",""partNumber"":""S9066ZX/A"",""partAlias"":""ACP"",""purchaseMode"":""C"",""productDescription"":""AirPods 4""},""orderConfirmation"":{""agreementNumber"":""328417242876"",""coverageDurationStatement"":""Finaliza el 04/09/2028"",""termConditionURL"":""http://www.apple.com/legal/sales-support/"",""partNumber"":""S9066ZX/A"",""partAlias"":""ACP"",""partType"":""AppleCare+"",""purchaseMode"":""C"",""appleCareSalesDate"":""05/09/2026"",""pocType"":""APOC"",""purchaseOrderNumber"":""11301129""}},""transactionId"":""1040a256-8889-4d86-b553-e6ede2f7c4a5-1788644197139""}"
True;1333546;2026-09-05 17:54:20.737000;2026-09-05 00:00:00;32801075;VERIFYORDER;SC25M244DG6;MFHP4AM/A;"{""orderDetailsResponses"":{""deviceEligibility"":{""secondaryDisplay"":""0"",""partDescription"":""AppleCare+ para Headphones - AirPods Pro"",""coverageDuration"":""2"",""productStatement"":""AppleCare+ para Headphones - AirPods Pro amplía la cobertura de servicio y soporte técnico a 2 años desde la fecha de compra de AppleCare+ e incluye cobertura para una cantidad ilimitada de incidentes por daño accidental debido a la manipulación del producto, cada uno de ellos sujeto a un cargo adicional de R$28000 . Lee todos los detalles en los Términos y condiciones de AppleCare+."",""deviceDateOfPurchase"":""05/09/2026"",""deviceId"":""SC25M244DG6"",""registeredDevice"":""1"",""pocType"":""APOC"",""serialNumber"":""C25M244DG6"",""partNumber"":""SYLW2ZX/A"",""partAlias"":""ACP"",""purchaseMode"":""C"",""productDescription"":""AirPods Pro 3""}},""transactionId"":""338c16c5-d1e2-4547-aaee-2c5a127d40a4-1788645260207""}"
True;1333546;2026-09-05 17:56:58.553000;2026-09-05 00:00:00;32801075;CREATEORDER;SC25M244DG6;MFHP4AM/A;"{""orderDetailsResponses"":{""deviceEligibility"":{""secondaryDisplay"":""0"",""partDescription"":""AppleCare+ para Headphones - AirPods Pro"",""coverageDuration"":""2"",""productStatement"":""AppleCare+ para Headphones - AirPods Pro amplía la cobertura de servicio y soporte técnico a 2 años desde la fecha de compra de AppleCare+ e incluye cobertura para una cantidad ilimitada de incidentes por daño accidental debido a la manipulación del producto, cada uno de ellos sujeto a un cargo adicional de R$28000 . Lee todos los detalles en los Términos y condiciones de AppleCare+."",""deviceDateOfPurchase"":""05/09/2026"",""deviceId"":""SC25M244DG6"",""registeredDevice"":""1"",""pocType"":""APOC"",""serialNumber"":""C25M244DG6"",""partNumber"":""SYLW2ZX/A"",""partAlias"":""ACP"",""purchaseMode"":""C"",""productDescription"":""AirPods Pro 3""},""orderConfirmation"":{""agreementNumber"":""328417321050"",""coverageDurationStatement"":""Finaliza el 04/09/2028"",""termConditionURL"":""http://www.apple.com/legal/sales-support/"",""partNumber"":""SYLW2ZX/A"",""partAlias"":""ACP"",""partType"":""AppleCare+"",""purchaseMode"":""C"",""appleCareSalesDate"":""05/09/2026"",""pocType"":""APOC"",""purchaseOrderNumber"":""32801075""}},""transactionId"":""3c966637-50ac-4382-88cc-9f694c660c61-1788645413643""}"
True;1326681;2026-09-05 18:25:43.200000;2026-09-05 00:00:00;32001090;VERIFYORDER;SM593C7V62N;MH334CI/A;"{""orderDetailsResponses"":{""deviceEligibility"":{""secondaryDisplay"":""1"",""partDescription"":""AppleCare+ para iPad Air 11-inch (M4)"",""coverageDuration"":""2"",""productStatement"":""AppleCare+ para iPad Air 11-inch (M4) amplía la cobertura de servicio y soporte técnico a 2 años desde la fecha de compra de AppleCare+ e incluye cobertura para una cantidad ilimitada de incidentes por daño accidental debido a la manipulación del producto, cada uno de ellos sujeto a un cargo adicional de R$28000  por Apple Pencil / Keyboard o de R$28000  por Daños que afectan solo a la pantalla o de R$96000  por Otros daños accidentales. Lee todos los detalles en los Términos y condiciones de AppleCare+."",""deviceDateOfPurchase"":""05/09/2026"",""deviceId"":""SM593C7V62N"",""registeredDevice"":""1"",""pocType"":""APOC"",""serialNumber"":""M593C7V62N"",""partNumber"":""SCV93ZX/A"",""partAlias"":""ACP"",""purchaseMode"":""C"",""productDescription"":""iPad Air 11-inch (M4) Wi-Fi""}},""transactionId"":""f334ca6c-8705-48c8-9814-731d7097fb84-1788647142589""}"
True;1326681;2026-09-05 18:32:58.050000;2026-09-05 00:00:00;32001090;CREATEORDER;SM593C7V62N;MH334CI/A;"{""orderDetailsResponses"":{""deviceEligibility"":{""secondaryDisplay"":""1"",""partDescription"":""AppleCare+ para iPad Air 11-inch (M4)"",""coverageDuration"":""2"",""productStatement"":""AppleCare+ para iPad Air 11-inch (M4) amplía la cobertura de servicio y soporte técnico a 2 años desde la fecha de compra de AppleCare+ e incluye cobertura para una cantidad ilimitada de incidentes por daño accidental debido a la manipulación del producto, cada uno de ellos sujeto a un cargo adicional de R$28000  por Apple Pencil / Keyboard o de R$28000  por Daños que afectan solo a la pantalla o de R$96000  por Otros daños accidentales. Lee todos los detalles en los Términos y condiciones de AppleCare+."",""deviceDateOfPurchase"":""05/09/2026"",""deviceId"":""SM593C7V62N"",""registeredDevice"":""1"",""pocType"":""APOC"",""serialNumber"":""M593C7V62N"",""partNumber"":""SCV93ZX/A"",""partAlias"":""ACP"",""purchaseMode"":""C"",""productDescription"":""iPad Air 11-inch (M4) Wi-Fi""},""orderConfirmation"":{""agreementNumber"":""328417260849"",""coverageDurationStatement"":""Finaliza el 04/09/2028"",""termConditionURL"":""http://www.apple.com/legal/sales-support/"",""partNumber"":""SCV93ZX/A"",""partAlias"":""ACP"",""partType"":""AppleCare+"",""purchaseMode"":""C"",""appleCareSalesDate"":""05/09/2026"",""pocType"":""APOC"",""purchaseOrderNumber"":""32001090""}},""transactionId"":""a4222e93-bad9-47ad-bc4e-92833de22078-1788647573296""}"
True;5142652;2026-09-05 18:38:30.277000;2026-09-05 00:00:00;32101090;VERIFYORDER;SC4K2R4JDQH;MH304CI/A;"{""orderDetailsResponses"":{""deviceEligibility"":{""secondaryDisplay"":""1"",""partDescription"":""AppleCare+ para iPad Air 11-inch (M4)"",""coverageDuration"":""2"",""productStatement"":""AppleCare+ para iPad Air 11-inch (M4) amplía la cobertura de servicio y soporte técnico a 2 años desde la fecha de compra de AppleCare+ e incluye cobertura para una cantidad ilimitada de incidentes por daño accidental debido a la manipulación del producto, cada uno de ellos sujeto a un cargo adicional de R$28000  por Apple Pencil / Keyboard o de R$28000  por Daños que afectan solo a la pantalla o de R$96000  por Otros daños accidentales. Lee todos los detalles en los Términos y condiciones de AppleCare+."",""deviceDateOfPurchase"":""05/09/2026"",""deviceId"":""SC4K2R4JDQH"",""registeredDevice"":""1"",""pocType"":""APOC"",""serialNumber"":""C4K2R4JDQH"",""partNumber"":""SCV93ZX/A"",""partAlias"":""ACP"",""purchaseMode"":""C"",""productDescription"":""iPad Air 11-inch (M4) Wi-Fi""}},""transactionId"":""8815a82e-995b-4bea-a3a4-8cab875621d7-1788647909700""}"
True;1327607;2026-09-05 18:41:12.237000;2026-09-05 00:00:00;22601111;VERIFYORDER;SL099PN2X6G;MFYM4BE/A;"{""orderDetailsResponses"":{""deviceEligibility"":{""secondaryDisplay"":""0"",""partDescription"":""AppleCare+ con robo y pérdida para iPhone 17 Pro Max"",""coverageDuration"":""2"",""productStatement"":""Tu AppleCare+ con robo y pérdida para iPhone 17 Pro Max amplía la cobertura de servicio y soporte técnico a 2 años desde la fecha de compra de AppleCare+ con robo y pérdida e incluye cobertura para una cantidad ilimitada de incidentes por daño accidental debido a la manipulación del producto o un máximo de dos incidentes de robo y pérdida cada 12 meses, cada uno de ellos sujeto a un cargo adicional de R$96000  por Otros daños accidentales o de R$28000  por los daños de la pantalla o la carcasa externa o de R$144000  por robo o pérdida. Lee todos los detalles en los Términos y condiciones de AppleCare+."",""deviceDateOfPurchase"":""05/09/2026"",""deviceId"":""SL099PN2X6G"",""registeredDevice"":""1"",""pocType"":""APOC"",""serialNumber"":""L099PN2X6G"",""partNumber"":""SX382ZX/A"",""partAlias"":""ACPTL"",""purchaseMode"":""C"",""productDescription"":""iPhone 17 Pro Max"",""tlDisclosure"":""La cobertura de robo y pérdida requiere que tengas la función Buscar habilitada en tu dispositivo antes de que se pierda o te lo roben. Durante el proceso de reclamación, te pediremos que uses la función Buscar para poner el dispositivo perdido o robado en modo Perdido, borrarlo y transferir la propiedad a Apple para que podamos asignarte un nuevo dispositivo. Para asegurarte de que puedas iniciar sesión en Buscar y acceder a esta función, es importante que recuerdes tu ID de Apple y contraseña, y que mantengas la información de tu cuenta actualizada. Si usas la autenticación de doble factor para el ID de Apple, te recomendamos que añadas un número de teléfono adicional de confianza a tu cuenta en el que puedas recibir el código de verificación de 6 dígitos que necesitas para iniciar sesión aunque no tengas tu iPhone. Para obtener más información, visita las páginas de Soporte técnico de Apple.""}},""transactionId"":""73880149-5b9e-461d-af10-af6584f076a3-1788648071718""}"
True;5142652;2026-09-05 18:46:16.217000;2026-09-05 00:00:00;32101090;CREATEORDER;SC4K2R4JDQH;MH304CI/A;"{""orderDetailsResponses"":{""deviceEligibility"":{""secondaryDisplay"":""1"",""partDescription"":""AppleCare+ para iPad Air 11-inch (M4)"",""coverageDuration"":""2"",""productStatement"":""AppleCare+ para iPad Air 11-inch (M4) amplía la cobertura de servicio y soporte técnico a 2 años desde la fecha de compra de AppleCare+ e incluye cobertura para una cantidad ilimitada de incidentes por daño accidental debido a la manipulación del producto, cada uno de ellos sujeto a un cargo adicional de R$28000  por Apple Pencil / Keyboard o de R$28000  por Daños que afectan solo a la pantalla o de R$96000  por Otros daños accidentales. Lee todos los detalles en los Términos y condiciones de AppleCare+."",""deviceDateOfPurchase"":""05/09/2026"",""deviceId"":""SC4K2R4JDQH"",""registeredDevice"":""1"",""pocType"":""APOC"",""serialNumber"":""C4K2R4JDQH"",""partNumber"":""SCV93ZX/A"",""partAlias"":""ACP"",""purchaseMode"":""C"",""productDescription"":""iPad Air 11-inch (M4) Wi-Fi""},""orderConfirmation"":{""agreementNumber"":""328417341411"",""coverageDurationStatement"":""Finaliza el 04/09/2028"",""termConditionURL"":""http://www.apple.com/legal/sales-support/"",""partNumber"":""SCV93ZX/A"",""partAlias"":""ACP"",""partType"":""AppleCare+"",""purchaseMode"":""C"",""appleCareSalesDate"":""05/09/2026"",""pocType"":""APOC"",""purchaseOrderNumber"":""32101090""}},""transactionId"":""5ec0a254-8290-4647-817a-d24b9f6e69df-1788648371385""}"
True;1327607;2026-09-05 18:51:50.990000;2026-09-05 00:00:00;22601111;CREATEORDER;SL099PN2X6G;MFYM4BE/A;"{""orderDetailsResponses"":{""deviceEligibility"":{""secondaryDisplay"":""0"",""partDescription"":""AppleCare+ con robo y pérdida para iPhone 17 Pro Max"",""coverageDuration"":""2"",""productStatement"":""Tu AppleCare+ con robo y pérdida para iPhone 17 Pro Max amplía la cobertura de servicio y soporte técnico a 2 años desde la fecha de compra de AppleCare+ con robo y pérdida e incluye cobertura para una cantidad ilimitada de incidentes por daño accidental debido a la manipulación del producto o un máximo de dos incidentes de robo y pérdida cada 12 meses, cada uno de ellos sujeto a un cargo adicional de R$96000  por Otros daños accidentales o de R$28000  por los daños de la pantalla o la carcasa externa o de R$144000  por robo o pérdida. Lee todos los detalles en los Términos y condiciones de AppleCare+."",""deviceDateOfPurchase"":""05/09/2026"",""deviceId"":""SL099PN2X6G"",""registeredDevice"":""1"",""pocType"":""APOC"",""serialNumber"":""L099PN2X6G"",""partNumber"":""SX382ZX/A"",""partAlias"":""ACPTL"",""purchaseMode"":""C"",""productDescription"":""iPhone 17 Pro Max"",""tlDisclosure"":""La cobertura de robo y pérdida requiere que tengas la función Buscar habilitada en tu dispositivo antes de que se pierda o te lo roben. Durante el proceso de reclamación, te pediremos que uses la función Buscar para poner el dispositivo perdido o robado en modo Perdido, borrarlo y transferir la propiedad a Apple para que podamos asignarte un nuevo dispositivo. Para asegurarte de que puedas iniciar sesión en Buscar y acceder a esta función, es importante que recuerdes tu ID de Apple y contraseña, y que mantengas la información de tu cuenta actualizada. Si usas la autenticación de doble factor para el ID de Apple, te recomendamos que añadas un número de teléfono adicional de confianza a tu cuenta en el que puedas recibir el código de verificación de 6 dígitos que necesitas para iniciar sesión aunque no tengas tu iPhone. Para obtener más información, visita las páginas de Soporte técnico de Apple.""},""orderConfirmation"":{""agreementNumber"":""328417300768"",""coverageDurationStatement"":""Finaliza el 04/09/2028"",""termConditionURL"":""http://www.apple.com/legal/sales-support/"",""partNumber"":""SX382ZX/A"",""partAlias"":""ACPTL"",""partType"":""AC+TL"",""purchaseMode"":""C"",""appleCareSalesDate"":""05/09/2026"",""pocType"":""APOC"",""purchaseOrderNumber"":""22601111""}},""transactionId"":""edfb5f58-81ec-4707-a19c-3de2deb82c81-1788648706019""}"
True;1334932;2026-09-05 18:54:41.233000;2026-09-05 00:00:00;11401129;VERIFYORDER;sf2jv6wdw49;MG6L4BE/A;"{""orderDetailsResponses"":{""deviceEligibility"":{""secondaryDisplay"":""0"",""partDescription"":""AppleCare+ con robo y pérdida para iPhone 17"",""coverageDuration"":""2"",""productStatement"":""Tu AppleCare+ con robo y pérdida para iPhone 17 amplía la cobertura de servicio y soporte técnico a 2 años desde la fecha de compra de AppleCare+ con robo y pérdida e incluye cobertura para una cantidad ilimitada de incidentes por daño accidental debido a la manipulación del producto o un máximo de dos incidentes de robo y pérdida cada 12 meses, cada uno de ellos sujeto a un cargo adicional de R$96000  por Otros daños accidentales o de R$28000  por los daños de la pantalla o la carcasa externa o de R$144000  por robo o pérdida. Lee todos los detalles en los Términos y condiciones de AppleCare+."",""deviceDateOfPurchase"":""05/09/2026"",""deviceId"":""SF2JV6WDW49"",""registeredDevice"":""1"",""pocType"":""APOC"",""serialNumber"":""F2JV6WDW49"",""partNumber"":""SX2V2ZX/A"",""partAlias"":""ACPTL"",""purchaseMode"":""C"",""productDescription"":""iPhone 17"",""tlDisclosure"":""La cobertura de robo y pérdida requiere que tengas la función Buscar habilitada en tu dispositivo antes de que se pierda o te lo roben. Durante el proceso de reclamación, te pediremos que uses la función Buscar para poner el dispositivo perdido o robado en modo Perdido, borrarlo y transferir la propiedad a Apple para que podamos asignarte un nuevo dispositivo. Para asegurarte de que puedas iniciar sesión en Buscar y acceder a esta función, es importante que recuerdes tu ID de Apple y contraseña, y que mantengas la información de tu cuenta actualizada. Si usas la autenticación de doble factor para el ID de Apple, te recomendamos que añadas un número de teléfono adicional de confianza a tu cuenta en el que puedas recibir el código de verificación de 6 dígitos que necesitas para iniciar sesión aunque no tengas tu iPhone. Para obtener más información, visita las páginas de Soporte técnico de Apple.""}},""transactionId"":""4692a8dc-aa91-4b35-a7df-f91d7a210d08-1788648880701""}"
True;1334932;2026-09-05 18:56:12.190000;2026-09-05 00:00:00;11401129;CREATEORDER;sf2jv6wdw49;MG6L4BE/A;"{""orderDetailsResponses"":{""deviceEligibility"":{""secondaryDisplay"":""0"",""partDescription"":""AppleCare+ con robo y pérdida para iPhone 17"",""coverageDuration"":""2"",""productStatement"":""Tu AppleCare+ con robo y pérdida para iPhone 17 amplía la cobertura de servicio y soporte técnico a 2 años desde la fecha de compra de AppleCare+ con robo y pérdida e incluye cobertura para una cantidad ilimitada de incidentes por daño accidental debido a la manipulación del producto o un máximo de dos incidentes de robo y pérdida cada 12 meses, cada uno de ellos sujeto a un cargo adicional de R$96000  por Otros daños accidentales o de R$28000  por los daños de la pantalla o la carcasa externa o de R$144000  por robo o pérdida. Lee todos los detalles en los Términos y condiciones de AppleCare+."",""deviceDateOfPurchase"":""05/09/2026"",""deviceId"":""SF2JV6WDW49"",""registeredDevice"":""1"",""pocType"":""APOC"",""serialNumber"":""F2JV6WDW49"",""partNumber"":""SX2V2ZX/A"",""partAlias"":""ACPTL"",""purchaseMode"":""C"",""productDescription"":""iPhone 17"",""tlDisclosure"":""La cobertura de robo y pérdida requiere que tengas la función Buscar habilitada en tu dispositivo antes de que se pierda o te lo roben. Durante el proceso de reclamación, te pediremos que uses la función Buscar para poner el dispositivo perdido o robado en modo Perdido, borrarlo y transferir la propiedad a Apple para que podamos asignarte un nuevo dispositivo. Para asegurarte de que puedas iniciar sesión en Buscar y acceder a esta función, es importante que recuerdes tu ID de Apple y contraseña, y que mantengas la información de tu cuenta actualizada. Si usas la autenticación de doble factor para el ID de Apple, te recomendamos que añadas un número de teléfono adicional de confianza a tu cuenta en el que puedas recibir el código de verificación de 6 dígitos que necesitas para iniciar sesión aunque no tengas tu iPhone. Para obtener más información, visita las páginas de Soporte técnico de Apple.""},""orderConfirmation"":{""agreementNumber"":""328417260989"",""coverageDurationStatement"":""Finaliza el 04/09/2028"",""termConditionURL"":""http://www.apple.com/legal/sales-support/"",""partNumber"":""SX2V2ZX/A"",""partAlias"":""ACPTL"",""partType"":""AC+TL"",""purchaseMode"":""C"",""appleCareSalesDate"":""05/09/2026"",""pocType"":""APOC"",""purchaseOrderNumber"":""11401129""}},""transactionId"":""58d500dd-e4c1-48db-9e92-26157105103a-1788648967286""}"
True;1334055;2026-09-05 19:00:27.497000;2026-09-05 00:00:00;20001133;VERIFYORDER;SFPXM26LG4K;MGDT4CI/A;"{""orderDetailsResponses"":{""deviceEligibility"":{""secondaryDisplay"":""1"",""partDescription"":""AppleCare+ para 14-in MacBook Pro (M5 Pro/M5 Max)"",""coverageDuration"":""3"",""productStatement"":""AppleCare+ para 14-in MacBook Pro (M5 Pro/M5 Max) amplía la cobertura de servicio y soporte técnico a 3 años desde la fecha de compra de AppleCare+ e incluye cobertura para una cantidad ilimitada de incidentes por daño accidental debido a la manipulación del producto, cada uno de ellos sujeto a un cargo adicional de R$96000  por daños en la pantalla o la carcasa externa o de R$289000  por Otros daños accidentales. Lee todos los detalles en los Términos y condiciones de AppleCare+."",""deviceDateOfPurchase"":""05/09/2026"",""deviceId"":""SFPXM26LG4K"",""registeredDevice"":""1"",""pocType"":""APOC"",""serialNumber"":""FPXM26LG4K"",""partNumber"":""SCXT3ZX/A"",""partAlias"":""ACP"",""purchaseMode"":""C"",""productDescription"":""MacBook Pro (14-inch, M5 Pro or M5 Max)""}},""transactionId"":""3f542fc6-2ff8-463e-9981-6b9580701c93-1788649226968""}"
True;1334055;2026-09-05 19:01:54.303000;2026-09-05 00:00:00;20001133;CREATEORDER;SFPXM26LG4K;MGDT4CI/A;"{""orderDetailsResponses"":{""deviceEligibility"":{""secondaryDisplay"":""1"",""partDescription"":""AppleCare+ para 14-in MacBook Pro (M5 Pro/M5 Max)"",""coverageDuration"":""3"",""productStatement"":""AppleCare+ para 14-in MacBook Pro (M5 Pro/M5 Max) amplía la cobertura de servicio y soporte técnico a 3 años desde la fecha de compra de AppleCare+ e incluye cobertura para una cantidad ilimitada de incidentes por daño accidental debido a la manipulación del producto, cada uno de ellos sujeto a un cargo adicional de R$96000  por daños en la pantalla o la carcasa externa o de R$289000  por Otros daños accidentales. Lee todos los detalles en los Términos y condiciones de AppleCare+."",""deviceDateOfPurchase"":""05/09/2026"",""deviceId"":""SFPXM26LG4K"",""registeredDevice"":""1"",""pocType"":""APOC"",""serialNumber"":""FPXM26LG4K"",""partNumber"":""SCXT3ZX/A"",""partAlias"":""ACP"",""purchaseMode"":""C"",""productDescription"":""MacBook Pro (14-inch, M5 Pro or M5 Max)""},""orderConfirmation"":{""agreementNumber"":""328417300818"",""coverageDurationStatement"":""Finaliza el 04/09/2029"",""termConditionURL"":""http://www.apple.com/legal/sales-support/"",""partNumber"":""SCXT3ZX/A"",""partAlias"":""ACP"",""partType"":""AppleCare+"",""purchaseMode"":""C"",""appleCareSalesDate"":""05/09/2026"",""pocType"":""APOC"",""purchaseOrderNumber"":""20001133""}},""transactionId"":""da0addc2-fd0f-4197-9900-a3875f123052-1788649312162""}"
True;5132503;2026-09-05 19:08:31.943000;2026-09-05 00:00:00;20101133;VERIFYORDER;SD52L20QGN0;MXP63AM/A;"{""orderDetailsResponses"":{""deviceEligibility"":{""secondaryDisplay"":""0"",""partDescription"":""AppleCare+ para AirPods"",""coverageDuration"":""2"",""productStatement"":""AppleCare+ para AirPods amplía la cobertura de servicio y soporte técnico a 2 años desde la fecha de compra de AppleCare+ e incluye cobertura para una cantidad ilimitada de incidentes por daño accidental debido a la manipulación del producto, cada uno de ellos sujeto a un cargo adicional de CLP28000 . Lee todos los detalles en los Términos y condiciones de AppleCare+."",""deviceDateOfPurchase"":""05/09/2026"",""deviceId"":""SD52L20QGN0"",""registeredDevice"":""1"",""pocType"":""APOC"",""serialNumber"":""D52L20QGN0"",""partNumber"":""S9066ZX/A"",""partAlias"":""ACP"",""purchaseMode"":""C"",""productDescription"":""AirPods 4""}},""transactionId"":""8941aa09-89d1-479f-af95-2bcbdd0c17a4-1788649711259""}"
True;5132503;2026-09-05 19:09:54.007000;2026-09-05 00:00:00;20101133;CREATEORDER;SD52L20QGN0;MXP63AM/A;"{""orderDetailsResponses"":{""deviceEligibility"":{""secondaryDisplay"":""0"",""partDescription"":""AppleCare+ para AirPods"",""coverageDuration"":""2"",""productStatement"":""AppleCare+ para AirPods amplía la cobertura de servicio y soporte técnico a 2 años desde la fecha de compra de AppleCare+ e incluye cobertura para una cantidad ilimitada de incidentes por daño accidental debido a la manipulación del producto, cada uno de ellos sujeto a un cargo adicional de CLP28000 . Lee todos los detalles en los Términos y condiciones de AppleCare+."",""deviceDateOfPurchase"":""05/09/2026"",""deviceId"":""SD52L20QGN0"",""registeredDevice"":""1"",""pocType"":""APOC"",""serialNumber"":""D52L20QGN0"",""partNumber"":""S9066ZX/A"",""partAlias"":""ACP"",""purchaseMode"":""C"",""productDescription"":""AirPods 4""},""orderConfirmation"":{""agreementNumber"":""328417360437"",""coverageDurationStatement"":""Finaliza el 04/09/2028"",""termConditionURL"":""http://www.apple.com/legal/sales-support/"",""partNumber"":""S9066ZX/A"",""partAlias"":""ACP"",""partType"":""AppleCare+"",""purchaseMode"":""C"",""appleCareSalesDate"":""05/09/2026"",""pocType"":""APOC"",""purchaseOrderNumber"":""20101133""}},""transactionId"":""6d1fd413-3f5e-4e09-9e39-f9e6ab94a47e-1788649789059""}"
True;5125369;2026-09-05 19:25:15.520000;2026-09-05 00:00:00;27101123;VERIFYORDER;SL24XW6J603;MXP93AM/A;"{""orderDetailsResponses"":{""deviceEligibility"":{""secondaryDisplay"":""0"",""partDescription"":""AppleCare+ para AirPods"",""coverageDuration"":""2"",""productStatement"":""AppleCare+ para AirPods amplía la cobertura de servicio y soporte técnico a 2 años desde la fecha de compra de AppleCare+ e incluye cobertura para una cantidad ilimitada de incidentes por daño accidental debido a la manipulación del producto, cada uno de ellos sujeto a un cargo adicional de CLP28000 . Lee todos los detalles en los Términos y condiciones de AppleCare+."",""deviceDateOfPurchase"":""05/09/2026"",""deviceId"":""SL24XW6J603"",""registeredDevice"":""1"",""pocType"":""APOC"",""serialNumber"":""L24XW6J603"",""partNumber"":""S9066ZX/A"",""partAlias"":""ACP"",""purchaseMode"":""C"",""productDescription"":""AirPods 4 (ANC)""}},""transactionId"":""5981fadf-39b4-4beb-ac9a-58308c59aade-1788650715011""}"
True;5125369;2026-09-05 19:26:31.720000;2026-09-05 00:00:00;27101123;CREATEORDER;SL24XW6J603;MXP93AM/A;"{""orderDetailsResponses"":{""deviceEligibility"":{""secondaryDisplay"":""0"",""partDescription"":""AppleCare+ para AirPods"",""coverageDuration"":""2"",""productStatement"":""AppleCare+ para AirPods amplía la cobertura de servicio y soporte técnico a 2 años desde la fecha de compra de AppleCare+ e incluye cobertura para una cantidad ilimitada de incidentes por daño accidental debido a la manipulación del producto, cada uno de ellos sujeto a un cargo adicional de CLP28000 . Lee todos los detalles en los Términos y condiciones de AppleCare+."",""deviceDateOfPurchase"":""05/09/2026"",""deviceId"":""SL24XW6J603"",""registeredDevice"":""1"",""pocType"":""APOC"",""serialNumber"":""L24XW6J603"",""partNumber"":""S9066ZX/A"",""partAlias"":""ACP"",""purchaseMode"":""C"",""productDescription"":""AirPods 4 (ANC)""},""orderConfirmation"":{""agreementNumber"":""328417340646"",""coverageDurationStatement"":""Finaliza el 04/09/2028"",""termConditionURL"":""http://www.apple.com/legal/sales-support/"",""partNumber"":""S9066ZX/A"",""partAlias"":""ACP"",""partType"":""AppleCare+"",""purchaseMode"":""C"",""appleCareSalesDate"":""05/09/2026"",""pocType"":""APOC"",""purchaseOrderNumber"":""27101123""}},""transactionId"":""9d438e0e-0750-49b3-98a0-1de4caf7a3cc-1788650787010""}"
True;5134362;2026-09-05 19:33:43.757000;2026-09-05 00:00:00;51701104;VERIFYORDER;SHF65TLHJ7J;MFYN4BE/A;"{""orderDetailsResponses"":{""deviceEligibility"":{""secondaryDisplay"":""0"",""partDescription"":""AppleCare+ con robo y pérdida para iPhone 17 Pro Max"",""coverageDuration"":""2"",""productStatement"":""Tu AppleCare+ con robo y pérdida para iPhone 17 Pro Max amplía la cobertura de servicio y soporte técnico a 2 años desde la fecha de compra de AppleCare+ con robo y pérdida e incluye cobertura para una cantidad ilimitada de incidentes por daño accidental debido a la manipulación del producto o un máximo de dos incidentes de robo y pérdida cada 12 meses, cada uno de ellos sujeto a un cargo adicional de R$96000  por Otros daños accidentales o de R$28000  por los daños de la pantalla o la carcasa externa o de R$144000  por robo o pérdida. Lee todos los detalles en los Términos y condiciones de AppleCare+."",""deviceDateOfPurchase"":""05/09/2026"",""deviceId"":""SHF65TLHJ7J"",""registeredDevice"":""1"",""pocType"":""APOC"",""serialNumber"":""HF65TLHJ7J"",""partNumber"":""SX382ZX/A"",""partAlias"":""ACPTL"",""purchaseMode"":""C"",""productDescription"":""iPhone 17 Pro Max"",""tlDisclosure"":""La cobertura de robo y pérdida requiere que tengas la función Buscar habilitada en tu dispositivo antes de que se pierda o te lo roben. Durante el proceso de reclamación, te pediremos que uses la función Buscar para poner el dispositivo perdido o robado en modo Perdido, borrarlo y transferir la propiedad a Apple para que podamos asignarte un nuevo dispositivo. Para asegurarte de que puedas iniciar sesión en Buscar y acceder a esta función, es importante que recuerdes tu ID de Apple y contraseña, y que mantengas la información de tu cuenta actualizada. Si usas la autenticación de doble factor para el ID de Apple, te recomendamos que añadas un número de teléfono adicional de confianza a tu cuenta en el que puedas recibir el código de verificación de 6 dígitos que necesitas para iniciar sesión aunque no tengas tu iPhone. Para obtener más información, visita las páginas de Soporte técnico de Apple.""}},""transactionId"":""94eeef1a-472f-4269-9804-69de818188aa-1788651223167""}"
True;5134362;2026-09-05 19:35:38.270000;2026-09-05 00:00:00;51701104;CREATEORDER;SHF65TLHJ7J;MFYN4BE/A;"{""orderDetailsResponses"":{""deviceEligibility"":{""secondaryDisplay"":""0"",""partDescription"":""AppleCare+ con robo y pérdida para iPhone 17 Pro Max"",""coverageDuration"":""2"",""productStatement"":""Tu AppleCare+ con robo y pérdida para iPhone 17 Pro Max amplía la cobertura de servicio y soporte técnico a 2 años desde la fecha de compra de AppleCare+ con robo y pérdida e incluye cobertura para una cantidad ilimitada de incidentes por daño accidental debido a la manipulación del producto o un máximo de dos incidentes de robo y pérdida cada 12 meses, cada uno de ellos sujeto a un cargo adicional de R$96000  por Otros daños accidentales o de R$28000  por los daños de la pantalla o la carcasa externa o de R$144000  por robo o pérdida. Lee todos los detalles en los Términos y condiciones de AppleCare+."",""deviceDateOfPurchase"":""05/09/2026"",""deviceId"":""SHF65TLHJ7J"",""registeredDevice"":""1"",""pocType"":""APOC"",""serialNumber"":""HF65TLHJ7J"",""partNumber"":""SX382ZX/A"",""partAlias"":""ACPTL"",""purchaseMode"":""C"",""productDescription"":""iPhone 17 Pro Max"",""tlDisclosure"":""La cobertura de robo y pérdida requiere que tengas la función Buscar habilitada en tu dispositivo antes de que se pierda o te lo roben. Durante el proceso de reclamación, te pediremos que uses la función Buscar para poner el dispositivo perdido o robado en modo Perdido, borrarlo y transferir la propiedad a Apple para que podamos asignarte un nuevo dispositivo. Para asegurarte de que puedas iniciar sesión en Buscar y acceder a esta función, es importante que recuerdes tu ID de Apple y contraseña, y que mantengas la información de tu cuenta actualizada. Si usas la autenticación de doble factor para el ID de Apple, te recomendamos que añadas un número de teléfono adicional de confianza a tu cuenta en el que puedas recibir el código de verificación de 6 dígitos que necesitas para iniciar sesión aunque no tengas tu iPhone. Para obtener más información, visita las páginas de Soporte técnico de Apple.""},""orderConfirmation"":{""agreementNumber"":""328417341700"",""coverageDurationStatement"":""Finaliza el 04/09/2028"",""termConditionURL"":""http://www.apple.com/legal/sales-support/"",""partNumber"":""SX382ZX/A"",""partAlias"":""ACPTL"",""partType"":""AC+TL"",""purchaseMode"":""C"",""appleCareSalesDate"":""05/09/2026"",""pocType"":""APOC"",""purchaseOrderNumber"":""51701104""}},""transactionId"":""ac60974a-f31a-4b5c-9061-f718f8411d42-1788651333499""}"
True;5169573;2026-09-05 20:12:39.960000;2026-09-05 00:00:00;301177;VERIFYORDER;SDY9HYY02NM;mtp03be/a;"{""orderDetailsResponses"":{""deviceEligibility"":{""secondaryDisplay"":""0"",""partDescription"":""AppleCare+ con robo y pérdida para iPhone 15"",""coverageDuration"":""2"",""productStatement"":""Tu AppleCare+ con robo y pérdida para iPhone 15 amplía la cobertura de servicio y soporte técnico a 2 años desde la fecha de compra de AppleCare+ con robo y pérdida e incluye cobertura para una cantidad ilimitada de incidentes por daño accidental debido a la manipulación del producto o un máximo de dos incidentes de robo y pérdida cada 12 meses, cada uno de ellos sujeto a un cargo adicional de CLP28000  por Daños que afectan solo a la pantalla o de CLP96000  por Otros daños accidentales o de CLP144000  por theft or loss. Lee todos los detalles en los Términos y condiciones de AppleCare+."",""deviceDateOfPurchase"":""05/09/2026"",""deviceId"":""SDY9HYY02NM"",""registeredDevice"":""1"",""pocType"":""APOC"",""serialNumber"":""DY9HYY02NM"",""partNumber"":""SJVK2ZX/A"",""partAlias"":""ACPTL"",""purchaseMode"":""C"",""productDescription"":""iPhone 15"",""tlDisclosure"":""La cobertura de robo y pérdida requiere que tengas la función Buscar habilitada en tu dispositivo antes de que se pierda o te lo roben. Durante el proceso de reclamación, te pediremos que uses la función Buscar para poner el dispositivo perdido o robado en modo Perdido, borrarlo y transferir la propiedad a Apple para que podamos asignarte un nuevo dispositivo. Para asegurarte de que puedas iniciar sesión en Buscar y acceder a esta función, es importante que recuerdes tu ID de Apple y contraseña, y que mantengas la información de tu cuenta actualizada. Si usas la autenticación de doble factor para el ID de Apple, te recomendamos que añadas un número de teléfono adicional de confianza a tu cuenta en el que puedas recibir el código de verificación de 6 dígitos que necesitas para iniciar sesión aunque no tengas tu iPhone. Para obtener más información, visita las páginas de Soporte técnico de Apple.""}},""transactionId"":""0721ecde-3c39-4192-8cfe-ac2776b15b60-1788653559356""}"
True;5169573;2026-09-05 20:14:35.920000;2026-09-05 00:00:00;301177;VERIFYORDER;SDY9HYY02NM;mtp03be/a;"{""orderDetailsResponses"":{""deviceEligibility"":{""secondaryDisplay"":""0"",""partDescription"":""AppleCare+ con robo y pérdida para iPhone 15"",""coverageDuration"":""2"",""productStatement"":""Tu AppleCare+ con robo y pérdida para iPhone 15 amplía la cobertura de servicio y soporte técnico a 2 años desde la fecha de compra de AppleCare+ con robo y pérdida e incluye cobertura para una cantidad ilimitada de incidentes por daño accidental debido a la manipulación del producto o un máximo de dos incidentes de robo y pérdida cada 12 meses, cada uno de ellos sujeto a un cargo adicional de CLP28000  por Daños que afectan solo a la pantalla o de CLP96000  por Otros daños accidentales o de CLP144000  por theft or loss. Lee todos los detalles en los Términos y condiciones de AppleCare+."",""deviceDateOfPurchase"":""05/09/2026"",""deviceId"":""SDY9HYY02NM"",""registeredDevice"":""1"",""pocType"":""APOC"",""serialNumber"":""DY9HYY02NM"",""partNumber"":""SJVK2ZX/A"",""partAlias"":""ACPTL"",""purchaseMode"":""C"",""productDescription"":""iPhone 15"",""tlDisclosure"":""La cobertura de robo y pérdida requiere que tengas la función Buscar habilitada en tu dispositivo antes de que se pierda o te lo roben. Durante el proceso de reclamación, te pediremos que uses la función Buscar para poner el dispositivo perdido o robado en modo Perdido, borrarlo y transferir la propiedad a Apple para que podamos asignarte un nuevo dispositivo. Para asegurarte de que puedas iniciar sesión en Buscar y acceder a esta función, es importante que recuerdes tu ID de Apple y contraseña, y que mantengas la información de tu cuenta actualizada. Si usas la autenticación de doble factor para el ID de Apple, te recomendamos que añadas un número de teléfono adicional de confianza a tu cuenta en el que puedas recibir el código de verificación de 6 dígitos que necesitas para iniciar sesión aunque no tengas tu iPhone. Para obtener más información, visita las páginas de Soporte técnico de Apple.""}},""transactionId"":""2bfb4efd-02ef-415e-91a2-3d41e251f393-1788653675307""}"
True;5169573;2026-09-05 20:17:09.700000;2026-09-05 00:00:00;301177;CREATEORDER;SDY9HYY02NM;mtp03be/a;"{""orderDetailsResponses"":{""deviceEligibility"":{""secondaryDisplay"":""0"",""partDescription"":""AppleCare+ con robo y pérdida para iPhone 15"",""coverageDuration"":""2"",""productStatement"":""Tu AppleCare+ con robo y pérdida para iPhone 15 amplía la cobertura de servicio y soporte técnico a 2 años desde la fecha de compra de AppleCare+ con robo y pérdida e incluye cobertura para una cantidad ilimitada de incidentes por daño accidental debido a la manipulación del producto o un máximo de dos incidentes de robo y pérdida cada 12 meses, cada uno de ellos sujeto a un cargo adicional de CLP28000  por Daños que afectan solo a la pantalla o de CLP96000  por Otros daños accidentales o de CLP144000  por theft or loss. Lee todos los detalles en los Términos y condiciones de AppleCare+."",""deviceDateOfPurchase"":""05/09/2026"",""deviceId"":""SDY9HYY02NM"",""registeredDevice"":""1"",""pocType"":""APOC"",""serialNumber"":""DY9HYY02NM"",""partNumber"":""SJVK2ZX/A"",""partAlias"":""ACPTL"",""purchaseMode"":""C"",""productDescription"":""iPhone 15"",""tlDisclosure"":""La cobertura de robo y pérdida requiere que tengas la función Buscar habilitada en tu dispositivo antes de que se pierda o te lo roben. Durante el proceso de reclamación, te pediremos que uses la función Buscar para poner el dispositivo perdido o robado en modo Perdido, borrarlo y transferir la propiedad a Apple para que podamos asignarte un nuevo dispositivo. Para asegurarte de que puedas iniciar sesión en Buscar y acceder a esta función, es importante que recuerdes tu ID de Apple y contraseña, y que mantengas la información de tu cuenta actualizada. Si usas la autenticación de doble factor para el ID de Apple, te recomendamos que añadas un número de teléfono adicional de confianza a tu cuenta en el que puedas recibir el código de verificación de 6 dígitos que necesitas para iniciar sesión aunque no tengas tu iPhone. Para obtener más información, visita las páginas de Soporte técnico de Apple.""},""orderConfirmation"":{""agreementNumber"":""328417340917"",""coverageDurationStatement"":""Finaliza el 04/09/2028"",""termConditionURL"":""http://www.apple.com/legal/sales-support/"",""partNumber"":""SJVK2ZX/A"",""partAlias"":""ACPTL"",""partType"":""AC+TL"",""purchaseMode"":""C"",""appleCareSalesDate"":""05/09/2026"",""pocType"":""APOC"",""purchaseOrderNumber"":""301177""}},""transactionId"":""8c93592e-9de8-4b98-8491-13a7e00ed2b1-1788653824509""}"
True;1311026;2026-09-05 20:18:15.930000;2026-09-05 00:00:00;21601029;VERIFYORDER;SJXD6NJXRLC;MDYT4CI/A;"{""orderDetailsResponses"":{""deviceEligibility"":{""secondaryDisplay"":""1"",""partDescription"":""AppleCare+ para iPad Pro 13-inch (M5)"",""coverageDuration"":""2"",""productStatement"":""AppleCare+ para iPad Pro 13-inch (M5) amplía la cobertura de servicio y soporte técnico a 2 años desde la fecha de compra de AppleCare+ e incluye cobertura para una cantidad ilimitada de incidentes por daño accidental debido a la manipulación del producto, cada uno de ellos sujeto a un cargo adicional de R$28000  por Apple Pencil / Keyboard o de R$28000  por Daños que afectan solo a la pantalla o de R$96000  por Otros daños accidentales. Lee todos los detalles en los Términos y condiciones de AppleCare+."",""deviceDateOfPurchase"":""05/09/2026"",""deviceId"":""SJXD6NJXRLC"",""registeredDevice"":""1"",""pocType"":""APOC"",""serialNumber"":""JXD6NJXRLC"",""partNumber"":""SXT12ZX/A"",""partAlias"":""ACP"",""purchaseMode"":""C"",""productDescription"":""iPad Pro 13-inch (M5) Wi-Fi""}},""transactionId"":""57cfa76b-9795-4241-a02b-c4cfcb456efe-1788653895408""}"
True;5112845;2026-09-05 20:20:28.760000;2026-09-05 00:00:00;35001058;VERIFYORDER;SCYKYFR2FMW;MHRX4BE/A;"{""orderDetailsResponses"":{""deviceEligibility"":{""secondaryDisplay"":""0"",""partDescription"":""AppleCare+ con robo y pérdida para iPhone 17e"",""coverageDuration"":""2"",""productStatement"":""Tu AppleCare+ con robo y pérdida para iPhone 17e amplía la cobertura de servicio y soporte técnico a 2 años desde la fecha de compra de AppleCare+ con robo y pérdida e incluye cobertura para una cantidad ilimitada de incidentes por daño accidental debido a la manipulación del producto o un máximo de dos incidentes de robo y pérdida cada 12 meses, cada uno de ellos sujeto a un cargo adicional de R$28000  por los daños de la pantalla o la carcasa externa o de R$96000  por Otros daños accidentales o de R$144000  por robo o pérdida. Lee todos los detalles en los Términos y condiciones de AppleCare+."",""deviceDateOfPurchase"":""05/09/2026"",""deviceId"":""SCYKYFR2FMW"",""registeredDevice"":""1"",""pocType"":""APOC"",""serialNumber"":""CYKYFR2FMW"",""partNumber"":""SD833ZX/A"",""partAlias"":""ACPTL"",""purchaseMode"":""C"",""productDescription"":""iPhone 17e"",""tlDisclosure"":""La cobertura de robo y pérdida requiere que tengas la función Buscar habilitada en tu dispositivo antes de que se pierda o te lo roben. Durante el proceso de reclamación, te pediremos que uses la función Buscar para poner el dispositivo perdido o robado en modo Perdido, borrarlo y transferir la propiedad a Apple para que podamos asignarte un nuevo dispositivo. Para asegurarte de que puedas iniciar sesión en Buscar y acceder a esta función, es importante que recuerdes tu ID de Apple y contraseña, y que mantengas la información de tu cuenta actualizada. Si usas la autenticación de doble factor para el ID de Apple, te recomendamos que añadas un número de teléfono adicional de confianza a tu cuenta en el que puedas recibir el código de verificación de 6 dígitos que necesitas para iniciar sesión aunque no tengas tu iPhone. Para obtener más información, visita las páginas de Soporte técnico de Apple.""}},""transactionId"":""dc7cf369-3c58-425e-bb62-f9c0d6fd072e-1788654028241""}"
True;1311026;2026-09-05 20:22:21.937000;2026-09-05 00:00:00;21601029;CREATEORDER;SJXD6NJXRLC;MDYT4CI/A;"{""orderDetailsResponses"":{""deviceEligibility"":{""secondaryDisplay"":""1"",""partDescription"":""AppleCare+ para iPad Pro 13-inch (M5)"",""coverageDuration"":""2"",""productStatement"":""AppleCare+ para iPad Pro 13-inch (M5) amplía la cobertura de servicio y soporte técnico a 2 años desde la fecha de compra de AppleCare+ e incluye cobertura para una cantidad ilimitada de incidentes por daño accidental debido a la manipulación del producto, cada uno de ellos sujeto a un cargo adicional de R$28000  por Apple Pencil / Keyboard o de R$28000  por Daños que afectan solo a la pantalla o de R$96000  por Otros daños accidentales. Lee todos los detalles en los Términos y condiciones de AppleCare+."",""deviceDateOfPurchase"":""05/09/2026"",""deviceId"":""SJXD6NJXRLC"",""registeredDevice"":""1"",""pocType"":""APOC"",""serialNumber"":""JXD6NJXRLC"",""partNumber"":""SXT12ZX/A"",""partAlias"":""ACP"",""purchaseMode"":""C"",""productDescription"":""iPad Pro 13-inch (M5) Wi-Fi""},""orderConfirmation"":{""agreementNumber"":""328417440015"",""coverageDurationStatement"":""Finaliza el 04/09/2028"",""termConditionURL"":""http://www.apple.com/legal/sales-support/"",""partNumber"":""SXT12ZX/A"",""partAlias"":""ACP"",""partType"":""AppleCare+"",""purchaseMode"":""C"",""appleCareSalesDate"":""05/09/2026"",""pocType"":""APOC"",""purchaseOrderNumber"":""21601029""}},""transactionId"":""098c1071-9bb9-40d5-85c4-9792ca9e4ec0-1788654137030""}"
True;5112845;2026-09-05 20:22:29.410000;2026-09-05 00:00:00;35001058;CREATEORDER;SCYKYFR2FMW;MHRX4BE/A;"{""orderDetailsResponses"":{""deviceEligibility"":{""secondaryDisplay"":""0"",""partDescription"":""AppleCare+ con robo y pérdida para iPhone 17e"",""coverageDuration"":""2"",""productStatement"":""Tu AppleCare+ con robo y pérdida para iPhone 17e amplía la cobertura de servicio y soporte técnico a 2 años desde la fecha de compra de AppleCare+ con robo y pérdida e incluye cobertura para una cantidad ilimitada de incidentes por daño accidental debido a la manipulación del producto o un máximo de dos incidentes de robo y pérdida cada 12 meses, cada uno de ellos sujeto a un cargo adicional de R$28000  por los daños de la pantalla o la carcasa externa o de R$96000  por Otros daños accidentales o de R$144000  por robo o pérdida. Lee todos los detalles en los Términos y condiciones de AppleCare+."",""deviceDateOfPurchase"":""05/09/2026"",""deviceId"":""SCYKYFR2FMW"",""registeredDevice"":""1"",""pocType"":""APOC"",""serialNumber"":""CYKYFR2FMW"",""partNumber"":""SD833ZX/A"",""partAlias"":""ACPTL"",""purchaseMode"":""C"",""productDescription"":""iPhone 17e"",""tlDisclosure"":""La cobertura de robo y pérdida requiere que tengas la función Buscar habilitada en tu dispositivo antes de que se pierda o te lo roben. Durante el proceso de reclamación, te pediremos que uses la función Buscar para poner el dispositivo perdido o robado en modo Perdido, borrarlo y transferir la propiedad a Apple para que podamos asignarte un nuevo dispositivo. Para asegurarte de que puedas iniciar sesión en Buscar y acceder a esta función, es importante que recuerdes tu ID de Apple y contraseña, y que mantengas la información de tu cuenta actualizada. Si usas la autenticación de doble factor para el ID de Apple, te recomendamos que añadas un número de teléfono adicional de confianza a tu cuenta en el que puedas recibir el código de verificación de 6 dígitos que necesitas para iniciar sesión aunque no tengas tu iPhone. Para obtener más información, visita las páginas de Soporte técnico de Apple.""},""orderConfirmation"":{""agreementNumber"":""328417380473"",""coverageDurationStatement"":""Finaliza el 04/09/2028"",""termConditionURL"":""http://www.apple.com/legal/sales-support/"",""partNumber"":""SD833ZX/A"",""partAlias"":""ACPTL"",""partType"":""AC+TL"",""purchaseMode"":""C"",""appleCareSalesDate"":""05/09/2026"",""pocType"":""APOC"",""purchaseOrderNumber"":""35001058""}},""transactionId"":""e2b9f09e-368c-4bbb-ad51-14d41824fd13-1788654144558""}"
