flag_success;folio;date_log;creation_date;purchase_order_number;action;serie;item_code;response
True;5066421;2026-07-25 10:56:17.750000;2026-07-25 00:00:00;7101109;VERIFYORDER;sdc74dvtdl2;MXP93AM/A;"{""orderDetailsResponses"":{""deviceEligibility"":{""secondaryDisplay"":""0"",""partDescription"":""AppleCare+ para AirPods"",""coverageDuration"":""2"",""productStatement"":""AppleCare+ para AirPods amplía la cobertura de servicio y soporte técnico a 2 años desde la fecha de compra de AppleCare+ e incluye cobertura para una cantidad ilimitada de incidentes por daño accidental debido a la manipulación del producto, cada uno de ellos sujeto a un cargo adicional de CLP28000 . Lee todos los detalles en los Términos y condiciones de AppleCare+."",""deviceDateOfPurchase"":""25/07/2026"",""deviceId"":""SDC74DVTDL2"",""registeredDevice"":""1"",""pocType"":""APOC"",""serialNumber"":""DC74DVTDL2"",""partNumber"":""S9066ZX/A"",""partAlias"":""ACP"",""purchaseMode"":""C"",""productDescription"":""AirPods 4 (ANC)""}},""transactionId"":""4c47f386-9431-4b41-a33b-d8f40b2742b7-1784991377048""}"
True;5066421;2026-07-25 10:59:12.463000;2026-07-25 00:00:00;7101109;CREATEORDER;sdc74dvtdl2;MXP93AM/A;"{""orderDetailsResponses"":{""deviceEligibility"":{""secondaryDisplay"":""0"",""partDescription"":""AppleCare+ para AirPods"",""coverageDuration"":""2"",""productStatement"":""AppleCare+ para AirPods amplía la cobertura de servicio y soporte técnico a 2 años desde la fecha de compra de AppleCare+ e incluye cobertura para una cantidad ilimitada de incidentes por daño accidental debido a la manipulación del producto, cada uno de ellos sujeto a un cargo adicional de CLP28000 . Lee todos los detalles en los Términos y condiciones de AppleCare+."",""deviceDateOfPurchase"":""25/07/2026"",""deviceId"":""SDC74DVTDL2"",""registeredDevice"":""1"",""pocType"":""APOC"",""serialNumber"":""DC74DVTDL2"",""partNumber"":""S9066ZX/A"",""partAlias"":""ACP"",""purchaseMode"":""C"",""productDescription"":""AirPods 4 (ANC)""},""orderConfirmation"":{""agreementNumber"":""328089461158"",""coverageDurationStatement"":""Finaliza el 24/07/2028"",""termConditionURL"":""http://www.apple.com/legal/sales-support/"",""partNumber"":""S9066ZX/A"",""partAlias"":""ACP"",""partType"":""AppleCare+"",""purchaseMode"":""C"",""appleCareSalesDate"":""25/07/2026"",""pocType"":""APOC"",""purchaseOrderNumber"":""7101109""}},""transactionId"":""3084c825-8448-403f-9e72-1dac132cb5c7-1784991547890""}"
True;5071036;2026-07-25 11:06:06.510000;2026-07-25 00:00:00;43801104;VERIFYORDER;SK7FN96G4V1;MEP94AM/A;"{""orderDetailsResponses"":{""deviceEligibility"":{""secondaryDisplay"":""0"",""partDescription"":""AppleCare+ para Apple Watch SE (3rd gen)"",""coverageDuration"":""2"",""productStatement"":""AppleCare+ para Apple Watch SE (3rd gen) amplía la cobertura de servicio y soporte técnico a 2 años desde la fecha de compra de AppleCare+ e incluye cobertura para una cantidad ilimitada de incidentes por daño accidental debido a la manipulación del producto, cada uno de ellos sujeto a un cargo adicional de R$67000  por Otros daños accidentales. Lee todos los detalles en los Términos y condiciones de AppleCare+."",""deviceDateOfPurchase"":""25/07/2026"",""deviceId"":""SK7FN96G4V1"",""registeredDevice"":""1"",""pocType"":""APOC"",""serialNumber"":""K7FN96G4V1"",""partNumber"":""SXHW2ZX/A"",""partAlias"":""ACP"",""purchaseMode"":""C"",""productDescription"":""Watch SE (3rd gen,GPS+Cell)Aluminum 40MM""}},""transactionId"":""dd15796a-8b31-427a-b19e-4c5410f49a6c-1784991965946""}"
True;5071036;2026-07-25 11:10:28.230000;2026-07-25 00:00:00;43801104;CREATEORDER;SK7FN96G4V1;MEP94AM/A;"{""orderDetailsResponses"":{""deviceEligibility"":{""secondaryDisplay"":""0"",""partDescription"":""AppleCare+ para Apple Watch SE (3rd gen)"",""coverageDuration"":""2"",""productStatement"":""AppleCare+ para Apple Watch SE (3rd gen) amplía la cobertura de servicio y soporte técnico a 2 años desde la fecha de compra de AppleCare+ e incluye cobertura para una cantidad ilimitada de incidentes por daño accidental debido a la manipulación del producto, cada uno de ellos sujeto a un cargo adicional de R$67000  por Otros daños accidentales. Lee todos los detalles en los Términos y condiciones de AppleCare+."",""deviceDateOfPurchase"":""25/07/2026"",""deviceId"":""SK7FN96G4V1"",""registeredDevice"":""1"",""pocType"":""APOC"",""serialNumber"":""K7FN96G4V1"",""partNumber"":""SXHW2ZX/A"",""partAlias"":""ACP"",""purchaseMode"":""C"",""productDescription"":""Watch SE (3rd gen,GPS+Cell)Aluminum 40MM""},""orderConfirmation"":{""agreementNumber"":""328089440297"",""coverageDurationStatement"":""Finaliza el 24/07/2028"",""termConditionURL"":""http://www.apple.com/legal/sales-support/"",""partNumber"":""SXHW2ZX/A"",""partAlias"":""ACP"",""partType"":""AppleCare+"",""purchaseMode"":""C"",""appleCareSalesDate"":""25/07/2026"",""pocType"":""APOC"",""purchaseOrderNumber"":""43801104""}},""transactionId"":""e1edcf9c-d222-4021-ad77-b1395af28081-1784992223535""}"
True;5096401;2026-07-25 12:05:43.227000;2026-07-25 00:00:00;1301134;VERIFYORDER;SYCX3YGXWK6;MDHG4CI/A;"{""orderDetailsResponses"":{""deviceEligibility"":{""secondaryDisplay"":""1"",""partDescription"":""AppleCare+ para 13-inch MacBook Air (M5)"",""coverageDuration"":""3"",""productStatement"":""AppleCare+ para 13-inch MacBook Air (M5) amplía la cobertura de servicio y soporte técnico a 3 años desde la fecha de compra de AppleCare+ e incluye cobertura para una cantidad ilimitada de incidentes por daño accidental debido a la manipulación del producto, cada uno de ellos sujeto a un cargo adicional de R$96000  por daños en la pantalla o la carcasa externa o de R$289000  por Otros daños accidentales. Lee todos los detalles en los Términos y condiciones de AppleCare+."",""deviceDateOfPurchase"":""25/07/2026"",""deviceId"":""SYCX3YGXWK6"",""registeredDevice"":""1"",""pocType"":""APOC"",""serialNumber"":""YCX3YGXWK6"",""partNumber"":""SCW83ZX/A"",""partAlias"":""ACP"",""purchaseMode"":""C"",""productDescription"":""MacBook Air (13-inch, M5)""}},""transactionId"":""16e24165-2164-4da8-b43a-d665ca513ebe-1784995542480""}"
True;5064791;2026-07-25 12:08:01.300000;2026-07-25 00:00:00;27601083;VERIFYORDER;HG4K1HQ76D;MG6J4BE/A;"{""orderDetailsResponses"":{""deviceEligibility"":{""secondaryDisplay"":""0"",""partDescription"":""AppleCare+ con robo y pérdida para iPhone 17"",""coverageDuration"":""2"",""productStatement"":""Tu AppleCare+ con robo y pérdida para iPhone 17 amplía la cobertura de servicio y soporte técnico a 2 años desde la fecha de compra de AppleCare+ con robo y pérdida e incluye cobertura para una cantidad ilimitada de incidentes por daño accidental debido a la manipulación del producto o un máximo de dos incidentes de robo y pérdida cada 12 meses, cada uno de ellos sujeto a un cargo adicional de R$96000  por Otros daños accidentales o de R$28000  por los daños de la pantalla o la carcasa externa o de R$144000  por robo o pérdida. Lee todos los detalles en los Términos y condiciones de AppleCare+."",""deviceDateOfPurchase"":""06/06/2026"",""deviceId"":""HG4K1HQ76D"",""registeredDevice"":""0"",""pocType"":""APOC"",""serialNumber"":""HG4K1HQ76D"",""partNumber"":""SX2V2ZX/A"",""partAlias"":""ACPTL"",""purchaseMode"":""I"",""productDescription"":""iPhone 17"",""tlDisclosure"":""La cobertura de robo y pérdida requiere que tengas la función Buscar habilitada en tu dispositivo antes de que se pierda o te lo roben. Durante el proceso de reclamación, te pediremos que uses la función Buscar para poner el dispositivo perdido o robado en modo Perdido, borrarlo y transferir la propiedad a Apple para que podamos asignarte un nuevo dispositivo. Para asegurarte de que puedas iniciar sesión en Buscar y acceder a esta función, es importante que recuerdes tu ID de Apple y contraseña, y que mantengas la información de tu cuenta actualizada. Si usas la autenticación de doble factor para el ID de Apple, te recomendamos que añadas un número de teléfono adicional de confianza a tu cuenta en el que puedas recibir el código de verificación de 6 dígitos que necesitas para iniciar sesión aunque no tengas tu iPhone. Para obtener más información, visita las páginas de Soporte técnico de Apple.""}},""transactionId"":""0472dfee-9cc6-4e87-a596-38e19a990623-1784995680749""}"
True;5096401;2026-07-25 12:08:21.723000;2026-07-25 00:00:00;1301134;CREATEORDER;SYCX3YGXWK6;MDHG4CI/A;"{""orderDetailsResponses"":{""deviceEligibility"":{""secondaryDisplay"":""1"",""partDescription"":""AppleCare+ para 13-inch MacBook Air (M5)"",""coverageDuration"":""3"",""productStatement"":""AppleCare+ para 13-inch MacBook Air (M5) amplía la cobertura de servicio y soporte técnico a 3 años desde la fecha de compra de AppleCare+ e incluye cobertura para una cantidad ilimitada de incidentes por daño accidental debido a la manipulación del producto, cada uno de ellos sujeto a un cargo adicional de R$96000  por daños en la pantalla o la carcasa externa o de R$289000  por Otros daños accidentales. Lee todos los detalles en los Términos y condiciones de AppleCare+."",""deviceDateOfPurchase"":""25/07/2026"",""deviceId"":""SYCX3YGXWK6"",""registeredDevice"":""1"",""pocType"":""APOC"",""serialNumber"":""YCX3YGXWK6"",""partNumber"":""SCW83ZX/A"",""partAlias"":""ACP"",""purchaseMode"":""C"",""productDescription"":""MacBook Air (13-inch, M5)""},""orderConfirmation"":{""agreementNumber"":""328089500356"",""coverageDurationStatement"":""Finaliza el 24/07/2029"",""termConditionURL"":""http://www.apple.com/legal/sales-support/"",""partNumber"":""SCW83ZX/A"",""partAlias"":""ACP"",""partType"":""AppleCare+"",""purchaseMode"":""C"",""appleCareSalesDate"":""25/07/2026"",""pocType"":""APOC"",""purchaseOrderNumber"":""1301134""}},""transactionId"":""9042ae6e-43db-4025-a272-b57ee64cd58b-1784995699460""}"
True;5064791;2026-07-25 12:10:28.933000;2026-07-25 00:00:00;27601083;VERIFYORDER;HG4K1HQ76D;MG6J4BE/A;"{""orderDetailsResponses"":{""deviceEligibility"":{""secondaryDisplay"":""0"",""partDescription"":""AppleCare+ con robo y pérdida para iPhone 17"",""coverageDuration"":""2"",""productStatement"":""Tu AppleCare+ con robo y pérdida para iPhone 17 amplía la cobertura de servicio y soporte técnico a 2 años desde la fecha de compra de AppleCare+ con robo y pérdida e incluye cobertura para una cantidad ilimitada de incidentes por daño accidental debido a la manipulación del producto o un máximo de dos incidentes de robo y pérdida cada 12 meses, cada uno de ellos sujeto a un cargo adicional de R$96000  por Otros daños accidentales o de R$28000  por los daños de la pantalla o la carcasa externa o de R$144000  por robo o pérdida. Lee todos los detalles en los Términos y condiciones de AppleCare+."",""deviceDateOfPurchase"":""06/06/2026"",""deviceId"":""HG4K1HQ76D"",""registeredDevice"":""0"",""pocType"":""APOC"",""serialNumber"":""HG4K1HQ76D"",""partNumber"":""SX2V2ZX/A"",""partAlias"":""ACPTL"",""purchaseMode"":""I"",""productDescription"":""iPhone 17"",""tlDisclosure"":""La cobertura de robo y pérdida requiere que tengas la función Buscar habilitada en tu dispositivo antes de que se pierda o te lo roben. Durante el proceso de reclamación, te pediremos que uses la función Buscar para poner el dispositivo perdido o robado en modo Perdido, borrarlo y transferir la propiedad a Apple para que podamos asignarte un nuevo dispositivo. Para asegurarte de que puedas iniciar sesión en Buscar y acceder a esta función, es importante que recuerdes tu ID de Apple y contraseña, y que mantengas la información de tu cuenta actualizada. Si usas la autenticación de doble factor para el ID de Apple, te recomendamos que añadas un número de teléfono adicional de confianza a tu cuenta en el que puedas recibir el código de verificación de 6 dígitos que necesitas para iniciar sesión aunque no tengas tu iPhone. Para obtener más información, visita las páginas de Soporte técnico de Apple.""}},""transactionId"":""d337368d-39ad-4fc3-b056-b041aacf21b3-1784995828414""}"
True;5064791;2026-07-25 12:13:12.673000;2026-07-25 00:00:00;27601083;CREATEORDER;HG4K1HQ76D;MG6J4BE/A;"{""orderDetailsResponses"":{""deviceEligibility"":{""secondaryDisplay"":""0"",""partDescription"":""AppleCare+ con robo y pérdida para iPhone 17"",""coverageDuration"":""2"",""productStatement"":""Tu AppleCare+ con robo y pérdida para iPhone 17 amplía la cobertura de servicio y soporte técnico a 2 años desde la fecha de compra de AppleCare+ con robo y pérdida e incluye cobertura para una cantidad ilimitada de incidentes por daño accidental debido a la manipulación del producto o un máximo de dos incidentes de robo y pérdida cada 12 meses, cada uno de ellos sujeto a un cargo adicional de R$96000  por Otros daños accidentales o de R$28000  por los daños de la pantalla o la carcasa externa o de R$144000  por robo o pérdida. Lee todos los detalles en los Términos y condiciones de AppleCare+."",""deviceDateOfPurchase"":""06/06/2026"",""deviceId"":""HG4K1HQ76D"",""registeredDevice"":""0"",""pocType"":""APOC"",""serialNumber"":""HG4K1HQ76D"",""partNumber"":""SX2V2ZX/A"",""partAlias"":""ACPTL"",""purchaseMode"":""I"",""productDescription"":""iPhone 17"",""tlDisclosure"":""La cobertura de robo y pérdida requiere que tengas la función Buscar habilitada en tu dispositivo antes de que se pierda o te lo roben. Durante el proceso de reclamación, te pediremos que uses la función Buscar para poner el dispositivo perdido o robado en modo Perdido, borrarlo y transferir la propiedad a Apple para que podamos asignarte un nuevo dispositivo. Para asegurarte de que puedas iniciar sesión en Buscar y acceder a esta función, es importante que recuerdes tu ID de Apple y contraseña, y que mantengas la información de tu cuenta actualizada. Si usas la autenticación de doble factor para el ID de Apple, te recomendamos que añadas un número de teléfono adicional de confianza a tu cuenta en el que puedas recibir el código de verificación de 6 dígitos que necesitas para iniciar sesión aunque no tengas tu iPhone. Para obtener más información, visita las páginas de Soporte técnico de Apple.""},""orderConfirmation"":{""agreementNumber"":""328089480410"",""coverageDurationStatement"":""Finaliza el 24/07/2028"",""termConditionURL"":""http://www.apple.com/legal/sales-support/"",""partNumber"":""SX2V2ZX/A"",""partAlias"":""ACPTL"",""partType"":""AC+TL"",""purchaseMode"":""I"",""appleCareSalesDate"":""25/07/2026"",""pocType"":""APOC"",""purchaseOrderNumber"":""27601083""}},""transactionId"":""af91d22b-d0bc-4426-a4fe-551d7a2cbd80-1784995988082""}"
True;5082336;2026-07-25 12:15:08.830000;2026-07-25 00:00:00;15301127;VERIFYORDER;SL4DCW91326;MEU44AM/A;"{""orderDetailsResponses"":{""deviceEligibility"":{""secondaryDisplay"":""0"",""partDescription"":""AppleCare+ para Apple Watch Series 11"",""coverageDuration"":""2"",""productStatement"":""AppleCare+ para Apple Watch Series 11 amplía la cobertura de servicio y soporte técnico a 2 años desde la fecha de compra de AppleCare+ e incluye cobertura para una cantidad ilimitada de incidentes por daño accidental debido a la manipulación del producto, cada uno de ellos sujeto a un cargo adicional de R$67000  por Otros daños accidentales. Lee todos los detalles en los Términos y condiciones de AppleCare+."",""deviceDateOfPurchase"":""25/07/2026"",""deviceId"":""SL4DCW91326"",""registeredDevice"":""1"",""pocType"":""APOC"",""serialNumber"":""L4DCW91326"",""partNumber"":""SXCJ2ZX/A"",""partAlias"":""ACP"",""purchaseMode"":""C"",""productDescription"":""Watch Series 11 (GPS) Aluminum 42MM""}},""transactionId"":""e57a475c-6664-4891-a7e4-caa02e5562ce-1784996108242""}"
True;5082336;2026-07-25 12:16:56.103000;2026-07-25 00:00:00;15301127;CREATEORDER;SL4DCW91326;MEU44AM/A;"{""orderDetailsResponses"":{""deviceEligibility"":{""secondaryDisplay"":""0"",""partDescription"":""AppleCare+ para Apple Watch Series 11"",""coverageDuration"":""2"",""productStatement"":""AppleCare+ para Apple Watch Series 11 amplía la cobertura de servicio y soporte técnico a 2 años desde la fecha de compra de AppleCare+ e incluye cobertura para una cantidad ilimitada de incidentes por daño accidental debido a la manipulación del producto, cada uno de ellos sujeto a un cargo adicional de R$67000  por Otros daños accidentales. Lee todos los detalles en los Términos y condiciones de AppleCare+."",""deviceDateOfPurchase"":""25/07/2026"",""deviceId"":""SL4DCW91326"",""registeredDevice"":""1"",""pocType"":""APOC"",""serialNumber"":""L4DCW91326"",""partNumber"":""SXCJ2ZX/A"",""partAlias"":""ACP"",""purchaseMode"":""C"",""productDescription"":""Watch Series 11 (GPS) Aluminum 42MM""},""orderConfirmation"":{""agreementNumber"":""328089461404"",""coverageDurationStatement"":""Finaliza el 24/07/2028"",""termConditionURL"":""http://www.apple.com/legal/sales-support/"",""partNumber"":""SXCJ2ZX/A"",""partAlias"":""ACP"",""partType"":""AppleCare+"",""purchaseMode"":""C"",""appleCareSalesDate"":""25/07/2026"",""pocType"":""APOC"",""purchaseOrderNumber"":""15301127""}},""transactionId"":""63a34177-ab26-4511-846e-66f239267241-1784996211620""}"
True;5082337;2026-07-25 12:28:21.417000;2026-07-25 00:00:00;15501127;VERIFYORDER;SMX7P47V911;MYHC3CI/A;"{""orderDetailsResponses"":{""deviceEligibility"":{""secondaryDisplay"":""1"",""partDescription"":""AppleCare+ para iPad mini (A17 Pro)"",""coverageDuration"":""2"",""productStatement"":""AppleCare+ para iPad mini (A17 Pro) amplía la cobertura de servicio y soporte técnico a 2 años desde la fecha de compra de AppleCare+ e incluye cobertura para una cantidad ilimitada de incidentes por daño accidental debido a la manipulación del producto, cada uno de ellos sujeto a un cargo adicional de R$28000  por Daños que afectan solo a la pantalla o de R$28000  por Apple Pencil / Keyboard o de R$96000  por Otros daños accidentales. Lee todos los detalles en los Términos y condiciones de AppleCare+."",""deviceDateOfPurchase"":""25/07/2026"",""deviceId"":""SMX7P47V911"",""registeredDevice"":""1"",""pocType"":""APOC"",""serialNumber"":""MX7P47V911"",""partNumber"":""SNGN2ZX/A"",""partAlias"":""ACP"",""purchaseMode"":""C"",""productDescription"":""iPad mini (A17 Pro) Wi-Fi + Cellular""}},""transactionId"":""01267ad3-68ca-42d0-91eb-4d36b29ca4b3-1784996900648""}"
True;5082337;2026-07-25 12:34:37.473000;2026-07-25 00:00:00;15501127;CREATEORDER;SMX7P47V911;MYHC3CI/A;"{""orderDetailsResponses"":{""deviceEligibility"":{""secondaryDisplay"":""1"",""partDescription"":""AppleCare+ para iPad mini (A17 Pro)"",""coverageDuration"":""2"",""productStatement"":""AppleCare+ para iPad mini (A17 Pro) amplía la cobertura de servicio y soporte técnico a 2 años desde la fecha de compra de AppleCare+ e incluye cobertura para una cantidad ilimitada de incidentes por daño accidental debido a la manipulación del producto, cada uno de ellos sujeto a un cargo adicional de R$28000  por Daños que afectan solo a la pantalla o de R$28000  por Apple Pencil / Keyboard o de R$96000  por Otros daños accidentales. Lee todos los detalles en los Términos y condiciones de AppleCare+."",""deviceDateOfPurchase"":""25/07/2026"",""deviceId"":""SMX7P47V911"",""registeredDevice"":""1"",""pocType"":""APOC"",""serialNumber"":""MX7P47V911"",""partNumber"":""SNGN2ZX/A"",""partAlias"":""ACP"",""purchaseMode"":""C"",""productDescription"":""iPad mini (A17 Pro) Wi-Fi + Cellular""},""orderConfirmation"":{""agreementNumber"":""328089420607"",""coverageDurationStatement"":""Finaliza el 24/07/2028"",""termConditionURL"":""http://www.apple.com/legal/sales-support/"",""partNumber"":""SNGN2ZX/A"",""partAlias"":""ACP"",""partType"":""AppleCare+"",""purchaseMode"":""C"",""appleCareSalesDate"":""25/07/2026"",""pocType"":""APOC"",""purchaseOrderNumber"":""15501127""}},""transactionId"":""75ba5425-ccb8-4c2b-a18e-645296e47fab-1784997272060""}"
True;5084027;2026-07-25 12:39:14.933000;2026-07-25 00:00:00;72701098;VERIFYORDER;slcwh3qpjl7;MFYM4BE/A;"{""orderDetailsResponses"":{""deviceEligibility"":{""secondaryDisplay"":""0"",""partDescription"":""AppleCare+ con robo y pérdida para iPhone 17 Pro Max"",""coverageDuration"":""2"",""productStatement"":""Tu AppleCare+ con robo y pérdida para iPhone 17 Pro Max amplía la cobertura de servicio y soporte técnico a 2 años desde la fecha de compra de AppleCare+ con robo y pérdida e incluye cobertura para una cantidad ilimitada de incidentes por daño accidental debido a la manipulación del producto o un máximo de dos incidentes de robo y pérdida cada 12 meses, cada uno de ellos sujeto a un cargo adicional de R$96000  por Otros daños accidentales o de R$28000  por los daños de la pantalla o la carcasa externa o de R$144000  por robo o pérdida. Lee todos los detalles en los Términos y condiciones de AppleCare+."",""deviceDateOfPurchase"":""25/07/2026"",""deviceId"":""SLCWH3QPJL7"",""registeredDevice"":""1"",""pocType"":""APOC"",""serialNumber"":""LCWH3QPJL7"",""partNumber"":""SX382ZX/A"",""partAlias"":""ACPTL"",""purchaseMode"":""C"",""productDescription"":""iPhone 17 Pro Max"",""tlDisclosure"":""La cobertura de robo y pérdida requiere que tengas la función Buscar habilitada en tu dispositivo antes de que se pierda o te lo roben. Durante el proceso de reclamación, te pediremos que uses la función Buscar para poner el dispositivo perdido o robado en modo Perdido, borrarlo y transferir la propiedad a Apple para que podamos asignarte un nuevo dispositivo. Para asegurarte de que puedas iniciar sesión en Buscar y acceder a esta función, es importante que recuerdes tu ID de Apple y contraseña, y que mantengas la información de tu cuenta actualizada. Si usas la autenticación de doble factor para el ID de Apple, te recomendamos que añadas un número de teléfono adicional de confianza a tu cuenta en el que puedas recibir el código de verificación de 6 dígitos que necesitas para iniciar sesión aunque no tengas tu iPhone. Para obtener más información, visita las páginas de Soporte técnico de Apple.""}},""transactionId"":""3bd04db8-9897-4d1a-9060-347628fdcda9-1784997554289""}"
True;5084027;2026-07-25 12:40:46.547000;2026-07-25 00:00:00;72701098;CREATEORDER;slcwh3qpjl7;MFYM4BE/A;"{""orderDetailsResponses"":{""deviceEligibility"":{""secondaryDisplay"":""0"",""partDescription"":""AppleCare+ con robo y pérdida para iPhone 17 Pro Max"",""coverageDuration"":""2"",""productStatement"":""Tu AppleCare+ con robo y pérdida para iPhone 17 Pro Max amplía la cobertura de servicio y soporte técnico a 2 años desde la fecha de compra de AppleCare+ con robo y pérdida e incluye cobertura para una cantidad ilimitada de incidentes por daño accidental debido a la manipulación del producto o un máximo de dos incidentes de robo y pérdida cada 12 meses, cada uno de ellos sujeto a un cargo adicional de R$96000  por Otros daños accidentales o de R$28000  por los daños de la pantalla o la carcasa externa o de R$144000  por robo o pérdida. Lee todos los detalles en los Términos y condiciones de AppleCare+."",""deviceDateOfPurchase"":""25/07/2026"",""deviceId"":""SLCWH3QPJL7"",""registeredDevice"":""1"",""pocType"":""APOC"",""serialNumber"":""LCWH3QPJL7"",""partNumber"":""SX382ZX/A"",""partAlias"":""ACPTL"",""purchaseMode"":""C"",""productDescription"":""iPhone 17 Pro Max"",""tlDisclosure"":""La cobertura de robo y pérdida requiere que tengas la función Buscar habilitada en tu dispositivo antes de que se pierda o te lo roben. Durante el proceso de reclamación, te pediremos que uses la función Buscar para poner el dispositivo perdido o robado en modo Perdido, borrarlo y transferir la propiedad a Apple para que podamos asignarte un nuevo dispositivo. Para asegurarte de que puedas iniciar sesión en Buscar y acceder a esta función, es importante que recuerdes tu ID de Apple y contraseña, y que mantengas la información de tu cuenta actualizada. Si usas la autenticación de doble factor para el ID de Apple, te recomendamos que añadas un número de teléfono adicional de confianza a tu cuenta en el que puedas recibir el código de verificación de 6 dígitos que necesitas para iniciar sesión aunque no tengas tu iPhone. Para obtener más información, visita las páginas de Soporte técnico de Apple.""},""orderConfirmation"":{""agreementNumber"":""328089421720"",""coverageDurationStatement"":""Finaliza el 24/07/2028"",""termConditionURL"":""http://www.apple.com/legal/sales-support/"",""partNumber"":""SX382ZX/A"",""partAlias"":""ACPTL"",""partType"":""AC+TL"",""purchaseMode"":""C"",""appleCareSalesDate"":""25/07/2026"",""pocType"":""APOC"",""purchaseOrderNumber"":""72701098""}},""transactionId"":""f6f82bb9-8a32-45d6-be69-b018eee71676-1784997640925""}"
True;5067713;2026-07-25 12:46:05.120000;2026-07-25 00:00:00;29001058;VERIFYORDER;SFD4Q69LK91;MHFJ4CI/A;"{""orderDetailsResponses"":{""deviceEligibility"":{""secondaryDisplay"":""0"",""partDescription"":""AppleCare+ para 13-inch MacBook Neo (A18PRO)"",""coverageDuration"":""3"",""productStatement"":""AppleCare+ para 13-inch MacBook Neo (A18PRO) amplía la cobertura de servicio y soporte técnico a 3 años desde la fecha de compra de AppleCare+ e incluye cobertura para una cantidad ilimitada de incidentes por daño accidental debido a la manipulación del producto, cada uno de ellos sujeto a un cargo adicional de R$51990  por daños en la pantalla o la carcasa externa o de R$156990  por Otros daños accidentales. Lee todos los detalles en los Términos y condiciones de AppleCare+."",""deviceDateOfPurchase"":""25/07/2026"",""deviceId"":""SFD4Q69LK91"",""registeredDevice"":""1"",""pocType"":""APOC"",""serialNumber"":""FD4Q69LK91"",""partNumber"":""SD0T3ZX/A"",""partAlias"":""ACP"",""purchaseMode"":""C"",""productDescription"":""MacBook Neo""}},""transactionId"":""b14d1fd0-8484-4f5e-82aa-1e5bb027bb2a-1784997964600""}"
True;1314187;2026-07-25 12:46:31.440000;2026-07-25 00:00:00;43901104;VERIFYORDER;SGKW6RW2TJF;MG6L4BE/A;"{""orderDetailsResponses"":{""deviceEligibility"":{""secondaryDisplay"":""0"",""partDescription"":""AppleCare+ con robo y pérdida para iPhone 17"",""coverageDuration"":""2"",""productStatement"":""Tu AppleCare+ con robo y pérdida para iPhone 17 amplía la cobertura de servicio y soporte técnico a 2 años desde la fecha de compra de AppleCare+ con robo y pérdida e incluye cobertura para una cantidad ilimitada de incidentes por daño accidental debido a la manipulación del producto o un máximo de dos incidentes de robo y pérdida cada 12 meses, cada uno de ellos sujeto a un cargo adicional de R$96000  por Otros daños accidentales o de R$28000  por los daños de la pantalla o la carcasa externa o de R$144000  por robo o pérdida. Lee todos los detalles en los Términos y condiciones de AppleCare+."",""deviceDateOfPurchase"":""25/07/2026"",""deviceId"":""SGKW6RW2TJF"",""registeredDevice"":""1"",""pocType"":""APOC"",""serialNumber"":""GKW6RW2TJF"",""partNumber"":""SX2V2ZX/A"",""partAlias"":""ACPTL"",""purchaseMode"":""C"",""productDescription"":""iPhone 17"",""tlDisclosure"":""La cobertura de robo y pérdida requiere que tengas la función Buscar habilitada en tu dispositivo antes de que se pierda o te lo roben. Durante el proceso de reclamación, te pediremos que uses la función Buscar para poner el dispositivo perdido o robado en modo Perdido, borrarlo y transferir la propiedad a Apple para que podamos asignarte un nuevo dispositivo. Para asegurarte de que puedas iniciar sesión en Buscar y acceder a esta función, es importante que recuerdes tu ID de Apple y contraseña, y que mantengas la información de tu cuenta actualizada. Si usas la autenticación de doble factor para el ID de Apple, te recomendamos que añadas un número de teléfono adicional de confianza a tu cuenta en el que puedas recibir el código de verificación de 6 dígitos que necesitas para iniciar sesión aunque no tengas tu iPhone. Para obtener más información, visita las páginas de Soporte técnico de Apple.""}},""transactionId"":""2d7de09c-d0c1-45eb-bbd7-380afb9bc4c1-1784997990912""}"
True;4992626;2026-07-25 12:47:09.580000;2026-07-25 00:00:00;17001032;VERIFYORDER;SXP9C2RV7YL;MDHA4CI/A;"{""orderDetailsResponses"":{""deviceEligibility"":{""secondaryDisplay"":""1"",""partDescription"":""AppleCare+ para 13-inch MacBook Air (M5)"",""coverageDuration"":""3"",""productStatement"":""AppleCare+ para 13-inch MacBook Air (M5) amplía la cobertura de servicio y soporte técnico a 3 años desde la fecha de compra de AppleCare+ e incluye cobertura para una cantidad ilimitada de incidentes por daño accidental debido a la manipulación del producto, cada uno de ellos sujeto a un cargo adicional de R$96000  por daños en la pantalla o la carcasa externa o de R$289000  por Otros daños accidentales. Lee todos los detalles en los Términos y condiciones de AppleCare+."",""deviceDateOfPurchase"":""25/07/2026"",""deviceId"":""SXP9C2RV7YL"",""registeredDevice"":""1"",""pocType"":""APOC"",""serialNumber"":""XP9C2RV7YL"",""partNumber"":""SCW83ZX/A"",""partAlias"":""ACP"",""purchaseMode"":""C"",""productDescription"":""MacBook Air (13-inch, M5)""}},""transactionId"":""a3320fc4-9702-4fa7-8d73-8a6bb238855e-1784998029020""}"
True;5067713;2026-07-25 12:51:02.390000;2026-07-25 00:00:00;29001058;CREATEORDER;SFD4Q69LK91;MHFJ4CI/A;"{""orderDetailsResponses"":{""deviceEligibility"":{""secondaryDisplay"":""0"",""partDescription"":""AppleCare+ para 13-inch MacBook Neo (A18PRO)"",""coverageDuration"":""3"",""productStatement"":""AppleCare+ para 13-inch MacBook Neo (A18PRO) amplía la cobertura de servicio y soporte técnico a 3 años desde la fecha de compra de AppleCare+ e incluye cobertura para una cantidad ilimitada de incidentes por daño accidental debido a la manipulación del producto, cada uno de ellos sujeto a un cargo adicional de R$51990  por daños en la pantalla o la carcasa externa o de R$156990  por Otros daños accidentales. Lee todos los detalles en los Términos y condiciones de AppleCare+."",""deviceDateOfPurchase"":""25/07/2026"",""deviceId"":""SFD4Q69LK91"",""registeredDevice"":""1"",""pocType"":""APOC"",""serialNumber"":""FD4Q69LK91"",""partNumber"":""SD0T3ZX/A"",""partAlias"":""ACP"",""purchaseMode"":""C"",""productDescription"":""MacBook Neo""},""orderConfirmation"":{""agreementNumber"":""328089502505"",""coverageDurationStatement"":""Finaliza el 24/07/2029"",""termConditionURL"":""http://www.apple.com/legal/sales-support/"",""partNumber"":""SD0T3ZX/A"",""partAlias"":""ACP"",""partType"":""AppleCare+"",""purchaseMode"":""C"",""appleCareSalesDate"":""25/07/2026"",""pocType"":""APOC"",""purchaseOrderNumber"":""29001058""}},""transactionId"":""ad4b3646-52cb-4191-b00e-b6088c1a3971-1784998257699""}"
True;1314187;2026-07-25 12:51:58.987000;2026-07-25 00:00:00;43901104;CREATEORDER;SGKW6RW2TJF;MG6L4BE/A;"{""orderDetailsResponses"":{""deviceEligibility"":{""secondaryDisplay"":""0"",""partDescription"":""AppleCare+ con robo y pérdida para iPhone 17"",""coverageDuration"":""2"",""productStatement"":""Tu AppleCare+ con robo y pérdida para iPhone 17 amplía la cobertura de servicio y soporte técnico a 2 años desde la fecha de compra de AppleCare+ con robo y pérdida e incluye cobertura para una cantidad ilimitada de incidentes por daño accidental debido a la manipulación del producto o un máximo de dos incidentes de robo y pérdida cada 12 meses, cada uno de ellos sujeto a un cargo adicional de R$96000  por Otros daños accidentales o de R$28000  por los daños de la pantalla o la carcasa externa o de R$144000  por robo o pérdida. Lee todos los detalles en los Términos y condiciones de AppleCare+."",""deviceDateOfPurchase"":""25/07/2026"",""deviceId"":""SGKW6RW2TJF"",""registeredDevice"":""1"",""pocType"":""APOC"",""serialNumber"":""GKW6RW2TJF"",""partNumber"":""SX2V2ZX/A"",""partAlias"":""ACPTL"",""purchaseMode"":""C"",""productDescription"":""iPhone 17"",""tlDisclosure"":""La cobertura de robo y pérdida requiere que tengas la función Buscar habilitada en tu dispositivo antes de que se pierda o te lo roben. Durante el proceso de reclamación, te pediremos que uses la función Buscar para poner el dispositivo perdido o robado en modo Perdido, borrarlo y transferir la propiedad a Apple para que podamos asignarte un nuevo dispositivo. Para asegurarte de que puedas iniciar sesión en Buscar y acceder a esta función, es importante que recuerdes tu ID de Apple y contraseña, y que mantengas la información de tu cuenta actualizada. Si usas la autenticación de doble factor para el ID de Apple, te recomendamos que añadas un número de teléfono adicional de confianza a tu cuenta en el que puedas recibir el código de verificación de 6 dígitos que necesitas para iniciar sesión aunque no tengas tu iPhone. Para obtener más información, visita las páginas de Soporte técnico de Apple.""},""orderConfirmation"":{""agreementNumber"":""328089440696"",""coverageDurationStatement"":""Finaliza el 24/07/2028"",""termConditionURL"":""http://www.apple.com/legal/sales-support/"",""partNumber"":""SX2V2ZX/A"",""partAlias"":""ACPTL"",""partType"":""AC+TL"",""purchaseMode"":""C"",""appleCareSalesDate"":""25/07/2026"",""pocType"":""APOC"",""purchaseOrderNumber"":""43901104""}},""transactionId"":""2b0bdb11-5cf0-4bf5-8e60-9980f7302873-1784998314647""}"
True;1316667;2026-07-25 12:57:53.043000;2026-07-25 00:00:00;23401094;VERIFYORDER;SG9TM72M99D;MG6J4BE/A;"{""orderDetailsResponses"":{""deviceEligibility"":{""secondaryDisplay"":""0"",""partDescription"":""AppleCare+ con robo y pérdida para iPhone 17"",""coverageDuration"":""2"",""productStatement"":""Tu AppleCare+ con robo y pérdida para iPhone 17 amplía la cobertura de servicio y soporte técnico a 2 años desde la fecha de compra de AppleCare+ con robo y pérdida e incluye cobertura para una cantidad ilimitada de incidentes por daño accidental debido a la manipulación del producto o un máximo de dos incidentes de robo y pérdida cada 12 meses, cada uno de ellos sujeto a un cargo adicional de R$96000  por Otros daños accidentales o de R$28000  por los daños de la pantalla o la carcasa externa o de R$144000  por robo o pérdida. Lee todos los detalles en los Términos y condiciones de AppleCare+."",""deviceDateOfPurchase"":""25/07/2026"",""deviceId"":""SG9TM72M99D"",""registeredDevice"":""1"",""pocType"":""APOC"",""serialNumber"":""G9TM72M99D"",""partNumber"":""SX2V2ZX/A"",""partAlias"":""ACPTL"",""purchaseMode"":""C"",""productDescription"":""iPhone 17"",""tlDisclosure"":""La cobertura de robo y pérdida requiere que tengas la función Buscar habilitada en tu dispositivo antes de que se pierda o te lo roben. Durante el proceso de reclamación, te pediremos que uses la función Buscar para poner el dispositivo perdido o robado en modo Perdido, borrarlo y transferir la propiedad a Apple para que podamos asignarte un nuevo dispositivo. Para asegurarte de que puedas iniciar sesión en Buscar y acceder a esta función, es importante que recuerdes tu ID de Apple y contraseña, y que mantengas la información de tu cuenta actualizada. Si usas la autenticación de doble factor para el ID de Apple, te recomendamos que añadas un número de teléfono adicional de confianza a tu cuenta en el que puedas recibir el código de verificación de 6 dígitos que necesitas para iniciar sesión aunque no tengas tu iPhone. Para obtener más información, visita las páginas de Soporte técnico de Apple.""}},""transactionId"":""06523ed5-5a5c-43e5-897b-e7645e2eef82-1784998672434""}"
True;4992626;2026-07-25 12:59:48.827000;2026-07-25 00:00:00;17001032;CREATEORDER;SXP9C2RV7YL;MDHA4CI/A;"{""orderDetailsResponses"":{""deviceEligibility"":{""secondaryDisplay"":""1"",""partDescription"":""AppleCare+ para 13-inch MacBook Air (M5)"",""coverageDuration"":""3"",""productStatement"":""AppleCare+ para 13-inch MacBook Air (M5) amplía la cobertura de servicio y soporte técnico a 3 años desde la fecha de compra de AppleCare+ e incluye cobertura para una cantidad ilimitada de incidentes por daño accidental debido a la manipulación del producto, cada uno de ellos sujeto a un cargo adicional de R$96000  por daños en la pantalla o la carcasa externa o de R$289000  por Otros daños accidentales. Lee todos los detalles en los Términos y condiciones de AppleCare+."",""deviceDateOfPurchase"":""25/07/2026"",""deviceId"":""SXP9C2RV7YL"",""registeredDevice"":""1"",""pocType"":""APOC"",""serialNumber"":""XP9C2RV7YL"",""partNumber"":""SCW83ZX/A"",""partAlias"":""ACP"",""purchaseMode"":""C"",""productDescription"":""MacBook Air (13-inch, M5)""},""orderConfirmation"":{""agreementNumber"":""328089420740"",""coverageDurationStatement"":""Finaliza el 24/07/2029"",""termConditionURL"":""http://www.apple.com/legal/sales-support/"",""partNumber"":""SCW83ZX/A"",""partAlias"":""ACP"",""partType"":""AppleCare+"",""purchaseMode"":""C"",""appleCareSalesDate"":""25/07/2026"",""pocType"":""APOC"",""purchaseOrderNumber"":""17001032""}},""transactionId"":""0d705fd3-80d2-4af5-aa0f-91de60d72dc7-1784998785593""}"
True;1316667;2026-07-25 13:00:39.847000;2026-07-25 00:00:00;23401094;CREATEORDER;SG9TM72M99D;MG6J4BE/A;"{""orderDetailsResponses"":{""deviceEligibility"":{""secondaryDisplay"":""0"",""partDescription"":""AppleCare+ con robo y pérdida para iPhone 17"",""coverageDuration"":""2"",""productStatement"":""Tu AppleCare+ con robo y pérdida para iPhone 17 amplía la cobertura de servicio y soporte técnico a 2 años desde la fecha de compra de AppleCare+ con robo y pérdida e incluye cobertura para una cantidad ilimitada de incidentes por daño accidental debido a la manipulación del producto o un máximo de dos incidentes de robo y pérdida cada 12 meses, cada uno de ellos sujeto a un cargo adicional de R$96000  por Otros daños accidentales o de R$28000  por los daños de la pantalla o la carcasa externa o de R$144000  por robo o pérdida. Lee todos los detalles en los Términos y condiciones de AppleCare+."",""deviceDateOfPurchase"":""25/07/2026"",""deviceId"":""SG9TM72M99D"",""registeredDevice"":""1"",""pocType"":""APOC"",""serialNumber"":""G9TM72M99D"",""partNumber"":""SX2V2ZX/A"",""partAlias"":""ACPTL"",""purchaseMode"":""C"",""productDescription"":""iPhone 17"",""tlDisclosure"":""La cobertura de robo y pérdida requiere que tengas la función Buscar habilitada en tu dispositivo antes de que se pierda o te lo roben. Durante el proceso de reclamación, te pediremos que uses la función Buscar para poner el dispositivo perdido o robado en modo Perdido, borrarlo y transferir la propiedad a Apple para que podamos asignarte un nuevo dispositivo. Para asegurarte de que puedas iniciar sesión en Buscar y acceder a esta función, es importante que recuerdes tu ID de Apple y contraseña, y que mantengas la información de tu cuenta actualizada. Si usas la autenticación de doble factor para el ID de Apple, te recomendamos que añadas un número de teléfono adicional de confianza a tu cuenta en el que puedas recibir el código de verificación de 6 dígitos que necesitas para iniciar sesión aunque no tengas tu iPhone. Para obtener más información, visita las páginas de Soporte técnico de Apple.""},""orderConfirmation"":{""agreementNumber"":""328089461669"",""coverageDurationStatement"":""Finaliza el 24/07/2028"",""termConditionURL"":""http://www.apple.com/legal/sales-support/"",""partNumber"":""SX2V2ZX/A"",""partAlias"":""ACPTL"",""partType"":""AC+TL"",""purchaseMode"":""C"",""appleCareSalesDate"":""25/07/2026"",""pocType"":""APOC"",""purchaseOrderNumber"":""23401094""}},""transactionId"":""5e03d3a0-06fb-4909-a654-d3662873e68d-1784998835697""}"
True;5027227;2026-07-25 13:01:23.833000;2026-07-25 00:00:00;5027227;VERIFYORDER;SL5Q7K7G16L;MEHN4AM/A;"{""orderDetailsResponses"":{""deviceEligibility"":{""secondaryDisplay"":""0"",""partDescription"":""AppleCare+ para Apple Watch SE (3rd gen)"",""coverageDuration"":""2"",""productStatement"":""AppleCare+ para Apple Watch SE (3rd gen) amplía la cobertura de servicio y soporte técnico a 2 años desde la fecha de compra de AppleCare+ e incluye cobertura para una cantidad ilimitada de incidentes por daño accidental debido a la manipulación del producto, cada uno de ellos sujeto a un cargo adicional de R$67000  por Otros daños accidentales. Lee todos los detalles en los Términos y condiciones de AppleCare+."",""deviceDateOfPurchase"":""25/07/2026"",""deviceId"":""SL5Q7K7G16L"",""registeredDevice"":""1"",""pocType"":""APOC"",""serialNumber"":""L5Q7K7G16L"",""partNumber"":""SXHW2ZX/A"",""partAlias"":""ACP"",""purchaseMode"":""C"",""productDescription"":""Watch SE (3rd gen, GPS) Aluminum 44MM""}},""transactionId"":""47904f18-f90d-41cd-b172-eec3d1b1c564-1784998883316""}"
True;5027227;2026-07-25 13:01:25.090000;2026-07-25 00:00:00;5027227;CREATEORDER;SL5Q7K7G16L;MEHN4AM/A;"{""orderDetailsResponses"":{""deviceEligibility"":{""secondaryDisplay"":""0"",""partDescription"":""AppleCare+ para Apple Watch SE (3rd gen)"",""coverageDuration"":""2"",""productStatement"":""AppleCare+ para Apple Watch SE (3rd gen) amplía la cobertura de servicio y soporte técnico a 2 años desde la fecha de compra de AppleCare+ e incluye cobertura para una cantidad ilimitada de incidentes por daño accidental debido a la manipulación del producto, cada uno de ellos sujeto a un cargo adicional de R$67000  por Otros daños accidentales. Lee todos los detalles en los Términos y condiciones de AppleCare+."",""deviceDateOfPurchase"":""25/07/2026"",""deviceId"":""SL5Q7K7G16L"",""registeredDevice"":""1"",""pocType"":""RPOC"",""serialNumber"":""L5Q7K7G16L"",""partNumber"":""SXHW2ZX/A"",""partAlias"":""ACP"",""purchaseMode"":""C"",""productDescription"":""Watch SE (3rd gen, GPS) Aluminum 44MM""},""orderConfirmation"":{""agreementNumber"":""328089461673"",""coverageDurationStatement"":""Finaliza el 24/07/2028"",""termConditionURL"":""http://www.apple.com/legal/sales-support/"",""partNumber"":""SXHW2ZX/A"",""partAlias"":""ACP"",""partType"":""AppleCare+"",""purchaseMode"":""C"",""appleCareSalesDate"":""25/07/2026"",""pocType"":""RPOC"",""purchaseOrderNumber"":""5027227""}},""transactionId"":""7eb1c36b-75a4-4e8d-80ca-01024776dabd-1784998884224""}"
True;5084029;2026-07-25 13:05:32.070000;2026-07-25 00:00:00;72901098;VERIFYORDER;sfkvhc6030v;MFYM4BE/A;"{""orderDetailsResponses"":{""deviceEligibility"":{""secondaryDisplay"":""0"",""partDescription"":""AppleCare+ con robo y pérdida para iPhone 17 Pro Max"",""coverageDuration"":""2"",""productStatement"":""Tu AppleCare+ con robo y pérdida para iPhone 17 Pro Max amplía la cobertura de servicio y soporte técnico a 2 años desde la fecha de compra de AppleCare+ con robo y pérdida e incluye cobertura para una cantidad ilimitada de incidentes por daño accidental debido a la manipulación del producto o un máximo de dos incidentes de robo y pérdida cada 12 meses, cada uno de ellos sujeto a un cargo adicional de R$96000  por Otros daños accidentales o de R$28000  por los daños de la pantalla o la carcasa externa o de R$144000  por robo o pérdida. Lee todos los detalles en los Términos y condiciones de AppleCare+."",""deviceDateOfPurchase"":""25/07/2026"",""deviceId"":""SFKVHC6030V"",""registeredDevice"":""1"",""pocType"":""APOC"",""serialNumber"":""FKVHC6030V"",""partNumber"":""SX382ZX/A"",""partAlias"":""ACPTL"",""purchaseMode"":""C"",""productDescription"":""iPhone 17 Pro Max"",""tlDisclosure"":""La cobertura de robo y pérdida requiere que tengas la función Buscar habilitada en tu dispositivo antes de que se pierda o te lo roben. Durante el proceso de reclamación, te pediremos que uses la función Buscar para poner el dispositivo perdido o robado en modo Perdido, borrarlo y transferir la propiedad a Apple para que podamos asignarte un nuevo dispositivo. Para asegurarte de que puedas iniciar sesión en Buscar y acceder a esta función, es importante que recuerdes tu ID de Apple y contraseña, y que mantengas la información de tu cuenta actualizada. Si usas la autenticación de doble factor para el ID de Apple, te recomendamos que añadas un número de teléfono adicional de confianza a tu cuenta en el que puedas recibir el código de verificación de 6 dígitos que necesitas para iniciar sesión aunque no tengas tu iPhone. Para obtener más información, visita las páginas de Soporte técnico de Apple.""}},""transactionId"":""316476d8-0fbf-450e-9c04-b49f3ec5f48a-1784999131461""}"
True;5084029;2026-07-25 13:12:09.017000;2026-07-25 00:00:00;72901098;CREATEORDER;sfkvhc6030v;MFYM4BE/A;"{""orderDetailsResponses"":{""deviceEligibility"":{""secondaryDisplay"":""0"",""partDescription"":""AppleCare+ con robo y pérdida para iPhone 17 Pro Max"",""coverageDuration"":""2"",""productStatement"":""Tu AppleCare+ con robo y pérdida para iPhone 17 Pro Max amplía la cobertura de servicio y soporte técnico a 2 años desde la fecha de compra de AppleCare+ con robo y pérdida e incluye cobertura para una cantidad ilimitada de incidentes por daño accidental debido a la manipulación del producto o un máximo de dos incidentes de robo y pérdida cada 12 meses, cada uno de ellos sujeto a un cargo adicional de R$96000  por Otros daños accidentales o de R$28000  por los daños de la pantalla o la carcasa externa o de R$144000  por robo o pérdida. Lee todos los detalles en los Términos y condiciones de AppleCare+."",""deviceDateOfPurchase"":""25/07/2026"",""deviceId"":""SFKVHC6030V"",""registeredDevice"":""1"",""pocType"":""APOC"",""serialNumber"":""FKVHC6030V"",""partNumber"":""SX382ZX/A"",""partAlias"":""ACPTL"",""purchaseMode"":""C"",""productDescription"":""iPhone 17 Pro Max"",""tlDisclosure"":""La cobertura de robo y pérdida requiere que tengas la función Buscar habilitada en tu dispositivo antes de que se pierda o te lo roben. Durante el proceso de reclamación, te pediremos que uses la función Buscar para poner el dispositivo perdido o robado en modo Perdido, borrarlo y transferir la propiedad a Apple para que podamos asignarte un nuevo dispositivo. Para asegurarte de que puedas iniciar sesión en Buscar y acceder a esta función, es importante que recuerdes tu ID de Apple y contraseña, y que mantengas la información de tu cuenta actualizada. Si usas la autenticación de doble factor para el ID de Apple, te recomendamos que añadas un número de teléfono adicional de confianza a tu cuenta en el que puedas recibir el código de verificación de 6 dígitos que necesitas para iniciar sesión aunque no tengas tu iPhone. Para obtener más información, visita las páginas de Soporte técnico de Apple.""},""orderConfirmation"":{""agreementNumber"":""328089420827"",""coverageDurationStatement"":""Finaliza el 24/07/2028"",""termConditionURL"":""http://www.apple.com/legal/sales-support/"",""partNumber"":""SX382ZX/A"",""partAlias"":""ACPTL"",""partType"":""AC+TL"",""purchaseMode"":""C"",""appleCareSalesDate"":""25/07/2026"",""pocType"":""APOC"",""purchaseOrderNumber"":""72901098""}},""transactionId"":""4b418287-84fc-4a39-90d0-8cc00e7fd668-1784999524274""}"
True;5067716;2026-07-25 13:15:43.143000;2026-07-25 00:00:00;29101058;VERIFYORDER;SD90L4XNYXW;MF8E4AM/A;"{""orderDetailsResponses"":{""deviceEligibility"":{""secondaryDisplay"":""0"",""partDescription"":""AppleCare+ para Apple Watch Series 11"",""coverageDuration"":""2"",""productStatement"":""AppleCare+ para Apple Watch Series 11 amplía la cobertura de servicio y soporte técnico a 2 años desde la fecha de compra de AppleCare+ e incluye cobertura para una cantidad ilimitada de incidentes por daño accidental debido a la manipulación del producto, cada uno de ellos sujeto a un cargo adicional de R$67000  por Otros daños accidentales. Lee todos los detalles en los Términos y condiciones de AppleCare+."",""deviceDateOfPurchase"":""25/07/2026"",""deviceId"":""SD90L4XNYXW"",""registeredDevice"":""1"",""pocType"":""APOC"",""serialNumber"":""D90L4XNYXW"",""partNumber"":""SXCJ2ZX/A"",""partAlias"":""ACP"",""purchaseMode"":""C"",""productDescription"":""Watch Series 11 (GPS+Cell) Aluminum 42MM""}},""transactionId"":""166d8079-9e7c-4b82-91ce-b13b63f3a405-1784999742593""}"
True;1316583;2026-07-25 13:17:35.003000;2026-07-25 00:00:00;13301063;VERIFYORDER;SGLC76WMFVF;MFHP4AM/A;"{""orderDetailsResponses"":{""deviceEligibility"":{""secondaryDisplay"":""0"",""partDescription"":""AppleCare+ para Headphones - AirPods Pro"",""coverageDuration"":""2"",""productStatement"":""AppleCare+ para Headphones - AirPods Pro amplía la cobertura de servicio y soporte técnico a 2 años desde la fecha de compra de AppleCare+ e incluye cobertura para una cantidad ilimitada de incidentes por daño accidental debido a la manipulación del producto, cada uno de ellos sujeto a un cargo adicional de R$28000 . Lee todos los detalles en los Términos y condiciones de AppleCare+."",""deviceDateOfPurchase"":""25/07/2026"",""deviceId"":""SGLC76WMFVF"",""registeredDevice"":""1"",""pocType"":""APOC"",""serialNumber"":""GLC76WMFVF"",""partNumber"":""SYLW2ZX/A"",""partAlias"":""ACP"",""purchaseMode"":""C"",""productDescription"":""AirPods Pro 3""}},""transactionId"":""9819e24d-efe9-4cbd-9212-d7c46cb0becc-1784999853531""}"
True;5067716;2026-07-25 13:17:44.410000;2026-07-25 00:00:00;29101058;CREATEORDER;SD90L4XNYXW;MF8E4AM/A;"{""orderDetailsResponses"":{""deviceEligibility"":{""secondaryDisplay"":""0"",""partDescription"":""AppleCare+ para Apple Watch Series 11"",""coverageDuration"":""2"",""productStatement"":""AppleCare+ para Apple Watch Series 11 amplía la cobertura de servicio y soporte técnico a 2 años desde la fecha de compra de AppleCare+ e incluye cobertura para una cantidad ilimitada de incidentes por daño accidental debido a la manipulación del producto, cada uno de ellos sujeto a un cargo adicional de R$67000  por Otros daños accidentales. Lee todos los detalles en los Términos y condiciones de AppleCare+."",""deviceDateOfPurchase"":""25/07/2026"",""deviceId"":""SD90L4XNYXW"",""registeredDevice"":""1"",""pocType"":""APOC"",""serialNumber"":""D90L4XNYXW"",""partNumber"":""SXCJ2ZX/A"",""partAlias"":""ACP"",""purchaseMode"":""C"",""productDescription"":""Watch Series 11 (GPS+Cell) Aluminum 42MM""},""orderConfirmation"":{""agreementNumber"":""328089502622"",""coverageDurationStatement"":""Finaliza el 24/07/2028"",""termConditionURL"":""http://www.apple.com/legal/sales-support/"",""partNumber"":""SXCJ2ZX/A"",""partAlias"":""ACP"",""partType"":""AppleCare+"",""purchaseMode"":""C"",""appleCareSalesDate"":""25/07/2026"",""pocType"":""APOC"",""purchaseOrderNumber"":""29101058""}},""transactionId"":""d011e63a-137a-4634-a8ae-d9e9dee3f3ed-1784999859004""}"
True;1316583;2026-07-25 13:20:23.870000;2026-07-25 00:00:00;13301063;CREATEORDER;SGLC76WMFVF;MFHP4AM/A;"{""orderDetailsResponses"":{""deviceEligibility"":{""secondaryDisplay"":""0"",""partDescription"":""AppleCare+ para Headphones - AirPods Pro"",""coverageDuration"":""2"",""productStatement"":""AppleCare+ para Headphones - AirPods Pro amplía la cobertura de servicio y soporte técnico a 2 años desde la fecha de compra de AppleCare+ e incluye cobertura para una cantidad ilimitada de incidentes por daño accidental debido a la manipulación del producto, cada uno de ellos sujeto a un cargo adicional de R$28000 . Lee todos los detalles en los Términos y condiciones de AppleCare+."",""deviceDateOfPurchase"":""25/07/2026"",""deviceId"":""SGLC76WMFVF"",""registeredDevice"":""1"",""pocType"":""APOC"",""serialNumber"":""GLC76WMFVF"",""partNumber"":""SYLW2ZX/A"",""partAlias"":""ACP"",""purchaseMode"":""C"",""productDescription"":""AirPods Pro 3""},""orderConfirmation"":{""agreementNumber"":""328089441819"",""coverageDurationStatement"":""Finaliza el 24/07/2028"",""termConditionURL"":""http://www.apple.com/legal/sales-support/"",""partNumber"":""SYLW2ZX/A"",""partAlias"":""ACP"",""partType"":""AppleCare+"",""purchaseMode"":""C"",""appleCareSalesDate"":""25/07/2026"",""pocType"":""APOC"",""purchaseOrderNumber"":""13301063""}},""transactionId"":""906fcee6-986a-4de0-9170-8d9a9cc3d10f-1785000019264""}"
True;5071048;2026-07-25 13:29:47.413000;2026-07-25 00:00:00;44001104;VERIFYORDER;SKY2P03F3DW;MFHP4AM/A;"{""orderDetailsResponses"":{""deviceEligibility"":{""secondaryDisplay"":""0"",""partDescription"":""AppleCare+ para Headphones - AirPods Pro"",""coverageDuration"":""2"",""productStatement"":""AppleCare+ para Headphones - AirPods Pro amplía la cobertura de servicio y soporte técnico a 2 años desde la fecha de compra de AppleCare+ e incluye cobertura para una cantidad ilimitada de incidentes por daño accidental debido a la manipulación del producto, cada uno de ellos sujeto a un cargo adicional de R$28000 . Lee todos los detalles en los Términos y condiciones de AppleCare+."",""deviceDateOfPurchase"":""25/07/2026"",""deviceId"":""SKY2P03F3DW"",""registeredDevice"":""1"",""pocType"":""APOC"",""serialNumber"":""KY2P03F3DW"",""partNumber"":""SYLW2ZX/A"",""partAlias"":""ACP"",""purchaseMode"":""C"",""productDescription"":""AirPods Pro 3""}},""transactionId"":""06136f33-fff5-491d-b884-4dcfd3f8b1c4-1785000586838""}"
True;5071048;2026-07-25 13:32:54.743000;2026-07-25 00:00:00;44001104;CREATEORDER;SKY2P03F3DW;MFHP4AM/A;"{""orderDetailsResponses"":{""deviceEligibility"":{""secondaryDisplay"":""0"",""partDescription"":""AppleCare+ para Headphones - AirPods Pro"",""coverageDuration"":""2"",""productStatement"":""AppleCare+ para Headphones - AirPods Pro amplía la cobertura de servicio y soporte técnico a 2 años desde la fecha de compra de AppleCare+ e incluye cobertura para una cantidad ilimitada de incidentes por daño accidental debido a la manipulación del producto, cada uno de ellos sujeto a un cargo adicional de R$28000 . Lee todos los detalles en los Términos y condiciones de AppleCare+."",""deviceDateOfPurchase"":""25/07/2026"",""deviceId"":""SKY2P03F3DW"",""registeredDevice"":""1"",""pocType"":""APOC"",""serialNumber"":""KY2P03F3DW"",""partNumber"":""SYLW2ZX/A"",""partAlias"":""ACP"",""purchaseMode"":""C"",""productDescription"":""AirPods Pro 3""},""orderConfirmation"":{""agreementNumber"":""328089460796"",""coverageDurationStatement"":""Finaliza el 24/07/2028"",""termConditionURL"":""http://www.apple.com/legal/sales-support/"",""partNumber"":""SYLW2ZX/A"",""partAlias"":""ACP"",""partType"":""AppleCare+"",""purchaseMode"":""C"",""appleCareSalesDate"":""25/07/2026"",""pocType"":""APOC"",""purchaseOrderNumber"":""44001104""}},""transactionId"":""4ea9680f-1cea-4c56-a849-f2f3248643e7-1785000769829""}"
True;1317530;2026-07-25 13:56:20.673000;2026-07-25 00:00:00;73001098;VERIFYORDER;sjwvyfwt0h1;MDHJ4CI/A;"{""orderDetailsResponses"":{""deviceEligibility"":{""secondaryDisplay"":""1"",""partDescription"":""AppleCare+ para 13-inch MacBook Air (M5)"",""coverageDuration"":""3"",""productStatement"":""AppleCare+ para 13-inch MacBook Air (M5) amplía la cobertura de servicio y soporte técnico a 3 años desde la fecha de compra de AppleCare+ e incluye cobertura para una cantidad ilimitada de incidentes por daño accidental debido a la manipulación del producto, cada uno de ellos sujeto a un cargo adicional de R$96000  por daños en la pantalla o la carcasa externa o de R$289000  por Otros daños accidentales. Lee todos los detalles en los Términos y condiciones de AppleCare+."",""deviceDateOfPurchase"":""25/07/2026"",""deviceId"":""SJWVYFWT0H1"",""registeredDevice"":""1"",""pocType"":""APOC"",""serialNumber"":""JWVYFWT0H1"",""partNumber"":""SCW83ZX/A"",""partAlias"":""ACP"",""purchaseMode"":""C"",""productDescription"":""MacBook Air (13-inch, M5)""}},""transactionId"":""69f1ae2d-b729-4406-a76f-9229c030b1fb-1785002180062""}"
True;1317530;2026-07-25 13:59:05.520000;2026-07-25 00:00:00;73001098;CREATEORDER;sjwvyfwt0h1;MDHJ4CI/A;"{""orderDetailsResponses"":{""deviceEligibility"":{""secondaryDisplay"":""1"",""partDescription"":""AppleCare+ para 13-inch MacBook Air (M5)"",""coverageDuration"":""3"",""productStatement"":""AppleCare+ para 13-inch MacBook Air (M5) amplía la cobertura de servicio y soporte técnico a 3 años desde la fecha de compra de AppleCare+ e incluye cobertura para una cantidad ilimitada de incidentes por daño accidental debido a la manipulación del producto, cada uno de ellos sujeto a un cargo adicional de R$96000  por daños en la pantalla o la carcasa externa o de R$289000  por Otros daños accidentales. Lee todos los detalles en los Términos y condiciones de AppleCare+."",""deviceDateOfPurchase"":""25/07/2026"",""deviceId"":""SJWVYFWT0H1"",""registeredDevice"":""1"",""pocType"":""APOC"",""serialNumber"":""JWVYFWT0H1"",""partNumber"":""SCW83ZX/A"",""partAlias"":""ACP"",""purchaseMode"":""C"",""productDescription"":""MacBook Air (13-inch, M5)""},""orderConfirmation"":{""agreementNumber"":""328089461829"",""coverageDurationStatement"":""Finaliza el 24/07/2029"",""termConditionURL"":""http://www.apple.com/legal/sales-support/"",""partNumber"":""SCW83ZX/A"",""partAlias"":""ACP"",""partType"":""AppleCare+"",""purchaseMode"":""C"",""appleCareSalesDate"":""25/07/2026"",""pocType"":""APOC"",""purchaseOrderNumber"":""73001098""}},""transactionId"":""cb50af11-7807-4513-ac3e-ae3d16041384-1785002328288""}"
True;5084032;2026-07-25 14:08:11.083000;2026-07-25 00:00:00;73101098;VERIFYORDER;slynf6y76tr;MG6K4BE/A;"{""orderDetailsResponses"":{""deviceEligibility"":{""secondaryDisplay"":""0"",""partDescription"":""AppleCare+ con robo y pérdida para iPhone 17"",""coverageDuration"":""2"",""productStatement"":""Tu AppleCare+ con robo y pérdida para iPhone 17 amplía la cobertura de servicio y soporte técnico a 2 años desde la fecha de compra de AppleCare+ con robo y pérdida e incluye cobertura para una cantidad ilimitada de incidentes por daño accidental debido a la manipulación del producto o un máximo de dos incidentes de robo y pérdida cada 12 meses, cada uno de ellos sujeto a un cargo adicional de R$96000  por Otros daños accidentales o de R$28000  por los daños de la pantalla o la carcasa externa o de R$144000  por robo o pérdida. Lee todos los detalles en los Términos y condiciones de AppleCare+."",""deviceDateOfPurchase"":""25/07/2026"",""deviceId"":""SLYNF6Y76TR"",""registeredDevice"":""1"",""pocType"":""APOC"",""serialNumber"":""LYNF6Y76TR"",""partNumber"":""SX2V2ZX/A"",""partAlias"":""ACPTL"",""purchaseMode"":""C"",""productDescription"":""iPhone 17"",""tlDisclosure"":""La cobertura de robo y pérdida requiere que tengas la función Buscar habilitada en tu dispositivo antes de que se pierda o te lo roben. Durante el proceso de reclamación, te pediremos que uses la función Buscar para poner el dispositivo perdido o robado en modo Perdido, borrarlo y transferir la propiedad a Apple para que podamos asignarte un nuevo dispositivo. Para asegurarte de que puedas iniciar sesión en Buscar y acceder a esta función, es importante que recuerdes tu ID de Apple y contraseña, y que mantengas la información de tu cuenta actualizada. Si usas la autenticación de doble factor para el ID de Apple, te recomendamos que añadas un número de teléfono adicional de confianza a tu cuenta en el que puedas recibir el código de verificación de 6 dígitos que necesitas para iniciar sesión aunque no tengas tu iPhone. Para obtener más información, visita las páginas de Soporte técnico de Apple.""}},""transactionId"":""fad3923e-9879-4e1d-aa82-815fdf87477e-1785002890584""}"
True;5084032;2026-07-25 14:10:58.803000;2026-07-25 00:00:00;73101098;CREATEORDER;slynf6y76tr;MG6K4BE/A;"{""orderDetailsResponses"":{""deviceEligibility"":{""secondaryDisplay"":""0"",""partDescription"":""AppleCare+ con robo y pérdida para iPhone 17"",""coverageDuration"":""2"",""productStatement"":""Tu AppleCare+ con robo y pérdida para iPhone 17 amplía la cobertura de servicio y soporte técnico a 2 años desde la fecha de compra de AppleCare+ con robo y pérdida e incluye cobertura para una cantidad ilimitada de incidentes por daño accidental debido a la manipulación del producto o un máximo de dos incidentes de robo y pérdida cada 12 meses, cada uno de ellos sujeto a un cargo adicional de R$96000  por Otros daños accidentales o de R$28000  por los daños de la pantalla o la carcasa externa o de R$144000  por robo o pérdida. Lee todos los detalles en los Términos y condiciones de AppleCare+."",""deviceDateOfPurchase"":""25/07/2026"",""deviceId"":""SLYNF6Y76TR"",""registeredDevice"":""1"",""pocType"":""APOC"",""serialNumber"":""LYNF6Y76TR"",""partNumber"":""SX2V2ZX/A"",""partAlias"":""ACPTL"",""purchaseMode"":""C"",""productDescription"":""iPhone 17"",""tlDisclosure"":""La cobertura de robo y pérdida requiere que tengas la función Buscar habilitada en tu dispositivo antes de que se pierda o te lo roben. Durante el proceso de reclamación, te pediremos que uses la función Buscar para poner el dispositivo perdido o robado en modo Perdido, borrarlo y transferir la propiedad a Apple para que podamos asignarte un nuevo dispositivo. Para asegurarte de que puedas iniciar sesión en Buscar y acceder a esta función, es importante que recuerdes tu ID de Apple y contraseña, y que mantengas la información de tu cuenta actualizada. Si usas la autenticación de doble factor para el ID de Apple, te recomendamos que añadas un número de teléfono adicional de confianza a tu cuenta en el que puedas recibir el código de verificación de 6 dígitos que necesitas para iniciar sesión aunque no tengas tu iPhone. Para obtener más información, visita las páginas de Soporte técnico de Apple.""},""orderConfirmation"":{""agreementNumber"":""328089502794"",""coverageDurationStatement"":""Finaliza el 24/07/2028"",""termConditionURL"":""http://www.apple.com/legal/sales-support/"",""partNumber"":""SX2V2ZX/A"",""partAlias"":""ACPTL"",""partType"":""AC+TL"",""purchaseMode"":""C"",""appleCareSalesDate"":""25/07/2026"",""pocType"":""APOC"",""purchaseOrderNumber"":""73101098""}},""transactionId"":""1f59af0e-6575-4adf-b9b3-b901a7dedb85-1785003053635""}"
True;1314189;2026-07-25 14:16:25.960000;2026-07-25 00:00:00;44101104;VERIFYORDER;SX7HTKYFJLK;MDHA4CI/A;"{""orderDetailsResponses"":{""deviceEligibility"":{""secondaryDisplay"":""1"",""partDescription"":""AppleCare+ para 13-inch MacBook Air (M5)"",""coverageDuration"":""3"",""productStatement"":""AppleCare+ para 13-inch MacBook Air (M5) amplía la cobertura de servicio y soporte técnico a 3 años desde la fecha de compra de AppleCare+ e incluye cobertura para una cantidad ilimitada de incidentes por daño accidental debido a la manipulación del producto, cada uno de ellos sujeto a un cargo adicional de R$96000  por daños en la pantalla o la carcasa externa o de R$289000  por Otros daños accidentales. Lee todos los detalles en los Términos y condiciones de AppleCare+."",""deviceDateOfPurchase"":""25/07/2026"",""deviceId"":""SX7HTKYFJLK"",""registeredDevice"":""1"",""pocType"":""APOC"",""serialNumber"":""X7HTKYFJLK"",""partNumber"":""SCW83ZX/A"",""partAlias"":""ACP"",""purchaseMode"":""C"",""productDescription"":""MacBook Air (13-inch, M5)""}},""transactionId"":""3413118f-025a-48b7-aa9e-a1c9a447427b-1785003385350""}"
True;1314189;2026-07-25 14:18:55.170000;2026-07-25 00:00:00;44101104;CREATEORDER;SX7HTKYFJLK;MDHA4CI/A;"{""orderDetailsResponses"":{""deviceEligibility"":{""secondaryDisplay"":""1"",""partDescription"":""AppleCare+ para 13-inch MacBook Air (M5)"",""coverageDuration"":""3"",""productStatement"":""AppleCare+ para 13-inch MacBook Air (M5) amplía la cobertura de servicio y soporte técnico a 3 años desde la fecha de compra de AppleCare+ e incluye cobertura para una cantidad ilimitada de incidentes por daño accidental debido a la manipulación del producto, cada uno de ellos sujeto a un cargo adicional de R$96000  por daños en la pantalla o la carcasa externa o de R$289000  por Otros daños accidentales. Lee todos los detalles en los Términos y condiciones de AppleCare+."",""deviceDateOfPurchase"":""25/07/2026"",""deviceId"":""SX7HTKYFJLK"",""registeredDevice"":""1"",""pocType"":""APOC"",""serialNumber"":""X7HTKYFJLK"",""partNumber"":""SCW83ZX/A"",""partAlias"":""ACP"",""purchaseMode"":""C"",""productDescription"":""MacBook Air (13-inch, M5)""},""orderConfirmation"":{""agreementNumber"":""328089522047"",""coverageDurationStatement"":""Finaliza el 24/07/2029"",""termConditionURL"":""http://www.apple.com/legal/sales-support/"",""partNumber"":""SCW83ZX/A"",""partAlias"":""ACP"",""partType"":""AppleCare+"",""purchaseMode"":""C"",""appleCareSalesDate"":""25/07/2026"",""pocType"":""APOC"",""purchaseOrderNumber"":""44101104""}},""transactionId"":""7f655b80-b602-496e-a282-e2e2d1e461cf-1785003532712""}"
True;5096342;2026-07-25 14:27:48.197000;2026-07-25 00:00:00;32701073;VERIFYORDER;SMM4661F21P;MEHQ4AM/A;"{""orderDetailsResponses"":{""deviceEligibility"":{""secondaryDisplay"":""0"",""partDescription"":""AppleCare+ para Apple Watch SE (3rd gen)"",""coverageDuration"":""2"",""productStatement"":""AppleCare+ para Apple Watch SE (3rd gen) amplía la cobertura de servicio y soporte técnico a 2 años desde la fecha de compra de AppleCare+ e incluye cobertura para una cantidad ilimitada de incidentes por daño accidental debido a la manipulación del producto, cada uno de ellos sujeto a un cargo adicional de R$67000  por Otros daños accidentales. Lee todos los detalles en los Términos y condiciones de AppleCare+."",""deviceDateOfPurchase"":""25/07/2026"",""deviceId"":""SMM4661F21P"",""registeredDevice"":""1"",""pocType"":""APOC"",""serialNumber"":""MM4661F21P"",""partNumber"":""SXHW2ZX/A"",""partAlias"":""ACP"",""purchaseMode"":""C"",""productDescription"":""Watch SE (3rd gen, GPS) Aluminum 44MM""}},""transactionId"":""3a60f181-7096-4b4a-bb17-74dfc655d442-1785004067609""}"
True;1316444;2026-07-25 14:29:07.497000;2026-07-25 00:00:00;48501087;VERIFYORDER;SHMX97Y197X;MGEA4CI/A;"{""orderDetailsResponses"":{""deviceEligibility"":{""secondaryDisplay"":""1"",""partDescription"":""AppleCare+ para 16-in MacBook Pro (M5 Pro/M5 Max)"",""coverageDuration"":""3"",""productStatement"":""AppleCare+ para 16-in MacBook Pro (M5 Pro/M5 Max) amplía la cobertura de servicio y soporte técnico a 3 años desde la fecha de compra de AppleCare+ e incluye cobertura para una cantidad ilimitada de incidentes por daño accidental debido a la manipulación del producto, cada uno de ellos sujeto a un cargo adicional de R$96000  por daños en la pantalla o la carcasa externa o de R$289000  por Otros daños accidentales. Lee todos los detalles en los Términos y condiciones de AppleCare+."",""deviceDateOfPurchase"":""25/07/2026"",""deviceId"":""SHMX97Y197X"",""registeredDevice"":""1"",""pocType"":""APOC"",""serialNumber"":""HMX97Y197X"",""partNumber"":""SCXU3ZX/A"",""partAlias"":""ACP"",""purchaseMode"":""C"",""productDescription"":""MacBook Pro (16-inch, M5 Pro or M5 Max)""}},""transactionId"":""9472bfcf-5645-4142-a4cd-e83fa409d86f-1785004146909""}"
True;5096342;2026-07-25 14:29:39.363000;2026-07-25 00:00:00;32701073;CREATEORDER;SMM4661F21P;MEHQ4AM/A;"{""orderDetailsResponses"":{""deviceEligibility"":{""secondaryDisplay"":""0"",""partDescription"":""AppleCare+ para Apple Watch SE (3rd gen)"",""coverageDuration"":""2"",""productStatement"":""AppleCare+ para Apple Watch SE (3rd gen) amplía la cobertura de servicio y soporte técnico a 2 años desde la fecha de compra de AppleCare+ e incluye cobertura para una cantidad ilimitada de incidentes por daño accidental debido a la manipulación del producto, cada uno de ellos sujeto a un cargo adicional de R$67000  por Otros daños accidentales. Lee todos los detalles en los Términos y condiciones de AppleCare+."",""deviceDateOfPurchase"":""25/07/2026"",""deviceId"":""SMM4661F21P"",""registeredDevice"":""1"",""pocType"":""APOC"",""serialNumber"":""MM4661F21P"",""partNumber"":""SXHW2ZX/A"",""partAlias"":""ACP"",""purchaseMode"":""C"",""productDescription"":""Watch SE (3rd gen, GPS) Aluminum 44MM""},""orderConfirmation"":{""agreementNumber"":""328089525037"",""coverageDurationStatement"":""Finaliza el 24/07/2028"",""termConditionURL"":""http://www.apple.com/legal/sales-support/"",""partNumber"":""SXHW2ZX/A"",""partAlias"":""ACP"",""partType"":""AppleCare+"",""purchaseMode"":""C"",""appleCareSalesDate"":""25/07/2026"",""pocType"":""APOC"",""purchaseOrderNumber"":""32701073""}},""transactionId"":""c705a353-7e82-4e57-805a-24f76680d6ba-1785004174765""}"
True;1317996;2026-07-25 14:35:23.667000;2026-07-25 00:00:00;13901124;VERIFYORDER;SF79VDXW61Q;MJ3E4CI/A;"{""orderDetailsResponses"":{""deviceEligibility"":{""secondaryDisplay"":""1"",""partDescription"":""AppleCare+ para 14-inch MacBook Pro (M5)"",""coverageDuration"":""3"",""productStatement"":""AppleCare+ para 14-inch MacBook Pro (M5) amplía la cobertura de servicio y soporte técnico a 3 años desde la fecha de compra de AppleCare+ e incluye cobertura para una cantidad ilimitada de incidentes por daño accidental debido a la manipulación del producto, cada uno de ellos sujeto a un cargo adicional de R$289000  por Otros daños accidentales o de R$96000  por daños en la pantalla o la carcasa externa. Lee todos los detalles en los Términos y condiciones de AppleCare+."",""deviceDateOfPurchase"":""25/07/2026"",""deviceId"":""SF79VDXW61Q"",""registeredDevice"":""1"",""pocType"":""APOC"",""serialNumber"":""F79VDXW61Q"",""partNumber"":""SXKH2ZX/A"",""partAlias"":""ACP"",""purchaseMode"":""C"",""productDescription"":""MacBook Pro (14-inch, M5)""}},""transactionId"":""97fca789-48fc-4570-9b47-ea6490b2bcd7-1785004523151""}"
True;1316444;2026-07-25 14:36:16.910000;2026-07-25 00:00:00;48501087;CREATEORDER;SHMX97Y197X;MGEA4CI/A;"{""orderDetailsResponses"":{""deviceEligibility"":{""secondaryDisplay"":""1"",""partDescription"":""AppleCare+ para 16-in MacBook Pro (M5 Pro/M5 Max)"",""coverageDuration"":""3"",""productStatement"":""AppleCare+ para 16-in MacBook Pro (M5 Pro/M5 Max) amplía la cobertura de servicio y soporte técnico a 3 años desde la fecha de compra de AppleCare+ e incluye cobertura para una cantidad ilimitada de incidentes por daño accidental debido a la manipulación del producto, cada uno de ellos sujeto a un cargo adicional de R$96000  por daños en la pantalla o la carcasa externa o de R$289000  por Otros daños accidentales. Lee todos los detalles en los Términos y condiciones de AppleCare+."",""deviceDateOfPurchase"":""25/07/2026"",""deviceId"":""SHMX97Y197X"",""registeredDevice"":""1"",""pocType"":""APOC"",""serialNumber"":""HMX97Y197X"",""partNumber"":""SCXU3ZX/A"",""partAlias"":""ACP"",""purchaseMode"":""C"",""productDescription"":""MacBook Pro (16-inch, M5 Pro or M5 Max)""},""orderConfirmation"":{""agreementNumber"":""328089520174"",""coverageDurationStatement"":""Finaliza el 24/07/2029"",""termConditionURL"":""http://www.apple.com/legal/sales-support/"",""partNumber"":""SCXU3ZX/A"",""partAlias"":""ACP"",""partType"":""AppleCare+"",""purchaseMode"":""C"",""appleCareSalesDate"":""25/07/2026"",""pocType"":""APOC"",""purchaseOrderNumber"":""48501087""}},""transactionId"":""b0d16809-2df7-4977-91e9-f9f31ccfb5d1-1785004574706""}"
True;1317996;2026-07-25 14:37:51.760000;2026-07-25 00:00:00;13901124;CREATEORDER;SF79VDXW61Q;MJ3E4CI/A;"{""orderDetailsResponses"":{""deviceEligibility"":{""secondaryDisplay"":""1"",""partDescription"":""AppleCare+ para 14-inch MacBook Pro (M5)"",""coverageDuration"":""3"",""productStatement"":""AppleCare+ para 14-inch MacBook Pro (M5) amplía la cobertura de servicio y soporte técnico a 3 años desde la fecha de compra de AppleCare+ e incluye cobertura para una cantidad ilimitada de incidentes por daño accidental debido a la manipulación del producto, cada uno de ellos sujeto a un cargo adicional de R$289000  por Otros daños accidentales o de R$96000  por daños en la pantalla o la carcasa externa. Lee todos los detalles en los Términos y condiciones de AppleCare+."",""deviceDateOfPurchase"":""25/07/2026"",""deviceId"":""SF79VDXW61Q"",""registeredDevice"":""1"",""pocType"":""APOC"",""serialNumber"":""F79VDXW61Q"",""partNumber"":""SXKH2ZX/A"",""partAlias"":""ACP"",""purchaseMode"":""C"",""productDescription"":""MacBook Pro (14-inch, M5)""},""orderConfirmation"":{""agreementNumber"":""328089502945"",""coverageDurationStatement"":""Finaliza el 24/07/2029"",""termConditionURL"":""http://www.apple.com/legal/sales-support/"",""partNumber"":""SXKH2ZX/A"",""partAlias"":""ACP"",""partType"":""AppleCare+"",""purchaseMode"":""C"",""appleCareSalesDate"":""25/07/2026"",""pocType"":""APOC"",""purchaseOrderNumber"":""13901124""}},""transactionId"":""75cf19c7-f4d8-4679-853b-81643ed38463-1785004669637""}"
True;5062871;2026-07-25 14:59:56.317000;2026-07-25 00:00:00;13401063;VERIFYORDER;FNM273C42W;MH344CI/A;"{""orderDetailsResponses"":{""deviceEligibility"":{""secondaryDisplay"":""1"",""partDescription"":""AppleCare+ para iPad Air 11-inch (M4)"",""coverageDuration"":""2"",""productStatement"":""AppleCare+ para iPad Air 11-inch (M4) amplía la cobertura de servicio y soporte técnico a 2 años desde la fecha de compra de AppleCare+ e incluye cobertura para una cantidad ilimitada de incidentes por daño accidental debido a la manipulación del producto, cada uno de ellos sujeto a un cargo adicional de R$28000  por Apple Pencil / Keyboard o de R$28000  por Daños que afectan solo a la pantalla o de R$96000  por Otros daños accidentales. Lee todos los detalles en los Términos y condiciones de AppleCare+."",""deviceDateOfPurchase"":""01/07/2026"",""deviceId"":""FNM273C42W"",""registeredDevice"":""0"",""pocType"":""APOC"",""serialNumber"":""FNM273C42W"",""partNumber"":""SCV93ZX/A"",""partAlias"":""ACP"",""purchaseMode"":""I"",""productDescription"":""iPad Air 11-inch (M4) Wi-Fi""}},""transactionId"":""53eeea83-882b-4958-a2e4-cfcd08d60af2-1785005995710""}"
True;5062871;2026-07-25 15:00:55.720000;2026-07-25 00:00:00;13401063;CREATEORDER;FNM273C42W;MH344CI/A;"{""orderDetailsResponses"":{""deviceEligibility"":{""secondaryDisplay"":""1"",""partDescription"":""AppleCare+ para iPad Air 11-inch (M4)"",""coverageDuration"":""2"",""productStatement"":""AppleCare+ para iPad Air 11-inch (M4) amplía la cobertura de servicio y soporte técnico a 2 años desde la fecha de compra de AppleCare+ e incluye cobertura para una cantidad ilimitada de incidentes por daño accidental debido a la manipulación del producto, cada uno de ellos sujeto a un cargo adicional de R$28000  por Apple Pencil / Keyboard o de R$28000  por Daños que afectan solo a la pantalla o de R$96000  por Otros daños accidentales. Lee todos los detalles en los Términos y condiciones de AppleCare+."",""deviceDateOfPurchase"":""01/07/2026"",""deviceId"":""FNM273C42W"",""registeredDevice"":""0"",""pocType"":""APOC"",""serialNumber"":""FNM273C42W"",""partNumber"":""SCV93ZX/A"",""partAlias"":""ACP"",""purchaseMode"":""I"",""productDescription"":""iPad Air 11-inch (M4) Wi-Fi""},""orderConfirmation"":{""agreementNumber"":""328089521277"",""coverageDurationStatement"":""Finaliza el 24/07/2028"",""termConditionURL"":""http://www.apple.com/legal/sales-support/"",""partNumber"":""SCV93ZX/A"",""partAlias"":""ACP"",""partType"":""AppleCare+"",""purchaseMode"":""I"",""appleCareSalesDate"":""25/07/2026"",""pocType"":""APOC"",""purchaseOrderNumber"":""13401063""}},""transactionId"":""da6e4d3e-ecfe-4a80-97d0-382cd72e47b7-1785006050848""}"
True;5008723;2026-07-25 15:07:37.100000;2026-07-25 00:00:00;3701129;VERIFYORDER;SCGFPXN7TYP;MEHG4AM/A;"{""orderDetailsResponses"":{""deviceEligibility"":{""secondaryDisplay"":""0"",""partDescription"":""AppleCare+ para Apple Watch SE (3rd gen)"",""coverageDuration"":""2"",""productStatement"":""AppleCare+ para Apple Watch SE (3rd gen) amplía la cobertura de servicio y soporte técnico a 2 años desde la fecha de compra de AppleCare+ e incluye cobertura para una cantidad ilimitada de incidentes por daño accidental debido a la manipulación del producto, cada uno de ellos sujeto a un cargo adicional de R$67000  por Otros daños accidentales. Lee todos los detalles en los Términos y condiciones de AppleCare+."",""deviceDateOfPurchase"":""25/07/2026"",""deviceId"":""SCGFPXN7TYP"",""registeredDevice"":""1"",""pocType"":""APOC"",""serialNumber"":""CGFPXN7TYP"",""partNumber"":""SXHW2ZX/A"",""partAlias"":""ACP"",""purchaseMode"":""C"",""productDescription"":""Watch SE (3rd gen, GPS) Aluminum 44MM""}},""transactionId"":""02a336c5-30fb-4a49-a759-30e296492b91-1785006456505""}"
True;5008723;2026-07-25 15:08:49.713000;2026-07-25 00:00:00;3701129;CREATEORDER;SCGFPXN7TYP;MEHG4AM/A;"{""orderDetailsResponses"":{""deviceEligibility"":{""secondaryDisplay"":""0"",""partDescription"":""AppleCare+ para Apple Watch SE (3rd gen)"",""coverageDuration"":""2"",""productStatement"":""AppleCare+ para Apple Watch SE (3rd gen) amplía la cobertura de servicio y soporte técnico a 2 años desde la fecha de compra de AppleCare+ e incluye cobertura para una cantidad ilimitada de incidentes por daño accidental debido a la manipulación del producto, cada uno de ellos sujeto a un cargo adicional de R$67000  por Otros daños accidentales. Lee todos los detalles en los Términos y condiciones de AppleCare+."",""deviceDateOfPurchase"":""25/07/2026"",""deviceId"":""SCGFPXN7TYP"",""registeredDevice"":""1"",""pocType"":""APOC"",""serialNumber"":""CGFPXN7TYP"",""partNumber"":""SXHW2ZX/A"",""partAlias"":""ACP"",""purchaseMode"":""C"",""productDescription"":""Watch SE (3rd gen, GPS) Aluminum 44MM""},""orderConfirmation"":{""agreementNumber"":""328089525190"",""coverageDurationStatement"":""Finaliza el 24/07/2028"",""termConditionURL"":""http://www.apple.com/legal/sales-support/"",""partNumber"":""SXHW2ZX/A"",""partAlias"":""ACP"",""partType"":""AppleCare+"",""purchaseMode"":""C"",""appleCareSalesDate"":""25/07/2026"",""pocType"":""APOC"",""purchaseOrderNumber"":""3701129""}},""transactionId"":""2e5ef043-0724-4504-9907-4b50e9defc73-1785006525466""}"
True;5089710;2026-07-25 15:34:59.383000;2026-07-25 00:00:00;14901133;VERIFYORDER;sh6m1wv0wvg;MFHP4AM/A;"{""orderDetailsResponses"":{""deviceEligibility"":{""secondaryDisplay"":""0"",""partDescription"":""AppleCare+ para Headphones - AirPods Pro"",""coverageDuration"":""2"",""productStatement"":""AppleCare+ para Headphones - AirPods Pro amplía la cobertura de servicio y soporte técnico a 2 años desde la fecha de compra de AppleCare+ e incluye cobertura para una cantidad ilimitada de incidentes por daño accidental debido a la manipulación del producto, cada uno de ellos sujeto a un cargo adicional de R$28000 . Lee todos los detalles en los Términos y condiciones de AppleCare+."",""deviceDateOfPurchase"":""25/07/2026"",""deviceId"":""SH6M1WV0WVG"",""registeredDevice"":""1"",""pocType"":""APOC"",""serialNumber"":""H6M1WV0WVG"",""partNumber"":""SYLW2ZX/A"",""partAlias"":""ACP"",""purchaseMode"":""C"",""productDescription"":""AirPods Pro 3""}},""transactionId"":""19d2f077-a22f-4c84-9875-ce202c3c2032-1785008098712""}"
True;5089710;2026-07-25 15:37:37.813000;2026-07-25 00:00:00;14901133;CREATEORDER;sh6m1wv0wvg;MFHP4AM/A;"{""orderDetailsResponses"":{""deviceEligibility"":{""secondaryDisplay"":""0"",""partDescription"":""AppleCare+ para Headphones - AirPods Pro"",""coverageDuration"":""2"",""productStatement"":""AppleCare+ para Headphones - AirPods Pro amplía la cobertura de servicio y soporte técnico a 2 años desde la fecha de compra de AppleCare+ e incluye cobertura para una cantidad ilimitada de incidentes por daño accidental debido a la manipulación del producto, cada uno de ellos sujeto a un cargo adicional de R$28000 . Lee todos los detalles en los Términos y condiciones de AppleCare+."",""deviceDateOfPurchase"":""25/07/2026"",""deviceId"":""SH6M1WV0WVG"",""registeredDevice"":""1"",""pocType"":""APOC"",""serialNumber"":""H6M1WV0WVG"",""partNumber"":""SYLW2ZX/A"",""partAlias"":""ACP"",""purchaseMode"":""C"",""productDescription"":""AirPods Pro 3""},""orderConfirmation"":{""agreementNumber"":""328089526253"",""coverageDurationStatement"":""Finaliza el 24/07/2028"",""termConditionURL"":""http://www.apple.com/legal/sales-support/"",""partNumber"":""SYLW2ZX/A"",""partAlias"":""ACP"",""partType"":""AppleCare+"",""purchaseMode"":""C"",""appleCareSalesDate"":""25/07/2026"",""pocType"":""APOC"",""purchaseOrderNumber"":""14901133""}},""transactionId"":""40b894c4-0a5b-4dec-86c1-62cf189ea3cf-1785008253481""}"
True;1308529;2026-07-25 15:51:42.453000;2026-07-20 00:00:00;9901115;REFUNDGUIDANCE;SFYDH7FH2LQ;SXT12ZX/A;"{""refundGuidanceResponse"":{""agreementNumber"":""328088062747"",""applecareSalesDate"":""20/07/2026"",""cancellationDate"":""25/07/2026"",""purchaseAmount"":""209990"",""refundGuidanceAmount"":""209990"",""deviceId"":""SFYDH7FH2LQ"",""serialNumber"":""FYDH7FH2LQ""},""transactionId"":""d451d04b-97b4-47b9-9176-64133217f0a1-1785009102186""}"
True;1308529;2026-07-25 15:51:42.453000;2026-07-20 00:00:00;9901115;REFUNDGUIDANCE;SFYDH7FH2LQ;SXT12ZX/A;"{""refundGuidanceResponse"":{""agreementNumber"":""328088062747"",""applecareSalesDate"":""20/07/2026"",""cancellationDate"":""25/07/2026"",""purchaseAmount"":""209990"",""refundGuidanceAmount"":""209990"",""deviceId"":""SFYDH7FH2LQ"",""serialNumber"":""FYDH7FH2LQ""},""transactionId"":""d451d04b-97b4-47b9-9176-64133217f0a1-1785009102186""}"
True;1308529;2026-07-25 15:52:36.617000;2026-07-20 00:00:00;9901115;CANCELORDER;SFYDH7FH2LQ;SXT12ZX/A;"{""cancelOrderResponse"":{""agreementNumber"":""328088062747"",""deviceId"":""SFYDH7FH2LQ"",""purchaseOrderNumber"":""9901115"",""partNumber"":""SXT12ZX/A"",""applecareSalesDate"":""20/07/2026"",""customerEmailId"":""felipeurizar@hotmail.com"",""productDescription"":""iPad Pro 13-inch (M5) Wi-Fi"",""cancellationDate"":""25/07/2026"",""serialNumber"":""FYDH7FH2LQ"",""cancellationReasonCode"":""02"",""cancellationDesc"":""Customer Remorse""},""transactionId"":""11f7bc98-0989-4d92-893c-7ac4113d1e48-1785009155723""}"
True;1308529;2026-07-25 15:52:36.617000;2026-07-20 00:00:00;9901115;CANCELORDER;SFYDH7FH2LQ;SXT12ZX/A;"{""cancelOrderResponse"":{""agreementNumber"":""328088062747"",""deviceId"":""SFYDH7FH2LQ"",""purchaseOrderNumber"":""9901115"",""partNumber"":""SXT12ZX/A"",""applecareSalesDate"":""20/07/2026"",""customerEmailId"":""felipeurizar@hotmail.com"",""productDescription"":""iPad Pro 13-inch (M5) Wi-Fi"",""cancellationDate"":""25/07/2026"",""serialNumber"":""FYDH7FH2LQ"",""cancellationReasonCode"":""02"",""cancellationDesc"":""Customer Remorse""},""transactionId"":""11f7bc98-0989-4d92-893c-7ac4113d1e48-1785009155723""}"
True;5096348;2026-07-25 16:24:08.840000;2026-07-25 00:00:00;32801073;VERIFYORDER;SGL2TWH3YJ1;MCFV4CI/A;"{""orderDetailsResponses"":{""deviceEligibility"":{""secondaryDisplay"":""1"",""partDescription"":""AppleCare+ para iPad Air 11-inch (M3)"",""coverageDuration"":""2"",""productStatement"":""AppleCare+ para iPad Air 11-inch (M3) amplía la cobertura de servicio y soporte técnico a 2 años desde la fecha de compra de AppleCare+ e incluye cobertura para una cantidad ilimitada de incidentes por daño accidental debido a la manipulación del producto, cada uno de ellos sujeto a un cargo adicional de R$96000  por Otros daños accidentales o de R$28000  por Daños que afectan solo a la pantalla o de R$28000  por Apple Pencil / Keyboard. Lee todos los detalles en los Términos y condiciones de AppleCare+."",""deviceDateOfPurchase"":""25/07/2026"",""deviceId"":""SGL2TWH3YJ1"",""registeredDevice"":""1"",""pocType"":""APOC"",""serialNumber"":""GL2TWH3YJ1"",""partNumber"":""SV072ZX/A"",""partAlias"":""ACP"",""purchaseMode"":""C"",""productDescription"":""iPad Air 11-inch (M3) Wi-Fi + Cellular""}},""transactionId"":""85f830bd-cb90-43dd-a84f-d78fb611b07f-1785011048168""}"
True;5096348;2026-07-25 16:27:33.917000;2026-07-25 00:00:00;32801073;CREATEORDER;SGL2TWH3YJ1;MCFV4CI/A;"{""orderDetailsResponses"":{""deviceEligibility"":{""secondaryDisplay"":""1"",""partDescription"":""AppleCare+ para iPad Air 11-inch (M3)"",""coverageDuration"":""2"",""productStatement"":""AppleCare+ para iPad Air 11-inch (M3) amplía la cobertura de servicio y soporte técnico a 2 años desde la fecha de compra de AppleCare+ e incluye cobertura para una cantidad ilimitada de incidentes por daño accidental debido a la manipulación del producto, cada uno de ellos sujeto a un cargo adicional de R$96000  por Otros daños accidentales o de R$28000  por Daños que afectan solo a la pantalla o de R$28000  por Apple Pencil / Keyboard. Lee todos los detalles en los Términos y condiciones de AppleCare+."",""deviceDateOfPurchase"":""25/07/2026"",""deviceId"":""SGL2TWH3YJ1"",""registeredDevice"":""1"",""pocType"":""APOC"",""serialNumber"":""GL2TWH3YJ1"",""partNumber"":""SV072ZX/A"",""partAlias"":""ACP"",""purchaseMode"":""C"",""productDescription"":""iPad Air 11-inch (M3) Wi-Fi + Cellular""},""orderConfirmation"":{""agreementNumber"":""328089524432"",""coverageDurationStatement"":""Finaliza el 24/07/2028"",""termConditionURL"":""http://www.apple.com/legal/sales-support/"",""partNumber"":""SV072ZX/A"",""partAlias"":""ACP"",""partType"":""AppleCare+"",""purchaseMode"":""C"",""appleCareSalesDate"":""25/07/2026"",""pocType"":""APOC"",""purchaseOrderNumber"":""32801073""}},""transactionId"":""dfa01820-1348-4344-8c77-c2cc75f42065-1785011249198""}"
True;5089714;2026-07-25 16:30:43.893000;2026-07-25 00:00:00;15001133;VERIFYORDER;SFLXF094KJ4;MH354CI/A;"{""orderDetailsResponses"":{""deviceEligibility"":{""secondaryDisplay"":""1"",""partDescription"":""AppleCare+ para iPad Air 11-inch (M4)"",""coverageDuration"":""2"",""productStatement"":""AppleCare+ para iPad Air 11-inch (M4) amplía la cobertura de servicio y soporte técnico a 2 años desde la fecha de compra de AppleCare+ e incluye cobertura para una cantidad ilimitada de incidentes por daño accidental debido a la manipulación del producto, cada uno de ellos sujeto a un cargo adicional de R$28000  por Apple Pencil / Keyboard o de R$28000  por Daños que afectan solo a la pantalla o de R$96000  por Otros daños accidentales. Lee todos los detalles en los Términos y condiciones de AppleCare+."",""deviceDateOfPurchase"":""25/07/2026"",""deviceId"":""SFLXF094KJ4"",""registeredDevice"":""1"",""pocType"":""APOC"",""serialNumber"":""FLXF094KJ4"",""partNumber"":""SCV93ZX/A"",""partAlias"":""ACP"",""purchaseMode"":""C"",""productDescription"":""iPad Air 11-inch (M4) Wi-Fi""}},""transactionId"":""6b6e289c-db11-4a8f-8982-67b6b243c6b5-1785011443304""}"
True;5089714;2026-07-25 16:33:28.443000;2026-07-25 00:00:00;15001133;CREATEORDER;SFLXF094KJ4;MH354CI/A;"{""orderDetailsResponses"":{""deviceEligibility"":{""secondaryDisplay"":""1"",""partDescription"":""AppleCare+ para iPad Air 11-inch (M4)"",""coverageDuration"":""2"",""productStatement"":""AppleCare+ para iPad Air 11-inch (M4) amplía la cobertura de servicio y soporte técnico a 2 años desde la fecha de compra de AppleCare+ e incluye cobertura para una cantidad ilimitada de incidentes por daño accidental debido a la manipulación del producto, cada uno de ellos sujeto a un cargo adicional de R$28000  por Apple Pencil / Keyboard o de R$28000  por Daños que afectan solo a la pantalla o de R$96000  por Otros daños accidentales. Lee todos los detalles en los Términos y condiciones de AppleCare+."",""deviceDateOfPurchase"":""25/07/2026"",""deviceId"":""SFLXF094KJ4"",""registeredDevice"":""1"",""pocType"":""APOC"",""serialNumber"":""FLXF094KJ4"",""partNumber"":""SCV93ZX/A"",""partAlias"":""ACP"",""purchaseMode"":""C"",""productDescription"":""iPad Air 11-inch (M4) Wi-Fi""},""orderConfirmation"":{""agreementNumber"":""328089527386"",""coverageDurationStatement"":""Finaliza el 24/07/2028"",""termConditionURL"":""http://www.apple.com/legal/sales-support/"",""partNumber"":""SCV93ZX/A"",""partAlias"":""ACP"",""partType"":""AppleCare+"",""purchaseMode"":""C"",""appleCareSalesDate"":""25/07/2026"",""pocType"":""APOC"",""purchaseOrderNumber"":""15001133""}},""transactionId"":""2433076d-9505-4dd8-9efe-5a1c701e7b90-1785011603684""}"
True;5075559;2026-07-25 16:46:31.017000;2026-07-25 00:00:00;48601087;VERIFYORDER;SHQ3GPC697V;MFYP4BE/A;"{""orderDetailsResponses"":{""deviceEligibility"":{""secondaryDisplay"":""0"",""partDescription"":""AppleCare+ con robo y pérdida para iPhone 17 Pro Max"",""coverageDuration"":""2"",""productStatement"":""Tu AppleCare+ con robo y pérdida para iPhone 17 Pro Max amplía la cobertura de servicio y soporte técnico a 2 años desde la fecha de compra de AppleCare+ con robo y pérdida e incluye cobertura para una cantidad ilimitada de incidentes por daño accidental debido a la manipulación del producto o un máximo de dos incidentes de robo y pérdida cada 12 meses, cada uno de ellos sujeto a un cargo adicional de R$96000  por Otros daños accidentales o de R$28000  por los daños de la pantalla o la carcasa externa o de R$144000  por robo o pérdida. Lee todos los detalles en los Términos y condiciones de AppleCare+."",""deviceDateOfPurchase"":""25/07/2026"",""deviceId"":""SHQ3GPC697V"",""registeredDevice"":""1"",""pocType"":""APOC"",""serialNumber"":""HQ3GPC697V"",""partNumber"":""SX382ZX/A"",""partAlias"":""ACPTL"",""purchaseMode"":""C"",""productDescription"":""iPhone 17 Pro Max"",""tlDisclosure"":""La cobertura de robo y pérdida requiere que tengas la función Buscar habilitada en tu dispositivo antes de que se pierda o te lo roben. Durante el proceso de reclamación, te pediremos que uses la función Buscar para poner el dispositivo perdido o robado en modo Perdido, borrarlo y transferir la propiedad a Apple para que podamos asignarte un nuevo dispositivo. Para asegurarte de que puedas iniciar sesión en Buscar y acceder a esta función, es importante que recuerdes tu ID de Apple y contraseña, y que mantengas la información de tu cuenta actualizada. Si usas la autenticación de doble factor para el ID de Apple, te recomendamos que añadas un número de teléfono adicional de confianza a tu cuenta en el que puedas recibir el código de verificación de 6 dígitos que necesitas para iniciar sesión aunque no tengas tu iPhone. Para obtener más información, visita las páginas de Soporte técnico de Apple.""}},""transactionId"":""767697cc-6814-4483-ad29-c166aba6039e-1785012390452""}"
True;5089715;2026-07-25 16:47:13.580000;2026-07-25 00:00:00;15101133;VERIFYORDER;SMYJ9750MH7;MG6J4BE/A;"{""orderDetailsResponses"":{""deviceEligibility"":{""secondaryDisplay"":""0"",""partDescription"":""AppleCare+ con robo y pérdida para iPhone 17"",""coverageDuration"":""2"",""productStatement"":""Tu AppleCare+ con robo y pérdida para iPhone 17 amplía la cobertura de servicio y soporte técnico a 2 años desde la fecha de compra de AppleCare+ con robo y pérdida e incluye cobertura para una cantidad ilimitada de incidentes por daño accidental debido a la manipulación del producto o un máximo de dos incidentes de robo y pérdida cada 12 meses, cada uno de ellos sujeto a un cargo adicional de R$96000  por Otros daños accidentales o de R$28000  por los daños de la pantalla o la carcasa externa o de R$144000  por robo o pérdida. Lee todos los detalles en los Términos y condiciones de AppleCare+."",""deviceDateOfPurchase"":""25/07/2026"",""deviceId"":""SMYJ9750MH7"",""registeredDevice"":""1"",""pocType"":""APOC"",""serialNumber"":""MYJ9750MH7"",""partNumber"":""SX2V2ZX/A"",""partAlias"":""ACPTL"",""purchaseMode"":""C"",""productDescription"":""iPhone 17"",""tlDisclosure"":""La cobertura de robo y pérdida requiere que tengas la función Buscar habilitada en tu dispositivo antes de que se pierda o te lo roben. Durante el proceso de reclamación, te pediremos que uses la función Buscar para poner el dispositivo perdido o robado en modo Perdido, borrarlo y transferir la propiedad a Apple para que podamos asignarte un nuevo dispositivo. Para asegurarte de que puedas iniciar sesión en Buscar y acceder a esta función, es importante que recuerdes tu ID de Apple y contraseña, y que mantengas la información de tu cuenta actualizada. Si usas la autenticación de doble factor para el ID de Apple, te recomendamos que añadas un número de teléfono adicional de confianza a tu cuenta en el que puedas recibir el código de verificación de 6 dígitos que necesitas para iniciar sesión aunque no tengas tu iPhone. Para obtener más información, visita las páginas de Soporte técnico de Apple.""}},""transactionId"":""5d205533-0335-4c41-b017-5ebfb31704ce-1785012433002""}"
True;5082359;2026-07-25 16:48:41.540000;2026-07-25 00:00:00;15701127;VERIFYORDER;sh9mf6wlr9y;MG8G4BE/a;"{""orderDetailsResponses"":{""deviceEligibility"":{""secondaryDisplay"":""0"",""partDescription"":""AppleCare+ con robo y pérdida para iPhone 17 Pro"",""coverageDuration"":""2"",""productStatement"":""Tu AppleCare+ con robo y pérdida para iPhone 17 Pro amplía la cobertura de servicio y soporte técnico a 2 años desde la fecha de compra de AppleCare+ con robo y pérdida e incluye cobertura para una cantidad ilimitada de incidentes por daño accidental debido a la manipulación del producto o un máximo de dos incidentes de robo y pérdida cada 12 meses, cada uno de ellos sujeto a un cargo adicional de R$96000  por Otros daños accidentales o de R$28000  por los daños de la pantalla o la carcasa externa o de R$144000  por robo o pérdida. Lee todos los detalles en los Términos y condiciones de AppleCare+."",""deviceDateOfPurchase"":""25/07/2026"",""deviceId"":""SH9MF6WLR9Y"",""registeredDevice"":""1"",""pocType"":""APOC"",""serialNumber"":""H9MF6WLR9Y"",""partNumber"":""SX342ZX/A"",""partAlias"":""ACPTL"",""purchaseMode"":""C"",""productDescription"":""iPhone 17 Pro"",""tlDisclosure"":""La cobertura de robo y pérdida requiere que tengas la función Buscar habilitada en tu dispositivo antes de que se pierda o te lo roben. Durante el proceso de reclamación, te pediremos que uses la función Buscar para poner el dispositivo perdido o robado en modo Perdido, borrarlo y transferir la propiedad a Apple para que podamos asignarte un nuevo dispositivo. Para asegurarte de que puedas iniciar sesión en Buscar y acceder a esta función, es importante que recuerdes tu ID de Apple y contraseña, y que mantengas la información de tu cuenta actualizada. Si usas la autenticación de doble factor para el ID de Apple, te recomendamos que añadas un número de teléfono adicional de confianza a tu cuenta en el que puedas recibir el código de verificación de 6 dígitos que necesitas para iniciar sesión aunque no tengas tu iPhone. Para obtener más información, visita las páginas de Soporte técnico de Apple.""}},""transactionId"":""371b544d-fb68-470d-8661-4d0029b5179b-1785012520977""}"
True;5082359;2026-07-25 16:50:34.897000;2026-07-25 00:00:00;15701127;CREATEORDER;sh9mf6wlr9y;MG8G4BE/a;"{""orderDetailsResponses"":{""deviceEligibility"":{""secondaryDisplay"":""0"",""partDescription"":""AppleCare+ con robo y pérdida para iPhone 17 Pro"",""coverageDuration"":""2"",""productStatement"":""Tu AppleCare+ con robo y pérdida para iPhone 17 Pro amplía la cobertura de servicio y soporte técnico a 2 años desde la fecha de compra de AppleCare+ con robo y pérdida e incluye cobertura para una cantidad ilimitada de incidentes por daño accidental debido a la manipulación del producto o un máximo de dos incidentes de robo y pérdida cada 12 meses, cada uno de ellos sujeto a un cargo adicional de R$96000  por Otros daños accidentales o de R$28000  por los daños de la pantalla o la carcasa externa o de R$144000  por robo o pérdida. Lee todos los detalles en los Términos y condiciones de AppleCare+."",""deviceDateOfPurchase"":""25/07/2026"",""deviceId"":""SH9MF6WLR9Y"",""registeredDevice"":""1"",""pocType"":""APOC"",""serialNumber"":""H9MF6WLR9Y"",""partNumber"":""SX342ZX/A"",""partAlias"":""ACPTL"",""purchaseMode"":""C"",""productDescription"":""iPhone 17 Pro"",""tlDisclosure"":""La cobertura de robo y pérdida requiere que tengas la función Buscar habilitada en tu dispositivo antes de que se pierda o te lo roben. Durante el proceso de reclamación, te pediremos que uses la función Buscar para poner el dispositivo perdido o robado en modo Perdido, borrarlo y transferir la propiedad a Apple para que podamos asignarte un nuevo dispositivo. Para asegurarte de que puedas iniciar sesión en Buscar y acceder a esta función, es importante que recuerdes tu ID de Apple y contraseña, y que mantengas la información de tu cuenta actualizada. Si usas la autenticación de doble factor para el ID de Apple, te recomendamos que añadas un número de teléfono adicional de confianza a tu cuenta en el que puedas recibir el código de verificación de 6 dígitos que necesitas para iniciar sesión aunque no tengas tu iPhone. Para obtener más información, visita las páginas de Soporte técnico de Apple.""},""orderConfirmation"":{""agreementNumber"":""328089520580"",""coverageDurationStatement"":""Finaliza el 24/07/2028"",""termConditionURL"":""http://www.apple.com/legal/sales-support/"",""partNumber"":""SX342ZX/A"",""partAlias"":""ACPTL"",""partType"":""AC+TL"",""purchaseMode"":""C"",""appleCareSalesDate"":""25/07/2026"",""pocType"":""APOC"",""purchaseOrderNumber"":""15701127""}},""transactionId"":""106fc573-a247-4473-86da-b00ef5be25f8-1785012630371""}"
True;5089715;2026-07-25 16:51:03.637000;2026-07-25 00:00:00;15101133;CREATEORDER;SMYJ9750MH7;MG6J4BE/A;"{""orderDetailsResponses"":{""deviceEligibility"":{""secondaryDisplay"":""0"",""partDescription"":""AppleCare+ con robo y pérdida para iPhone 17"",""coverageDuration"":""2"",""productStatement"":""Tu AppleCare+ con robo y pérdida para iPhone 17 amplía la cobertura de servicio y soporte técnico a 2 años desde la fecha de compra de AppleCare+ con robo y pérdida e incluye cobertura para una cantidad ilimitada de incidentes por daño accidental debido a la manipulación del producto o un máximo de dos incidentes de robo y pérdida cada 12 meses, cada uno de ellos sujeto a un cargo adicional de R$96000  por Otros daños accidentales o de R$28000  por los daños de la pantalla o la carcasa externa o de R$144000  por robo o pérdida. Lee todos los detalles en los Términos y condiciones de AppleCare+."",""deviceDateOfPurchase"":""25/07/2026"",""deviceId"":""SMYJ9750MH7"",""registeredDevice"":""1"",""pocType"":""APOC"",""serialNumber"":""MYJ9750MH7"",""partNumber"":""SX2V2ZX/A"",""partAlias"":""ACPTL"",""purchaseMode"":""C"",""productDescription"":""iPhone 17"",""tlDisclosure"":""La cobertura de robo y pérdida requiere que tengas la función Buscar habilitada en tu dispositivo antes de que se pierda o te lo roben. Durante el proceso de reclamación, te pediremos que uses la función Buscar para poner el dispositivo perdido o robado en modo Perdido, borrarlo y transferir la propiedad a Apple para que podamos asignarte un nuevo dispositivo. Para asegurarte de que puedas iniciar sesión en Buscar y acceder a esta función, es importante que recuerdes tu ID de Apple y contraseña, y que mantengas la información de tu cuenta actualizada. Si usas la autenticación de doble factor para el ID de Apple, te recomendamos que añadas un número de teléfono adicional de confianza a tu cuenta en el que puedas recibir el código de verificación de 6 dígitos que necesitas para iniciar sesión aunque no tengas tu iPhone. Para obtener más información, visita las páginas de Soporte técnico de Apple.""},""orderConfirmation"":{""agreementNumber"":""328089521549"",""coverageDurationStatement"":""Finaliza el 24/07/2028"",""termConditionURL"":""http://www.apple.com/legal/sales-support/"",""partNumber"":""SX2V2ZX/A"",""partAlias"":""ACPTL"",""partType"":""AC+TL"",""purchaseMode"":""C"",""appleCareSalesDate"":""25/07/2026"",""pocType"":""APOC"",""purchaseOrderNumber"":""15101133""}},""transactionId"":""875d35cd-68c6-485f-9cba-56be824bffaa-1785012658586""}"
True;5071070;2026-07-25 16:51:31.730000;2026-07-25 00:00:00;44301104;VERIFYORDER;SHJHW749G5W;MEUX4AM/A;"{""orderDetailsResponses"":{""deviceEligibility"":{""secondaryDisplay"":""0"",""partDescription"":""AppleCare+ para Apple Watch Series 11"",""coverageDuration"":""2"",""productStatement"":""AppleCare+ para Apple Watch Series 11 amplía la cobertura de servicio y soporte técnico a 2 años desde la fecha de compra de AppleCare+ e incluye cobertura para una cantidad ilimitada de incidentes por daño accidental debido a la manipulación del producto, cada uno de ellos sujeto a un cargo adicional de R$67000  por Otros daños accidentales. Lee todos los detalles en los Términos y condiciones de AppleCare+."",""deviceDateOfPurchase"":""25/07/2026"",""deviceId"":""SHJHW749G5W"",""registeredDevice"":""1"",""pocType"":""APOC"",""serialNumber"":""HJHW749G5W"",""partNumber"":""SXCJ2ZX/A"",""partAlias"":""ACP"",""purchaseMode"":""C"",""productDescription"":""Watch Series 11 (GPS) Aluminum 46MM""}},""transactionId"":""d3ccae6a-8dc5-43b8-b891-c01b81d376ae-1785012691184""}"
True;5075559;2026-07-25 16:51:58.350000;2026-07-25 00:00:00;48601087;CREATEORDER;SHQ3GPC697V;MFYP4BE/A;"{""orderDetailsResponses"":{""deviceEligibility"":{""secondaryDisplay"":""0"",""partDescription"":""AppleCare+ con robo y pérdida para iPhone 17 Pro Max"",""coverageDuration"":""2"",""productStatement"":""Tu AppleCare+ con robo y pérdida para iPhone 17 Pro Max amplía la cobertura de servicio y soporte técnico a 2 años desde la fecha de compra de AppleCare+ con robo y pérdida e incluye cobertura para una cantidad ilimitada de incidentes por daño accidental debido a la manipulación del producto o un máximo de dos incidentes de robo y pérdida cada 12 meses, cada uno de ellos sujeto a un cargo adicional de R$96000  por Otros daños accidentales o de R$28000  por los daños de la pantalla o la carcasa externa o de R$144000  por robo o pérdida. Lee todos los detalles en los Términos y condiciones de AppleCare+."",""deviceDateOfPurchase"":""25/07/2026"",""deviceId"":""SHQ3GPC697V"",""registeredDevice"":""1"",""pocType"":""APOC"",""serialNumber"":""HQ3GPC697V"",""partNumber"":""SX382ZX/A"",""partAlias"":""ACPTL"",""purchaseMode"":""C"",""productDescription"":""iPhone 17 Pro Max"",""tlDisclosure"":""La cobertura de robo y pérdida requiere que tengas la función Buscar habilitada en tu dispositivo antes de que se pierda o te lo roben. Durante el proceso de reclamación, te pediremos que uses la función Buscar para poner el dispositivo perdido o robado en modo Perdido, borrarlo y transferir la propiedad a Apple para que podamos asignarte un nuevo dispositivo. Para asegurarte de que puedas iniciar sesión en Buscar y acceder a esta función, es importante que recuerdes tu ID de Apple y contraseña, y que mantengas la información de tu cuenta actualizada. Si usas la autenticación de doble factor para el ID de Apple, te recomendamos que añadas un número de teléfono adicional de confianza a tu cuenta en el que puedas recibir el código de verificación de 6 dígitos que necesitas para iniciar sesión aunque no tengas tu iPhone. Para obtener más información, visita las páginas de Soporte técnico de Apple.""},""orderConfirmation"":{""agreementNumber"":""328089521551"",""coverageDurationStatement"":""Finaliza el 24/07/2028"",""termConditionURL"":""http://www.apple.com/legal/sales-support/"",""partNumber"":""SX382ZX/A"",""partAlias"":""ACPTL"",""partType"":""AC+TL"",""purchaseMode"":""C"",""appleCareSalesDate"":""25/07/2026"",""pocType"":""APOC"",""purchaseOrderNumber"":""48601087""}},""transactionId"":""5bacaa4a-c8d6-43fb-b242-ee78be3cba26-1785012713547""}"
True;5089716;2026-07-25 16:52:00.280000;2026-07-25 00:00:00;15201133;VERIFYORDER;SF2YWQTFJ7D;MG6J4BE/A;"{""orderDetailsResponses"":{""deviceEligibility"":{""secondaryDisplay"":""0"",""partDescription"":""AppleCare+ con robo y pérdida para iPhone 17"",""coverageDuration"":""2"",""productStatement"":""Tu AppleCare+ con robo y pérdida para iPhone 17 amplía la cobertura de servicio y soporte técnico a 2 años desde la fecha de compra de AppleCare+ con robo y pérdida e incluye cobertura para una cantidad ilimitada de incidentes por daño accidental debido a la manipulación del producto o un máximo de dos incidentes de robo y pérdida cada 12 meses, cada uno de ellos sujeto a un cargo adicional de R$96000  por Otros daños accidentales o de R$28000  por los daños de la pantalla o la carcasa externa o de R$144000  por robo o pérdida. Lee todos los detalles en los Términos y condiciones de AppleCare+."",""deviceDateOfPurchase"":""25/07/2026"",""deviceId"":""SF2YWQTFJ7D"",""registeredDevice"":""1"",""pocType"":""APOC"",""serialNumber"":""F2YWQTFJ7D"",""partNumber"":""SX2V2ZX/A"",""partAlias"":""ACPTL"",""purchaseMode"":""C"",""productDescription"":""iPhone 17"",""tlDisclosure"":""La cobertura de robo y pérdida requiere que tengas la función Buscar habilitada en tu dispositivo antes de que se pierda o te lo roben. Durante el proceso de reclamación, te pediremos que uses la función Buscar para poner el dispositivo perdido o robado en modo Perdido, borrarlo y transferir la propiedad a Apple para que podamos asignarte un nuevo dispositivo. Para asegurarte de que puedas iniciar sesión en Buscar y acceder a esta función, es importante que recuerdes tu ID de Apple y contraseña, y que mantengas la información de tu cuenta actualizada. Si usas la autenticación de doble factor para el ID de Apple, te recomendamos que añadas un número de teléfono adicional de confianza a tu cuenta en el que puedas recibir el código de verificación de 6 dígitos que necesitas para iniciar sesión aunque no tengas tu iPhone. Para obtener más información, visita las páginas de Soporte técnico de Apple.""}},""transactionId"":""6c146919-ad26-42df-b4d9-b69ef7720e56-1785012719677""}"
True;5071070;2026-07-25 16:52:43.307000;2026-07-25 00:00:00;44301104;VERIFYORDER;SL9LT041N25;MEU04AM/A;"{""orderDetailsResponses"":{""deviceEligibility"":{""secondaryDisplay"":""0"",""partDescription"":""AppleCare+ para Apple Watch Series 11"",""coverageDuration"":""2"",""productStatement"":""AppleCare+ para Apple Watch Series 11 amplía la cobertura de servicio y soporte técnico a 2 años desde la fecha de compra de AppleCare+ e incluye cobertura para una cantidad ilimitada de incidentes por daño accidental debido a la manipulación del producto, cada uno de ellos sujeto a un cargo adicional de R$67000  por Otros daños accidentales. Lee todos los detalles en los Términos y condiciones de AppleCare+."",""deviceDateOfPurchase"":""25/07/2026"",""deviceId"":""SL9LT041N25"",""registeredDevice"":""1"",""pocType"":""APOC"",""serialNumber"":""L9LT041N25"",""partNumber"":""SXCJ2ZX/A"",""partAlias"":""ACP"",""purchaseMode"":""C"",""productDescription"":""Watch Series 11 (GPS) Aluminum 42MM""}},""transactionId"":""3eaae37a-9895-4c31-a1e3-831c938a3eda-1785012762686""}"
True;5075560;2026-07-25 16:53:03.627000;2026-07-25 00:00:00;48701087;VERIFYORDER;SLJJD4T7HGX;MFYN4BE/A;"{""orderDetailsResponses"":{""deviceEligibility"":{""secondaryDisplay"":""0"",""partDescription"":""AppleCare+ con robo y pérdida para iPhone 17 Pro Max"",""coverageDuration"":""2"",""productStatement"":""Tu AppleCare+ con robo y pérdida para iPhone 17 Pro Max amplía la cobertura de servicio y soporte técnico a 2 años desde la fecha de compra de AppleCare+ con robo y pérdida e incluye cobertura para una cantidad ilimitada de incidentes por daño accidental debido a la manipulación del producto o un máximo de dos incidentes de robo y pérdida cada 12 meses, cada uno de ellos sujeto a un cargo adicional de R$96000  por Otros daños accidentales o de R$28000  por los daños de la pantalla o la carcasa externa o de R$144000  por robo o pérdida. Lee todos los detalles en los Términos y condiciones de AppleCare+."",""deviceDateOfPurchase"":""25/07/2026"",""deviceId"":""SLJJD4T7HGX"",""registeredDevice"":""1"",""pocType"":""APOC"",""serialNumber"":""LJJD4T7HGX"",""partNumber"":""SX382ZX/A"",""partAlias"":""ACPTL"",""purchaseMode"":""C"",""productDescription"":""iPhone 17 Pro Max"",""tlDisclosure"":""La cobertura de robo y pérdida requiere que tengas la función Buscar habilitada en tu dispositivo antes de que se pierda o te lo roben. Durante el proceso de reclamación, te pediremos que uses la función Buscar para poner el dispositivo perdido o robado en modo Perdido, borrarlo y transferir la propiedad a Apple para que podamos asignarte un nuevo dispositivo. Para asegurarte de que puedas iniciar sesión en Buscar y acceder a esta función, es importante que recuerdes tu ID de Apple y contraseña, y que mantengas la información de tu cuenta actualizada. Si usas la autenticación de doble factor para el ID de Apple, te recomendamos que añadas un número de teléfono adicional de confianza a tu cuenta en el que puedas recibir el código de verificación de 6 dígitos que necesitas para iniciar sesión aunque no tengas tu iPhone. Para obtener más información, visita las páginas de Soporte técnico de Apple.""}},""transactionId"":""9983fb9e-b787-4367-b1af-84032c78cc98-1785012783012""}"
True;5071070;2026-07-25 16:54:00.227000;2026-07-25 00:00:00;44301104;CREATEORDER;SHJHW749G5W;MEUX4AM/A;"{""orderDetailsResponses"":{""deviceEligibility"":{""secondaryDisplay"":""0"",""partDescription"":""AppleCare+ para Apple Watch Series 11"",""coverageDuration"":""2"",""productStatement"":""AppleCare+ para Apple Watch Series 11 amplía la cobertura de servicio y soporte técnico a 2 años desde la fecha de compra de AppleCare+ e incluye cobertura para una cantidad ilimitada de incidentes por daño accidental debido a la manipulación del producto, cada uno de ellos sujeto a un cargo adicional de R$67000  por Otros daños accidentales. Lee todos los detalles en los Términos y condiciones de AppleCare+."",""deviceDateOfPurchase"":""25/07/2026"",""deviceId"":""SHJHW749G5W"",""registeredDevice"":""1"",""pocType"":""APOC"",""serialNumber"":""HJHW749G5W"",""partNumber"":""SXCJ2ZX/A"",""partAlias"":""ACP"",""purchaseMode"":""C"",""productDescription"":""Watch Series 11 (GPS) Aluminum 46MM""},""orderConfirmation"":{""agreementNumber"":""328089523557"",""coverageDurationStatement"":""Finaliza el 24/07/2028"",""termConditionURL"":""http://www.apple.com/legal/sales-support/"",""partNumber"":""SXCJ2ZX/A"",""partAlias"":""ACP"",""partType"":""AppleCare+"",""purchaseMode"":""C"",""appleCareSalesDate"":""25/07/2026"",""pocType"":""APOC"",""purchaseOrderNumber"":""44301104""}},""transactionId"":""e89cf92f-80df-4022-8988-40ba791b62d2-1785012835750""}"
True;1312963;2026-07-25 16:54:00.447000;2026-07-25 00:00:00;10601114;VERIFYORDER;sk1q6xthr4l;MD4A4CI/A;"{""orderDetailsResponses"":{""deviceEligibility"":{""secondaryDisplay"":""1"",""partDescription"":""AppleCare+ para iPad (A16)"",""coverageDuration"":""2"",""productStatement"":""AppleCare+ para iPad (A16) amplía la cobertura de servicio y soporte técnico a 2 años desde la fecha de compra de AppleCare+ e incluye cobertura para una cantidad ilimitada de incidentes por daño accidental debido a la manipulación del producto, cada uno de ellos sujeto a un cargo adicional de R$96000  por Otros daños accidentales o de R$28000  por Daños que afectan solo a la pantalla o de R$28000  por Apple Pencil / Keyboard. Lee todos los detalles en los Términos y condiciones de AppleCare+."",""deviceDateOfPurchase"":""25/07/2026"",""deviceId"":""SK1Q6XTHR4L"",""registeredDevice"":""1"",""pocType"":""APOC"",""serialNumber"":""K1Q6XTHR4L"",""partNumber"":""SUYD2ZX/A"",""partAlias"":""ACP"",""purchaseMode"":""C"",""productDescription"":""iPad (A16) Wi-Fi""}},""transactionId"":""d176cc2c-0840-4dc4-b865-dd4d772d4c55-1785012839814""}"
True;5071070;2026-07-25 16:54:05.513000;2026-07-25 00:00:00;44301104;CREATEORDER;SL9LT041N25;MEU04AM/A;"{""orderDetailsResponses"":{""deviceEligibility"":{""secondaryDisplay"":""0"",""partDescription"":""AppleCare+ para Apple Watch Series 11"",""coverageDuration"":""2"",""productStatement"":""AppleCare+ para Apple Watch Series 11 amplía la cobertura de servicio y soporte técnico a 2 años desde la fecha de compra de AppleCare+ e incluye cobertura para una cantidad ilimitada de incidentes por daño accidental debido a la manipulación del producto, cada uno de ellos sujeto a un cargo adicional de R$67000  por Otros daños accidentales. Lee todos los detalles en los Términos y condiciones de AppleCare+."",""deviceDateOfPurchase"":""25/07/2026"",""deviceId"":""SL9LT041N25"",""registeredDevice"":""1"",""pocType"":""APOC"",""serialNumber"":""L9LT041N25"",""partNumber"":""SXCJ2ZX/A"",""partAlias"":""ACP"",""purchaseMode"":""C"",""productDescription"":""Watch Series 11 (GPS) Aluminum 42MM""},""orderConfirmation"":{""agreementNumber"":""328089529371"",""coverageDurationStatement"":""Finaliza el 24/07/2028"",""termConditionURL"":""http://www.apple.com/legal/sales-support/"",""partNumber"":""SXCJ2ZX/A"",""partAlias"":""ACP"",""partType"":""AppleCare+"",""purchaseMode"":""C"",""appleCareSalesDate"":""25/07/2026"",""pocType"":""APOC"",""purchaseOrderNumber"":""44301104""}},""transactionId"":""aa511eaa-d305-41da-983b-ca33ef5186af-1785012840707""}"
True;5086933;2026-07-25 16:55:01.133000;2026-07-25 00:00:00;56901084;VERIFYORDER;SGK9WYJR29M;MHWN4BE/A;"{""orderDetailsResponses"":{""deviceEligibility"":{""secondaryDisplay"":""0"",""partDescription"":""AppleCare+ para AirPods Max"",""coverageDuration"":""2"",""productStatement"":""AppleCare+ para AirPods Max amplía la cobertura de servicio y soporte técnico a 2 años desde la fecha de compra de AppleCare+ e incluye cobertura para una cantidad ilimitada de incidentes por daño accidental debido a la manipulación del producto, cada uno de ellos sujeto a un cargo adicional de CLP28000 . Lee todos los detalles en los Términos y condiciones de AppleCare+."",""deviceDateOfPurchase"":""25/07/2026"",""deviceId"":""SGK9WYJR29M"",""registeredDevice"":""1"",""pocType"":""APOC"",""serialNumber"":""GK9WYJR29M"",""partNumber"":""S9086ZX/A"",""partAlias"":""ACP"",""purchaseMode"":""C"",""productDescription"":""AirPods Max 2""}},""transactionId"":""241c20de-6a94-4367-a817-c4d1eb63a3dd-1785012900444""}"
True;1312963;2026-07-25 16:55:10.743000;2026-07-25 00:00:00;10601114;CREATEORDER;sk1q6xthr4l;MD4A4CI/A;"{""orderDetailsResponses"":{""deviceEligibility"":{""secondaryDisplay"":""1"",""partDescription"":""AppleCare+ para iPad (A16)"",""coverageDuration"":""2"",""productStatement"":""AppleCare+ para iPad (A16) amplía la cobertura de servicio y soporte técnico a 2 años desde la fecha de compra de AppleCare+ e incluye cobertura para una cantidad ilimitada de incidentes por daño accidental debido a la manipulación del producto, cada uno de ellos sujeto a un cargo adicional de R$96000  por Otros daños accidentales o de R$28000  por Daños que afectan solo a la pantalla o de R$28000  por Apple Pencil / Keyboard. Lee todos los detalles en los Términos y condiciones de AppleCare+."",""deviceDateOfPurchase"":""25/07/2026"",""deviceId"":""SK1Q6XTHR4L"",""registeredDevice"":""1"",""pocType"":""APOC"",""serialNumber"":""K1Q6XTHR4L"",""partNumber"":""SUYD2ZX/A"",""partAlias"":""ACP"",""purchaseMode"":""C"",""productDescription"":""iPad (A16) Wi-Fi""},""orderConfirmation"":{""agreementNumber"":""328089525459"",""coverageDurationStatement"":""Finaliza el 24/07/2028"",""termConditionURL"":""http://www.apple.com/legal/sales-support/"",""partNumber"":""SUYD2ZX/A"",""partAlias"":""ACP"",""partType"":""AppleCare+"",""purchaseMode"":""C"",""appleCareSalesDate"":""25/07/2026"",""pocType"":""APOC"",""purchaseOrderNumber"":""10601114""}},""transactionId"":""f166ebab-58c9-454b-879f-a2b55c1e2a55-1785012906258""}"
True;5089716;2026-07-25 16:55:21.387000;2026-07-25 00:00:00;15201133;CREATEORDER;SF2YWQTFJ7D;MG6J4BE/A;"{""orderDetailsResponses"":{""deviceEligibility"":{""secondaryDisplay"":""0"",""partDescription"":""AppleCare+ con robo y pérdida para iPhone 17"",""coverageDuration"":""2"",""productStatement"":""Tu AppleCare+ con robo y pérdida para iPhone 17 amplía la cobertura de servicio y soporte técnico a 2 años desde la fecha de compra de AppleCare+ con robo y pérdida e incluye cobertura para una cantidad ilimitada de incidentes por daño accidental debido a la manipulación del producto o un máximo de dos incidentes de robo y pérdida cada 12 meses, cada uno de ellos sujeto a un cargo adicional de R$96000  por Otros daños accidentales o de R$28000  por los daños de la pantalla o la carcasa externa o de R$144000  por robo o pérdida. Lee todos los detalles en los Términos y condiciones de AppleCare+."",""deviceDateOfPurchase"":""25/07/2026"",""deviceId"":""SF2YWQTFJ7D"",""registeredDevice"":""1"",""pocType"":""APOC"",""serialNumber"":""F2YWQTFJ7D"",""partNumber"":""SX2V2ZX/A"",""partAlias"":""ACPTL"",""purchaseMode"":""C"",""productDescription"":""iPhone 17"",""tlDisclosure"":""La cobertura de robo y pérdida requiere que tengas la función Buscar habilitada en tu dispositivo antes de que se pierda o te lo roben. Durante el proceso de reclamación, te pediremos que uses la función Buscar para poner el dispositivo perdido o robado en modo Perdido, borrarlo y transferir la propiedad a Apple para que podamos asignarte un nuevo dispositivo. Para asegurarte de que puedas iniciar sesión en Buscar y acceder a esta función, es importante que recuerdes tu ID de Apple y contraseña, y que mantengas la información de tu cuenta actualizada. Si usas la autenticación de doble factor para el ID de Apple, te recomendamos que añadas un número de teléfono adicional de confianza a tu cuenta en el que puedas recibir el código de verificación de 6 dígitos que necesitas para iniciar sesión aunque no tengas tu iPhone. Para obtener más información, visita las páginas de Soporte técnico de Apple.""},""orderConfirmation"":{""agreementNumber"":""328089527445"",""coverageDurationStatement"":""Finaliza el 24/07/2028"",""termConditionURL"":""http://www.apple.com/legal/sales-support/"",""partNumber"":""SX2V2ZX/A"",""partAlias"":""ACPTL"",""partType"":""AC+TL"",""purchaseMode"":""C"",""appleCareSalesDate"":""25/07/2026"",""pocType"":""APOC"",""purchaseOrderNumber"":""15201133""}},""transactionId"":""f13cbf04-0e2c-4fba-b313-671d5fe8d861-1785012916786""}"
True;5075560;2026-07-25 16:56:18.390000;2026-07-25 00:00:00;48701087;CREATEORDER;SLJJD4T7HGX;MFYN4BE/A;"{""orderDetailsResponses"":{""deviceEligibility"":{""secondaryDisplay"":""0"",""partDescription"":""AppleCare+ con robo y pérdida para iPhone 17 Pro Max"",""coverageDuration"":""2"",""productStatement"":""Tu AppleCare+ con robo y pérdida para iPhone 17 Pro Max amplía la cobertura de servicio y soporte técnico a 2 años desde la fecha de compra de AppleCare+ con robo y pérdida e incluye cobertura para una cantidad ilimitada de incidentes por daño accidental debido a la manipulación del producto o un máximo de dos incidentes de robo y pérdida cada 12 meses, cada uno de ellos sujeto a un cargo adicional de R$96000  por Otros daños accidentales o de R$28000  por los daños de la pantalla o la carcasa externa o de R$144000  por robo o pérdida. Lee todos los detalles en los Términos y condiciones de AppleCare+."",""deviceDateOfPurchase"":""25/07/2026"",""deviceId"":""SLJJD4T7HGX"",""registeredDevice"":""1"",""pocType"":""APOC"",""serialNumber"":""LJJD4T7HGX"",""partNumber"":""SX382ZX/A"",""partAlias"":""ACPTL"",""purchaseMode"":""C"",""productDescription"":""iPhone 17 Pro Max"",""tlDisclosure"":""La cobertura de robo y pérdida requiere que tengas la función Buscar habilitada en tu dispositivo antes de que se pierda o te lo roben. Durante el proceso de reclamación, te pediremos que uses la función Buscar para poner el dispositivo perdido o robado en modo Perdido, borrarlo y transferir la propiedad a Apple para que podamos asignarte un nuevo dispositivo. Para asegurarte de que puedas iniciar sesión en Buscar y acceder a esta función, es importante que recuerdes tu ID de Apple y contraseña, y que mantengas la información de tu cuenta actualizada. Si usas la autenticación de doble factor para el ID de Apple, te recomendamos que añadas un número de teléfono adicional de confianza a tu cuenta en el que puedas recibir el código de verificación de 6 dígitos que necesitas para iniciar sesión aunque no tengas tu iPhone. Para obtener más información, visita las páginas de Soporte técnico de Apple.""},""orderConfirmation"":{""agreementNumber"":""328089526447"",""coverageDurationStatement"":""Finaliza el 24/07/2028"",""termConditionURL"":""http://www.apple.com/legal/sales-support/"",""partNumber"":""SX382ZX/A"",""partAlias"":""ACPTL"",""partType"":""AC+TL"",""purchaseMode"":""C"",""appleCareSalesDate"":""25/07/2026"",""pocType"":""APOC"",""purchaseOrderNumber"":""48701087""}},""transactionId"":""cfad25f8-c75c-47e7-9327-e02058fb10ab-1785012973843""}"
True;5086933;2026-07-25 16:56:20.470000;2026-07-25 00:00:00;56901084;CREATEORDER;SGK9WYJR29M;MHWN4BE/A;"{""orderDetailsResponses"":{""deviceEligibility"":{""secondaryDisplay"":""0"",""partDescription"":""AppleCare+ para AirPods Max"",""coverageDuration"":""2"",""productStatement"":""AppleCare+ para AirPods Max amplía la cobertura de servicio y soporte técnico a 2 años desde la fecha de compra de AppleCare+ e incluye cobertura para una cantidad ilimitada de incidentes por daño accidental debido a la manipulación del producto, cada uno de ellos sujeto a un cargo adicional de CLP28000 . Lee todos los detalles en los Términos y condiciones de AppleCare+."",""deviceDateOfPurchase"":""25/07/2026"",""deviceId"":""SGK9WYJR29M"",""registeredDevice"":""1"",""pocType"":""APOC"",""serialNumber"":""GK9WYJR29M"",""partNumber"":""S9086ZX/A"",""partAlias"":""ACP"",""purchaseMode"":""C"",""productDescription"":""AirPods Max 2""},""orderConfirmation"":{""agreementNumber"":""328089521560"",""coverageDurationStatement"":""Finaliza el 24/07/2028"",""termConditionURL"":""http://www.apple.com/legal/sales-support/"",""partNumber"":""S9086ZX/A"",""partAlias"":""ACP"",""partType"":""AppleCare+"",""purchaseMode"":""C"",""appleCareSalesDate"":""25/07/2026"",""pocType"":""APOC"",""purchaseOrderNumber"":""56901084""}},""transactionId"":""2e0d0123-49cd-49bc-86e7-94f71ffa37a3-1785012975769""}"
True;5091364;2026-07-25 16:57:39.603000;2026-07-25 00:00:00;14201065;VERIFYORDER;sd34lx46yc5;MCJ44CI/A;"{""orderDetailsResponses"":{""deviceEligibility"":{""secondaryDisplay"":""1"",""partDescription"":""AppleCare+ para iPad Air 13-inch (M3)"",""coverageDuration"":""2"",""productStatement"":""AppleCare+ para iPad Air 13-inch (M3) amplía la cobertura de servicio y soporte técnico a 2 años desde la fecha de compra de AppleCare+ e incluye cobertura para una cantidad ilimitada de incidentes por daño accidental debido a la manipulación del producto, cada uno de ellos sujeto a un cargo adicional de R$28000  por Daños que afectan solo a la pantalla o de R$28000  por Apple Pencil / Keyboard o de R$96000  por Otros daños accidentales. Lee todos los detalles en los Términos y condiciones de AppleCare+."",""deviceDateOfPurchase"":""25/07/2026"",""deviceId"":""SD34LX46YC5"",""registeredDevice"":""1"",""pocType"":""APOC"",""serialNumber"":""D34LX46YC5"",""partNumber"":""SV172ZX/A"",""partAlias"":""ACP"",""purchaseMode"":""C"",""productDescription"":""iPad Air 13-inch (M3) Wi-Fi + Cellular""}},""transactionId"":""d86b9ebe-4a00-4cde-ac85-0b61f3389a49-1785013058999""}"
True;5086934;2026-07-25 16:58:11.047000;2026-07-25 00:00:00;57001084;VERIFYORDER;SCYMH6XWPQH;MHWK4BE/A;"{""orderDetailsResponses"":{""deviceEligibility"":{""secondaryDisplay"":""0"",""partDescription"":""AppleCare+ para AirPods Max"",""coverageDuration"":""2"",""productStatement"":""AppleCare+ para AirPods Max amplía la cobertura de servicio y soporte técnico a 2 años desde la fecha de compra de AppleCare+ e incluye cobertura para una cantidad ilimitada de incidentes por daño accidental debido a la manipulación del producto, cada uno de ellos sujeto a un cargo adicional de CLP28000 . Lee todos los detalles en los Términos y condiciones de AppleCare+."",""deviceDateOfPurchase"":""25/07/2026"",""deviceId"":""SCYMH6XWPQH"",""registeredDevice"":""1"",""pocType"":""APOC"",""serialNumber"":""CYMH6XWPQH"",""partNumber"":""S9086ZX/A"",""partAlias"":""ACP"",""purchaseMode"":""C"",""productDescription"":""AirPods Max 2""}},""transactionId"":""8ecd6e99-8398-4909-9e15-fd5baf228580-1785013090448""}"
True;5084049;2026-07-25 16:59:12.557000;2026-07-25 00:00:00;73201098;VERIFYORDER;SH207KW7NP3;MD4H4CI/A;"{""orderDetailsResponses"":{""deviceEligibility"":{""secondaryDisplay"":""1"",""partDescription"":""AppleCare+ para iPad (A16)"",""coverageDuration"":""2"",""productStatement"":""AppleCare+ para iPad (A16) amplía la cobertura de servicio y soporte técnico a 2 años desde la fecha de compra de AppleCare+ e incluye cobertura para una cantidad ilimitada de incidentes por daño accidental debido a la manipulación del producto, cada uno de ellos sujeto a un cargo adicional de R$96000  por Otros daños accidentales o de R$28000  por Daños que afectan solo a la pantalla o de R$28000  por Apple Pencil / Keyboard. Lee todos los detalles en los Términos y condiciones de AppleCare+."",""deviceDateOfPurchase"":""25/07/2026"",""deviceId"":""SH207KW7NP3"",""registeredDevice"":""1"",""pocType"":""APOC"",""serialNumber"":""H207KW7NP3"",""partNumber"":""SUYD2ZX/A"",""partAlias"":""ACP"",""purchaseMode"":""C"",""productDescription"":""iPad (A16) Wi-Fi""}},""transactionId"":""f00e41f1-d021-4fb5-ad42-5c78a48ab2a0-1785013152001""}"
True;5086934;2026-07-25 16:59:16.993000;2026-07-25 00:00:00;57001084;CREATEORDER;SCYMH6XWPQH;MHWK4BE/A;"{""orderDetailsResponses"":{""deviceEligibility"":{""secondaryDisplay"":""0"",""partDescription"":""AppleCare+ para AirPods Max"",""coverageDuration"":""2"",""productStatement"":""AppleCare+ para AirPods Max amplía la cobertura de servicio y soporte técnico a 2 años desde la fecha de compra de AppleCare+ e incluye cobertura para una cantidad ilimitada de incidentes por daño accidental debido a la manipulación del producto, cada uno de ellos sujeto a un cargo adicional de CLP28000 . Lee todos los detalles en los Términos y condiciones de AppleCare+."",""deviceDateOfPurchase"":""25/07/2026"",""deviceId"":""SCYMH6XWPQH"",""registeredDevice"":""1"",""pocType"":""APOC"",""serialNumber"":""CYMH6XWPQH"",""partNumber"":""S9086ZX/A"",""partAlias"":""ACP"",""purchaseMode"":""C"",""productDescription"":""AirPods Max 2""},""orderConfirmation"":{""agreementNumber"":""328089527460"",""coverageDurationStatement"":""Finaliza el 24/07/2028"",""termConditionURL"":""http://www.apple.com/legal/sales-support/"",""partNumber"":""S9086ZX/A"",""partAlias"":""ACP"",""partType"":""AppleCare+"",""purchaseMode"":""C"",""appleCareSalesDate"":""25/07/2026"",""pocType"":""APOC"",""purchaseOrderNumber"":""57001084""}},""transactionId"":""fc576d05-8703-4cad-8967-d7cc6b4e232b-1785013152704""}"
True;5091364;2026-07-25 17:00:04.860000;2026-07-25 00:00:00;14201065;CREATEORDER;sd34lx46yc5;MCJ44CI/A;"{""orderDetailsResponses"":{""deviceEligibility"":{""secondaryDisplay"":""1"",""partDescription"":""AppleCare+ para iPad Air 13-inch (M3)"",""coverageDuration"":""2"",""productStatement"":""AppleCare+ para iPad Air 13-inch (M3) amplía la cobertura de servicio y soporte técnico a 2 años desde la fecha de compra de AppleCare+ e incluye cobertura para una cantidad ilimitada de incidentes por daño accidental debido a la manipulación del producto, cada uno de ellos sujeto a un cargo adicional de R$28000  por Daños que afectan solo a la pantalla o de R$28000  por Apple Pencil / Keyboard o de R$96000  por Otros daños accidentales. Lee todos los detalles en los Términos y condiciones de AppleCare+."",""deviceDateOfPurchase"":""25/07/2026"",""deviceId"":""SD34LX46YC5"",""registeredDevice"":""1"",""pocType"":""APOC"",""serialNumber"":""D34LX46YC5"",""partNumber"":""SV172ZX/A"",""partAlias"":""ACP"",""purchaseMode"":""C"",""productDescription"":""iPad Air 13-inch (M3) Wi-Fi + Cellular""},""orderConfirmation"":{""agreementNumber"":""328089523575"",""coverageDurationStatement"":""Finaliza el 24/07/2028"",""termConditionURL"":""http://www.apple.com/legal/sales-support/"",""partNumber"":""SV172ZX/A"",""partAlias"":""ACP"",""partType"":""AppleCare+"",""purchaseMode"":""C"",""appleCareSalesDate"":""25/07/2026"",""pocType"":""APOC"",""purchaseOrderNumber"":""14201065""}},""transactionId"":""0f9863af-d254-4bb5-a8e4-a52664d9e69b-1785013199605""}"
True;5084049;2026-07-25 17:01:27.703000;2026-07-25 00:00:00;73201098;CREATEORDER;SH207KW7NP3;MD4H4CI/A;"{""orderDetailsResponses"":{""deviceEligibility"":{""secondaryDisplay"":""1"",""partDescription"":""AppleCare+ para iPad (A16)"",""coverageDuration"":""2"",""productStatement"":""AppleCare+ para iPad (A16) amplía la cobertura de servicio y soporte técnico a 2 años desde la fecha de compra de AppleCare+ e incluye cobertura para una cantidad ilimitada de incidentes por daño accidental debido a la manipulación del producto, cada uno de ellos sujeto a un cargo adicional de R$96000  por Otros daños accidentales o de R$28000  por Daños que afectan solo a la pantalla o de R$28000  por Apple Pencil / Keyboard. Lee todos los detalles en los Términos y condiciones de AppleCare+."",""deviceDateOfPurchase"":""25/07/2026"",""deviceId"":""SH207KW7NP3"",""registeredDevice"":""1"",""pocType"":""APOC"",""serialNumber"":""H207KW7NP3"",""partNumber"":""SUYD2ZX/A"",""partAlias"":""ACP"",""purchaseMode"":""C"",""productDescription"":""iPad (A16) Wi-Fi""},""orderConfirmation"":{""agreementNumber"":""328089525476"",""coverageDurationStatement"":""Finaliza el 24/07/2028"",""termConditionURL"":""http://www.apple.com/legal/sales-support/"",""partNumber"":""SUYD2ZX/A"",""partAlias"":""ACP"",""partType"":""AppleCare+"",""purchaseMode"":""C"",""appleCareSalesDate"":""25/07/2026"",""pocType"":""APOC"",""purchaseOrderNumber"":""73201098""}},""transactionId"":""978fa2a3-1d82-4925-88e1-18702faba43d-1785013283141""}"
True;1316449;2026-07-25 17:03:54.173000;2026-07-25 00:00:00;48801087;VERIFYORDER;SHWXWLHQ76L;MFHP4AM/A;"{""orderDetailsResponses"":{""deviceEligibility"":{""secondaryDisplay"":""0"",""partDescription"":""AppleCare+ para Headphones - AirPods Pro"",""coverageDuration"":""2"",""productStatement"":""AppleCare+ para Headphones - AirPods Pro amplía la cobertura de servicio y soporte técnico a 2 años desde la fecha de compra de AppleCare+ e incluye cobertura para una cantidad ilimitada de incidentes por daño accidental debido a la manipulación del producto, cada uno de ellos sujeto a un cargo adicional de R$28000 . Lee todos los detalles en los Términos y condiciones de AppleCare+."",""deviceDateOfPurchase"":""25/07/2026"",""deviceId"":""SHWXWLHQ76L"",""registeredDevice"":""1"",""pocType"":""APOC"",""serialNumber"":""HWXWLHQ76L"",""partNumber"":""SYLW2ZX/A"",""partAlias"":""ACP"",""purchaseMode"":""C"",""productDescription"":""AirPods Pro 3""}},""transactionId"":""b758d7b1-4778-4898-8495-51b0aaacba81-1785013433647""}"
True;1316449;2026-07-25 17:04:53.610000;2026-07-25 00:00:00;48801087;CREATEORDER;SHWXWLHQ76L;MFHP4AM/A;"{""orderDetailsResponses"":{""deviceEligibility"":{""secondaryDisplay"":""0"",""partDescription"":""AppleCare+ para Headphones - AirPods Pro"",""coverageDuration"":""2"",""productStatement"":""AppleCare+ para Headphones - AirPods Pro amplía la cobertura de servicio y soporte técnico a 2 años desde la fecha de compra de AppleCare+ e incluye cobertura para una cantidad ilimitada de incidentes por daño accidental debido a la manipulación del producto, cada uno de ellos sujeto a un cargo adicional de R$28000 . Lee todos los detalles en los Términos y condiciones de AppleCare+."",""deviceDateOfPurchase"":""25/07/2026"",""deviceId"":""SHWXWLHQ76L"",""registeredDevice"":""1"",""pocType"":""APOC"",""serialNumber"":""HWXWLHQ76L"",""partNumber"":""SYLW2ZX/A"",""partAlias"":""ACP"",""purchaseMode"":""C"",""productDescription"":""AirPods Pro 3""},""orderConfirmation"":{""agreementNumber"":""328089523590"",""coverageDurationStatement"":""Finaliza el 24/07/2028"",""termConditionURL"":""http://www.apple.com/legal/sales-support/"",""partNumber"":""SYLW2ZX/A"",""partAlias"":""ACP"",""partType"":""AppleCare+"",""purchaseMode"":""C"",""appleCareSalesDate"":""25/07/2026"",""pocType"":""APOC"",""purchaseOrderNumber"":""48801087""}},""transactionId"":""1bf31960-0af4-4a80-903b-dc8359cae7dc-1785013489229""}"
True;1297406;2026-07-25 17:24:50.600000;2026-07-25 00:00:00;17101032;VERIFYORDER;SGN0GT96XRW;MJ3D4CI/A;"{""orderDetailsResponses"":{""deviceEligibility"":{""secondaryDisplay"":""1"",""partDescription"":""AppleCare+ para 14-inch MacBook Pro (M5)"",""coverageDuration"":""3"",""productStatement"":""AppleCare+ para 14-inch MacBook Pro (M5) amplía la cobertura de servicio y soporte técnico a 3 años desde la fecha de compra de AppleCare+ e incluye cobertura para una cantidad ilimitada de incidentes por daño accidental debido a la manipulación del producto, cada uno de ellos sujeto a un cargo adicional de R$289000  por Otros daños accidentales o de R$96000  por daños en la pantalla o la carcasa externa. Lee todos los detalles en los Términos y condiciones de AppleCare+."",""deviceDateOfPurchase"":""25/07/2026"",""deviceId"":""SGN0GT96XRW"",""registeredDevice"":""1"",""pocType"":""APOC"",""serialNumber"":""GN0GT96XRW"",""partNumber"":""SXKH2ZX/A"",""partAlias"":""ACP"",""purchaseMode"":""C"",""productDescription"":""MacBook Pro (14-inch, M5)""}},""transactionId"":""48ce78e3-a5e2-4b28-91f7-190a9007bd54-1785014689914""}"
True;1297406;2026-07-25 17:28:19.783000;2026-07-25 00:00:00;17101032;CREATEORDER;SGN0GT96XRW;MJ3D4CI/A;"{""orderDetailsResponses"":{""deviceEligibility"":{""secondaryDisplay"":""1"",""partDescription"":""AppleCare+ para 14-inch MacBook Pro (M5)"",""coverageDuration"":""3"",""productStatement"":""AppleCare+ para 14-inch MacBook Pro (M5) amplía la cobertura de servicio y soporte técnico a 3 años desde la fecha de compra de AppleCare+ e incluye cobertura para una cantidad ilimitada de incidentes por daño accidental debido a la manipulación del producto, cada uno de ellos sujeto a un cargo adicional de R$289000  por Otros daños accidentales o de R$96000  por daños en la pantalla o la carcasa externa. Lee todos los detalles en los Términos y condiciones de AppleCare+."",""deviceDateOfPurchase"":""25/07/2026"",""deviceId"":""SGN0GT96XRW"",""registeredDevice"":""1"",""pocType"":""APOC"",""serialNumber"":""GN0GT96XRW"",""partNumber"":""SXKH2ZX/A"",""partAlias"":""ACP"",""purchaseMode"":""C"",""productDescription"":""MacBook Pro (14-inch, M5)""},""orderConfirmation"":{""agreementNumber"":""328089520672"",""coverageDurationStatement"":""Finaliza el 24/07/2029"",""termConditionURL"":""http://www.apple.com/legal/sales-support/"",""partNumber"":""SXKH2ZX/A"",""partAlias"":""ACP"",""partType"":""AppleCare+"",""purchaseMode"":""C"",""appleCareSalesDate"":""25/07/2026"",""pocType"":""APOC"",""purchaseOrderNumber"":""17101032""}},""transactionId"":""7b29d6d4-d4fd-4281-826f-d006fb79d7ff-1785014896991""}"
True;5089721;2026-07-25 17:54:08.987000;2026-07-25 00:00:00;15401133;VERIFYORDER;SKVDQWVJJN1;MG8K4BE/A;"{""orderDetailsResponses"":{""deviceEligibility"":{""secondaryDisplay"":""0"",""partDescription"":""AppleCare+ con robo y pérdida para iPhone 17 Pro"",""coverageDuration"":""2"",""productStatement"":""Tu AppleCare+ con robo y pérdida para iPhone 17 Pro amplía la cobertura de servicio y soporte técnico a 2 años desde la fecha de compra de AppleCare+ con robo y pérdida e incluye cobertura para una cantidad ilimitada de incidentes por daño accidental debido a la manipulación del producto o un máximo de dos incidentes de robo y pérdida cada 12 meses, cada uno de ellos sujeto a un cargo adicional de R$96000  por Otros daños accidentales o de R$28000  por los daños de la pantalla o la carcasa externa o de R$144000  por robo o pérdida. Lee todos los detalles en los Términos y condiciones de AppleCare+."",""deviceDateOfPurchase"":""25/07/2026"",""deviceId"":""SKVDQWVJJN1"",""registeredDevice"":""1"",""pocType"":""APOC"",""serialNumber"":""KVDQWVJJN1"",""partNumber"":""SX342ZX/A"",""partAlias"":""ACPTL"",""purchaseMode"":""C"",""productDescription"":""iPhone 17 Pro"",""tlDisclosure"":""La cobertura de robo y pérdida requiere que tengas la función Buscar habilitada en tu dispositivo antes de que se pierda o te lo roben. Durante el proceso de reclamación, te pediremos que uses la función Buscar para poner el dispositivo perdido o robado en modo Perdido, borrarlo y transferir la propiedad a Apple para que podamos asignarte un nuevo dispositivo. Para asegurarte de que puedas iniciar sesión en Buscar y acceder a esta función, es importante que recuerdes tu ID de Apple y contraseña, y que mantengas la información de tu cuenta actualizada. Si usas la autenticación de doble factor para el ID de Apple, te recomendamos que añadas un número de teléfono adicional de confianza a tu cuenta en el que puedas recibir el código de verificación de 6 dígitos que necesitas para iniciar sesión aunque no tengas tu iPhone. Para obtener más información, visita las páginas de Soporte técnico de Apple.""}},""transactionId"":""ad09cc0b-d218-4c17-aeff-afe9b48bbf64-1785016448351""}"
True;5089721;2026-07-25 17:57:40.390000;2026-07-25 00:00:00;15401133;CREATEORDER;SKVDQWVJJN1;MG8K4BE/A;"{""orderDetailsResponses"":{""deviceEligibility"":{""secondaryDisplay"":""0"",""partDescription"":""AppleCare+ con robo y pérdida para iPhone 17 Pro"",""coverageDuration"":""2"",""productStatement"":""Tu AppleCare+ con robo y pérdida para iPhone 17 Pro amplía la cobertura de servicio y soporte técnico a 2 años desde la fecha de compra de AppleCare+ con robo y pérdida e incluye cobertura para una cantidad ilimitada de incidentes por daño accidental debido a la manipulación del producto o un máximo de dos incidentes de robo y pérdida cada 12 meses, cada uno de ellos sujeto a un cargo adicional de R$96000  por Otros daños accidentales o de R$28000  por los daños de la pantalla o la carcasa externa o de R$144000  por robo o pérdida. Lee todos los detalles en los Términos y condiciones de AppleCare+."",""deviceDateOfPurchase"":""25/07/2026"",""deviceId"":""SKVDQWVJJN1"",""registeredDevice"":""1"",""pocType"":""APOC"",""serialNumber"":""KVDQWVJJN1"",""partNumber"":""SX342ZX/A"",""partAlias"":""ACPTL"",""purchaseMode"":""C"",""productDescription"":""iPhone 17 Pro"",""tlDisclosure"":""La cobertura de robo y pérdida requiere que tengas la función Buscar habilitada en tu dispositivo antes de que se pierda o te lo roben. Durante el proceso de reclamación, te pediremos que uses la función Buscar para poner el dispositivo perdido o robado en modo Perdido, borrarlo y transferir la propiedad a Apple para que podamos asignarte un nuevo dispositivo. Para asegurarte de que puedas iniciar sesión en Buscar y acceder a esta función, es importante que recuerdes tu ID de Apple y contraseña, y que mantengas la información de tu cuenta actualizada. Si usas la autenticación de doble factor para el ID de Apple, te recomendamos que añadas un número de teléfono adicional de confianza a tu cuenta en el que puedas recibir el código de verificación de 6 dígitos que necesitas para iniciar sesión aunque no tengas tu iPhone. Para obtener más información, visita las páginas de Soporte técnico de Apple.""},""orderConfirmation"":{""agreementNumber"":""328089525689"",""coverageDurationStatement"":""Finaliza el 24/07/2028"",""termConditionURL"":""http://www.apple.com/legal/sales-support/"",""partNumber"":""SX342ZX/A"",""partAlias"":""ACPTL"",""partType"":""AC+TL"",""purchaseMode"":""C"",""appleCareSalesDate"":""25/07/2026"",""pocType"":""APOC"",""purchaseOrderNumber"":""15401133""}},""transactionId"":""94e4cfe9-5bb3-4661-aa93-0fd8ff39a80c-1785016656081""}"
True;1317536;2026-07-25 18:01:59.097000;2026-07-25 00:00:00;73301098;VERIFYORDER;SKDC723H9NM;MCFV4CI/A;"{""orderDetailsResponses"":{""deviceEligibility"":{""secondaryDisplay"":""1"",""partDescription"":""AppleCare+ para iPad Air 11-inch (M3)"",""coverageDuration"":""2"",""productStatement"":""AppleCare+ para iPad Air 11-inch (M3) amplía la cobertura de servicio y soporte técnico a 2 años desde la fecha de compra de AppleCare+ e incluye cobertura para una cantidad ilimitada de incidentes por daño accidental debido a la manipulación del producto, cada uno de ellos sujeto a un cargo adicional de R$96000  por Otros daños accidentales o de R$28000  por Daños que afectan solo a la pantalla o de R$28000  por Apple Pencil / Keyboard. Lee todos los detalles en los Términos y condiciones de AppleCare+."",""deviceDateOfPurchase"":""25/07/2026"",""deviceId"":""SKDC723H9NM"",""registeredDevice"":""1"",""pocType"":""APOC"",""serialNumber"":""KDC723H9NM"",""partNumber"":""SV072ZX/A"",""partAlias"":""ACP"",""purchaseMode"":""C"",""productDescription"":""iPad Air 11-inch (M3) Wi-Fi + Cellular""}},""transactionId"":""bd1649d9-4167-4d17-883c-0dfcc7eb347e-1785016918349""}"
True;1317536;2026-07-25 18:03:18.760000;2026-07-25 00:00:00;73301098;CREATEORDER;SKDC723H9NM;MCFV4CI/A;"{""orderDetailsResponses"":{""deviceEligibility"":{""secondaryDisplay"":""1"",""partDescription"":""AppleCare+ para iPad Air 11-inch (M3)"",""coverageDuration"":""2"",""productStatement"":""AppleCare+ para iPad Air 11-inch (M3) amplía la cobertura de servicio y soporte técnico a 2 años desde la fecha de compra de AppleCare+ e incluye cobertura para una cantidad ilimitada de incidentes por daño accidental debido a la manipulación del producto, cada uno de ellos sujeto a un cargo adicional de R$96000  por Otros daños accidentales o de R$28000  por Daños que afectan solo a la pantalla o de R$28000  por Apple Pencil / Keyboard. Lee todos los detalles en los Términos y condiciones de AppleCare+."",""deviceDateOfPurchase"":""25/07/2026"",""deviceId"":""SKDC723H9NM"",""registeredDevice"":""1"",""pocType"":""APOC"",""serialNumber"":""KDC723H9NM"",""partNumber"":""SV072ZX/A"",""partAlias"":""ACP"",""purchaseMode"":""C"",""productDescription"":""iPad Air 11-inch (M3) Wi-Fi + Cellular""},""orderConfirmation"":{""agreementNumber"":""328089522845"",""coverageDurationStatement"":""Finaliza el 24/07/2028"",""termConditionURL"":""http://www.apple.com/legal/sales-support/"",""partNumber"":""SV072ZX/A"",""partAlias"":""ACP"",""partType"":""AppleCare+"",""purchaseMode"":""C"",""appleCareSalesDate"":""25/07/2026"",""pocType"":""APOC"",""purchaseOrderNumber"":""73301098""}},""transactionId"":""e1ccbed3-8e89-4bbe-9375-96d9d8f8566a-1785016994322""}"
True;5093089;2026-07-25 18:04:34.200000;2026-07-25 00:00:00;701132;VERIFYORDER;SGN0QPLJWRR;MHFJ4CI/A;"{""orderDetailsResponses"":{""deviceEligibility"":{""secondaryDisplay"":""0"",""partDescription"":""AppleCare+ para 13-inch MacBook Neo (A18PRO)"",""coverageDuration"":""3"",""productStatement"":""AppleCare+ para 13-inch MacBook Neo (A18PRO) amplía la cobertura de servicio y soporte técnico a 3 años desde la fecha de compra de AppleCare+ e incluye cobertura para una cantidad ilimitada de incidentes por daño accidental debido a la manipulación del producto, cada uno de ellos sujeto a un cargo adicional de R$51990  por daños en la pantalla o la carcasa externa o de R$156990  por Otros daños accidentales. Lee todos los detalles en los Términos y condiciones de AppleCare+."",""deviceDateOfPurchase"":""25/07/2026"",""deviceId"":""SGN0QPLJWRR"",""registeredDevice"":""1"",""pocType"":""APOC"",""serialNumber"":""GN0QPLJWRR"",""partNumber"":""SD0T3ZX/A"",""partAlias"":""ACP"",""purchaseMode"":""C"",""productDescription"":""MacBook Neo""}},""transactionId"":""ea6fc6c2-912f-4079-8875-00ac9328973e-1785017073565""}"
True;1318993;2026-07-25 18:06:23.253000;2026-07-25 00:00:00;11001037;VERIFYORDER;SC692LX9T25;MXP63AM/A;"{""orderDetailsResponses"":{""deviceEligibility"":{""secondaryDisplay"":""0"",""partDescription"":""AppleCare+ para AirPods"",""coverageDuration"":""2"",""productStatement"":""AppleCare+ para AirPods amplía la cobertura de servicio y soporte técnico a 2 años desde la fecha de compra de AppleCare+ e incluye cobertura para una cantidad ilimitada de incidentes por daño accidental debido a la manipulación del producto, cada uno de ellos sujeto a un cargo adicional de CLP28000 . Lee todos los detalles en los Términos y condiciones de AppleCare+."",""deviceDateOfPurchase"":""25/07/2026"",""deviceId"":""SC692LX9T25"",""registeredDevice"":""1"",""pocType"":""APOC"",""serialNumber"":""C692LX9T25"",""partNumber"":""S9066ZX/A"",""partAlias"":""ACP"",""purchaseMode"":""C"",""productDescription"":""AirPods 4""}},""transactionId"":""796d1d4f-16d2-419b-8c82-53b6c02b64b8-1785017182719""}"
True;1317537;2026-07-25 18:08:12.010000;2026-07-25 00:00:00;73401098;VERIFYORDER;sc0hnwfjw17;MWUC3Z1E21T;"{""orderDetailsResponses"":{""deviceEligibility"":{""secondaryDisplay"":""1"",""partDescription"":""AppleCare+ para iMac (M4)"",""coverageDuration"":""3"",""productStatement"":""AppleCare+ para iMac (M4) amplía la cobertura de servicio y soporte técnico a 3 años desde la fecha de compra de AppleCare+ e incluye cobertura para una cantidad ilimitada de incidentes por daño accidental debido a la manipulación del producto, cada uno de ellos sujeto a un cargo adicional de R$96000  por daños en la pantalla o la carcasa externa o de R$289000  por Otros daños accidentales. Lee todos los detalles en los Términos y condiciones de AppleCare+."",""deviceDateOfPurchase"":""25/07/2026"",""deviceId"":""SC0HNWFJW17"",""registeredDevice"":""1"",""pocType"":""APOC"",""serialNumber"":""C0HNWFJW17"",""partNumber"":""SR1A2ZX/A"",""partAlias"":""ACP"",""purchaseMode"":""C"",""productDescription"":""iMac (24-inch,2024, Two ports)""}},""transactionId"":""c978668b-d7c3-4a9f-8d70-ae0ed9478a57-1785017291501""}"
True;5093089;2026-07-25 18:08:14.323000;2026-07-25 00:00:00;701132;CREATEORDER;SGN0QPLJWRR;MHFJ4CI/A;"{""orderDetailsResponses"":{""deviceEligibility"":{""secondaryDisplay"":""0"",""partDescription"":""AppleCare+ para 13-inch MacBook Neo (A18PRO)"",""coverageDuration"":""3"",""productStatement"":""AppleCare+ para 13-inch MacBook Neo (A18PRO) amplía la cobertura de servicio y soporte técnico a 3 años desde la fecha de compra de AppleCare+ e incluye cobertura para una cantidad ilimitada de incidentes por daño accidental debido a la manipulación del producto, cada uno de ellos sujeto a un cargo adicional de R$51990  por daños en la pantalla o la carcasa externa o de R$156990  por Otros daños accidentales. Lee todos los detalles en los Términos y condiciones de AppleCare+."",""deviceDateOfPurchase"":""25/07/2026"",""deviceId"":""SGN0QPLJWRR"",""registeredDevice"":""1"",""pocType"":""APOC"",""serialNumber"":""GN0QPLJWRR"",""partNumber"":""SD0T3ZX/A"",""partAlias"":""ACP"",""purchaseMode"":""C"",""productDescription"":""MacBook Neo""},""orderConfirmation"":{""agreementNumber"":""328089529716"",""coverageDurationStatement"":""Finaliza el 24/07/2029"",""termConditionURL"":""http://www.apple.com/legal/sales-support/"",""partNumber"":""SD0T3ZX/A"",""partAlias"":""ACP"",""partType"":""AppleCare+"",""purchaseMode"":""C"",""appleCareSalesDate"":""25/07/2026"",""pocType"":""APOC"",""purchaseOrderNumber"":""701132""}},""transactionId"":""8038c18f-9352-4212-813f-6687c09b9850-1785017289723""}"
True;1318993;2026-07-25 18:10:19.850000;2026-07-25 00:00:00;11001037;CREATEORDER;SC692LX9T25;MXP63AM/A;"{""orderDetailsResponses"":{""deviceEligibility"":{""secondaryDisplay"":""0"",""partDescription"":""AppleCare+ para AirPods"",""coverageDuration"":""2"",""productStatement"":""AppleCare+ para AirPods amplía la cobertura de servicio y soporte técnico a 2 años desde la fecha de compra de AppleCare+ e incluye cobertura para una cantidad ilimitada de incidentes por daño accidental debido a la manipulación del producto, cada uno de ellos sujeto a un cargo adicional de CLP28000 . Lee todos los detalles en los Términos y condiciones de AppleCare+."",""deviceDateOfPurchase"":""25/07/2026"",""deviceId"":""SC692LX9T25"",""registeredDevice"":""1"",""pocType"":""APOC"",""serialNumber"":""C692LX9T25"",""partNumber"":""S9066ZX/A"",""partAlias"":""ACP"",""purchaseMode"":""C"",""productDescription"":""AirPods 4""},""orderConfirmation"":{""agreementNumber"":""328089527824"",""coverageDurationStatement"":""Finaliza el 24/07/2028"",""termConditionURL"":""http://www.apple.com/legal/sales-support/"",""partNumber"":""S9066ZX/A"",""partAlias"":""ACP"",""partType"":""AppleCare+"",""purchaseMode"":""C"",""appleCareSalesDate"":""25/07/2026"",""pocType"":""APOC"",""purchaseOrderNumber"":""11001037""}},""transactionId"":""14a6f2e6-e56a-4249-ba67-ab43715a3489-1785017415495""}"
True;1317537;2026-07-25 18:11:19.080000;2026-07-25 00:00:00;73401098;CREATEORDER;sc0hnwfjw17;MWUC3Z1E21T;"{""orderDetailsResponses"":{""deviceEligibility"":{""secondaryDisplay"":""1"",""partDescription"":""AppleCare+ para iMac (M4)"",""coverageDuration"":""3"",""productStatement"":""AppleCare+ para iMac (M4) amplía la cobertura de servicio y soporte técnico a 3 años desde la fecha de compra de AppleCare+ e incluye cobertura para una cantidad ilimitada de incidentes por daño accidental debido a la manipulación del producto, cada uno de ellos sujeto a un cargo adicional de R$96000  por daños en la pantalla o la carcasa externa o de R$289000  por Otros daños accidentales. Lee todos los detalles en los Términos y condiciones de AppleCare+."",""deviceDateOfPurchase"":""25/07/2026"",""deviceId"":""SC0HNWFJW17"",""registeredDevice"":""1"",""pocType"":""APOC"",""serialNumber"":""C0HNWFJW17"",""partNumber"":""SR1A2ZX/A"",""partAlias"":""ACP"",""purchaseMode"":""C"",""productDescription"":""iMac (24-inch,2024, Two ports)""},""orderConfirmation"":{""agreementNumber"":""328089523990"",""coverageDurationStatement"":""Finaliza el 24/07/2029"",""termConditionURL"":""http://www.apple.com/legal/sales-support/"",""partNumber"":""SR1A2ZX/A"",""partAlias"":""ACP"",""partType"":""AppleCare+"",""purchaseMode"":""C"",""appleCareSalesDate"":""25/07/2026"",""pocType"":""APOC"",""purchaseOrderNumber"":""73401098""}},""transactionId"":""2fdd8fa7-0ff9-4a7b-a10c-48e38ee71b93-1785017476294""}"
True;1318018;2026-07-25 18:35:33.473000;2026-07-25 00:00:00;19801116;VERIFYORDER;SDQ9YCYV063;MD4E4CI/A;"{""orderDetailsResponses"":{""deviceEligibility"":{""secondaryDisplay"":""1"",""partDescription"":""AppleCare+ para iPad (A16)"",""coverageDuration"":""2"",""productStatement"":""AppleCare+ para iPad (A16) amplía la cobertura de servicio y soporte técnico a 2 años desde la fecha de compra de AppleCare+ e incluye cobertura para una cantidad ilimitada de incidentes por daño accidental debido a la manipulación del producto, cada uno de ellos sujeto a un cargo adicional de R$96000  por Otros daños accidentales o de R$28000  por Daños que afectan solo a la pantalla o de R$28000  por Apple Pencil / Keyboard. Lee todos los detalles en los Términos y condiciones de AppleCare+."",""deviceDateOfPurchase"":""25/07/2026"",""deviceId"":""SDQ9YCYV063"",""registeredDevice"":""1"",""pocType"":""APOC"",""serialNumber"":""DQ9YCYV063"",""partNumber"":""SUYD2ZX/A"",""partAlias"":""ACP"",""purchaseMode"":""C"",""productDescription"":""iPad (A16) Wi-Fi""}},""transactionId"":""77036552-33a7-45cb-a6af-e59ca8f12e56-1785018932601""}"
True;1318018;2026-07-25 18:38:19.313000;2026-07-25 00:00:00;19801116;CREATEORDER;SDQ9YCYV063;MD4E4CI/A;"{""orderDetailsResponses"":{""deviceEligibility"":{""secondaryDisplay"":""1"",""partDescription"":""AppleCare+ para iPad (A16)"",""coverageDuration"":""2"",""productStatement"":""AppleCare+ para iPad (A16) amplía la cobertura de servicio y soporte técnico a 2 años desde la fecha de compra de AppleCare+ e incluye cobertura para una cantidad ilimitada de incidentes por daño accidental debido a la manipulación del producto, cada uno de ellos sujeto a un cargo adicional de R$96000  por Otros daños accidentales o de R$28000  por Daños que afectan solo a la pantalla o de R$28000  por Apple Pencil / Keyboard. Lee todos los detalles en los Términos y condiciones de AppleCare+."",""deviceDateOfPurchase"":""25/07/2026"",""deviceId"":""SDQ9YCYV063"",""registeredDevice"":""1"",""pocType"":""APOC"",""serialNumber"":""DQ9YCYV063"",""partNumber"":""SUYD2ZX/A"",""partAlias"":""ACP"",""purchaseMode"":""C"",""productDescription"":""iPad (A16) Wi-Fi""},""orderConfirmation"":{""agreementNumber"":""328089547045"",""coverageDurationStatement"":""Finaliza el 24/07/2028"",""termConditionURL"":""http://www.apple.com/legal/sales-support/"",""partNumber"":""SUYD2ZX/A"",""partAlias"":""ACP"",""partType"":""AppleCare+"",""purchaseMode"":""C"",""appleCareSalesDate"":""25/07/2026"",""pocType"":""APOC"",""purchaseOrderNumber"":""19801116""}},""transactionId"":""8d8b2d93-5bd2-4f94-b00d-c66e009589d0-1785019095084""}"
True;1314555;2026-07-25 19:02:52.343000;2026-07-25 00:00:00;55501117;VERIFYORDER;sg22ncc9jqq;MFYM4BE/A;"{""orderDetailsResponses"":{""deviceEligibility"":{""secondaryDisplay"":""0"",""partDescription"":""AppleCare+ con robo y pérdida para iPhone 17 Pro Max"",""coverageDuration"":""2"",""productStatement"":""Tu AppleCare+ con robo y pérdida para iPhone 17 Pro Max amplía la cobertura de servicio y soporte técnico a 2 años desde la fecha de compra de AppleCare+ con robo y pérdida e incluye cobertura para una cantidad ilimitada de incidentes por daño accidental debido a la manipulación del producto o un máximo de dos incidentes de robo y pérdida cada 12 meses, cada uno de ellos sujeto a un cargo adicional de R$96000  por Otros daños accidentales o de R$28000  por los daños de la pantalla o la carcasa externa o de R$144000  por robo o pérdida. Lee todos los detalles en los Términos y condiciones de AppleCare+."",""deviceDateOfPurchase"":""25/07/2026"",""deviceId"":""SG22NCC9JQQ"",""registeredDevice"":""1"",""pocType"":""APOC"",""serialNumber"":""G22NCC9JQQ"",""partNumber"":""SX382ZX/A"",""partAlias"":""ACPTL"",""purchaseMode"":""C"",""productDescription"":""iPhone 17 Pro Max"",""tlDisclosure"":""La cobertura de robo y pérdida requiere que tengas la función Buscar habilitada en tu dispositivo antes de que se pierda o te lo roben. Durante el proceso de reclamación, te pediremos que uses la función Buscar para poner el dispositivo perdido o robado en modo Perdido, borrarlo y transferir la propiedad a Apple para que podamos asignarte un nuevo dispositivo. Para asegurarte de que puedas iniciar sesión en Buscar y acceder a esta función, es importante que recuerdes tu ID de Apple y contraseña, y que mantengas la información de tu cuenta actualizada. Si usas la autenticación de doble factor para el ID de Apple, te recomendamos que añadas un número de teléfono adicional de confianza a tu cuenta en el que puedas recibir el código de verificación de 6 dígitos que necesitas para iniciar sesión aunque no tengas tu iPhone. Para obtener más información, visita las páginas de Soporte técnico de Apple.""}},""transactionId"":""0c7b4cce-97b8-41c9-aa49-950e924444fe-1785020571796""}"
True;1314555;2026-07-25 19:04:58.413000;2026-07-25 00:00:00;55501117;CREATEORDER;sg22ncc9jqq;MFYM4BE/A;"{""orderDetailsResponses"":{""deviceEligibility"":{""secondaryDisplay"":""0"",""partDescription"":""AppleCare+ con robo y pérdida para iPhone 17 Pro Max"",""coverageDuration"":""2"",""productStatement"":""Tu AppleCare+ con robo y pérdida para iPhone 17 Pro Max amplía la cobertura de servicio y soporte técnico a 2 años desde la fecha de compra de AppleCare+ con robo y pérdida e incluye cobertura para una cantidad ilimitada de incidentes por daño accidental debido a la manipulación del producto o un máximo de dos incidentes de robo y pérdida cada 12 meses, cada uno de ellos sujeto a un cargo adicional de R$96000  por Otros daños accidentales o de R$28000  por los daños de la pantalla o la carcasa externa o de R$144000  por robo o pérdida. Lee todos los detalles en los Términos y condiciones de AppleCare+."",""deviceDateOfPurchase"":""25/07/2026"",""deviceId"":""SG22NCC9JQQ"",""registeredDevice"":""1"",""pocType"":""APOC"",""serialNumber"":""G22NCC9JQQ"",""partNumber"":""SX382ZX/A"",""partAlias"":""ACPTL"",""purchaseMode"":""C"",""productDescription"":""iPhone 17 Pro Max"",""tlDisclosure"":""La cobertura de robo y pérdida requiere que tengas la función Buscar habilitada en tu dispositivo antes de que se pierda o te lo roben. Durante el proceso de reclamación, te pediremos que uses la función Buscar para poner el dispositivo perdido o robado en modo Perdido, borrarlo y transferir la propiedad a Apple para que podamos asignarte un nuevo dispositivo. Para asegurarte de que puedas iniciar sesión en Buscar y acceder a esta función, es importante que recuerdes tu ID de Apple y contraseña, y que mantengas la información de tu cuenta actualizada. Si usas la autenticación de doble factor para el ID de Apple, te recomendamos que añadas un número de teléfono adicional de confianza a tu cuenta en el que puedas recibir el código de verificación de 6 dígitos que necesitas para iniciar sesión aunque no tengas tu iPhone. Para obtener más información, visita las páginas de Soporte técnico de Apple.""},""orderConfirmation"":{""agreementNumber"":""328089542352"",""coverageDurationStatement"":""Finaliza el 24/07/2028"",""termConditionURL"":""http://www.apple.com/legal/sales-support/"",""partNumber"":""SX382ZX/A"",""partAlias"":""ACPTL"",""partType"":""AC+TL"",""purchaseMode"":""C"",""appleCareSalesDate"":""25/07/2026"",""pocType"":""APOC"",""purchaseOrderNumber"":""55501117""}},""transactionId"":""a2214c34-082c-41c9-b032-dc19c7ae35ce-1785020693978""}"
True;1319462;2026-07-25 19:09:03.400000;2026-07-25 00:00:00;32701088;VERIFYORDER;SCQC945F65C;MHFE4CI/A;"{""orderDetailsResponses"":{""deviceEligibility"":{""secondaryDisplay"":""0"",""partDescription"":""AppleCare+ para 13-inch MacBook Neo (A18PRO)"",""coverageDuration"":""3"",""productStatement"":""AppleCare+ para 13-inch MacBook Neo (A18PRO) amplía la cobertura de servicio y soporte técnico a 3 años desde la fecha de compra de AppleCare+ e incluye cobertura para una cantidad ilimitada de incidentes por daño accidental debido a la manipulación del producto, cada uno de ellos sujeto a un cargo adicional de R$51990  por daños en la pantalla o la carcasa externa o de R$156990  por Otros daños accidentales. Lee todos los detalles en los Términos y condiciones de AppleCare+."",""deviceDateOfPurchase"":""25/07/2026"",""deviceId"":""SCQC945F65C"",""registeredDevice"":""1"",""pocType"":""APOC"",""serialNumber"":""CQC945F65C"",""partNumber"":""SD0T3ZX/A"",""partAlias"":""ACP"",""purchaseMode"":""C"",""productDescription"":""MacBook Neo""}},""transactionId"":""732644df-4a79-4575-a066-bf06b5ca9459-1785020942705""}"
True;1319462;2026-07-25 19:10:38.637000;2026-07-25 00:00:00;32701088;CREATEORDER;SCQC945F65C;MHFE4CI/A;"{""orderDetailsResponses"":{""deviceEligibility"":{""secondaryDisplay"":""0"",""partDescription"":""AppleCare+ para 13-inch MacBook Neo (A18PRO)"",""coverageDuration"":""3"",""productStatement"":""AppleCare+ para 13-inch MacBook Neo (A18PRO) amplía la cobertura de servicio y soporte técnico a 3 años desde la fecha de compra de AppleCare+ e incluye cobertura para una cantidad ilimitada de incidentes por daño accidental debido a la manipulación del producto, cada uno de ellos sujeto a un cargo adicional de R$51990  por daños en la pantalla o la carcasa externa o de R$156990  por Otros daños accidentales. Lee todos los detalles en los Términos y condiciones de AppleCare+."",""deviceDateOfPurchase"":""25/07/2026"",""deviceId"":""SCQC945F65C"",""registeredDevice"":""1"",""pocType"":""APOC"",""serialNumber"":""CQC945F65C"",""partNumber"":""SD0T3ZX/A"",""partAlias"":""ACP"",""purchaseMode"":""C"",""productDescription"":""MacBook Neo""},""orderConfirmation"":{""agreementNumber"":""328089545291"",""coverageDurationStatement"":""Finaliza el 24/07/2029"",""termConditionURL"":""http://www.apple.com/legal/sales-support/"",""partNumber"":""SD0T3ZX/A"",""partAlias"":""ACP"",""partType"":""AppleCare+"",""purchaseMode"":""C"",""appleCareSalesDate"":""25/07/2026"",""pocType"":""APOC"",""purchaseOrderNumber"":""32701088""}},""transactionId"":""c65eab7a-00ed-45d2-8d13-756d17a8c81a-1785021033783""}"
True;1314740;2026-07-25 19:23:49;2026-07-25 00:00:00;29201058;VERIFYORDER;smyf66n597q;MCNT4CI/A;"{""orderDetailsResponses"":{""deviceEligibility"":{""secondaryDisplay"":""1"",""partDescription"":""AppleCare+ para iPad Air 13-inch (M3)"",""coverageDuration"":""2"",""productStatement"":""AppleCare+ para iPad Air 13-inch (M3) amplía la cobertura de servicio y soporte técnico a 2 años desde la fecha de compra de AppleCare+ e incluye cobertura para una cantidad ilimitada de incidentes por daño accidental debido a la manipulación del producto, cada uno de ellos sujeto a un cargo adicional de R$28000  por Daños que afectan solo a la pantalla o de R$28000  por Apple Pencil / Keyboard o de R$96000  por Otros daños accidentales. Lee todos los detalles en los Términos y condiciones de AppleCare+."",""deviceDateOfPurchase"":""25/07/2026"",""deviceId"":""SMYF66N597Q"",""registeredDevice"":""1"",""pocType"":""APOC"",""serialNumber"":""MYF66N597Q"",""partNumber"":""SV172ZX/A"",""partAlias"":""ACP"",""purchaseMode"":""C"",""productDescription"":""iPad Air 13-inch (M3) Wi-Fi""}},""transactionId"":""ddf922cd-968e-45d9-b4ee-a519bf204859-1785021828474""}"
True;1314740;2026-07-25 19:26:04.477000;2026-07-25 00:00:00;29201058;CREATEORDER;smyf66n597q;MCNT4CI/A;"{""orderDetailsResponses"":{""deviceEligibility"":{""secondaryDisplay"":""1"",""partDescription"":""AppleCare+ para iPad Air 13-inch (M3)"",""coverageDuration"":""2"",""productStatement"":""AppleCare+ para iPad Air 13-inch (M3) amplía la cobertura de servicio y soporte técnico a 2 años desde la fecha de compra de AppleCare+ e incluye cobertura para una cantidad ilimitada de incidentes por daño accidental debido a la manipulación del producto, cada uno de ellos sujeto a un cargo adicional de R$28000  por Daños que afectan solo a la pantalla o de R$28000  por Apple Pencil / Keyboard o de R$96000  por Otros daños accidentales. Lee todos los detalles en los Términos y condiciones de AppleCare+."",""deviceDateOfPurchase"":""25/07/2026"",""deviceId"":""SMYF66N597Q"",""registeredDevice"":""1"",""pocType"":""APOC"",""serialNumber"":""MYF66N597Q"",""partNumber"":""SV172ZX/A"",""partAlias"":""ACP"",""purchaseMode"":""C"",""productDescription"":""iPad Air 13-inch (M3) Wi-Fi""},""orderConfirmation"":{""agreementNumber"":""328089548320"",""coverageDurationStatement"":""Finaliza el 24/07/2028"",""termConditionURL"":""http://www.apple.com/legal/sales-support/"",""partNumber"":""SV172ZX/A"",""partAlias"":""ACP"",""partType"":""AppleCare+"",""purchaseMode"":""C"",""appleCareSalesDate"":""25/07/2026"",""pocType"":""APOC"",""purchaseOrderNumber"":""29201058""}},""transactionId"":""ae6dd79d-a655-49a5-84b6-94d9920b3c1c-1785021959554""}"
True;5064831;2026-07-25 19:37:13.560000;2026-07-25 00:00:00;27701083;VERIFYORDER;SFQWV4KG6X5;MG6M4BE/A;"{""orderDetailsResponses"":{""deviceEligibility"":{""secondaryDisplay"":""0"",""partDescription"":""AppleCare+ con robo y pérdida para iPhone 17"",""coverageDuration"":""2"",""productStatement"":""Tu AppleCare+ con robo y pérdida para iPhone 17 amplía la cobertura de servicio y soporte técnico a 2 años desde la fecha de compra de AppleCare+ con robo y pérdida e incluye cobertura para una cantidad ilimitada de incidentes por daño accidental debido a la manipulación del producto o un máximo de dos incidentes de robo y pérdida cada 12 meses, cada uno de ellos sujeto a un cargo adicional de R$96000  por Otros daños accidentales o de R$28000  por los daños de la pantalla o la carcasa externa o de R$144000  por robo o pérdida. Lee todos los detalles en los Términos y condiciones de AppleCare+."",""deviceDateOfPurchase"":""25/07/2026"",""deviceId"":""SFQWV4KG6X5"",""registeredDevice"":""1"",""pocType"":""APOC"",""serialNumber"":""FQWV4KG6X5"",""partNumber"":""SX2V2ZX/A"",""partAlias"":""ACPTL"",""purchaseMode"":""C"",""productDescription"":""iPhone 17"",""tlDisclosure"":""La cobertura de robo y pérdida requiere que tengas la función Buscar habilitada en tu dispositivo antes de que se pierda o te lo roben. Durante el proceso de reclamación, te pediremos que uses la función Buscar para poner el dispositivo perdido o robado en modo Perdido, borrarlo y transferir la propiedad a Apple para que podamos asignarte un nuevo dispositivo. Para asegurarte de que puedas iniciar sesión en Buscar y acceder a esta función, es importante que recuerdes tu ID de Apple y contraseña, y que mantengas la información de tu cuenta actualizada. Si usas la autenticación de doble factor para el ID de Apple, te recomendamos que añadas un número de teléfono adicional de confianza a tu cuenta en el que puedas recibir el código de verificación de 6 dígitos que necesitas para iniciar sesión aunque no tengas tu iPhone. Para obtener más información, visita las páginas de Soporte técnico de Apple.""}},""transactionId"":""deb1bc67-0e4c-4b54-b7da-c925594a261e-1785022633043""}"
True;1307969;2026-07-25 19:40:02.893000;2026-07-25 00:00:00;32101055;VERIFYORDER;SH9NTVM3XHK;MFYM4BE/A;"{""orderDetailsResponses"":{""deviceEligibility"":{""secondaryDisplay"":""0"",""partDescription"":""AppleCare+ con robo y pérdida para iPhone 17 Pro Max"",""coverageDuration"":""2"",""productStatement"":""Tu AppleCare+ con robo y pérdida para iPhone 17 Pro Max amplía la cobertura de servicio y soporte técnico a 2 años desde la fecha de compra de AppleCare+ con robo y pérdida e incluye cobertura para una cantidad ilimitada de incidentes por daño accidental debido a la manipulación del producto o un máximo de dos incidentes de robo y pérdida cada 12 meses, cada uno de ellos sujeto a un cargo adicional de R$96000  por Otros daños accidentales o de R$28000  por los daños de la pantalla o la carcasa externa o de R$144000  por robo o pérdida. Lee todos los detalles en los Términos y condiciones de AppleCare+."",""deviceDateOfPurchase"":""25/07/2026"",""deviceId"":""SH9NTVM3XHK"",""registeredDevice"":""1"",""pocType"":""APOC"",""serialNumber"":""H9NTVM3XHK"",""partNumber"":""SX382ZX/A"",""partAlias"":""ACPTL"",""purchaseMode"":""C"",""productDescription"":""iPhone 17 Pro Max"",""tlDisclosure"":""La cobertura de robo y pérdida requiere que tengas la función Buscar habilitada en tu dispositivo antes de que se pierda o te lo roben. Durante el proceso de reclamación, te pediremos que uses la función Buscar para poner el dispositivo perdido o robado en modo Perdido, borrarlo y transferir la propiedad a Apple para que podamos asignarte un nuevo dispositivo. Para asegurarte de que puedas iniciar sesión en Buscar y acceder a esta función, es importante que recuerdes tu ID de Apple y contraseña, y que mantengas la información de tu cuenta actualizada. Si usas la autenticación de doble factor para el ID de Apple, te recomendamos que añadas un número de teléfono adicional de confianza a tu cuenta en el que puedas recibir el código de verificación de 6 dígitos que necesitas para iniciar sesión aunque no tengas tu iPhone. Para obtener más información, visita las páginas de Soporte técnico de Apple.""}},""transactionId"":""98859326-6474-4568-b70f-0a605283216f-1785022802151""}"
True;5064831;2026-07-25 19:40:16.203000;2026-07-25 00:00:00;27701083;CREATEORDER;SFQWV4KG6X5;MG6M4BE/A;"{""orderDetailsResponses"":{""deviceEligibility"":{""secondaryDisplay"":""0"",""partDescription"":""AppleCare+ con robo y pérdida para iPhone 17"",""coverageDuration"":""2"",""productStatement"":""Tu AppleCare+ con robo y pérdida para iPhone 17 amplía la cobertura de servicio y soporte técnico a 2 años desde la fecha de compra de AppleCare+ con robo y pérdida e incluye cobertura para una cantidad ilimitada de incidentes por daño accidental debido a la manipulación del producto o un máximo de dos incidentes de robo y pérdida cada 12 meses, cada uno de ellos sujeto a un cargo adicional de R$96000  por Otros daños accidentales o de R$28000  por los daños de la pantalla o la carcasa externa o de R$144000  por robo o pérdida. Lee todos los detalles en los Términos y condiciones de AppleCare+."",""deviceDateOfPurchase"":""25/07/2026"",""deviceId"":""SFQWV4KG6X5"",""registeredDevice"":""1"",""pocType"":""APOC"",""serialNumber"":""FQWV4KG6X5"",""partNumber"":""SX2V2ZX/A"",""partAlias"":""ACPTL"",""purchaseMode"":""C"",""productDescription"":""iPhone 17"",""tlDisclosure"":""La cobertura de robo y pérdida requiere que tengas la función Buscar habilitada en tu dispositivo antes de que se pierda o te lo roben. Durante el proceso de reclamación, te pediremos que uses la función Buscar para poner el dispositivo perdido o robado en modo Perdido, borrarlo y transferir la propiedad a Apple para que podamos asignarte un nuevo dispositivo. Para asegurarte de que puedas iniciar sesión en Buscar y acceder a esta función, es importante que recuerdes tu ID de Apple y contraseña, y que mantengas la información de tu cuenta actualizada. Si usas la autenticación de doble factor para el ID de Apple, te recomendamos que añadas un número de teléfono adicional de confianza a tu cuenta en el que puedas recibir el código de verificación de 6 dígitos que necesitas para iniciar sesión aunque no tengas tu iPhone. Para obtener más información, visita las páginas de Soporte técnico de Apple.""},""orderConfirmation"":{""agreementNumber"":""328089545464"",""coverageDurationStatement"":""Finaliza el 24/07/2028"",""termConditionURL"":""http://www.apple.com/legal/sales-support/"",""partNumber"":""SX2V2ZX/A"",""partAlias"":""ACPTL"",""partType"":""AC+TL"",""purchaseMode"":""C"",""appleCareSalesDate"":""25/07/2026"",""pocType"":""APOC"",""purchaseOrderNumber"":""27701083""}},""transactionId"":""95469ecd-d99b-4706-a94d-a7084f45cfad-1785022811677""}"
True;1307969;2026-07-25 19:41:24.823000;2026-07-25 00:00:00;32101055;CREATEORDER;SH9NTVM3XHK;MFYM4BE/A;"{""orderDetailsResponses"":{""deviceEligibility"":{""secondaryDisplay"":""0"",""partDescription"":""AppleCare+ con robo y pérdida para iPhone 17 Pro Max"",""coverageDuration"":""2"",""productStatement"":""Tu AppleCare+ con robo y pérdida para iPhone 17 Pro Max amplía la cobertura de servicio y soporte técnico a 2 años desde la fecha de compra de AppleCare+ con robo y pérdida e incluye cobertura para una cantidad ilimitada de incidentes por daño accidental debido a la manipulación del producto o un máximo de dos incidentes de robo y pérdida cada 12 meses, cada uno de ellos sujeto a un cargo adicional de R$96000  por Otros daños accidentales o de R$28000  por los daños de la pantalla o la carcasa externa o de R$144000  por robo o pérdida. Lee todos los detalles en los Términos y condiciones de AppleCare+."",""deviceDateOfPurchase"":""25/07/2026"",""deviceId"":""SH9NTVM3XHK"",""registeredDevice"":""1"",""pocType"":""APOC"",""serialNumber"":""H9NTVM3XHK"",""partNumber"":""SX382ZX/A"",""partAlias"":""ACPTL"",""purchaseMode"":""C"",""productDescription"":""iPhone 17 Pro Max"",""tlDisclosure"":""La cobertura de robo y pérdida requiere que tengas la función Buscar habilitada en tu dispositivo antes de que se pierda o te lo roben. Durante el proceso de reclamación, te pediremos que uses la función Buscar para poner el dispositivo perdido o robado en modo Perdido, borrarlo y transferir la propiedad a Apple para que podamos asignarte un nuevo dispositivo. Para asegurarte de que puedas iniciar sesión en Buscar y acceder a esta función, es importante que recuerdes tu ID de Apple y contraseña, y que mantengas la información de tu cuenta actualizada. Si usas la autenticación de doble factor para el ID de Apple, te recomendamos que añadas un número de teléfono adicional de confianza a tu cuenta en el que puedas recibir el código de verificación de 6 dígitos que necesitas para iniciar sesión aunque no tengas tu iPhone. Para obtener más información, visita las páginas de Soporte técnico de Apple.""},""orderConfirmation"":{""agreementNumber"":""328089548424"",""coverageDurationStatement"":""Finaliza el 24/07/2028"",""termConditionURL"":""http://www.apple.com/legal/sales-support/"",""partNumber"":""SX382ZX/A"",""partAlias"":""ACPTL"",""partType"":""AC+TL"",""purchaseMode"":""C"",""appleCareSalesDate"":""25/07/2026"",""pocType"":""APOC"",""purchaseOrderNumber"":""32101055""}},""transactionId"":""86ea7744-814e-4cce-97e9-e56545f035d4-1785022880341""}"
True;5071090;2026-07-25 20:02:18.023000;2026-07-25 00:00:00;44401104;VERIFYORDER;sfcxdn4yqmm;MDVC4CI/A;"{""orderDetailsResponses"":{""deviceEligibility"":{""secondaryDisplay"":""1"",""partDescription"":""AppleCare+ para 15-inch MacBook Air (M5)"",""coverageDuration"":""3"",""productStatement"":""AppleCare+ para 15-inch MacBook Air (M5) amplía la cobertura de servicio y soporte técnico a 3 años desde la fecha de compra de AppleCare+ e incluye cobertura para una cantidad ilimitada de incidentes por daño accidental debido a la manipulación del producto, cada uno de ellos sujeto a un cargo adicional de R$96000  por daños en la pantalla o la carcasa externa o de R$289000  por Otros daños accidentales. Lee todos los detalles en los Términos y condiciones de AppleCare+."",""deviceDateOfPurchase"":""25/07/2026"",""deviceId"":""SFCXDN4YQMM"",""registeredDevice"":""1"",""pocType"":""APOC"",""serialNumber"":""FCXDN4YQMM"",""partNumber"":""SCW93ZX/A"",""partAlias"":""ACP"",""purchaseMode"":""C"",""productDescription"":""MacBook Air (15-inch, M5)""}},""transactionId"":""b75a0628-fef2-41df-bcdd-70d83bd82782-1785024137345""}"
True;5058655;2026-07-25 20:03:02.217000;2026-07-25 00:00:00;11101037;VERIFYORDER;SL19G04H65H;MFHP4AM/A;"{""orderDetailsResponses"":{""deviceEligibility"":{""secondaryDisplay"":""0"",""partDescription"":""AppleCare+ para Headphones - AirPods Pro"",""coverageDuration"":""2"",""productStatement"":""AppleCare+ para Headphones - AirPods Pro amplía la cobertura de servicio y soporte técnico a 2 años desde la fecha de compra de AppleCare+ e incluye cobertura para una cantidad ilimitada de incidentes por daño accidental debido a la manipulación del producto, cada uno de ellos sujeto a un cargo adicional de R$28000 . Lee todos los detalles en los Términos y condiciones de AppleCare+."",""deviceDateOfPurchase"":""25/07/2026"",""deviceId"":""SL19G04H65H"",""registeredDevice"":""1"",""pocType"":""APOC"",""serialNumber"":""L19G04H65H"",""partNumber"":""SYLW2ZX/A"",""partAlias"":""ACP"",""purchaseMode"":""C"",""productDescription"":""AirPods Pro 3""}},""transactionId"":""7b141526-3b3d-4dd7-888a-e27c06147fdb-1785024181621""}"
True;5071090;2026-07-25 20:04:27.330000;2026-07-25 00:00:00;44401104;CREATEORDER;sfcxdn4yqmm;MDVC4CI/A;"{""orderDetailsResponses"":{""deviceEligibility"":{""secondaryDisplay"":""1"",""partDescription"":""AppleCare+ para 15-inch MacBook Air (M5)"",""coverageDuration"":""3"",""productStatement"":""AppleCare+ para 15-inch MacBook Air (M5) amplía la cobertura de servicio y soporte técnico a 3 años desde la fecha de compra de AppleCare+ e incluye cobertura para una cantidad ilimitada de incidentes por daño accidental debido a la manipulación del producto, cada uno de ellos sujeto a un cargo adicional de R$96000  por daños en la pantalla o la carcasa externa o de R$289000  por Otros daños accidentales. Lee todos los detalles en los Términos y condiciones de AppleCare+."",""deviceDateOfPurchase"":""25/07/2026"",""deviceId"":""SFCXDN4YQMM"",""registeredDevice"":""1"",""pocType"":""APOC"",""serialNumber"":""FCXDN4YQMM"",""partNumber"":""SCW93ZX/A"",""partAlias"":""ACP"",""purchaseMode"":""C"",""productDescription"":""MacBook Air (15-inch, M5)""},""orderConfirmation"":{""agreementNumber"":""328089548541"",""coverageDurationStatement"":""Finaliza el 24/07/2029"",""termConditionURL"":""http://www.apple.com/legal/sales-support/"",""partNumber"":""SCW93ZX/A"",""partAlias"":""ACP"",""partType"":""AppleCare+"",""purchaseMode"":""C"",""appleCareSalesDate"":""25/07/2026"",""pocType"":""APOC"",""purchaseOrderNumber"":""44401104""}},""transactionId"":""5245dd2d-851f-4f86-be5e-38c6b39def28-1785024264986""}"
True;5058655;2026-07-25 20:06:04.833000;2026-07-25 00:00:00;11101037;CREATEORDER;SL19G04H65H;MFHP4AM/A;"{""orderDetailsResponses"":{""deviceEligibility"":{""secondaryDisplay"":""0"",""partDescription"":""AppleCare+ para Headphones - AirPods Pro"",""coverageDuration"":""2"",""productStatement"":""AppleCare+ para Headphones - AirPods Pro amplía la cobertura de servicio y soporte técnico a 2 años desde la fecha de compra de AppleCare+ e incluye cobertura para una cantidad ilimitada de incidentes por daño accidental debido a la manipulación del producto, cada uno de ellos sujeto a un cargo adicional de R$28000 . Lee todos los detalles en los Términos y condiciones de AppleCare+."",""deviceDateOfPurchase"":""25/07/2026"",""deviceId"":""SL19G04H65H"",""registeredDevice"":""1"",""pocType"":""APOC"",""serialNumber"":""L19G04H65H"",""partNumber"":""SYLW2ZX/A"",""partAlias"":""ACP"",""purchaseMode"":""C"",""productDescription"":""AirPods Pro 3""},""orderConfirmation"":{""agreementNumber"":""328089541691"",""coverageDurationStatement"":""Finaliza el 24/07/2028"",""termConditionURL"":""http://www.apple.com/legal/sales-support/"",""partNumber"":""SYLW2ZX/A"",""partAlias"":""ACP"",""partType"":""AppleCare+"",""purchaseMode"":""C"",""appleCareSalesDate"":""25/07/2026"",""pocType"":""APOC"",""purchaseOrderNumber"":""11101037""}},""transactionId"":""fe41a1a6-8b20-4d77-a647-8c82db282c63-1785024359413""}"
True;5082385;2026-07-25 20:06:14.620000;2026-07-25 00:00:00;15801127;VERIFYORDER;SM37GLQL614;MD4E4CI/A;"{""orderDetailsResponses"":{""deviceEligibility"":{""secondaryDisplay"":""1"",""partDescription"":""AppleCare+ para iPad (A16)"",""coverageDuration"":""2"",""productStatement"":""AppleCare+ para iPad (A16) amplía la cobertura de servicio y soporte técnico a 2 años desde la fecha de compra de AppleCare+ e incluye cobertura para una cantidad ilimitada de incidentes por daño accidental debido a la manipulación del producto, cada uno de ellos sujeto a un cargo adicional de R$96000  por Otros daños accidentales o de R$28000  por Daños que afectan solo a la pantalla o de R$28000  por Apple Pencil / Keyboard. Lee todos los detalles en los Términos y condiciones de AppleCare+."",""deviceDateOfPurchase"":""25/07/2026"",""deviceId"":""SM37GLQL614"",""registeredDevice"":""1"",""pocType"":""APOC"",""serialNumber"":""M37GLQL614"",""partNumber"":""SUYD2ZX/A"",""partAlias"":""ACP"",""purchaseMode"":""C"",""productDescription"":""iPad (A16) Wi-Fi""}},""transactionId"":""947fc8ff-93c5-437f-9c0d-88c3c8cdd86b-1785024373980""}"
True;5082385;2026-07-25 20:07:55.927000;2026-07-25 00:00:00;15801127;VERIFYORDER;SJHNX9NP67D;MD3Y4CI/A;"{""orderDetailsResponses"":{""deviceEligibility"":{""secondaryDisplay"":""1"",""partDescription"":""AppleCare+ para iPad (A16)"",""coverageDuration"":""2"",""productStatement"":""AppleCare+ para iPad (A16) amplía la cobertura de servicio y soporte técnico a 2 años desde la fecha de compra de AppleCare+ e incluye cobertura para una cantidad ilimitada de incidentes por daño accidental debido a la manipulación del producto, cada uno de ellos sujeto a un cargo adicional de R$96000  por Otros daños accidentales o de R$28000  por Daños que afectan solo a la pantalla o de R$28000  por Apple Pencil / Keyboard. Lee todos los detalles en los Términos y condiciones de AppleCare+."",""deviceDateOfPurchase"":""25/07/2026"",""deviceId"":""SJHNX9NP67D"",""registeredDevice"":""1"",""pocType"":""APOC"",""serialNumber"":""JHNX9NP67D"",""partNumber"":""SUYD2ZX/A"",""partAlias"":""ACP"",""purchaseMode"":""C"",""productDescription"":""iPad (A16) Wi-Fi""}},""transactionId"":""ac84765e-84fd-463c-9919-9c4f379a84d4-1785024475390""}"
True;1314742;2026-07-25 20:10:01.857000;2026-07-25 00:00:00;29301058;VERIFYORDER;sm32d099495;MG8J4BE/A;"{""orderDetailsResponses"":{""deviceEligibility"":{""secondaryDisplay"":""0"",""partDescription"":""AppleCare+ con robo y pérdida para iPhone 17 Pro"",""coverageDuration"":""2"",""productStatement"":""Tu AppleCare+ con robo y pérdida para iPhone 17 Pro amplía la cobertura de servicio y soporte técnico a 2 años desde la fecha de compra de AppleCare+ con robo y pérdida e incluye cobertura para una cantidad ilimitada de incidentes por daño accidental debido a la manipulación del producto o un máximo de dos incidentes de robo y pérdida cada 12 meses, cada uno de ellos sujeto a un cargo adicional de R$96000  por Otros daños accidentales o de R$28000  por los daños de la pantalla o la carcasa externa o de R$144000  por robo o pérdida. Lee todos los detalles en los Términos y condiciones de AppleCare+."",""deviceDateOfPurchase"":""25/07/2026"",""deviceId"":""SM32D099495"",""registeredDevice"":""1"",""pocType"":""APOC"",""serialNumber"":""M32D099495"",""partNumber"":""SX342ZX/A"",""partAlias"":""ACPTL"",""purchaseMode"":""C"",""productDescription"":""iPhone 17 Pro"",""tlDisclosure"":""La cobertura de robo y pérdida requiere que tengas la función Buscar habilitada en tu dispositivo antes de que se pierda o te lo roben. Durante el proceso de reclamación, te pediremos que uses la función Buscar para poner el dispositivo perdido o robado en modo Perdido, borrarlo y transferir la propiedad a Apple para que podamos asignarte un nuevo dispositivo. Para asegurarte de que puedas iniciar sesión en Buscar y acceder a esta función, es importante que recuerdes tu ID de Apple y contraseña, y que mantengas la información de tu cuenta actualizada. Si usas la autenticación de doble factor para el ID de Apple, te recomendamos que añadas un número de teléfono adicional de confianza a tu cuenta en el que puedas recibir el código de verificación de 6 dígitos que necesitas para iniciar sesión aunque no tengas tu iPhone. Para obtener más información, visita las páginas de Soporte técnico de Apple.""}},""transactionId"":""055d002b-cccb-4ea0-9b28-26b3b76d9c35-1785024601325""}"
True;5082385;2026-07-25 20:10:31.627000;2026-07-25 00:00:00;15801127;CREATEORDER;SM37GLQL614;MD4E4CI/A;"{""orderDetailsResponses"":{""deviceEligibility"":{""secondaryDisplay"":""1"",""partDescription"":""AppleCare+ para iPad (A16)"",""coverageDuration"":""2"",""productStatement"":""AppleCare+ para iPad (A16) amplía la cobertura de servicio y soporte técnico a 2 años desde la fecha de compra de AppleCare+ e incluye cobertura para una cantidad ilimitada de incidentes por daño accidental debido a la manipulación del producto, cada uno de ellos sujeto a un cargo adicional de R$96000  por Otros daños accidentales o de R$28000  por Daños que afectan solo a la pantalla o de R$28000  por Apple Pencil / Keyboard. Lee todos los detalles en los Términos y condiciones de AppleCare+."",""deviceDateOfPurchase"":""25/07/2026"",""deviceId"":""SM37GLQL614"",""registeredDevice"":""1"",""pocType"":""APOC"",""serialNumber"":""M37GLQL614"",""partNumber"":""SUYD2ZX/A"",""partAlias"":""ACP"",""purchaseMode"":""C"",""productDescription"":""iPad (A16) Wi-Fi""},""orderConfirmation"":{""agreementNumber"":""328089549507"",""coverageDurationStatement"":""Finaliza el 24/07/2028"",""termConditionURL"":""http://www.apple.com/legal/sales-support/"",""partNumber"":""SUYD2ZX/A"",""partAlias"":""ACP"",""partType"":""AppleCare+"",""purchaseMode"":""C"",""appleCareSalesDate"":""25/07/2026"",""pocType"":""APOC"",""purchaseOrderNumber"":""15801127""}},""transactionId"":""3f861b32-c9dc-475b-9a1c-679644992f75-1785024626898""}"
True;5082385;2026-07-25 20:10:36.527000;2026-07-25 00:00:00;15801127;CREATEORDER;SJHNX9NP67D;MD3Y4CI/A;"{""orderDetailsResponses"":{""deviceEligibility"":{""secondaryDisplay"":""1"",""partDescription"":""AppleCare+ para iPad (A16)"",""coverageDuration"":""2"",""productStatement"":""AppleCare+ para iPad (A16) amplía la cobertura de servicio y soporte técnico a 2 años desde la fecha de compra de AppleCare+ e incluye cobertura para una cantidad ilimitada de incidentes por daño accidental debido a la manipulación del producto, cada uno de ellos sujeto a un cargo adicional de R$96000  por Otros daños accidentales o de R$28000  por Daños que afectan solo a la pantalla o de R$28000  por Apple Pencil / Keyboard. Lee todos los detalles en los Términos y condiciones de AppleCare+."",""deviceDateOfPurchase"":""25/07/2026"",""deviceId"":""SJHNX9NP67D"",""registeredDevice"":""1"",""pocType"":""APOC"",""serialNumber"":""JHNX9NP67D"",""partNumber"":""SUYD2ZX/A"",""partAlias"":""ACP"",""purchaseMode"":""C"",""productDescription"":""iPad (A16) Wi-Fi""},""orderConfirmation"":{""agreementNumber"":""328089549508"",""coverageDurationStatement"":""Finaliza el 24/07/2028"",""termConditionURL"":""http://www.apple.com/legal/sales-support/"",""partNumber"":""SUYD2ZX/A"",""partAlias"":""ACP"",""partType"":""AppleCare+"",""purchaseMode"":""C"",""appleCareSalesDate"":""25/07/2026"",""pocType"":""APOC"",""purchaseOrderNumber"":""15801127""}},""transactionId"":""f2285e86-bccc-4bea-a45a-70bc6ffd5cff-1785024632094""}"
True;1314742;2026-07-25 20:11:51.690000;2026-07-25 00:00:00;29301058;VERIFYORDER;sm32d099495;MG8J4BE/A;"{""orderDetailsResponses"":{""deviceEligibility"":{""secondaryDisplay"":""0"",""partDescription"":""AppleCare+ con robo y pérdida para iPhone 17 Pro"",""coverageDuration"":""2"",""productStatement"":""Tu AppleCare+ con robo y pérdida para iPhone 17 Pro amplía la cobertura de servicio y soporte técnico a 2 años desde la fecha de compra de AppleCare+ con robo y pérdida e incluye cobertura para una cantidad ilimitada de incidentes por daño accidental debido a la manipulación del producto o un máximo de dos incidentes de robo y pérdida cada 12 meses, cada uno de ellos sujeto a un cargo adicional de R$96000  por Otros daños accidentales o de R$28000  por los daños de la pantalla o la carcasa externa o de R$144000  por robo o pérdida. Lee todos los detalles en los Términos y condiciones de AppleCare+."",""deviceDateOfPurchase"":""25/07/2026"",""deviceId"":""SM32D099495"",""registeredDevice"":""1"",""pocType"":""APOC"",""serialNumber"":""M32D099495"",""partNumber"":""SX342ZX/A"",""partAlias"":""ACPTL"",""purchaseMode"":""C"",""productDescription"":""iPhone 17 Pro"",""tlDisclosure"":""La cobertura de robo y pérdida requiere que tengas la función Buscar habilitada en tu dispositivo antes de que se pierda o te lo roben. Durante el proceso de reclamación, te pediremos que uses la función Buscar para poner el dispositivo perdido o robado en modo Perdido, borrarlo y transferir la propiedad a Apple para que podamos asignarte un nuevo dispositivo. Para asegurarte de que puedas iniciar sesión en Buscar y acceder a esta función, es importante que recuerdes tu ID de Apple y contraseña, y que mantengas la información de tu cuenta actualizada. Si usas la autenticación de doble factor para el ID de Apple, te recomendamos que añadas un número de teléfono adicional de confianza a tu cuenta en el que puedas recibir el código de verificación de 6 dígitos que necesitas para iniciar sesión aunque no tengas tu iPhone. Para obtener más información, visita las páginas de Soporte técnico de Apple.""}},""transactionId"":""c58a5c19-aff1-4935-8411-21e0d0db9be0-1785024711157""}"
True;1314742;2026-07-25 20:13:11.173000;2026-07-25 00:00:00;29301058;CREATEORDER;sm32d099495;MG8J4BE/A;"{""orderDetailsResponses"":{""deviceEligibility"":{""secondaryDisplay"":""0"",""partDescription"":""AppleCare+ con robo y pérdida para iPhone 17 Pro"",""coverageDuration"":""2"",""productStatement"":""Tu AppleCare+ con robo y pérdida para iPhone 17 Pro amplía la cobertura de servicio y soporte técnico a 2 años desde la fecha de compra de AppleCare+ con robo y pérdida e incluye cobertura para una cantidad ilimitada de incidentes por daño accidental debido a la manipulación del producto o un máximo de dos incidentes de robo y pérdida cada 12 meses, cada uno de ellos sujeto a un cargo adicional de R$96000  por Otros daños accidentales o de R$28000  por los daños de la pantalla o la carcasa externa o de R$144000  por robo o pérdida. Lee todos los detalles en los Términos y condiciones de AppleCare+."",""deviceDateOfPurchase"":""25/07/2026"",""deviceId"":""SM32D099495"",""registeredDevice"":""1"",""pocType"":""APOC"",""serialNumber"":""M32D099495"",""partNumber"":""SX342ZX/A"",""partAlias"":""ACPTL"",""purchaseMode"":""C"",""productDescription"":""iPhone 17 Pro"",""tlDisclosure"":""La cobertura de robo y pérdida requiere que tengas la función Buscar habilitada en tu dispositivo antes de que se pierda o te lo roben. Durante el proceso de reclamación, te pediremos que uses la función Buscar para poner el dispositivo perdido o robado en modo Perdido, borrarlo y transferir la propiedad a Apple para que podamos asignarte un nuevo dispositivo. Para asegurarte de que puedas iniciar sesión en Buscar y acceder a esta función, es importante que recuerdes tu ID de Apple y contraseña, y que mantengas la información de tu cuenta actualizada. Si usas la autenticación de doble factor para el ID de Apple, te recomendamos que añadas un número de teléfono adicional de confianza a tu cuenta en el que puedas recibir el código de verificación de 6 dígitos que necesitas para iniciar sesión aunque no tengas tu iPhone. Para obtener más información, visita las páginas de Soporte técnico de Apple.""},""orderConfirmation"":{""agreementNumber"":""328089541732"",""coverageDurationStatement"":""Finaliza el 24/07/2028"",""termConditionURL"":""http://www.apple.com/legal/sales-support/"",""partNumber"":""SX342ZX/A"",""partAlias"":""ACPTL"",""partType"":""AC+TL"",""purchaseMode"":""C"",""appleCareSalesDate"":""25/07/2026"",""pocType"":""APOC"",""purchaseOrderNumber"":""29301058""}},""transactionId"":""c2c69a3b-24a2-4e4a-a158-a26169c0358d-1785024786548""}"
True;1308137;2026-07-25 20:23:09.007000;2026-07-25 00:00:00;27001062;VERIFYORDER;SK509C6QWMM;MFYM4BE/A;"{""orderDetailsResponses"":{""deviceEligibility"":{""secondaryDisplay"":""0"",""partDescription"":""AppleCare+ con robo y pérdida para iPhone 17 Pro Max"",""coverageDuration"":""2"",""productStatement"":""Tu AppleCare+ con robo y pérdida para iPhone 17 Pro Max amplía la cobertura de servicio y soporte técnico a 2 años desde la fecha de compra de AppleCare+ con robo y pérdida e incluye cobertura para una cantidad ilimitada de incidentes por daño accidental debido a la manipulación del producto o un máximo de dos incidentes de robo y pérdida cada 12 meses, cada uno de ellos sujeto a un cargo adicional de R$96000  por Otros daños accidentales o de R$28000  por los daños de la pantalla o la carcasa externa o de R$144000  por robo o pérdida. Lee todos los detalles en los Términos y condiciones de AppleCare+."",""deviceDateOfPurchase"":""25/07/2026"",""deviceId"":""SK509C6QWMM"",""registeredDevice"":""1"",""pocType"":""APOC"",""serialNumber"":""K509C6QWMM"",""partNumber"":""SX382ZX/A"",""partAlias"":""ACPTL"",""purchaseMode"":""C"",""productDescription"":""iPhone 17 Pro Max"",""tlDisclosure"":""La cobertura de robo y pérdida requiere que tengas la función Buscar habilitada en tu dispositivo antes de que se pierda o te lo roben. Durante el proceso de reclamación, te pediremos que uses la función Buscar para poner el dispositivo perdido o robado en modo Perdido, borrarlo y transferir la propiedad a Apple para que podamos asignarte un nuevo dispositivo. Para asegurarte de que puedas iniciar sesión en Buscar y acceder a esta función, es importante que recuerdes tu ID de Apple y contraseña, y que mantengas la información de tu cuenta actualizada. Si usas la autenticación de doble factor para el ID de Apple, te recomendamos que añadas un número de teléfono adicional de confianza a tu cuenta en el que puedas recibir el código de verificación de 6 dígitos que necesitas para iniciar sesión aunque no tengas tu iPhone. Para obtener más información, visita las páginas de Soporte técnico de Apple.""}},""transactionId"":""f1537584-74c6-41cb-a98b-8a695c75b1e3-1785025388438""}"
True;1308137;2026-07-25 20:27:18.080000;2026-07-25 00:00:00;27001062;CREATEORDER;SK509C6QWMM;MFYM4BE/A;"{""orderDetailsResponses"":{""deviceEligibility"":{""secondaryDisplay"":""0"",""partDescription"":""AppleCare+ con robo y pérdida para iPhone 17 Pro Max"",""coverageDuration"":""2"",""productStatement"":""Tu AppleCare+ con robo y pérdida para iPhone 17 Pro Max amplía la cobertura de servicio y soporte técnico a 2 años desde la fecha de compra de AppleCare+ con robo y pérdida e incluye cobertura para una cantidad ilimitada de incidentes por daño accidental debido a la manipulación del producto o un máximo de dos incidentes de robo y pérdida cada 12 meses, cada uno de ellos sujeto a un cargo adicional de R$96000  por Otros daños accidentales o de R$28000  por los daños de la pantalla o la carcasa externa o de R$144000  por robo o pérdida. Lee todos los detalles en los Términos y condiciones de AppleCare+."",""deviceDateOfPurchase"":""25/07/2026"",""deviceId"":""SK509C6QWMM"",""registeredDevice"":""1"",""pocType"":""APOC"",""serialNumber"":""K509C6QWMM"",""partNumber"":""SX382ZX/A"",""partAlias"":""ACPTL"",""purchaseMode"":""C"",""productDescription"":""iPhone 17 Pro Max"",""tlDisclosure"":""La cobertura de robo y pérdida requiere que tengas la función Buscar habilitada en tu dispositivo antes de que se pierda o te lo roben. Durante el proceso de reclamación, te pediremos que uses la función Buscar para poner el dispositivo perdido o robado en modo Perdido, borrarlo y transferir la propiedad a Apple para que podamos asignarte un nuevo dispositivo. Para asegurarte de que puedas iniciar sesión en Buscar y acceder a esta función, es importante que recuerdes tu ID de Apple y contraseña, y que mantengas la información de tu cuenta actualizada. Si usas la autenticación de doble factor para el ID de Apple, te recomendamos que añadas un número de teléfono adicional de confianza a tu cuenta en el que puedas recibir el código de verificación de 6 dígitos que necesitas para iniciar sesión aunque no tengas tu iPhone. Para obtener más información, visita las páginas de Soporte técnico de Apple.""},""orderConfirmation"":{""agreementNumber"":""328089542824"",""coverageDurationStatement"":""Finaliza el 24/07/2028"",""termConditionURL"":""http://www.apple.com/legal/sales-support/"",""partNumber"":""SX382ZX/A"",""partAlias"":""ACPTL"",""partType"":""AC+TL"",""purchaseMode"":""C"",""appleCareSalesDate"":""25/07/2026"",""pocType"":""APOC"",""purchaseOrderNumber"":""27001062""}},""transactionId"":""5010eefe-0df2-43d2-9c19-9f308e4784cb-1785025633803""}"
